** Drc report for esp32_baseboard.kicad_pcb **
** Created on 2026-08-26T14:58:06 **
** Report includes: Errors, Warnings **

** Found 487 DRC violations **
[shorting_items]: Items shorting two nets (nets /OPTO_OUT7 and +12V)
    Local override; error
    @(49.4000 mm, 147.8400 mm): Track [/OPTO_OUT7] on B.Cu, length 83.1600 mm
    @(49.5000 mm, 82.0000 mm): Track [+12V] on B.Cu, length 6.0000 mm
[shorting_items]: Items shorting two nets (nets +12V and GND)
    Local override; error
    @(127.3800 mm, 78.0000 mm): Track [+12V] on B.Cu, length 55.8900 mm
    @(127.3800 mm, 131.3500 mm): PTH pad 10 [GND] of U3
[tracks_crossing]: Tracks crossing
    Local override; error
    @(41.0000 mm, 147.8400 mm): Track [/OPTO_OUT1] on B.Cu, length 67.9200 mm
    @(44.5000 mm, 88.0000 mm): Track [GND] on B.Cu, length 5.0000 mm
[tracks_crossing]: Tracks crossing
    Local override; error
    @(87.6000 mm, 69.7600 mm): Track [/DIR] on B.Cu, length 116.4000 mm
    @(46.6000 mm, 69.7600 mm): Track [/OPTO_OUT5] on B.Cu, length 66.4000 mm
[tracks_crossing]: Tracks crossing
    Local override; error
    @(98.7300 mm, 147.8400 mm): Track [/OPTO_OUT4] on B.Cu, length 53.5300 mm
    @(49.4000 mm, 147.8400 mm): Track [/OPTO_OUT7] on B.Cu, length 83.1600 mm
[tracks_crossing]: Tracks crossing
    Local override; error
    @(190.0000 mm, 184.0000 mm): Track [/MotDC3_A] on F.Cu, length 142.0000 mm
    @(192.0000 mm, 44.5400 mm): Track [/MotDC3_B] on F.Cu, length 2.0000 mm
[shorting_items]: Items shorting two nets (nets /MotDC3_B and +12V)
    Local override; error
    @(192.0000 mm, 176.0000 mm): Track [/MotDC3_B] on F.Cu, length 131.4600 mm
    @(191.0000 mm, 96.0000 mm): PTH pad 1 [+12V] of U5
[tracks_crossing]: Tracks crossing
    Local override; error
    @(87.6000 mm, 74.8400 mm): Track [/DC3_IN2] on B.Cu, length 63.4000 mm
    @(43.8000 mm, 74.8400 mm): Track [/OPTO_OUT3] on B.Cu, length 69.2000 mm
[tracks_crossing]: Tracks crossing
    Local override; error
    @(200.0000 mm, 196.0000 mm): Track [GND] on B.Cu, length 108.0000 mm
    @(191.0000 mm, 96.0000 mm): Track [+12V] on B.Cu, length 11.0000 mm
[tracks_crossing]: Tracks crossing
    Local override; error
    @(42.4000 mm, 77.3800 mm): Track [/OPTO_OUT2] on B.Cu, length 70.6000 mm
    @(87.6000 mm, 77.3800 mm): Track [/DC3_IN1] on B.Cu, length 61.4000 mm
[shorting_items]: Items shorting two nets (nets  and +12V)
    Local override; error
    @(201.0000 mm, 136.0000 mm): PTH pad 4 [<no net>] of U6
    @(202.0000 mm, 196.0000 mm): Track [+12V] on B.Cu, length 108.0000 mm
[tracks_crossing]: Tracks crossing
    Local override; error
    @(200.0000 mm, 196.0000 mm): Track [GND] on B.Cu, length 108.0000 mm
    @(191.0000 mm, 196.0000 mm): Track [+12V] on B.Cu, length 11.0000 mm
[tracks_crossing]: Tracks crossing
    Local override; error
    @(175.0000 mm, 134.0000 mm): Track [/MotDC2_A] on F.Cu, length 92.0000 mm
    @(165.0000 mm, 126.0000 mm): Track [/MotDC2_B] on F.Cu, length 12.0000 mm
[tracks_crossing]: Tracks crossing
    Local override; error
    @(175.0000 mm, 134.0000 mm): Track [/MotDC2_A] on F.Cu, length 92.0000 mm
    @(177.0000 mm, 44.5400 mm): Track [/MotDC2_B] on F.Cu, length 2.0000 mm
[tracks_crossing]: Tracks crossing
    Local override; error
    @(149.0000 mm, 79.9200 mm): Track [/DC2_IN2] on B.Cu, length 44.0800 mm
    @(149.0000 mm, 77.3800 mm): Track [/DC3_IN1] on B.Cu, length 102.6200 mm
[tracks_crossing]: Tracks crossing
    Local override; error
    @(147.0000 mm, 49.4400 mm): Track [/DC2_IN1] on B.Cu, length 80.5600 mm
    @(87.6000 mm, 79.9200 mm): Track [/DC2_IN2] on B.Cu, length 61.4000 mm
[tracks_crossing]: Tracks crossing
    Local override; error
    @(200.0000 mm, 146.0000 mm): Track [GND] on B.Cu, length 58.0000 mm
    @(149.0000 mm, 124.0000 mm): Track [/DC2_IN2] on B.Cu, length 52.0000 mm
[tracks_crossing]: Tracks crossing
    Local override; error
    @(87.6000 mm, 74.8400 mm): Track [/DC3_IN2] on B.Cu, length 63.4000 mm
    @(147.0000 mm, 49.4400 mm): Track [/DC2_IN1] on B.Cu, length 80.5600 mm
[tracks_crossing]: Tracks crossing
    Local override; error
    @(200.0000 mm, 146.0000 mm): Track [GND] on B.Cu, length 58.0000 mm
    @(147.0000 mm, 130.0000 mm): Track [/DC2_IN1] on B.Cu, length 54.0000 mm
[tracks_crossing]: Tracks crossing
    Local override; error
    @(200.0000 mm, 146.0000 mm): Track [GND] on B.Cu, length 58.0000 mm
    @(191.0000 mm, 146.0000 mm): Track [+12V] on B.Cu, length 11.0000 mm
[tracks_crossing]: Tracks crossing
    Local override; error
    @(191.0000 mm, 146.0000 mm): Track [+12V] on B.Cu, length 11.0000 mm
    @(183.0000 mm, 146.0000 mm): Track [GND] on B.Cu, length 17.0000 mm
[shorting_items]: Items shorting two nets (nets +12V and )
    Local override; error
    @(202.0000 mm, 146.0000 mm): Track [+12V] on B.Cu, length 58.0000 mm
    @(201.0000 mm, 136.0000 mm): PTH pad 4 [<no net>] of U6
[tracks_crossing]: Tracks crossing
    Local override; error
    @(160.0000 mm, 84.0000 mm): Track [/MotDC1_A] on F.Cu, length 42.0000 mm
    @(162.0000 mm, 44.5400 mm): Track [/MotDC1_B] on F.Cu, length 2.0000 mm
[tracks_crossing]: Tracks crossing
    Local override; error
    @(147.0000 mm, 74.0000 mm): Track [/DC1_IN2] on B.Cu, length 54.0000 mm
    @(147.0000 mm, 49.4400 mm): Track [/DC2_IN1] on B.Cu, length 80.5600 mm
[tracks_crossing]: Tracks crossing
    Local override; error
    @(147.0000 mm, 49.4400 mm): Track [/DC2_IN1] on B.Cu, length 80.5600 mm
    @(113.0000 mm, 51.9800 mm): Track [/DC1_IN2] on B.Cu, length 34.0000 mm
[tracks_crossing]: Tracks crossing
    Local override; error
    @(149.0000 mm, 79.9200 mm): Track [/DC2_IN2] on B.Cu, length 44.0800 mm
    @(145.0000 mm, 80.0000 mm): Track [/DC1_IN1] on B.Cu, length 56.0000 mm
[tracks_crossing]: Tracks crossing
    Local override; error
    @(87.6000 mm, 74.8400 mm): Track [/DC3_IN2] on B.Cu, length 63.4000 mm
    @(145.0000 mm, 59.6000 mm): Track [/DC1_IN1] on B.Cu, length 20.4000 mm
[shorting_items]: Items shorting two nets (nets +12V and GND)
    Local override; error
    @(191.0000 mm, 96.0000 mm): PTH pad 1 [+12V] of U5
    @(183.0000 mm, 96.0000 mm): Track [GND] on B.Cu, length 17.0000 mm
[tracks_crossing]: Tracks crossing
    Local override; error
    @(191.0000 mm, 96.0000 mm): Track [+12V] on B.Cu, length 11.0000 mm
    @(183.0000 mm, 96.0000 mm): Track [GND] on B.Cu, length 17.0000 mm
[tracks_crossing]: Tracks crossing
    Local override; error
    @(113.0000 mm, 147.8400 mm): Track [GND] on B.Cu, length 65.3800 mm
    @(108.8900 mm, 147.8400 mm): Track [+3V3] on B.Cu, length 4.1100 mm
[tracks_crossing]: Tracks crossing
    Local override; error
    @(111.4300 mm, 147.8400 mm): Track [GND] on B.Cu, length 1.5700 mm
    @(108.8900 mm, 147.8400 mm): Track [+3V3] on B.Cu, length 4.1100 mm
[shorting_items]: Items shorting two nets (nets +3V3 and GND)
    Local override; error
    @(108.8900 mm, 147.8400 mm): Track [+3V3] on B.Cu, length 4.1100 mm
    @(111.4300 mm, 147.8400 mm): PTH pad 11 [GND] of U4
[shorting_items]: Items shorting two nets (nets /OPTO_OUT8 and /IO32)
    Local override; error
    @(50.8000 mm, 62.1400 mm): Track [/OPTO_OUT8] on B.Cu, length 62.2000 mm
    @(87.6000 mm, 62.1400 mm): PTH pad 25 [/IO32] of U1
[tracks_crossing]: Tracks crossing
    Local override; error
    @(49.4000 mm, 64.6800 mm): Track [/OPTO_OUT7] on B.Cu, length 63.6000 mm
    @(50.8000 mm, 147.8400 mm): Track [/OPTO_OUT8] on B.Cu, length 85.7000 mm
[tracks_crossing]: Tracks crossing
    Local override; error
    @(98.7300 mm, 147.8400 mm): Track [/OPTO_OUT4] on B.Cu, length 53.5300 mm
    @(88.5700 mm, 147.8400 mm): Track [/OPTO_OUT8] on B.Cu, length 37.7700 mm
[tracks_crossing]: Tracks crossing
    Local override; error
    @(91.1100 mm, 147.8400 mm): Track [/OPTO_OUT7] on B.Cu, length 41.7100 mm
    @(98.7300 mm, 147.8400 mm): Track [/OPTO_OUT4] on B.Cu, length 53.5300 mm
[shorting_items]: Items shorting two nets (nets /OPTO_OUT7 and +12V)
    Local override; error
    @(49.4000 mm, 147.8400 mm): Track [/OPTO_OUT7] on B.Cu, length 83.1600 mm
    @(49.5000 mm, 88.0000 mm): PTH pad 1 [+12V] of J1
[tracks_crossing]: Tracks crossing
    Local override; error
    @(49.4000 mm, 147.8400 mm): Track [/OPTO_OUT7] on B.Cu, length 83.1600 mm
    @(48.0000 mm, 67.2200 mm): Track [/OPTO_OUT6] on B.Cu, length 65.0000 mm
[tracks_crossing]: Tracks crossing
    Local override; error
    @(49.4000 mm, 147.8400 mm): Track [/OPTO_OUT7] on B.Cu, length 83.1600 mm
    @(93.6500 mm, 147.8400 mm): Track [/OPTO_OUT6] on B.Cu, length 45.6500 mm
[tracks_crossing]: Tracks crossing
    Local override; error
    @(49.4000 mm, 147.8400 mm): Track [/OPTO_OUT7] on B.Cu, length 83.1600 mm
    @(46.6000 mm, 69.7600 mm): Track [/OPTO_OUT5] on B.Cu, length 66.4000 mm
[shorting_items]: Items shorting two nets (nets /OPTO_OUT6 and +12V)
    Local override; error
    @(48.0000 mm, 147.8400 mm): Track [/OPTO_OUT6] on B.Cu, length 80.6200 mm
    @(49.5000 mm, 88.0000 mm): PTH pad 1 [+12V] of J1
[tracks_crossing]: Tracks crossing
    Local override; error
    @(96.1900 mm, 147.8400 mm): Track [/OPTO_OUT5] on B.Cu, length 49.5900 mm
    @(49.4000 mm, 147.8400 mm): Track [/OPTO_OUT7] on B.Cu, length 83.1600 mm
[tracks_crossing]: Tracks crossing
    Local override; error
    @(48.0000 mm, 147.8400 mm): Track [/OPTO_OUT6] on B.Cu, length 80.6200 mm
    @(45.2000 mm, 72.3000 mm): Track [/OPTO_OUT4] on B.Cu, length 67.8000 mm
[tracks_crossing]: Tracks crossing
    Local override; error
    @(46.6000 mm, 147.8400 mm): Track [/OPTO_OUT5] on B.Cu, length 78.0800 mm
    @(43.8000 mm, 74.8400 mm): Track [/OPTO_OUT3] on B.Cu, length 69.2000 mm
[tracks_crossing]: Tracks crossing
    Local override; error
    @(98.7300 mm, 147.8400 mm): Track [/OPTO_OUT4] on B.Cu, length 53.5300 mm
    @(101.2700 mm, 147.8400 mm): Track [/OPTO_OUT3] on B.Cu, length 57.4700 mm
[shorting_items]: Items shorting two nets (nets /OPTO_OUT3 and GND)
    Local override; error
    @(43.8000 mm, 147.8400 mm): Track [/OPTO_OUT3] on B.Cu, length 73.0000 mm
    @(44.5000 mm, 88.0000 mm): PTH pad 2 [GND] of J1
[shorting_items]: Items shorting two nets (nets /OPTO_OUT4 and GND)
    Local override; error
    @(45.2000 mm, 147.8400 mm): Track [/OPTO_OUT4] on B.Cu, length 75.5400 mm
    @(44.5000 mm, 88.0000 mm): PTH pad 2 [GND] of J1
[tracks_crossing]: Tracks crossing
    Local override; error
    @(42.4000 mm, 77.3800 mm): Track [/OPTO_OUT2] on B.Cu, length 70.6000 mm
    @(49.4000 mm, 147.8400 mm): Track [/OPTO_OUT7] on B.Cu, length 83.1600 mm
[tracks_crossing]: Tracks crossing
    Local override; error
    @(103.8100 mm, 147.8400 mm): Track [/OPTO_OUT2] on B.Cu, length 61.4100 mm
    @(101.2700 mm, 147.8400 mm): Track [/OPTO_OUT3] on B.Cu, length 57.4700 mm
[tracks_crossing]: Tracks crossing
    Local override; error
    @(41.0000 mm, 79.9200 mm): Track [/OPTO_OUT1] on B.Cu, length 72.0000 mm
    @(48.0000 mm, 147.8400 mm): Track [/OPTO_OUT6] on B.Cu, length 80.6200 mm
[tracks_crossing]: Tracks crossing
    Local override; error
    @(106.3500 mm, 147.8400 mm): Track [/OPTO_OUT1] on B.Cu, length 65.3500 mm
    @(103.8100 mm, 147.8400 mm): Track [/OPTO_OUT2] on B.Cu, length 61.4100 mm
[tracks_crossing]: Tracks crossing
    Local override; error
    @(199.8000 mm, 168.1600 mm): Track [/OPTO_IN6] on F.Cu, length 106.1500 mm
    @(197.6000 mm, 168.1600 mm): Track [/OPTO_IN8] on F.Cu, length 109.0300 mm
[tracks_crossing]: Tracks crossing
    Local override; error
    @(160.0000 mm, 84.0000 mm): Track [/MotDC1_A] on F.Cu, length 42.0000 mm
    @(130.0000 mm, 60.8600 mm): Track [/OPTO_IN8] on F.Cu, length 67.6000 mm
[tracks_crossing]: Tracks crossing
    Local override; error
    @(198.7000 mm, 58.3200 mm): Track [/OPTO_IN7] on F.Cu, length 109.8400 mm
    @(199.8000 mm, 168.1600 mm): Track [/OPTO_IN6] on F.Cu, length 106.1500 mm
[tracks_crossing]: Tracks crossing
    Local override; error
    @(160.0000 mm, 84.0000 mm): Track [/MotDC1_A] on F.Cu, length 42.0000 mm
    @(130.0000 mm, 58.3200 mm): Track [/OPTO_IN7] on F.Cu, length 68.7000 mm
[shorting_items]: Items shorting two nets (nets /OPTO_GND_I and /OPTO_IN7)
    Local override; error
    @(111.4300 mm, 168.1600 mm): PTH pad 1 [/OPTO_GND_I] of U4
    @(198.7000 mm, 168.1600 mm): Track [/OPTO_IN7] on F.Cu, length 107.5900 mm
[shorting_items]: Items shorting two nets (nets /OPTO_IN6 and /OPTO_GND_I)
    Local override; error
    @(199.8000 mm, 168.1600 mm): Track [/OPTO_IN6] on F.Cu, length 106.1500 mm
    @(111.4300 mm, 168.1600 mm): PTH pad 1 [/OPTO_GND_I] of U4
[tracks_crossing]: Tracks crossing
    Local override; error
    @(160.0000 mm, 84.0000 mm): Track [/MotDC1_A] on F.Cu, length 42.0000 mm
    @(130.0000 mm, 55.7800 mm): Track [/OPTO_IN6] on F.Cu, length 69.8000 mm
[tracks_crossing]: Tracks crossing
    Local override; error
    @(199.8000 mm, 168.1600 mm): Track [/OPTO_IN6] on F.Cu, length 106.1500 mm
    @(200.9000 mm, 168.1600 mm): Track [/OPTO_IN5] on F.Cu, length 104.7100 mm
[tracks_crossing]: Tracks crossing
    Local override; error
    @(160.0000 mm, 84.0000 mm): Track [/MotDC1_A] on F.Cu, length 42.0000 mm
    @(130.0000 mm, 53.2400 mm): Track [/OPTO_IN5] on F.Cu, length 70.9000 mm
[tracks_crossing]: Tracks crossing
    Local override; error
    @(205.3000 mm, 168.1600 mm): Track [/OPTO_IN1] on F.Cu, length 98.9500 mm
    @(200.9000 mm, 53.2400 mm): Track [/OPTO_IN5] on F.Cu, length 114.9200 mm
[tracks_crossing]: Tracks crossing
    Local override; error
    @(202.0000 mm, 50.7000 mm): Track [/OPTO_IN4] on F.Cu, length 117.4600 mm
    @(205.3000 mm, 168.1600 mm): Track [/OPTO_IN1] on F.Cu, length 98.9500 mm
[shorting_items]: Items shorting two nets (nets /OPTO_IN4 and /OPTO_GND_I)
    Local override; error
    @(202.0000 mm, 168.1600 mm): Track [/OPTO_IN4] on F.Cu, length 103.2700 mm
    @(111.4300 mm, 168.1600 mm): PTH pad 1 [/OPTO_GND_I] of U4
[tracks_crossing]: Tracks crossing
    Local override; error
    @(160.0000 mm, 84.0000 mm): Track [/MotDC1_A] on F.Cu, length 42.0000 mm
    @(130.0000 mm, 50.7000 mm): Track [/OPTO_IN4] on F.Cu, length 72.0000 mm
[tracks_crossing]: Tracks crossing
    Local override; error
    @(203.1000 mm, 168.1600 mm): Track [/OPTO_IN3] on F.Cu, length 101.8300 mm
    @(200.9000 mm, 168.1600 mm): Track [/OPTO_IN5] on F.Cu, length 104.7100 mm
[tracks_crossing]: Tracks crossing
    Local override; error
    @(203.1000 mm, 48.1600 mm): Track [/OPTO_IN3] on F.Cu, length 120.0000 mm
    @(205.3000 mm, 168.1600 mm): Track [/OPTO_IN1] on F.Cu, length 98.9500 mm
[tracks_crossing]: Tracks crossing
    Local override; error
    @(130.0000 mm, 48.1600 mm): Track [/OPTO_IN3] on F.Cu, length 73.1000 mm
    @(160.0000 mm, 84.0000 mm): Track [/MotDC1_A] on F.Cu, length 42.0000 mm
[tracks_crossing]: Tracks crossing
    Local override; error
    @(200.9000 mm, 168.1600 mm): Track [/OPTO_IN5] on F.Cu, length 104.7100 mm
    @(204.2000 mm, 168.1600 mm): Track [/OPTO_IN2] on F.Cu, length 100.3900 mm
[shorting_items]: Items shorting two nets (nets /OPTO_GND_I and /OPTO_IN1)
    Local override; error
    @(111.4300 mm, 168.1600 mm): PTH pad 1 [/OPTO_GND_I] of U4
    @(205.3000 mm, 168.1600 mm): Track [/OPTO_IN1] on F.Cu, length 98.9500 mm
[tracks_crossing]: Tracks crossing
    Local override; error
    @(205.3000 mm, 43.0800 mm): Track [/OPTO_IN1] on F.Cu, length 125.0800 mm
    @(206.4000 mm, 168.1600 mm): Track [/OPTO_VCC_I] on F.Cu, length 97.5100 mm
[tracks_crossing]: Tracks crossing
    Local override; error
    @(199.8000 mm, 168.1600 mm): Track [/OPTO_IN6] on F.Cu, length 106.1500 mm
    @(206.4000 mm, 168.1600 mm): Track [/OPTO_VCC_I] on F.Cu, length 97.5100 mm
[tracks_crossing]: Tracks crossing
    Local override; error
    @(160.0000 mm, 84.0000 mm): Track [/MotDC1_A] on F.Cu, length 42.0000 mm
    @(130.0000 mm, 43.0800 mm): Track [/OPTO_IN1] on F.Cu, length 75.3000 mm
[tracks_crossing]: Tracks crossing
    Local override; error
    @(207.5000 mm, 168.1600 mm): Track [/OPTO_GND_I] on F.Cu, length 96.0700 mm
    @(205.3000 mm, 168.1600 mm): Track [/OPTO_IN1] on F.Cu, length 98.9500 mm
[tracks_crossing]: Tracks crossing
    Local override; error
    @(83.0000 mm, 43.0000 mm): Track [/IO35] on F.Cu, length 11.7000 mm
    @(83.0000 mm, 39.5000 mm): Track [/IO32] on F.Cu, length 7.5800 mm
[tracks_crossing]: Tracks crossing
    Local override; error
    @(75.0000 mm, 43.0000 mm): Track [/IO35] on F.Cu, length 8.0000 mm
    @(83.0000 mm, 39.5000 mm): Track [/IO32] on F.Cu, length 7.5800 mm
[tracks_crossing]: Tracks crossing
    Local override; error
    @(75.0000 mm, 59.6000 mm): Track [/IO35] on F.Cu, length 16.6000 mm
    @(87.6000 mm, 57.0600 mm): Track [/IO34] on F.Cu, length 13.6000 mm
[tracks_crossing]: Tracks crossing
    Local override; error
    @(83.0000 mm, 39.5000 mm): Track [/IO32] on F.Cu, length 7.5800 mm
    @(83.0000 mm, 41.5000 mm): Track [/IO34] on F.Cu, length 10.6600 mm
[tracks_crossing]: Tracks crossing
    Local override; error
    @(74.0000 mm, 41.5000 mm): Track [/IO34] on F.Cu, length 9.0000 mm
    @(83.0000 mm, 39.5000 mm): Track [/IO32] on F.Cu, length 7.5800 mm
[tracks_crossing]: Tracks crossing
    Local override; error
    @(83.0000 mm, 40.0000 mm): Track [/IO33] on F.Cu, length 9.6200 mm
    @(83.0000 mm, 39.5000 mm): Track [/IO32] on F.Cu, length 7.5800 mm
[tracks_crossing]: Tracks crossing
    Local override; error
    @(73.0000 mm, 40.0000 mm): Track [/IO33] on F.Cu, length 10.0000 mm
    @(83.0000 mm, 39.5000 mm): Track [/IO32] on F.Cu, length 7.5800 mm
[tracks_crossing]: Tracks crossing
    Local override; error
    @(113.0000 mm, 40.5000 mm): Track [GND] on F.Cu, length 30.0000 mm
    @(83.0000 mm, 39.5000 mm): Track [/IO32] on F.Cu, length 7.5800 mm
[tracks_crossing]: Tracks crossing
    Local override; error
    @(72.0000 mm, 62.1400 mm): Track [/IO32] on F.Cu, length 22.6400 mm
    @(127.3800 mm, 40.5000 mm): Track [/MotB2] on F.Cu, length 77.3800 mm
[tracks_crossing]: Tracks crossing
    Local override; error
    @(73.0000 mm, 64.6800 mm): Track [/IO33] on F.Cu, length 24.6800 mm
    @(87.6000 mm, 62.1400 mm): Track [/IO32] on F.Cu, length 15.6000 mm
[tracks_crossing]: Tracks crossing
    Local override; error
    @(83.0000 mm, 40.5000 mm): Track [GND] on F.Cu, length 1.5000 mm
    @(83.0000 mm, 39.5000 mm): Track [/IO32] on F.Cu, length 7.5800 mm
[shorting_items]: Items shorting two nets (nets GND and /DC2_IN1)
    Local override; error
    @(113.0000 mm, 82.4600 mm): Track [GND] on F.Cu, length 41.9600 mm
    @(113.0000 mm, 49.4400 mm): PTH pad 15 [/DC2_IN1] of U1
[shorting_items]: Items shorting two nets (nets /EN_TMC and /MotDC2_A)
    Local override; error
    @(202.0000 mm, 133.8900 mm): Track [/EN_TMC] on B.Cu, length 59.3800 mm
    @(165.0000 mm, 134.0000 mm): Via [/MotDC2_A] on F.Cu - B.Cu
[shorting_items]: Items shorting two nets (nets /OPTO_OUT8 and +12V)
    Local override; error
    @(50.8000 mm, 147.8400 mm): Track [/OPTO_OUT8] on B.Cu, length 85.7000 mm
    @(49.5000 mm, 88.0000 mm): PTH pad 1 [+12V] of J1
[shorting_items]: Items shorting two nets (nets /EN_TMC and /DC1_IN1)
    Local override; error
    @(202.0000 mm, 72.3000 mm): Track [/EN_TMC] on B.Cu, length 61.5900 mm
    @(201.0000 mm, 80.0000 mm): PTH pad 5 [/DC1_IN1] of U5
[tracks_crossing]: Tracks crossing
    Local override; error
    @(87.6000 mm, 72.3000 mm): Track [/EN_TMC] on B.Cu, length 114.4000 mm
    @(45.2000 mm, 72.3000 mm): Track [/OPTO_OUT4] on B.Cu, length 67.8000 mm
[tracks_crossing]: Tracks crossing
    Local override; error
    @(149.0000 mm, 79.9200 mm): Track [/DC2_IN2] on B.Cu, length 44.0800 mm
    @(204.0000 mm, 116.1100 mm): Track [/DIR] on B.Cu, length 61.3800 mm
[tracks_crossing]: Tracks crossing
    Local override; error
    @(206.0000 mm, 118.6500 mm): Track [/STEP] on B.Cu, length 63.3800 mm
    @(149.0000 mm, 79.9200 mm): Track [/DC2_IN2] on B.Cu, length 44.0800 mm
[tracks_crossing]: Tracks crossing
    Local override; error
    @(87.6000 mm, 67.2200 mm): Track [/STEP] on B.Cu, length 118.4000 mm
    @(48.0000 mm, 67.2200 mm): Track [/OPTO_OUT6] on B.Cu, length 65.0000 mm
[tracks_crossing]: Tracks crossing
    Local override; error
    @(83.0000 mm, 39.5000 mm): Track [/IO32] on F.Cu, length 7.5800 mm
    @(127.3800 mm, 40.5000 mm): Track [/MotB2] on F.Cu, length 77.3800 mm
[shorting_items]: Items shorting two nets (nets /MotB2 and /MotA1)
    Local override; error
    @(50.0000 mm, 40.5000 mm): Track [/MotB2] on F.Cu, length 9.1200 mm
    @(50.0000 mm, 44.5400 mm): PTH pad 2 [/MotA1] of J2
[shorting_items]: Items shorting two nets (nets +3V3 and /MotB2)
    Local override; error
    @(127.3800 mm, 118.6500 mm): PTH pad 15 [+3V3] of U3
    @(127.3800 mm, 121.1900 mm): Track [/MotB2] on F.Cu, length 80.6900 mm
[shorting_items]: Items shorting two nets (nets /MotA1 and /MotB1)
    Local override; error
    @(50.0000 mm, 44.5400 mm): PTH pad 2 [/MotA1] of J2
    @(50.0000 mm, 39.0000 mm): Track [/MotB1] on F.Cu, length 8.0800 mm
[tracks_crossing]: Tracks crossing
    Local override; error
    @(127.3800 mm, 123.7300 mm): Track [/MotB1] on F.Cu, length 84.7300 mm
    @(127.3800 mm, 40.5000 mm): Track [/MotB2] on F.Cu, length 77.3800 mm
[shorting_items]: Items shorting two nets (nets /MotB1 and /IO32)
    Local override; error
    @(127.3800 mm, 39.0000 mm): Track [/MotB1] on F.Cu, length 77.3800 mm
    @(72.0000 mm, 62.1400 mm): Track [/IO32] on F.Cu, length 22.6400 mm
[tracks_crossing]: Tracks crossing
    Local override; error
    @(50.0000 mm, 37.5000 mm): Track [/MotA1] on F.Cu, length 7.0400 mm
    @(50.0000 mm, 39.0000 mm): Track [/MotB1] on F.Cu, length 8.0800 mm
[tracks_crossing]: Tracks crossing
    Local override; error
    @(127.3800 mm, 39.0000 mm): Track [/MotB1] on F.Cu, length 77.3800 mm
    @(127.3800 mm, 126.2700 mm): Track [/MotA1] on F.Cu, length 88.7700 mm
[tracks_crossing]: Tracks crossing
    Local override; error
    @(50.0000 mm, 37.5000 mm): Track [/MotA1] on F.Cu, length 7.0400 mm
    @(50.0000 mm, 36.0000 mm): Track [/MotA2] on F.Cu, length 6.0000 mm
[tracks_crossing]: Tracks crossing
    Local override; error
    @(127.3800 mm, 128.8100 mm): Track [/MotA2] on F.Cu, length 92.8100 mm
    @(127.3800 mm, 37.5000 mm): Track [/MotA1] on F.Cu, length 77.3800 mm
[tracks_crossing]: Tracks crossing
    Local override; error
    @(83.0000 mm, 38.0000 mm): Track [+3V3] on F.Cu, length 6.5400 mm
    @(83.0000 mm, 39.5000 mm): Track [/IO32] on F.Cu, length 7.5800 mm
[shorting_items]: Items shorting two nets (nets +3V3 and /MotA1)
    Local override; error
    @(113.0000 mm, 85.0000 mm): Track [+3V3] on F.Cu, length 47.0000 mm
    @(127.3800 mm, 37.5000 mm): Track [/MotA1] on F.Cu, length 77.3800 mm
[shorting_items]: Items shorting two nets (nets +3V3 and /MotA1)
    Local override; error
    @(113.0000 mm, 38.0000 mm): Track [+3V3] on F.Cu, length 30.0000 mm
    @(127.3800 mm, 37.5000 mm): Track [/MotA1] on F.Cu, length 77.3800 mm
[tracks_crossing]: Tracks crossing
    Local override; error
    @(113.0000 mm, 147.8400 mm): Track [GND] on B.Cu, length 65.3800 mm
    @(113.0000 mm, 118.6500 mm): Track [+3V3] on B.Cu, length 14.3800 mm
[tracks_crossing]: Tracks crossing
    Local override; error
    @(113.0000 mm, 147.8400 mm): Track [GND] on B.Cu, length 65.3800 mm
    @(113.0000 mm, 85.0000 mm): Track [+3V3] on B.Cu, length 33.6500 mm
[tracks_crossing]: Tracks crossing
    Local override; error
    @(41.0000 mm, 79.9200 mm): Track [/OPTO_OUT1] on B.Cu, length 72.0000 mm
    @(81.6000 mm, 79.0000 mm): Track [+5V] on B.Cu, length 6.0000 mm
[tracks_crossing]: Tracks crossing
    Local override; error
    @(41.0000 mm, 79.9200 mm): Track [/OPTO_OUT1] on B.Cu, length 72.0000 mm
    @(70.3000 mm, 89.2700 mm): Track [+5V] on B.Cu, length 10.2700 mm
[shorting_items]: Items shorting two nets (nets +12V and +5V)
    Local override; error
    @(55.5000 mm, 78.0000 mm): Track [+12V] on B.Cu, length 71.8800 mm
    @(70.3000 mm, 79.0000 mm): Track [+5V] on B.Cu, length 11.3000 mm
[tracks_crossing]: Tracks crossing
    Local override; error
    @(44.5000 mm, 88.0000 mm): Track [GND] on B.Cu, length 10.4000 mm
    @(41.0000 mm, 147.8400 mm): Track [/OPTO_OUT1] on B.Cu, length 67.9200 mm
[tracks_crossing]: Tracks crossing
    Local override; error
    @(41.0000 mm, 147.8400 mm): Track [/OPTO_OUT1] on B.Cu, length 67.9200 mm
    @(44.5000 mm, 88.0000 mm): Track [GND] on B.Cu, length 8.6000 mm
[tracks_crossing]: Tracks crossing
    Local override; error
    @(41.0000 mm, 147.8400 mm): Track [/OPTO_OUT1] on B.Cu, length 67.9200 mm
    @(44.5000 mm, 88.0000 mm): Track [GND] on B.Cu, length 6.8000 mm
[shorting_items]: Items shorting two nets (nets GND and +12V)
    Local override; error
    @(58.0000 mm, 82.4600 mm): Track [GND] on B.Cu, length 55.0000 mm
    @(53.7000 mm, 82.0000 mm): Track [+12V] on B.Cu, length 3.6000 mm
[tracks_crossing]: Tracks crossing
    Local override; error
    @(127.3800 mm, 116.1100 mm): Track [GND] on B.Cu, length 23.2400 mm
    @(127.3800 mm, 78.0000 mm): Track [+12V] on B.Cu, length 55.8900 mm
[tracks_crossing]: Tracks crossing
    Local override; error
    @(127.3800 mm, 78.0000 mm): Track [+12V] on B.Cu, length 55.8900 mm
    @(127.3800 mm, 139.3500 mm): Track [GND] on B.Cu, length 8.0000 mm
[tracks_crossing]: Tracks crossing
    Local override; error
    @(113.0000 mm, 147.8400 mm): Track [+3V3] on B.Cu, length 62.8400 mm
    @(68.3000 mm, 139.3500 mm): Track [GND] on B.Cu, length 59.0800 mm
[tracks_crossing]: Tracks crossing
    Local override; error
    @(68.3000 mm, 139.3500 mm): Track [GND] on B.Cu, length 52.6200 mm
    @(64.3000 mm, 89.2700 mm): Track [+5V] on B.Cu, length 6.0000 mm
[tracks_crossing]: Tracks crossing
    Local override; error
    @(48.0000 mm, 147.8400 mm): Track [/OPTO_OUT6] on B.Cu, length 80.6200 mm
    @(44.5000 mm, 139.3500 mm): Track [GND] on B.Cu, length 41.2000 mm
[shorting_items]: Items shorting two nets (nets /OPTO_OUT3 and GND)
    Local override; error
    @(43.8000 mm, 147.8400 mm): Track [/OPTO_OUT3] on B.Cu, length 73.0000 mm
    @(44.5000 mm, 88.0000 mm): Track [GND] on B.Cu, length 51.3500 mm
[shorting_items]: Items shorting two nets (nets /OPTO_OUT2 and +12V)
    Local override; error
    @(42.4000 mm, 77.3800 mm): Track [/OPTO_OUT2] on B.Cu, length 70.6000 mm
    @(55.5000 mm, 78.0000 mm): Track [+12V] on B.Cu, length 71.8800 mm
[tracks_crossing]: Tracks crossing
    Local override; error
    @(41.0000 mm, 79.9200 mm): Track [/OPTO_OUT1] on B.Cu, length 72.0000 mm
    @(89.7000 mm, 78.0000 mm): Track [+12V] on B.Cu, length 11.2700 mm
[tracks_crossing]: Tracks crossing
    Local override; error
    @(41.0000 mm, 79.9200 mm): Track [/OPTO_OUT1] on B.Cu, length 72.0000 mm
    @(55.5000 mm, 82.0000 mm): Track [+12V] on B.Cu, length 4.0000 mm
[shorting_items]: Items shorting two nets (nets +12V and /OPTO_OUT2)
    Local override; error
    @(55.5000 mm, 78.0000 mm): Track [+12V] on B.Cu, length 34.2000 mm
    @(42.4000 mm, 77.3800 mm): Track [/OPTO_OUT2] on B.Cu, length 70.6000 mm
[shorting_items]: Items shorting two nets (nets GND and +12V)
    Local override; error
    @(58.0000 mm, 139.3500 mm): Track [GND] on B.Cu, length 56.8900 mm
    @(53.7000 mm, 82.0000 mm): Track [+12V] on B.Cu, length 3.6000 mm
[shorting_items]: Items shorting two nets (nets +12V and /OPTO_OUT7)
    Local override; error
    @(49.5000 mm, 88.0000 mm): Track [+12V] on B.Cu, length 6.0000 mm
    @(49.4000 mm, 147.8400 mm): Track [/OPTO_OUT7] on B.Cu, length 83.1600 mm
[shorting_items]: Items shorting two nets (nets +12V and GND)
    Local override; error
    @(57.3000 mm, 82.9000 mm): Via [+12V] on F.Cu - B.Cu
    @(58.0000 mm, 139.3500 mm): Track [GND] on B.Cu, length 56.8900 mm
[shorting_items]: Items shorting two nets (nets +12V and GND)
    Local override; error
    @(191.0000 mm, 196.0000 mm): PTH pad 1 [+12V] of U7
    @(183.0000 mm, 196.0000 mm): Track [GND] on B.Cu, length 17.0000 mm
[clearance]: Clearance violation ( clearance 0.2000 mm; actual 0.1500 mm)
    Local override; error
    @(73.0000 mm, 40.0000 mm): Track [/IO33] on F.Cu, length 10.0000 mm
    @(72.0000 mm, 39.5000 mm): Track [/IO32] on F.Cu, length 11.0000 mm
[clearance]: Clearance violation ( clearance 0.2500 mm; actual 0.0800 mm)
    Local override; error
    @(130.0000 mm, 45.6200 mm): Track [/OPTO_IN2] on F.Cu, length 74.2000 mm
    @(190.0000 mm, 44.5400 mm): PTH pad 2 [/MotDC3_B] of J7
[clearance]: Clearance violation ( clearance 0.2000 mm; actual 0.0500 mm)
    Local override; error
    @(199.8000 mm, 55.7800 mm): Track [/OPTO_IN6] on F.Cu, length 112.3800 mm
    @(201.0000 mm, 86.0000 mm): PTH pad 4 [<no net>] of U5
[clearance]: Clearance violation ( clearance 0.2500 mm; actual 0.2296 mm)
    Local override; error
    @(57.3000 mm, 81.1000 mm): Via [+12V] on F.Cu - B.Cu
    @(58.0000 mm, 139.3500 mm): Track [GND] on B.Cu, length 56.8900 mm
[clearance]: Clearance violation ( clearance 0.2500 mm; actual 0.1300 mm)
    Local override; error
    @(87.6000 mm, 85.0000 mm): PTH pad 16 [+5V] of U1
    @(85.7000 mm, 86.7300 mm): Track [GND] on B.Cu, length 4.0000 mm
[courtyards_overlap]: Courtyards overlap
    Rule: board setup constraints courtyard; error
    @(113.0000 mm, 85.0000 mm): Footprint U1
    @(77.0000 mm, 88.0000 mm): Footprint U2
[pth_inside_courtyard]: PTH inside courtyard
    Local override; error
    @(89.7000 mm, 89.2700 mm): PTH pad 1 [+12V] of U2
    @(113.0000 mm, 85.0000 mm): Footprint U1
[pth_inside_courtyard]: PTH inside courtyard
    Local override; error
    @(89.7000 mm, 86.7300 mm): PTH pad 2 [GND] of U2
    @(113.0000 mm, 85.0000 mm): Footprint U1
[pth_inside_courtyard]: PTH inside courtyard
    Local override; error
    @(87.6000 mm, 85.0000 mm): PTH pad 16 [+5V] of U1
    @(77.0000 mm, 88.0000 mm): Footprint U2
[pth_inside_courtyard]: PTH inside courtyard
    Local override; error
    @(87.6000 mm, 82.4600 mm): PTH pad 17 [GND] of U1
    @(77.0000 mm, 88.0000 mm): Footprint U2
[pth_inside_courtyard]: PTH inside courtyard
    Local override; error
    @(87.6000 mm, 79.9200 mm): PTH pad 18 [/DC2_IN2] of U1
    @(77.0000 mm, 88.0000 mm): Footprint U2
[copper_edge_clearance]: Board edge clearance violation (board setup constraints edge clearance 0.5000 mm; actual 0.3500 mm)
    Rule: board setup constraints edge; error
    @(35.0000 mm, 30.0000 mm): Rectangle on Edge.Cuts
    @(35.9000 mm, 88.0000 mm): Via [GND] on F.Cu - B.Cu
[copper_edge_clearance]: Board edge clearance violation (board setup constraints edge clearance 0.5000 mm; actual 0.4000 mm)
    Rule: board setup constraints edge; error
    @(35.0000 mm, 30.0000 mm): Rectangle on Edge.Cuts
    @(44.5000 mm, 88.0000 mm): Track [GND] on B.Cu, length 8.6000 mm
[copper_edge_clearance]: Board edge clearance violation (board setup constraints edge clearance 0.5000 mm; actual 0.3500 mm)
    Rule: board setup constraints edge; error
    @(35.0000 mm, 30.0000 mm): Rectangle on Edge.Cuts
    @(34.1000 mm, 88.0000 mm): Via [GND] on F.Cu - B.Cu
[copper_edge_clearance]: Board edge clearance violation (board setup constraints edge clearance 0.5000 mm; actual 0.0000 mm)
    Rule: board setup constraints edge; error
    @(35.0000 mm, 30.0000 mm): Rectangle on Edge.Cuts
    @(44.5000 mm, 88.0000 mm): Track [GND] on B.Cu, length 10.4000 mm
[solder_mask_bridge]: Front solder mask aperture bridges items with different nets
    Rule: board setup solder mask min width; error
    @(160.0000 mm, 84.0000 mm): Track [/MotDC1_A] on F.Cu, length 42.0000 mm
    @(160.0000 mm, 44.5400 mm): PTH pad 2 [/MotDC1_B] of J5
[solder_mask_bridge]: Rear solder mask aperture bridges items with different nets
    Rule: board setup solder mask min width; error
    @(41.0000 mm, 79.9200 mm): Track [/OPTO_OUT1] on B.Cu, length 72.0000 mm
    @(87.6000 mm, 79.9200 mm): PTH pad 18 [/DC2_IN2] of U1
[solder_mask_bridge]: Front solder mask aperture bridges items with different nets
    Rule: board setup solder mask min width; error
    @(83.0000 mm, 40.0000 mm): Track [/IO33] on F.Cu, length 9.6200 mm
    @(83.0000 mm, 42.0000 mm): PTH pad 1 [GND] of J3
[solder_mask_bridge]: Rear solder mask aperture bridges items with different nets
    Rule: board setup solder mask min width; error
    @(103.8100 mm, 147.8400 mm): Track [/OPTO_OUT2] on B.Cu, length 61.4100 mm
    @(101.2700 mm, 147.8400 mm): PTH pad 15 [/OPTO_OUT3] of U4
[solder_mask_bridge]: Rear solder mask aperture bridges items with different nets
    Rule: board setup solder mask min width; error
    @(202.0000 mm, 146.0000 mm): Track [+12V] on B.Cu, length 58.0000 mm
    @(201.0000 mm, 136.0000 mm): PTH pad 4 [<no net>] of U6
[solder_mask_bridge]: Rear solder mask aperture bridges items with different nets
    Rule: board setup solder mask min width; error
    @(103.8100 mm, 147.8400 mm): Track [/OPTO_OUT2] on B.Cu, length 61.4100 mm
    @(98.7300 mm, 147.8400 mm): PTH pad 16 [/OPTO_OUT4] of U4
[solder_mask_bridge]: Rear solder mask aperture bridges items with different nets
    Rule: board setup solder mask min width; error
    @(202.0000 mm, 146.0000 mm): Track [+12V] on B.Cu, length 58.0000 mm
    @(201.0000 mm, 130.0000 mm): PTH pad 5 [/DC2_IN1] of U6
[solder_mask_bridge]: Rear solder mask aperture bridges items with different nets
    Rule: board setup solder mask min width; error
    @(103.8100 mm, 147.8400 mm): Track [/OPTO_OUT2] on B.Cu, length 61.4100 mm
    @(96.1900 mm, 147.8400 mm): PTH pad 17 [/OPTO_OUT5] of U4
[solder_mask_bridge]: Rear solder mask aperture bridges items with different nets
    Rule: board setup solder mask min width; error
    @(202.0000 mm, 146.0000 mm): Track [+12V] on B.Cu, length 58.0000 mm
    @(201.0000 mm, 124.0000 mm): PTH pad 6 [/DC2_IN2] of U6
[solder_mask_bridge]: Front solder mask aperture bridges items with different nets
    Rule: board setup solder mask min width; error
    @(83.0000 mm, 40.0000 mm): Track [/IO33] on F.Cu, length 9.6200 mm
    @(83.0000 mm, 44.5400 mm): PTH pad 2 [+3V3] of J3
[solder_mask_bridge]: Rear solder mask aperture bridges items with different nets
    Rule: board setup solder mask min width; error
    @(103.8100 mm, 147.8400 mm): Track [/OPTO_OUT2] on B.Cu, length 61.4100 mm
    @(93.6500 mm, 147.8400 mm): PTH pad 18 [/OPTO_OUT6] of U4
[solder_mask_bridge]: Rear solder mask aperture bridges items with different nets
    Rule: board setup solder mask min width; error
    @(183.0000 mm, 146.0000 mm): Track [GND] on B.Cu, length 17.0000 mm
    @(191.0000 mm, 146.0000 mm): PTH pad 1 [+12V] of U6
[solder_mask_bridge]: Rear solder mask aperture bridges items with different nets
    Rule: board setup solder mask min width; error
    @(103.8100 mm, 147.8400 mm): Track [/OPTO_OUT2] on B.Cu, length 61.4100 mm
    @(91.1100 mm, 147.8400 mm): PTH pad 19 [/OPTO_OUT7] of U4
[solder_mask_bridge]: Rear solder mask aperture bridges items with different nets
    Rule: board setup solder mask min width; error
    @(55.5000 mm, 78.0000 mm): Track [+12V] on B.Cu, length 34.2000 mm
    @(87.6000 mm, 77.3800 mm): PTH pad 19 [/DC3_IN1] of U1
[solder_mask_bridge]: Rear solder mask aperture bridges items with different nets
    Rule: board setup solder mask min width; error
    @(200.0000 mm, 146.0000 mm): Track [GND] on B.Cu, length 58.0000 mm
    @(201.0000 mm, 136.0000 mm): PTH pad 4 [<no net>] of U6
[solder_mask_bridge]: Front solder mask aperture bridges items with different nets
    Rule: board setup solder mask min width; error
    @(83.0000 mm, 40.0000 mm): Track [/IO33] on F.Cu, length 9.6200 mm
    @(83.0000 mm, 47.0800 mm): PTH pad 3 [/IO32] of J3
[solder_mask_bridge]: Rear solder mask aperture bridges items with different nets
    Rule: board setup solder mask min width; error
    @(103.8100 mm, 147.8400 mm): Track [/OPTO_OUT2] on B.Cu, length 61.4100 mm
    @(88.5700 mm, 147.8400 mm): PTH pad 20 [/OPTO_OUT8] of U4
[solder_mask_bridge]: Rear solder mask aperture bridges items with different nets
    Rule: board setup solder mask min width; error
    @(200.0000 mm, 146.0000 mm): Track [GND] on B.Cu, length 58.0000 mm
    @(201.0000 mm, 130.0000 mm): PTH pad 5 [/DC2_IN1] of U6
[solder_mask_bridge]: Front solder mask aperture bridges items with different nets
    Rule: board setup solder mask min width; error
    @(113.0000 mm, 85.0000 mm): Track [+3V3] on F.Cu, length 47.0000 mm
    @(113.0000 mm, 82.4600 mm): PTH pad 2 [GND] of U1
[solder_mask_bridge]: Rear solder mask aperture bridges items with different nets
    Rule: board setup solder mask min width; error
    @(200.0000 mm, 146.0000 mm): Track [GND] on B.Cu, length 58.0000 mm
    @(201.0000 mm, 124.0000 mm): PTH pad 6 [/DC2_IN2] of U6
[solder_mask_bridge]: Front solder mask aperture bridges items with different nets
    Rule: board setup solder mask min width; error
    @(113.0000 mm, 85.0000 mm): Track [+3V3] on F.Cu, length 47.0000 mm
    @(113.0000 mm, 79.9200 mm): PTH pad 3 [/OPTO_OUT1] of U1
[solder_mask_bridge]: Rear solder mask aperture bridges items with different nets
    Rule: board setup solder mask min width; error
    @(89.7000 mm, 78.0000 mm): Track [+12V] on B.Cu, length 11.2700 mm
    @(89.7000 mm, 86.7300 mm): PTH pad 2 [GND] of U2
[solder_mask_bridge]: Rear solder mask aperture bridges items with different nets
    Rule: board setup solder mask min width; error
    @(87.6000 mm, 79.9200 mm): Track [/DC2_IN2] on B.Cu, length 61.4000 mm
    @(113.0000 mm, 79.9200 mm): PTH pad 3 [/OPTO_OUT1] of U1
[solder_mask_bridge]: Front solder mask aperture bridges items with different nets
    Rule: board setup solder mask min width; error
    @(113.0000 mm, 85.0000 mm): Track [+3V3] on F.Cu, length 47.0000 mm
    @(113.0000 mm, 77.3800 mm): PTH pad 4 [/OPTO_OUT2] of U1
[solder_mask_bridge]: Front solder mask aperture bridges items with different nets
    Rule: board setup solder mask min width; error
    @(74.0000 mm, 41.5000 mm): Track [/IO34] on F.Cu, length 9.0000 mm
    @(83.0000 mm, 42.0000 mm): PTH pad 1 [GND] of J3
[solder_mask_bridge]: Rear solder mask aperture bridges items with different nets
    Rule: board setup solder mask min width; error
    @(42.4000 mm, 77.3800 mm): Track [/OPTO_OUT2] on B.Cu, length 70.6000 mm
    @(87.6000 mm, 77.3800 mm): PTH pad 19 [/DC3_IN1] of U1
[solder_mask_bridge]: Front solder mask aperture bridges items with different nets
    Rule: board setup solder mask min width; error
    @(113.0000 mm, 85.0000 mm): Track [+3V3] on F.Cu, length 47.0000 mm
    @(113.0000 mm, 74.8400 mm): PTH pad 5 [/OPTO_OUT3] of U1
[solder_mask_bridge]: Rear solder mask aperture bridges items with different nets
    Rule: board setup solder mask min width; error
    @(55.5000 mm, 78.0000 mm): Track [+12V] on B.Cu, length 71.8800 mm
    @(87.6000 mm, 77.3800 mm): PTH pad 19 [/DC3_IN1] of U1
[solder_mask_bridge]: Rear solder mask aperture bridges items with different nets
    Rule: board setup solder mask min width; error
    @(101.2700 mm, 147.8400 mm): Track [/OPTO_OUT3] on B.Cu, length 57.4700 mm
    @(98.7300 mm, 147.8400 mm): PTH pad 16 [/OPTO_OUT4] of U4
[solder_mask_bridge]: Front solder mask aperture bridges items with different nets
    Rule: board setup solder mask min width; error
    @(175.0000 mm, 134.0000 mm): Track [/MotDC2_A] on F.Cu, length 92.0000 mm
    @(175.0000 mm, 44.5400 mm): PTH pad 2 [/MotDC2_B] of J6
[solder_mask_bridge]: Front solder mask aperture bridges items with different nets
    Rule: board setup solder mask min width; error
    @(113.0000 mm, 85.0000 mm): Track [+3V3] on F.Cu, length 47.0000 mm
    @(113.0000 mm, 72.3000 mm): PTH pad 6 [/OPTO_OUT4] of U1
[solder_mask_bridge]: Front solder mask aperture bridges items with different nets
    Rule: board setup solder mask min width; error
    @(83.0000 mm, 41.5000 mm): Track [/IO34] on F.Cu, length 10.6600 mm
    @(83.0000 mm, 42.0000 mm): PTH pad 1 [GND] of J3
[solder_mask_bridge]: Rear solder mask aperture bridges items with different nets
    Rule: board setup solder mask min width; error
    @(101.2700 mm, 147.8400 mm): Track [/OPTO_OUT3] on B.Cu, length 57.4700 mm
    @(96.1900 mm, 147.8400 mm): PTH pad 17 [/OPTO_OUT5] of U4
[solder_mask_bridge]: Front solder mask aperture bridges items with different nets
    Rule: board setup solder mask min width; error
    @(175.0000 mm, 134.0000 mm): Track [/MotDC2_A] on F.Cu, length 92.0000 mm
    @(175.0000 mm, 96.0000 mm): PTH pad 3 [<no net>] of U5
[solder_mask_bridge]: Front solder mask aperture bridges items with different nets
    Rule: board setup solder mask min width; error
    @(113.0000 mm, 85.0000 mm): Track [+3V3] on F.Cu, length 47.0000 mm
    @(113.0000 mm, 69.7600 mm): PTH pad 7 [/OPTO_OUT5] of U1
[solder_mask_bridge]: Rear solder mask aperture bridges items with different nets
    Rule: board setup solder mask min width; error
    @(55.5000 mm, 78.0000 mm): Track [+12V] on B.Cu, length 71.8800 mm
    @(113.0000 mm, 77.3800 mm): PTH pad 4 [/OPTO_OUT2] of U1
[solder_mask_bridge]: Rear solder mask aperture bridges items with different nets
    Rule: board setup solder mask min width; error
    @(101.2700 mm, 147.8400 mm): Track [/OPTO_OUT3] on B.Cu, length 57.4700 mm
    @(93.6500 mm, 147.8400 mm): PTH pad 18 [/OPTO_OUT6] of U4
[solder_mask_bridge]: Front solder mask aperture bridges items with different nets
    Rule: board setup solder mask min width; error
    @(113.0000 mm, 85.0000 mm): Track [+3V3] on F.Cu, length 47.0000 mm
    @(113.0000 mm, 67.2200 mm): PTH pad 8 [/OPTO_OUT6] of U1
[solder_mask_bridge]: Rear solder mask aperture bridges items with different nets
    Rule: board setup solder mask min width; error
    @(202.0000 mm, 196.0000 mm): Track [+12V] on B.Cu, length 108.0000 mm
    @(201.0000 mm, 136.0000 mm): PTH pad 4 [<no net>] of U6
[solder_mask_bridge]: Front solder mask aperture bridges items with different nets
    Rule: board setup solder mask min width; error
    @(83.0000 mm, 41.5000 mm): Track [/IO34] on F.Cu, length 10.6600 mm
    @(83.0000 mm, 44.5400 mm): PTH pad 2 [+3V3] of J3
[solder_mask_bridge]: Rear solder mask aperture bridges items with different nets
    Rule: board setup solder mask min width; error
    @(101.2700 mm, 147.8400 mm): Track [/OPTO_OUT3] on B.Cu, length 57.4700 mm
    @(91.1100 mm, 147.8400 mm): PTH pad 19 [/OPTO_OUT7] of U4
[solder_mask_bridge]: Front solder mask aperture bridges items with different nets
    Rule: board setup solder mask min width; error
    @(113.0000 mm, 85.0000 mm): Track [+3V3] on F.Cu, length 47.0000 mm
    @(113.0000 mm, 64.6800 mm): PTH pad 9 [/OPTO_OUT7] of U1
[solder_mask_bridge]: Rear solder mask aperture bridges items with different nets
    Rule: board setup solder mask min width; error
    @(202.0000 mm, 196.0000 mm): Track [+12V] on B.Cu, length 108.0000 mm
    @(201.0000 mm, 130.0000 mm): PTH pad 5 [/DC2_IN1] of U6
[solder_mask_bridge]: Rear solder mask aperture bridges items with different nets
    Rule: board setup solder mask min width; error
    @(202.0000 mm, 196.0000 mm): Track [+12V] on B.Cu, length 108.0000 mm
    @(201.0000 mm, 124.0000 mm): PTH pad 6 [/DC2_IN2] of U6
[solder_mask_bridge]: Front solder mask aperture bridges items with different nets
    Rule: board setup solder mask min width; error
    @(113.0000 mm, 85.0000 mm): Track [+3V3] on F.Cu, length 47.0000 mm
    @(113.0000 mm, 62.1400 mm): PTH pad 10 [/OPTO_OUT8] of U1
[solder_mask_bridge]: Rear solder mask aperture bridges items with different nets
    Rule: board setup solder mask min width; error
    @(101.2700 mm, 147.8400 mm): Track [/OPTO_OUT3] on B.Cu, length 57.4700 mm
    @(88.5700 mm, 147.8400 mm): PTH pad 20 [/OPTO_OUT8] of U4
[solder_mask_bridge]: Rear solder mask aperture bridges items with different nets
    Rule: board setup solder mask min width; error
    @(127.3800 mm, 78.0000 mm): Track [+12V] on B.Cu, length 55.8900 mm
    @(127.3800 mm, 131.3500 mm): PTH pad 10 [GND] of U3
[solder_mask_bridge]: Front solder mask aperture bridges items with different nets
    Rule: board setup solder mask min width; error
    @(83.0000 mm, 41.5000 mm): Track [/IO34] on F.Cu, length 10.6600 mm
    @(83.0000 mm, 47.0800 mm): PTH pad 3 [/IO32] of J3
[solder_mask_bridge]: Rear solder mask aperture bridges items with different nets
    Rule: board setup solder mask min width; error
    @(202.0000 mm, 196.0000 mm): Track [+12V] on B.Cu, length 108.0000 mm
    @(201.0000 mm, 186.0000 mm): PTH pad 4 [<no net>] of U7
[solder_mask_bridge]: Front solder mask aperture bridges items with different nets
    Rule: board setup solder mask min width; error
    @(113.0000 mm, 85.0000 mm): Track [+3V3] on F.Cu, length 47.0000 mm
    @(113.0000 mm, 59.6000 mm): PTH pad 11 [/DC1_IN1] of U1
[solder_mask_bridge]: Rear solder mask aperture bridges items with different nets
    Rule: board setup solder mask min width; error
    @(43.8000 mm, 147.8400 mm): Track [/OPTO_OUT3] on B.Cu, length 73.0000 mm
    @(44.5000 mm, 88.0000 mm): PTH pad 2 [GND] of J1
[solder_mask_bridge]: Rear solder mask aperture bridges items with different nets
    Rule: board setup solder mask min width; error
    @(202.0000 mm, 196.0000 mm): Track [+12V] on B.Cu, length 108.0000 mm
    @(201.0000 mm, 180.0000 mm): PTH pad 5 [/DC3_IN1] of U7
[solder_mask_bridge]: Front solder mask aperture bridges items with different nets
    Rule: board setup solder mask min width; error
    @(113.0000 mm, 85.0000 mm): Track [+3V3] on F.Cu, length 47.0000 mm
    @(113.0000 mm, 57.0600 mm): PTH pad 12 [<no net>] of U1
[solder_mask_bridge]: Rear solder mask aperture bridges items with different nets
    Rule: board setup solder mask min width; error
    @(127.3800 mm, 78.0000 mm): Track [+12V] on B.Cu, length 55.8900 mm
    @(127.3800 mm, 128.8100 mm): PTH pad 11 [/MotA2] of U3
[solder_mask_bridge]: Rear solder mask aperture bridges items with different nets
    Rule: board setup solder mask min width; error
    @(202.0000 mm, 196.0000 mm): Track [+12V] on B.Cu, length 108.0000 mm
    @(201.0000 mm, 174.0000 mm): PTH pad 6 [/DC3_IN2] of U7
[solder_mask_bridge]: Rear solder mask aperture bridges items with different nets
    Rule: board setup solder mask min width; error
    @(43.8000 mm, 74.8400 mm): Track [/OPTO_OUT3] on B.Cu, length 69.2000 mm
    @(87.6000 mm, 74.8400 mm): PTH pad 20 [/DC3_IN2] of U1
[solder_mask_bridge]: Front solder mask aperture bridges items with different nets
    Rule: board setup solder mask min width; error
    @(83.0000 mm, 41.5000 mm): Track [/IO34] on F.Cu, length 10.6600 mm
    @(83.0000 mm, 49.6200 mm): PTH pad 4 [/IO33] of J3
[solder_mask_bridge]: Front solder mask aperture bridges items with different nets
    Rule: board setup solder mask min width; error
    @(113.0000 mm, 85.0000 mm): Track [+3V3] on F.Cu, length 47.0000 mm
    @(113.0000 mm, 54.5200 mm): PTH pad 13 [<no net>] of U1
[solder_mask_bridge]: Rear solder mask aperture bridges items with different nets
    Rule: board setup solder mask min width; error
    @(183.0000 mm, 196.0000 mm): Track [GND] on B.Cu, length 17.0000 mm
    @(191.0000 mm, 196.0000 mm): PTH pad 1 [+12V] of U7
[solder_mask_bridge]: Rear solder mask aperture bridges items with different nets
    Rule: board setup solder mask min width; error
    @(98.7300 mm, 147.8400 mm): Track [/OPTO_OUT4] on B.Cu, length 53.5300 mm
    @(96.1900 mm, 147.8400 mm): PTH pad 17 [/OPTO_OUT5] of U4
[solder_mask_bridge]: Front solder mask aperture bridges items with different nets
    Rule: board setup solder mask min width; error
    @(113.0000 mm, 85.0000 mm): Track [+3V3] on F.Cu, length 47.0000 mm
    @(113.0000 mm, 51.9800 mm): PTH pad 14 [/DC1_IN2] of U1
[solder_mask_bridge]: Rear solder mask aperture bridges items with different nets
    Rule: board setup solder mask min width; error
    @(127.3800 mm, 78.0000 mm): Track [+12V] on B.Cu, length 55.8900 mm
    @(127.3800 mm, 126.2700 mm): PTH pad 12 [/MotA1] of U3
[solder_mask_bridge]: Rear solder mask aperture bridges items with different nets
    Rule: board setup solder mask min width; error
    @(98.7300 mm, 147.8400 mm): Track [/OPTO_OUT4] on B.Cu, length 53.5300 mm
    @(93.6500 mm, 147.8400 mm): PTH pad 18 [/OPTO_OUT6] of U4
[solder_mask_bridge]: Rear solder mask aperture bridges items with different nets
    Rule: board setup solder mask min width; error
    @(200.0000 mm, 196.0000 mm): Track [GND] on B.Cu, length 108.0000 mm
    @(201.0000 mm, 136.0000 mm): PTH pad 4 [<no net>] of U6
[solder_mask_bridge]: Rear solder mask aperture bridges items with different nets
    Rule: board setup solder mask min width; error
    @(98.7300 mm, 147.8400 mm): Track [/OPTO_OUT4] on B.Cu, length 53.5300 mm
    @(91.1100 mm, 147.8400 mm): PTH pad 19 [/OPTO_OUT7] of U4
[solder_mask_bridge]: Rear solder mask aperture bridges items with different nets
    Rule: board setup solder mask min width; error
    @(200.0000 mm, 196.0000 mm): Track [GND] on B.Cu, length 108.0000 mm
    @(201.0000 mm, 130.0000 mm): PTH pad 5 [/DC2_IN1] of U6
[solder_mask_bridge]: Rear solder mask aperture bridges items with different nets
    Rule: board setup solder mask min width; error
    @(98.7300 mm, 147.8400 mm): Track [/OPTO_OUT4] on B.Cu, length 53.5300 mm
    @(88.5700 mm, 147.8400 mm): PTH pad 20 [/OPTO_OUT8] of U4
[solder_mask_bridge]: Rear solder mask aperture bridges items with different nets
    Rule: board setup solder mask min width; error
    @(200.0000 mm, 196.0000 mm): Track [GND] on B.Cu, length 108.0000 mm
    @(201.0000 mm, 124.0000 mm): PTH pad 6 [/DC2_IN2] of U6
[solder_mask_bridge]: Rear solder mask aperture bridges items with different nets
    Rule: board setup solder mask min width; error
    @(127.3800 mm, 78.0000 mm): Track [+12V] on B.Cu, length 55.8900 mm
    @(127.3800 mm, 123.7300 mm): PTH pad 13 [/MotB1] of U3
[solder_mask_bridge]: Rear solder mask aperture bridges items with different nets
    Rule: board setup solder mask min width; error
    @(45.2000 mm, 147.8400 mm): Track [/OPTO_OUT4] on B.Cu, length 75.5400 mm
    @(44.5000 mm, 88.0000 mm): PTH pad 2 [GND] of J1
[solder_mask_bridge]: Rear solder mask aperture bridges items with different nets
    Rule: board setup solder mask min width; error
    @(200.0000 mm, 196.0000 mm): Track [GND] on B.Cu, length 108.0000 mm
    @(201.0000 mm, 186.0000 mm): PTH pad 4 [<no net>] of U7
[solder_mask_bridge]: Front solder mask aperture bridges items with different nets
    Rule: board setup solder mask min width; error
    @(75.0000 mm, 43.0000 mm): Track [/IO35] on F.Cu, length 8.0000 mm
    @(83.0000 mm, 42.0000 mm): PTH pad 1 [GND] of J3
[solder_mask_bridge]: Rear solder mask aperture bridges items with different nets
    Rule: board setup solder mask min width; error
    @(45.2000 mm, 72.3000 mm): Track [/OPTO_OUT4] on B.Cu, length 67.8000 mm
    @(87.6000 mm, 72.3000 mm): PTH pad 21 [/EN_TMC] of U1
[solder_mask_bridge]: Rear solder mask aperture bridges items with different nets
    Rule: board setup solder mask min width; error
    @(200.0000 mm, 196.0000 mm): Track [GND] on B.Cu, length 108.0000 mm
    @(201.0000 mm, 180.0000 mm): PTH pad 5 [/DC3_IN1] of U7
[solder_mask_bridge]: Rear solder mask aperture bridges items with different nets
    Rule: board setup solder mask min width; error
    @(96.1900 mm, 147.8400 mm): Track [/OPTO_OUT5] on B.Cu, length 49.5900 mm
    @(93.6500 mm, 147.8400 mm): PTH pad 18 [/OPTO_OUT6] of U4
[solder_mask_bridge]: Front solder mask aperture bridges items with different nets
    Rule: board setup solder mask min width; error
    @(113.0000 mm, 85.0000 mm): Track [+3V3] on F.Cu, length 47.0000 mm
    @(113.0000 mm, 49.4400 mm): PTH pad 15 [/DC2_IN1] of U1
[solder_mask_bridge]: Rear solder mask aperture bridges items with different nets
    Rule: board setup solder mask min width; error
    @(200.0000 mm, 196.0000 mm): Track [GND] on B.Cu, length 108.0000 mm
    @(201.0000 mm, 174.0000 mm): PTH pad 6 [/DC3_IN2] of U7
[solder_mask_bridge]: Rear solder mask aperture bridges items with different nets
    Rule: board setup solder mask min width; error
    @(127.3800 mm, 78.0000 mm): Track [+12V] on B.Cu, length 55.8900 mm
    @(127.3800 mm, 121.1900 mm): PTH pad 14 [/MotB2] of U3
[solder_mask_bridge]: Rear solder mask aperture bridges items with different nets
    Rule: board setup solder mask min width; error
    @(96.1900 mm, 147.8400 mm): Track [/OPTO_OUT5] on B.Cu, length 49.5900 mm
    @(91.1100 mm, 147.8400 mm): PTH pad 19 [/OPTO_OUT7] of U4
[solder_mask_bridge]: Front solder mask aperture bridges items with different nets
    Rule: board setup solder mask min width; error
    @(83.0000 mm, 43.0000 mm): Track [/IO35] on F.Cu, length 11.7000 mm
    @(83.0000 mm, 42.0000 mm): PTH pad 1 [GND] of J3
[solder_mask_bridge]: Rear solder mask aperture bridges items with different nets
    Rule: board setup solder mask min width; error
    @(87.6000 mm, 77.3800 mm): Track [/DC3_IN1] on B.Cu, length 61.4000 mm
    @(113.0000 mm, 77.3800 mm): PTH pad 4 [/OPTO_OUT2] of U1
[solder_mask_bridge]: Rear solder mask aperture bridges items with different nets
    Rule: board setup solder mask min width; error
    @(127.3800 mm, 78.0000 mm): Track [+12V] on B.Cu, length 55.8900 mm
    @(127.3800 mm, 118.6500 mm): PTH pad 15 [+3V3] of U3
[solder_mask_bridge]: Front solder mask aperture bridges items with different nets
    Rule: board setup solder mask min width; error
    @(83.0000 mm, 43.0000 mm): Track [/IO35] on F.Cu, length 11.7000 mm
    @(83.0000 mm, 44.5400 mm): PTH pad 2 [+3V3] of J3
[solder_mask_bridge]: Rear solder mask aperture bridges items with different nets
    Rule: board setup solder mask min width; error
    @(87.6000 mm, 74.8400 mm): Track [/DC3_IN2] on B.Cu, length 63.4000 mm
    @(113.0000 mm, 74.8400 mm): PTH pad 5 [/OPTO_OUT3] of U1
[solder_mask_bridge]: Rear solder mask aperture bridges items with different nets
    Rule: board setup solder mask min width; error
    @(96.1900 mm, 147.8400 mm): Track [/OPTO_OUT5] on B.Cu, length 49.5900 mm
    @(88.5700 mm, 147.8400 mm): PTH pad 20 [/OPTO_OUT8] of U4
[solder_mask_bridge]: Front solder mask aperture bridges items with different nets
    Rule: board setup solder mask min width; error
    @(83.0000 mm, 38.0000 mm): Track [+3V3] on F.Cu, length 6.5400 mm
    @(83.0000 mm, 42.0000 mm): PTH pad 1 [GND] of J3
[solder_mask_bridge]: Front solder mask aperture bridges items with different nets
    Rule: board setup solder mask min width; error
    @(190.0000 mm, 184.0000 mm): Track [/MotDC3_A] on F.Cu, length 142.0000 mm
    @(190.0000 mm, 44.5400 mm): PTH pad 2 [/MotDC3_B] of J7
[solder_mask_bridge]: Front solder mask aperture bridges items with different nets
    Rule: board setup solder mask min width; error
    @(190.0000 mm, 184.0000 mm): Track [/MotDC3_A] on F.Cu, length 142.0000 mm
    @(191.0000 mm, 96.0000 mm): PTH pad 1 [+12V] of U5
[solder_mask_bridge]: Front solder mask aperture bridges items with different nets
    Rule: board setup solder mask min width; error
    @(190.0000 mm, 184.0000 mm): Track [/MotDC3_A] on F.Cu, length 142.0000 mm
    @(191.0000 mm, 146.0000 mm): PTH pad 1 [+12V] of U6
[solder_mask_bridge]: Front solder mask aperture bridges items with different nets
    Rule: board setup solder mask min width; error
    @(83.0000 mm, 43.0000 mm): Track [/IO35] on F.Cu, length 11.7000 mm
    @(83.0000 mm, 47.0800 mm): PTH pad 3 [/IO32] of J3
[solder_mask_bridge]: Front solder mask aperture bridges items with different nets
    Rule: board setup solder mask min width; error
    @(192.0000 mm, 176.0000 mm): Track [/MotDC3_B] on F.Cu, length 131.4600 mm
    @(191.0000 mm, 96.0000 mm): PTH pad 1 [+12V] of U5
[solder_mask_bridge]: Front solder mask aperture bridges items with different nets
    Rule: board setup solder mask min width; error
    @(192.0000 mm, 176.0000 mm): Track [/MotDC3_B] on F.Cu, length 131.4600 mm
    @(191.0000 mm, 146.0000 mm): PTH pad 1 [+12V] of U6
[solder_mask_bridge]: Front solder mask aperture bridges items with different nets
    Rule: board setup solder mask min width; error
    @(83.0000 mm, 43.0000 mm): Track [/IO35] on F.Cu, length 11.7000 mm
    @(83.0000 mm, 49.6200 mm): PTH pad 4 [/IO33] of J3
[solder_mask_bridge]: Front solder mask aperture bridges items with different nets
    Rule: board setup solder mask min width; error
    @(127.3800 mm, 128.8100 mm): Track [/MotA2] on F.Cu, length 92.8100 mm
    @(127.3800 mm, 126.2700 mm): PTH pad 12 [/MotA1] of U3
[solder_mask_bridge]: Rear solder mask aperture bridges items with different nets
    Rule: board setup solder mask min width; error
    @(127.3800 mm, 78.0000 mm): Track [+12V] on B.Cu, length 55.8900 mm
    @(127.3800 mm, 116.1100 mm): PTH pad 16 [GND] of U3
[solder_mask_bridge]: Front solder mask aperture bridges items with different nets
    Rule: board setup solder mask min width; error
    @(83.0000 mm, 43.0000 mm): Track [/IO35] on F.Cu, length 11.7000 mm
    @(83.0000 mm, 52.1600 mm): PTH pad 5 [/IO34] of J3
[solder_mask_bridge]: Front solder mask aperture bridges items with different nets
    Rule: board setup solder mask min width; error
    @(206.4000 mm, 168.1600 mm): Track [/OPTO_VCC_I] on F.Cu, length 97.5100 mm
    @(111.4300 mm, 168.1600 mm): PTH pad 1 [/OPTO_GND_I] of U4
[solder_mask_bridge]: Front solder mask aperture bridges items with different nets
    Rule: board setup solder mask min width; error
    @(205.3000 mm, 168.1600 mm): Track [/OPTO_IN1] on F.Cu, length 98.9500 mm
    @(111.4300 mm, 168.1600 mm): PTH pad 1 [/OPTO_GND_I] of U4
[solder_mask_bridge]: Rear solder mask aperture bridges items with different nets
    Rule: board setup solder mask min width; error
    @(127.3800 mm, 139.3500 mm): Track [GND] on B.Cu, length 8.0000 mm
    @(127.3800 mm, 133.8900 mm): PTH pad 9 [+12V] of U3
[solder_mask_bridge]: Front solder mask aperture bridges items with different nets
    Rule: board setup solder mask min width; error
    @(205.3000 mm, 168.1600 mm): Track [/OPTO_IN1] on F.Cu, length 98.9500 mm
    @(108.8900 mm, 168.1600 mm): PTH pad 2 [/OPTO_VCC_I] of U4
[solder_mask_bridge]: Front solder mask aperture bridges items with different nets
    Rule: board setup solder mask min width; error
    @(127.3800 mm, 128.8100 mm): Track [/MotA2] on F.Cu, length 92.8100 mm
    @(127.3800 mm, 123.7300 mm): PTH pad 13 [/MotB1] of U3
[solder_mask_bridge]: Rear solder mask aperture bridges items with different nets
    Rule: board setup solder mask min width; error
    @(127.3800 mm, 116.1100 mm): Track [GND] on B.Cu, length 23.2400 mm
    @(127.3800 mm, 133.8900 mm): PTH pad 9 [+12V] of U3
[solder_mask_bridge]: Front solder mask aperture bridges items with different nets
    Rule: board setup solder mask min width; error
    @(204.2000 mm, 168.1600 mm): Track [/OPTO_IN2] on F.Cu, length 100.3900 mm
    @(111.4300 mm, 168.1600 mm): PTH pad 1 [/OPTO_GND_I] of U4
[solder_mask_bridge]: Rear solder mask aperture bridges items with different nets
    Rule: board setup solder mask min width; error
    @(127.3800 mm, 116.1100 mm): Track [GND] on B.Cu, length 23.2400 mm
    @(127.3800 mm, 128.8100 mm): PTH pad 11 [/MotA2] of U3
[solder_mask_bridge]: Front solder mask aperture bridges items with different nets
    Rule: board setup solder mask min width; error
    @(127.3800 mm, 128.8100 mm): Track [/MotA2] on F.Cu, length 92.8100 mm
    @(127.3800 mm, 121.1900 mm): PTH pad 14 [/MotB2] of U3
[solder_mask_bridge]: Front solder mask aperture bridges items with different nets
    Rule: board setup solder mask min width; error
    @(204.2000 mm, 168.1600 mm): Track [/OPTO_IN2] on F.Cu, length 100.3900 mm
    @(108.8900 mm, 168.1600 mm): PTH pad 2 [/OPTO_VCC_I] of U4
[solder_mask_bridge]: Rear solder mask aperture bridges items with different nets
    Rule: board setup solder mask min width; error
    @(127.3800 mm, 116.1100 mm): Track [GND] on B.Cu, length 23.2400 mm
    @(127.3800 mm, 126.2700 mm): PTH pad 12 [/MotA1] of U3
[solder_mask_bridge]: Front solder mask aperture bridges items with different nets
    Rule: board setup solder mask min width; error
    @(127.3800 mm, 128.8100 mm): Track [/MotA2] on F.Cu, length 92.8100 mm
    @(127.3800 mm, 118.6500 mm): PTH pad 15 [+3V3] of U3
[solder_mask_bridge]: Rear solder mask aperture bridges items with different nets
    Rule: board setup solder mask min width; error
    @(46.6000 mm, 69.7600 mm): Track [/OPTO_OUT5] on B.Cu, length 66.4000 mm
    @(87.6000 mm, 69.7600 mm): PTH pad 22 [/DIR] of U1
[solder_mask_bridge]: Front solder mask aperture bridges items with different nets
    Rule: board setup solder mask min width; error
    @(204.2000 mm, 168.1600 mm): Track [/OPTO_IN2] on F.Cu, length 100.3900 mm
    @(106.3500 mm, 168.1600 mm): PTH pad 3 [/OPTO_IN1] of U4
[solder_mask_bridge]: Front solder mask aperture bridges items with different nets
    Rule: board setup solder mask min width; error
    @(203.1000 mm, 168.1600 mm): Track [/OPTO_IN3] on F.Cu, length 101.8300 mm
    @(111.4300 mm, 168.1600 mm): PTH pad 1 [/OPTO_GND_I] of U4
[solder_mask_bridge]: Rear solder mask aperture bridges items with different nets
    Rule: board setup solder mask min width; error
    @(93.6500 mm, 147.8400 mm): Track [/OPTO_OUT6] on B.Cu, length 45.6500 mm
    @(91.1100 mm, 147.8400 mm): PTH pad 19 [/OPTO_OUT7] of U4
[solder_mask_bridge]: Front solder mask aperture bridges items with different nets
    Rule: board setup solder mask min width; error
    @(203.1000 mm, 168.1600 mm): Track [/OPTO_IN3] on F.Cu, length 101.8300 mm
    @(108.8900 mm, 168.1600 mm): PTH pad 2 [/OPTO_VCC_I] of U4
[solder_mask_bridge]: Rear solder mask aperture bridges items with different nets
    Rule: board setup solder mask min width; error
    @(127.3800 mm, 116.1100 mm): Track [GND] on B.Cu, length 23.2400 mm
    @(127.3800 mm, 123.7300 mm): PTH pad 13 [/MotB1] of U3
[solder_mask_bridge]: Rear solder mask aperture bridges items with different nets
    Rule: board setup solder mask min width; error
    @(93.6500 mm, 147.8400 mm): Track [/OPTO_OUT6] on B.Cu, length 45.6500 mm
    @(88.5700 mm, 147.8400 mm): PTH pad 20 [/OPTO_OUT8] of U4
[solder_mask_bridge]: Front solder mask aperture bridges items with different nets
    Rule: board setup solder mask min width; error
    @(203.1000 mm, 168.1600 mm): Track [/OPTO_IN3] on F.Cu, length 101.8300 mm
    @(106.3500 mm, 168.1600 mm): PTH pad 3 [/OPTO_IN1] of U4
[solder_mask_bridge]: Front solder mask aperture bridges items with different nets
    Rule: board setup solder mask min width; error
    @(127.3800 mm, 128.8100 mm): Track [/MotA2] on F.Cu, length 92.8100 mm
    @(127.3800 mm, 116.1100 mm): PTH pad 16 [GND] of U3
[solder_mask_bridge]: Front solder mask aperture bridges items with different nets
    Rule: board setup solder mask min width; error
    @(203.1000 mm, 168.1600 mm): Track [/OPTO_IN3] on F.Cu, length 101.8300 mm
    @(103.8100 mm, 168.1600 mm): PTH pad 4 [/OPTO_IN2] of U4
[solder_mask_bridge]: Rear solder mask aperture bridges items with different nets
    Rule: board setup solder mask min width; error
    @(48.0000 mm, 147.8400 mm): Track [/OPTO_OUT6] on B.Cu, length 80.6200 mm
    @(49.5000 mm, 88.0000 mm): PTH pad 1 [+12V] of J1
[solder_mask_bridge]: Rear solder mask aperture bridges items with different nets
    Rule: board setup solder mask min width; error
    @(127.3800 mm, 116.1100 mm): Track [GND] on B.Cu, length 23.2400 mm
    @(127.3800 mm, 121.1900 mm): PTH pad 14 [/MotB2] of U3
[solder_mask_bridge]: Front solder mask aperture bridges items with different nets
    Rule: board setup solder mask min width; error
    @(202.0000 mm, 50.7000 mm): Track [/OPTO_IN4] on F.Cu, length 117.4600 mm
    @(201.0000 mm, 86.0000 mm): PTH pad 4 [<no net>] of U5
[solder_mask_bridge]: Front solder mask aperture bridges items with different nets
    Rule: board setup solder mask min width; error
    @(127.3800 mm, 126.2700 mm): Track [/MotA1] on F.Cu, length 88.7700 mm
    @(127.3800 mm, 123.7300 mm): PTH pad 13 [/MotB1] of U3
[solder_mask_bridge]: Rear solder mask aperture bridges items with different nets
    Rule: board setup solder mask min width; error
    @(48.0000 mm, 67.2200 mm): Track [/OPTO_OUT6] on B.Cu, length 65.0000 mm
    @(87.6000 mm, 67.2200 mm): PTH pad 23 [/STEP] of U1
[solder_mask_bridge]: Front solder mask aperture bridges items with different nets
    Rule: board setup solder mask min width; error
    @(202.0000 mm, 50.7000 mm): Track [/OPTO_IN4] on F.Cu, length 117.4600 mm
    @(201.0000 mm, 80.0000 mm): PTH pad 5 [/DC1_IN1] of U5
[solder_mask_bridge]: Front solder mask aperture bridges items with different nets
    Rule: board setup solder mask min width; error
    @(127.3800 mm, 126.2700 mm): Track [/MotA1] on F.Cu, length 88.7700 mm
    @(127.3800 mm, 121.1900 mm): PTH pad 14 [/MotB2] of U3
[solder_mask_bridge]: Rear solder mask aperture bridges items with different nets
    Rule: board setup solder mask min width; error
    @(91.1100 mm, 147.8400 mm): Track [/OPTO_OUT7] on B.Cu, length 41.7100 mm
    @(88.5700 mm, 147.8400 mm): PTH pad 20 [/OPTO_OUT8] of U4
[solder_mask_bridge]: Rear solder mask aperture bridges items with different nets
    Rule: board setup solder mask min width; error
    @(127.3800 mm, 116.1100 mm): Track [GND] on B.Cu, length 23.2400 mm
    @(127.3800 mm, 118.6500 mm): PTH pad 15 [+3V3] of U3
[solder_mask_bridge]: Front solder mask aperture bridges items with different nets
    Rule: board setup solder mask min width; error
    @(202.0000 mm, 50.7000 mm): Track [/OPTO_IN4] on F.Cu, length 117.4600 mm
    @(201.0000 mm, 74.0000 mm): PTH pad 6 [/DC1_IN2] of U5
[solder_mask_bridge]: Front solder mask aperture bridges items with different nets
    Rule: board setup solder mask min width; error
    @(127.3800 mm, 126.2700 mm): Track [/MotA1] on F.Cu, length 88.7700 mm
    @(127.3800 mm, 118.6500 mm): PTH pad 15 [+3V3] of U3
[solder_mask_bridge]: Rear solder mask aperture bridges items with different nets
    Rule: board setup solder mask min width; error
    @(49.4000 mm, 147.8400 mm): Track [/OPTO_OUT7] on B.Cu, length 83.1600 mm
    @(49.5000 mm, 88.0000 mm): PTH pad 1 [+12V] of J1
[solder_mask_bridge]: Front solder mask aperture bridges items with different nets
    Rule: board setup solder mask min width; error
    @(202.0000 mm, 50.7000 mm): Track [/OPTO_IN4] on F.Cu, length 117.4600 mm
    @(201.0000 mm, 136.0000 mm): PTH pad 4 [<no net>] of U6
[solder_mask_bridge]: Front solder mask aperture bridges items with different nets
    Rule: board setup solder mask min width; error
    @(127.3800 mm, 126.2700 mm): Track [/MotA1] on F.Cu, length 88.7700 mm
    @(127.3800 mm, 116.1100 mm): PTH pad 16 [GND] of U3
[solder_mask_bridge]: Rear solder mask aperture bridges items with different nets
    Rule: board setup solder mask min width; error
    @(49.4000 mm, 64.6800 mm): Track [/OPTO_OUT7] on B.Cu, length 63.6000 mm
    @(87.6000 mm, 64.6800 mm): PTH pad 24 [/IO33] of U1
[solder_mask_bridge]: Front solder mask aperture bridges items with different nets
    Rule: board setup solder mask min width; error
    @(202.0000 mm, 50.7000 mm): Track [/OPTO_IN4] on F.Cu, length 117.4600 mm
    @(201.0000 mm, 130.0000 mm): PTH pad 5 [/DC2_IN1] of U6
[solder_mask_bridge]: Rear solder mask aperture bridges items with different nets
    Rule: board setup solder mask min width; error
    @(50.8000 mm, 147.8400 mm): Track [/OPTO_OUT8] on B.Cu, length 85.7000 mm
    @(49.5000 mm, 88.0000 mm): PTH pad 1 [+12V] of J1
[solder_mask_bridge]: Front solder mask aperture bridges items with different nets
    Rule: board setup solder mask min width; error
    @(50.0000 mm, 37.5000 mm): Track [/MotA1] on F.Cu, length 7.0400 mm
    @(50.0000 mm, 42.0000 mm): PTH pad 1 [/MotA2] of J2
[solder_mask_bridge]: Front solder mask aperture bridges items with different nets
    Rule: board setup solder mask min width; error
    @(202.0000 mm, 50.7000 mm): Track [/OPTO_IN4] on F.Cu, length 117.4600 mm
    @(201.0000 mm, 124.0000 mm): PTH pad 6 [/DC2_IN2] of U6
[solder_mask_bridge]: Rear solder mask aperture bridges items with different nets
    Rule: board setup solder mask min width; error
    @(50.8000 mm, 62.1400 mm): Track [/OPTO_OUT8] on B.Cu, length 62.2000 mm
    @(87.6000 mm, 62.1400 mm): PTH pad 25 [/IO32] of U1
[solder_mask_bridge]: Front solder mask aperture bridges items with different nets
    Rule: board setup solder mask min width; error
    @(127.3800 mm, 123.7300 mm): Track [/MotB1] on F.Cu, length 84.7300 mm
    @(127.3800 mm, 121.1900 mm): PTH pad 14 [/MotB2] of U3
[solder_mask_bridge]: Front solder mask aperture bridges items with different nets
    Rule: board setup solder mask min width; error
    @(202.0000 mm, 168.1600 mm): Track [/OPTO_IN4] on F.Cu, length 103.2700 mm
    @(111.4300 mm, 168.1600 mm): PTH pad 1 [/OPTO_GND_I] of U4
[solder_mask_bridge]: Rear solder mask aperture bridges items with different nets
    Rule: board setup solder mask min width; error
    @(108.8900 mm, 147.8400 mm): Track [+3V3] on B.Cu, length 4.1100 mm
    @(111.4300 mm, 147.8400 mm): PTH pad 11 [GND] of U4
[solder_mask_bridge]: Front solder mask aperture bridges items with different nets
    Rule: board setup solder mask min width; error
    @(127.3800 mm, 123.7300 mm): Track [/MotB1] on F.Cu, length 84.7300 mm
    @(127.3800 mm, 118.6500 mm): PTH pad 15 [+3V3] of U3
[solder_mask_bridge]: Front solder mask aperture bridges items with different nets
    Rule: board setup solder mask min width; error
    @(202.0000 mm, 168.1600 mm): Track [/OPTO_IN4] on F.Cu, length 103.2700 mm
    @(108.8900 mm, 168.1600 mm): PTH pad 2 [/OPTO_VCC_I] of U4
[solder_mask_bridge]: Rear solder mask aperture bridges items with different nets
    Rule: board setup solder mask min width; error
    @(113.0000 mm, 147.8400 mm): Track [GND] on B.Cu, length 65.3800 mm
    @(113.0000 mm, 85.0000 mm): PTH pad 1 [+3V3] of U1
[solder_mask_bridge]: Front solder mask aperture bridges items with different nets
    Rule: board setup solder mask min width; error
    @(127.3800 mm, 123.7300 mm): Track [/MotB1] on F.Cu, length 84.7300 mm
    @(127.3800 mm, 116.1100 mm): PTH pad 16 [GND] of U3
[solder_mask_bridge]: Front solder mask aperture bridges items with different nets
    Rule: board setup solder mask min width; error
    @(202.0000 mm, 168.1600 mm): Track [/OPTO_IN4] on F.Cu, length 103.2700 mm
    @(106.3500 mm, 168.1600 mm): PTH pad 3 [/OPTO_IN1] of U4
[solder_mask_bridge]: Rear solder mask aperture bridges items with different nets
    Rule: board setup solder mask min width; error
    @(183.0000 mm, 96.0000 mm): Track [GND] on B.Cu, length 17.0000 mm
    @(191.0000 mm, 96.0000 mm): PTH pad 1 [+12V] of U5
[solder_mask_bridge]: Front solder mask aperture bridges items with different nets
    Rule: board setup solder mask min width; error
    @(202.0000 mm, 168.1600 mm): Track [/OPTO_IN4] on F.Cu, length 103.2700 mm
    @(103.8100 mm, 168.1600 mm): PTH pad 4 [/OPTO_IN2] of U4
[solder_mask_bridge]: Front solder mask aperture bridges items with different nets
    Rule: board setup solder mask min width; error
    @(50.0000 mm, 39.0000 mm): Track [/MotB1] on F.Cu, length 8.0800 mm
    @(50.0000 mm, 42.0000 mm): PTH pad 1 [/MotA2] of J2
[solder_mask_bridge]: Front solder mask aperture bridges items with different nets
    Rule: board setup solder mask min width; error
    @(202.0000 mm, 168.1600 mm): Track [/OPTO_IN4] on F.Cu, length 103.2700 mm
    @(101.2700 mm, 168.1600 mm): PTH pad 5 [/OPTO_IN3] of U4
[solder_mask_bridge]: Front solder mask aperture bridges items with different nets
    Rule: board setup solder mask min width; error
    @(50.0000 mm, 39.0000 mm): Track [/MotB1] on F.Cu, length 8.0800 mm
    @(50.0000 mm, 44.5400 mm): PTH pad 2 [/MotA1] of J2
[solder_mask_bridge]: Front solder mask aperture bridges items with different nets
    Rule: board setup solder mask min width; error
    @(200.9000 mm, 53.2400 mm): Track [/OPTO_IN5] on F.Cu, length 114.9200 mm
    @(201.0000 mm, 86.0000 mm): PTH pad 4 [<no net>] of U5
[solder_mask_bridge]: Front solder mask aperture bridges items with different nets
    Rule: board setup solder mask min width; error
    @(127.3800 mm, 121.1900 mm): Track [/MotB2] on F.Cu, length 80.6900 mm
    @(127.3800 mm, 118.6500 mm): PTH pad 15 [+3V3] of U3
[solder_mask_bridge]: Front solder mask aperture bridges items with different nets
    Rule: board setup solder mask min width; error
    @(200.9000 mm, 53.2400 mm): Track [/OPTO_IN5] on F.Cu, length 114.9200 mm
    @(201.0000 mm, 80.0000 mm): PTH pad 5 [/DC1_IN1] of U5
[solder_mask_bridge]: Front solder mask aperture bridges items with different nets
    Rule: board setup solder mask min width; error
    @(127.3800 mm, 121.1900 mm): Track [/MotB2] on F.Cu, length 80.6900 mm
    @(127.3800 mm, 116.1100 mm): PTH pad 16 [GND] of U3
[solder_mask_bridge]: Front solder mask aperture bridges items with different nets
    Rule: board setup solder mask min width; error
    @(200.9000 mm, 53.2400 mm): Track [/OPTO_IN5] on F.Cu, length 114.9200 mm
    @(201.0000 mm, 74.0000 mm): PTH pad 6 [/DC1_IN2] of U5
[solder_mask_bridge]: Front solder mask aperture bridges items with different nets
    Rule: board setup solder mask min width; error
    @(50.0000 mm, 40.5000 mm): Track [/MotB2] on F.Cu, length 9.1200 mm
    @(50.0000 mm, 47.0800 mm): PTH pad 3 [/MotB1] of J2
[solder_mask_bridge]: Front solder mask aperture bridges items with different nets
    Rule: board setup solder mask min width; error
    @(200.9000 mm, 53.2400 mm): Track [/OPTO_IN5] on F.Cu, length 114.9200 mm
    @(201.0000 mm, 136.0000 mm): PTH pad 4 [<no net>] of U6
[solder_mask_bridge]: Front solder mask aperture bridges items with different nets
    Rule: board setup solder mask min width; error
    @(50.0000 mm, 40.5000 mm): Track [/MotB2] on F.Cu, length 9.1200 mm
    @(50.0000 mm, 42.0000 mm): PTH pad 1 [/MotA2] of J2
[solder_mask_bridge]: Front solder mask aperture bridges items with different nets
    Rule: board setup solder mask min width; error
    @(200.9000 mm, 53.2400 mm): Track [/OPTO_IN5] on F.Cu, length 114.9200 mm
    @(201.0000 mm, 130.0000 mm): PTH pad 5 [/DC2_IN1] of U6
[solder_mask_bridge]: Front solder mask aperture bridges items with different nets
    Rule: board setup solder mask min width; error
    @(50.0000 mm, 40.5000 mm): Track [/MotB2] on F.Cu, length 9.1200 mm
    @(50.0000 mm, 44.5400 mm): PTH pad 2 [/MotA1] of J2
[solder_mask_bridge]: Front solder mask aperture bridges items with different nets
    Rule: board setup solder mask min width; error
    @(200.9000 mm, 53.2400 mm): Track [/OPTO_IN5] on F.Cu, length 114.9200 mm
    @(201.0000 mm, 124.0000 mm): PTH pad 6 [/DC2_IN2] of U6
[solder_mask_bridge]: Front solder mask aperture bridges items with different nets
    Rule: board setup solder mask min width; error
    @(200.9000 mm, 168.1600 mm): Track [/OPTO_IN5] on F.Cu, length 104.7100 mm
    @(111.4300 mm, 168.1600 mm): PTH pad 1 [/OPTO_GND_I] of U4
[solder_mask_bridge]: Rear solder mask aperture bridges items with different nets
    Rule: board setup solder mask min width; error
    @(87.6000 mm, 67.2200 mm): Track [/STEP] on B.Cu, length 118.4000 mm
    @(113.0000 mm, 67.2200 mm): PTH pad 8 [/OPTO_OUT6] of U1
[solder_mask_bridge]: Front solder mask aperture bridges items with different nets
    Rule: board setup solder mask min width; error
    @(200.9000 mm, 168.1600 mm): Track [/OPTO_IN5] on F.Cu, length 104.7100 mm
    @(108.8900 mm, 168.1600 mm): PTH pad 2 [/OPTO_VCC_I] of U4
[solder_mask_bridge]: Rear solder mask aperture bridges items with different nets
    Rule: board setup solder mask min width; error
    @(87.6000 mm, 69.7600 mm): Track [/DIR] on B.Cu, length 116.4000 mm
    @(113.0000 mm, 69.7600 mm): PTH pad 7 [/OPTO_OUT5] of U1
[solder_mask_bridge]: Front solder mask aperture bridges items with different nets
    Rule: board setup solder mask min width; error
    @(200.9000 mm, 168.1600 mm): Track [/OPTO_IN5] on F.Cu, length 104.7100 mm
    @(106.3500 mm, 168.1600 mm): PTH pad 3 [/OPTO_IN1] of U4
[solder_mask_bridge]: Front solder mask aperture bridges items with different nets
    Rule: board setup solder mask min width; error
    @(200.9000 mm, 168.1600 mm): Track [/OPTO_IN5] on F.Cu, length 104.7100 mm
    @(103.8100 mm, 168.1600 mm): PTH pad 4 [/OPTO_IN2] of U4
[solder_mask_bridge]: Rear solder mask aperture bridges items with different nets
    Rule: board setup solder mask min width; error
    @(87.6000 mm, 72.3000 mm): Track [/EN_TMC] on B.Cu, length 114.4000 mm
    @(113.0000 mm, 72.3000 mm): PTH pad 6 [/OPTO_OUT4] of U1
[solder_mask_bridge]: Front solder mask aperture bridges items with different nets
    Rule: board setup solder mask min width; error
    @(200.9000 mm, 168.1600 mm): Track [/OPTO_IN5] on F.Cu, length 104.7100 mm
    @(101.2700 mm, 168.1600 mm): PTH pad 5 [/OPTO_IN3] of U4
[solder_mask_bridge]: Rear solder mask aperture bridges items with different nets
    Rule: board setup solder mask min width; error
    @(202.0000 mm, 72.3000 mm): Track [/EN_TMC] on B.Cu, length 61.5900 mm
    @(201.0000 mm, 86.0000 mm): PTH pad 4 [<no net>] of U5
[solder_mask_bridge]: Front solder mask aperture bridges items with different nets
    Rule: board setup solder mask min width; error
    @(200.9000 mm, 168.1600 mm): Track [/OPTO_IN5] on F.Cu, length 104.7100 mm
    @(98.7300 mm, 168.1600 mm): PTH pad 6 [/OPTO_IN4] of U4
[solder_mask_bridge]: Rear solder mask aperture bridges items with different nets
    Rule: board setup solder mask min width; error
    @(202.0000 mm, 72.3000 mm): Track [/EN_TMC] on B.Cu, length 61.5900 mm
    @(201.0000 mm, 80.0000 mm): PTH pad 5 [/DC1_IN1] of U5
[solder_mask_bridge]: Front solder mask aperture bridges items with different nets
    Rule: board setup solder mask min width; error
    @(199.8000 mm, 168.1600 mm): Track [/OPTO_IN6] on F.Cu, length 106.1500 mm
    @(111.4300 mm, 168.1600 mm): PTH pad 1 [/OPTO_GND_I] of U4
[solder_mask_bridge]: Rear solder mask aperture bridges items with different nets
    Rule: board setup solder mask min width; error
    @(202.0000 mm, 72.3000 mm): Track [/EN_TMC] on B.Cu, length 61.5900 mm
    @(201.0000 mm, 74.0000 mm): PTH pad 6 [/DC1_IN2] of U5
[solder_mask_bridge]: Front solder mask aperture bridges items with different nets
    Rule: board setup solder mask min width; error
    @(199.8000 mm, 168.1600 mm): Track [/OPTO_IN6] on F.Cu, length 106.1500 mm
    @(108.8900 mm, 168.1600 mm): PTH pad 2 [/OPTO_VCC_I] of U4
[solder_mask_bridge]: Rear solder mask aperture bridges items with different nets
    Rule: board setup solder mask min width; error
    @(202.0000 mm, 72.3000 mm): Track [/EN_TMC] on B.Cu, length 61.5900 mm
    @(201.0000 mm, 130.0000 mm): PTH pad 5 [/DC2_IN1] of U6
[solder_mask_bridge]: Front solder mask aperture bridges items with different nets
    Rule: board setup solder mask min width; error
    @(199.8000 mm, 168.1600 mm): Track [/OPTO_IN6] on F.Cu, length 106.1500 mm
    @(106.3500 mm, 168.1600 mm): PTH pad 3 [/OPTO_IN1] of U4
[solder_mask_bridge]: Rear solder mask aperture bridges items with different nets
    Rule: board setup solder mask min width; error
    @(202.0000 mm, 72.3000 mm): Track [/EN_TMC] on B.Cu, length 61.5900 mm
    @(201.0000 mm, 124.0000 mm): PTH pad 6 [/DC2_IN2] of U6
[solder_mask_bridge]: Front solder mask aperture bridges items with different nets
    Rule: board setup solder mask min width; error
    @(199.8000 mm, 168.1600 mm): Track [/OPTO_IN6] on F.Cu, length 106.1500 mm
    @(103.8100 mm, 168.1600 mm): PTH pad 4 [/OPTO_IN2] of U4
[solder_mask_bridge]: Rear solder mask aperture bridges items with different nets
    Rule: board setup solder mask min width; error
    @(202.0000 mm, 133.8900 mm): Track [/EN_TMC] on B.Cu, length 59.3800 mm
    @(165.0000 mm, 134.0000 mm): PTH pad 7 [/MotDC2_A] of U6
[solder_mask_bridge]: Front solder mask aperture bridges items with different nets
    Rule: board setup solder mask min width; error
    @(199.8000 mm, 168.1600 mm): Track [/OPTO_IN6] on F.Cu, length 106.1500 mm
    @(101.2700 mm, 168.1600 mm): PTH pad 5 [/OPTO_IN3] of U4
[solder_mask_bridge]: Front solder mask aperture bridges items with different nets
    Rule: board setup solder mask min width; error
    @(113.0000 mm, 82.4600 mm): Track [GND] on F.Cu, length 41.9600 mm
    @(113.0000 mm, 79.9200 mm): PTH pad 3 [/OPTO_OUT1] of U1
[solder_mask_bridge]: Front solder mask aperture bridges items with different nets
    Rule: board setup solder mask min width; error
    @(199.8000 mm, 168.1600 mm): Track [/OPTO_IN6] on F.Cu, length 106.1500 mm
    @(98.7300 mm, 168.1600 mm): PTH pad 6 [/OPTO_IN4] of U4
[solder_mask_bridge]: Front solder mask aperture bridges items with different nets
    Rule: board setup solder mask min width; error
    @(113.0000 mm, 82.4600 mm): Track [GND] on F.Cu, length 41.9600 mm
    @(113.0000 mm, 77.3800 mm): PTH pad 4 [/OPTO_OUT2] of U1
[solder_mask_bridge]: Front solder mask aperture bridges items with different nets
    Rule: board setup solder mask min width; error
    @(199.8000 mm, 168.1600 mm): Track [/OPTO_IN6] on F.Cu, length 106.1500 mm
    @(96.1900 mm, 168.1600 mm): PTH pad 7 [/OPTO_IN5] of U4
[solder_mask_bridge]: Front solder mask aperture bridges items with different nets
    Rule: board setup solder mask min width; error
    @(113.0000 mm, 82.4600 mm): Track [GND] on F.Cu, length 41.9600 mm
    @(113.0000 mm, 74.8400 mm): PTH pad 5 [/OPTO_OUT3] of U1
[solder_mask_bridge]: Front solder mask aperture bridges items with different nets
    Rule: board setup solder mask min width; error
    @(113.0000 mm, 82.4600 mm): Track [GND] on F.Cu, length 41.9600 mm
    @(113.0000 mm, 72.3000 mm): PTH pad 6 [/OPTO_OUT4] of U1
[solder_mask_bridge]: Front solder mask aperture bridges items with different nets
    Rule: board setup solder mask min width; error
    @(198.7000 mm, 168.1600 mm): Track [/OPTO_IN7] on F.Cu, length 107.5900 mm
    @(111.4300 mm, 168.1600 mm): PTH pad 1 [/OPTO_GND_I] of U4
[solder_mask_bridge]: Front solder mask aperture bridges items with different nets
    Rule: board setup solder mask min width; error
    @(113.0000 mm, 82.4600 mm): Track [GND] on F.Cu, length 41.9600 mm
    @(113.0000 mm, 69.7600 mm): PTH pad 7 [/OPTO_OUT5] of U1
[solder_mask_bridge]: Front solder mask aperture bridges items with different nets
    Rule: board setup solder mask min width; error
    @(198.7000 mm, 168.1600 mm): Track [/OPTO_IN7] on F.Cu, length 107.5900 mm
    @(108.8900 mm, 168.1600 mm): PTH pad 2 [/OPTO_VCC_I] of U4
[solder_mask_bridge]: Front solder mask aperture bridges items with different nets
    Rule: board setup solder mask min width; error
    @(113.0000 mm, 82.4600 mm): Track [GND] on F.Cu, length 41.9600 mm
    @(113.0000 mm, 67.2200 mm): PTH pad 8 [/OPTO_OUT6] of U1
[solder_mask_bridge]: Front solder mask aperture bridges items with different nets
    Rule: board setup solder mask min width; error
    @(198.7000 mm, 168.1600 mm): Track [/OPTO_IN7] on F.Cu, length 107.5900 mm
    @(106.3500 mm, 168.1600 mm): PTH pad 3 [/OPTO_IN1] of U4
[solder_mask_bridge]: Front solder mask aperture bridges items with different nets
    Rule: board setup solder mask min width; error
    @(113.0000 mm, 82.4600 mm): Track [GND] on F.Cu, length 41.9600 mm
    @(113.0000 mm, 64.6800 mm): PTH pad 9 [/OPTO_OUT7] of U1
[solder_mask_bridge]: Front solder mask aperture bridges items with different nets
    Rule: board setup solder mask min width; error
    @(198.7000 mm, 168.1600 mm): Track [/OPTO_IN7] on F.Cu, length 107.5900 mm
    @(103.8100 mm, 168.1600 mm): PTH pad 4 [/OPTO_IN2] of U4
[solder_mask_bridge]: Front solder mask aperture bridges items with different nets
    Rule: board setup solder mask min width; error
    @(198.7000 mm, 168.1600 mm): Track [/OPTO_IN7] on F.Cu, length 107.5900 mm
    @(101.2700 mm, 168.1600 mm): PTH pad 5 [/OPTO_IN3] of U4
[solder_mask_bridge]: Front solder mask aperture bridges items with different nets
    Rule: board setup solder mask min width; error
    @(113.0000 mm, 82.4600 mm): Track [GND] on F.Cu, length 41.9600 mm
    @(113.0000 mm, 62.1400 mm): PTH pad 10 [/OPTO_OUT8] of U1
[solder_mask_bridge]: Front solder mask aperture bridges items with different nets
    Rule: board setup solder mask min width; error
    @(198.7000 mm, 168.1600 mm): Track [/OPTO_IN7] on F.Cu, length 107.5900 mm
    @(98.7300 mm, 168.1600 mm): PTH pad 6 [/OPTO_IN4] of U4
[solder_mask_bridge]: Front solder mask aperture bridges items with different nets
    Rule: board setup solder mask min width; error
    @(113.0000 mm, 82.4600 mm): Track [GND] on F.Cu, length 41.9600 mm
    @(113.0000 mm, 59.6000 mm): PTH pad 11 [/DC1_IN1] of U1
[solder_mask_bridge]: Front solder mask aperture bridges items with different nets
    Rule: board setup solder mask min width; error
    @(198.7000 mm, 168.1600 mm): Track [/OPTO_IN7] on F.Cu, length 107.5900 mm
    @(96.1900 mm, 168.1600 mm): PTH pad 7 [/OPTO_IN5] of U4
[solder_mask_bridge]: Front solder mask aperture bridges items with different nets
    Rule: board setup solder mask min width; error
    @(113.0000 mm, 82.4600 mm): Track [GND] on F.Cu, length 41.9600 mm
    @(113.0000 mm, 57.0600 mm): PTH pad 12 [<no net>] of U1
[solder_mask_bridge]: Front solder mask aperture bridges items with different nets
    Rule: board setup solder mask min width; error
    @(198.7000 mm, 168.1600 mm): Track [/OPTO_IN7] on F.Cu, length 107.5900 mm
    @(93.6500 mm, 168.1600 mm): PTH pad 8 [/OPTO_IN6] of U4
[solder_mask_bridge]: Front solder mask aperture bridges items with different nets
    Rule: board setup solder mask min width; error
    @(113.0000 mm, 82.4600 mm): Track [GND] on F.Cu, length 41.9600 mm
    @(113.0000 mm, 54.5200 mm): PTH pad 13 [<no net>] of U1
[solder_mask_bridge]: Front solder mask aperture bridges items with different nets
    Rule: board setup solder mask min width; error
    @(113.0000 mm, 82.4600 mm): Track [GND] on F.Cu, length 41.9600 mm
    @(113.0000 mm, 51.9800 mm): PTH pad 14 [/DC1_IN2] of U1
[solder_mask_bridge]: Front solder mask aperture bridges items with different nets
    Rule: board setup solder mask min width; error
    @(113.0000 mm, 82.4600 mm): Track [GND] on F.Cu, length 41.9600 mm
    @(113.0000 mm, 49.4400 mm): PTH pad 15 [/DC2_IN1] of U1
[track_dangling]: Track has unconnected end
    Local override; warning
    @(55.5000 mm, 82.0000 mm): Track [+12V] on F.Cu, length 4.0000 mm
[via_dangling]: Via is not connected or connected on only one layer
    Local override; warning
    @(39.5000 mm, 88.0000 mm): Via [GND] on F.Cu - B.Cu
[via_dangling]: Via is not connected or connected on only one layer
    Local override; warning
    @(37.7000 mm, 88.0000 mm): Via [GND] on F.Cu - B.Cu
[via_dangling]: Via is not connected or connected on only one layer
    Local override; warning
    @(35.9000 mm, 88.0000 mm): Via [GND] on F.Cu - B.Cu
[via_dangling]: Via is not connected or connected on only one layer
    Local override; warning
    @(34.1000 mm, 88.0000 mm): Via [GND] on F.Cu - B.Cu
[via_dangling]: Via is not connected or connected on only one layer
    Local override; warning
    @(165.0000 mm, 84.0000 mm): Via [/MotDC1_A] on F.Cu - B.Cu
[via_dangling]: Via is not connected or connected on only one layer
    Local override; warning
    @(165.0000 mm, 76.0000 mm): Via [/MotDC1_B] on F.Cu - B.Cu
[via_dangling]: Via is not connected or connected on only one layer
    Local override; warning
    @(165.0000 mm, 126.0000 mm): Via [/MotDC2_B] on F.Cu - B.Cu
[via_dangling]: Via is not connected or connected on only one layer
    Local override; warning
    @(165.0000 mm, 184.0000 mm): Via [/MotDC3_A] on F.Cu - B.Cu
[via_dangling]: Via is not connected or connected on only one layer
    Local override; warning
    @(165.0000 mm, 176.0000 mm): Via [/MotDC3_B] on F.Cu - B.Cu
[silk_edge_clearance]: Silkscreen clipped by board edge
    Rule: board setup constraints silk; warning
    @(35.0000 mm, 30.0000 mm): Rectangle on Edge.Cuts
    @(40.0000 mm, 99.5000 mm): PCB text 'J1 NGUON 12V-3A' on B.Silkscreen
[silk_edge_clearance]: Silkscreen clipped by board edge
    Rule: board setup constraints silk; warning
    @(35.0000 mm, 30.0000 mm): Rectangle on Edge.Cuts
    @(40.0000 mm, 96.5000 mm): PCB text 'via farm 6x0.6mm >=3A' on B.Silkscreen
[holes_co_located]: Drilled holes co-located
    Local override; warning
    @(165.0000 mm, 84.0000 mm): Via [/MotDC1_A] on F.Cu - B.Cu
    @(165.0000 mm, 84.0000 mm): PTH pad 7 [/MotDC1_A] of U5
[holes_co_located]: Drilled holes co-located
    Local override; warning
    @(165.0000 mm, 76.0000 mm): Via [/MotDC1_B] on F.Cu - B.Cu
    @(165.0000 mm, 76.0000 mm): PTH pad 8 [/MotDC1_B] of U5
[holes_co_located]: Drilled holes co-located
    Local override; warning
    @(165.0000 mm, 134.0000 mm): PTH pad 7 [/MotDC2_A] of U6
    @(165.0000 mm, 134.0000 mm): Via [/MotDC2_A] on F.Cu - B.Cu
[holes_co_located]: Drilled holes co-located
    Local override; warning
    @(165.0000 mm, 126.0000 mm): PTH pad 8 [/MotDC2_B] of U6
    @(165.0000 mm, 126.0000 mm): Via [/MotDC2_B] on F.Cu - B.Cu
[holes_co_located]: Drilled holes co-located
    Local override; warning
    @(165.0000 mm, 184.0000 mm): PTH pad 7 [/MotDC3_A] of U7
    @(165.0000 mm, 184.0000 mm): Via [/MotDC3_A] on F.Cu - B.Cu
[holes_co_located]: Drilled holes co-located
    Local override; warning
    @(165.0000 mm, 176.0000 mm): Via [/MotDC3_B] on F.Cu - B.Cu
    @(165.0000 mm, 176.0000 mm): PTH pad 8 [/MotDC3_B] of U7
[holes_co_located]: Drilled holes co-located
    Local override; warning
    @(165.0000 mm, 84.0000 mm): Via [/MotDC1_A] on F.Cu - B.Cu
    @(165.0000 mm, 84.0000 mm): PTH pad 7 [/MotDC1_A] of U5
[holes_co_located]: Drilled holes co-located
    Local override; warning
    @(165.0000 mm, 76.0000 mm): Via [/MotDC1_B] on F.Cu - B.Cu
    @(165.0000 mm, 76.0000 mm): PTH pad 8 [/MotDC1_B] of U5
[holes_co_located]: Drilled holes co-located
    Local override; warning
    @(165.0000 mm, 134.0000 mm): PTH pad 7 [/MotDC2_A] of U6
    @(165.0000 mm, 134.0000 mm): Via [/MotDC2_A] on F.Cu - B.Cu
[holes_co_located]: Drilled holes co-located
    Local override; warning
    @(165.0000 mm, 126.0000 mm): PTH pad 8 [/MotDC2_B] of U6
    @(165.0000 mm, 126.0000 mm): Via [/MotDC2_B] on F.Cu - B.Cu
[holes_co_located]: Drilled holes co-located
    Local override; warning
    @(165.0000 mm, 184.0000 mm): PTH pad 7 [/MotDC3_A] of U7
    @(165.0000 mm, 184.0000 mm): Via [/MotDC3_A] on F.Cu - B.Cu
[holes_co_located]: Drilled holes co-located
    Local override; warning
    @(165.0000 mm, 176.0000 mm): Via [/MotDC3_B] on F.Cu - B.Cu
    @(165.0000 mm, 176.0000 mm): PTH pad 8 [/MotDC3_B] of U7
[lib_footprint_mismatch]: Footprint 'TerminalBlock_2P_5.0mm' does not match copy in library 'ESP32_Carrier'
    Local override; warning
    @(47.0000 mm, 88.0000 mm): Footprint J1
[lib_footprint_mismatch]: Footprint 'Mini560_5V5A' does not match copy in library 'ESP32_Carrier'
    Local override; warning
    @(77.0000 mm, 88.0000 mm): Footprint U2
[lib_footprint_mismatch]: Footprint 'TMC2209_StepStick' does not match copy in library 'ESP32_Carrier'
    Local override; warning
    @(135.0000 mm, 125.0000 mm): Footprint U3
[lib_footprint_mismatch]: Footprint 'ESP32_DevKit_V1_30Pin_Socket' does not match copy in library 'ESP32_Carrier'
    Local override; warning
    @(113.0000 mm, 85.0000 mm): Footprint U1
[lib_footprint_mismatch]: Footprint 'PC817_8CH_Opto' does not match copy in library 'ESP32_Carrier'
    Local override; warning
    @(100.0000 mm, 158.0000 mm): Footprint U4
[lib_footprint_mismatch]: Footprint 'L298N_Module' does not match copy in library 'ESP32_Carrier'
    Local override; warning
    @(183.0000 mm, 80.0000 mm): Footprint U5
[lib_footprint_mismatch]: Footprint 'L298N_Module' does not match copy in library 'ESP32_Carrier'
    Local override; warning
    @(183.0000 mm, 130.0000 mm): Footprint U6
[lib_footprint_mismatch]: Footprint 'L298N_Module' does not match copy in library 'ESP32_Carrier'
    Local override; warning
    @(183.0000 mm, 180.0000 mm): Footprint U7
[text_height]: Text height out of range (board setup constraints silk text height min height 0.8000 mm; actual 0.7500 mm)
    Rule: board setup constraints silk text height; warning
    @(43.0000 mm, 52.5000 mm): PCB text 'A2 | A1 | B1 | B2' on F.Silkscreen
[text_height]: Text height out of range (board setup constraints silk text height min height 0.8000 mm; actual 0.7500 mm)
    Rule: board setup constraints silk text height; warning
    @(77.0000 mm, 56.5000 mm): PCB text 'GND | 3V3 | IO32-35' on F.Silkscreen
[text_height]: Text height out of range (board setup constraints silk text height min height 0.8000 mm; actual 0.7000 mm)
    Rule: board setup constraints silk text height; warning
    @(40.0000 mm, 96.5000 mm): PCB text 'via farm 6x0.6mm >=3A' on B.Silkscreen
[text_height]: Text height out of range (board setup constraints silk text height min height 0.8000 mm; actual 0.7500 mm)
    Rule: board setup constraints silk text height; warning
    @(62.0000 mm, 96.5000 mm): PCB text '12V -> 5V 5A' on B.Silkscreen
[text_height]: Text height out of range (board setup constraints silk text height min height 0.8000 mm; actual 0.7500 mm)
    Rule: board setup constraints silk text height; warning
    @(124.0000 mm, 138.5000 mm): PCB text 'stepstick NEMA17' on B.Silkscreen
[text_height]: Text height out of range (board setup constraints silk text height min height 0.8000 mm; actual 0.7000 mm)
    Rule: board setup constraints silk text height; warning
    @(52.5000 mm, 78.0000 mm): PCB text '+12V VIA 3A' on F.Silkscreen
[text_height]: Text height out of range (board setup constraints silk text height min height 0.8000 mm; actual 0.7000 mm)
    Rule: board setup constraints silk text height; warning
    @(52.5000 mm, 78.0000 mm): PCB text '+12V VIA 3A' on B.Silkscreen
[text_height]: Text height out of range (board setup constraints silk text height min height 0.8000 mm; actual 0.7000 mm)
    Rule: board setup constraints silk text height; warning
    @(50.0000 mm, 173.5000 mm): PCB text 'OUT MCU ESP32 | IN field = J4 TOP' on B.Silkscreen
[text_height]: Text height out of range (board setup constraints silk text height min height 0.8000 mm; actual 0.7000 mm)
    Rule: board setup constraints silk text height; warning
    @(138.0000 mm, 39.2000 mm): PCB text 'GND VCC IN1-8 cach ly' on F.Silkscreen
[text_height]: Text height out of range (board setup constraints silk text height min height 0.8000 mm; actual 0.7000 mm)
    Rule: board setup constraints silk text height; warning
    @(163.0000 mm, 101.5000 mm): PCB text 'Vs=12V ENA=JMP' on B.Silkscreen
[text_height]: Text height out of range (board setup constraints silk text height min height 0.8000 mm; actual 0.7000 mm)
    Rule: board setup constraints silk text height; warning
    @(158.0000 mm, 49.0400 mm): PCB text 'M+ | M-' on F.Silkscreen
[text_height]: Text height out of range (board setup constraints silk text height min height 0.8000 mm; actual 0.7000 mm)
    Rule: board setup constraints silk text height; warning
    @(163.0000 mm, 151.5000 mm): PCB text 'Vs=12V ENA=JMP' on B.Silkscreen
[text_height]: Text height out of range (board setup constraints silk text height min height 0.8000 mm; actual 0.7000 mm)
    Rule: board setup constraints silk text height; warning
    @(173.0000 mm, 49.0400 mm): PCB text 'M+ | M-' on F.Silkscreen
[text_height]: Text height out of range (board setup constraints silk text height min height 0.8000 mm; actual 0.7000 mm)
    Rule: board setup constraints silk text height; warning
    @(163.0000 mm, 201.5000 mm): PCB text 'Vs=12V ENA=JMP' on B.Silkscreen
[text_height]: Text height out of range (board setup constraints silk text height min height 0.8000 mm; actual 0.7000 mm)
    Rule: board setup constraints silk text height; warning
    @(188.0000 mm, 49.0400 mm): PCB text 'M+ | M-' on F.Silkscreen
[text_height]: Text height out of range (board setup constraints silk text height min height 0.8000 mm; actual 0.7000 mm)
    Rule: board setup constraints silk text height; warning
    @(133.8000 mm, 38.0000 mm): Footprint text of J4 (GND_I)
[text_height]: Text height out of range (board setup constraints silk text height min height 0.8000 mm; actual 0.7000 mm)
    Rule: board setup constraints silk text height; warning
    @(133.8000 mm, 40.5400 mm): Footprint text of J4 (VCC_I)
[text_height]: Text height out of range (board setup constraints silk text height min height 0.8000 mm; actual 0.7000 mm)
    Rule: board setup constraints silk text height; warning
    @(133.8000 mm, 43.0800 mm): Footprint text of J4 (IN1)
[text_height]: Text height out of range (board setup constraints silk text height min height 0.8000 mm; actual 0.7000 mm)
    Rule: board setup constraints silk text height; warning
    @(133.8000 mm, 45.6200 mm): Footprint text of J4 (IN2)
[text_height]: Text height out of range (board setup constraints silk text height min height 0.8000 mm; actual 0.7000 mm)
    Rule: board setup constraints silk text height; warning
    @(133.8000 mm, 48.1600 mm): Footprint text of J4 (IN3)
[text_height]: Text height out of range (board setup constraints silk text height min height 0.8000 mm; actual 0.7000 mm)
    Rule: board setup constraints silk text height; warning
    @(133.8000 mm, 50.7000 mm): Footprint text of J4 (IN4)
[text_height]: Text height out of range (board setup constraints silk text height min height 0.8000 mm; actual 0.7000 mm)
    Rule: board setup constraints silk text height; warning
    @(133.8000 mm, 53.2400 mm): Footprint text of J4 (IN5)
[text_height]: Text height out of range (board setup constraints silk text height min height 0.8000 mm; actual 0.7000 mm)
    Rule: board setup constraints silk text height; warning
    @(133.8000 mm, 55.7800 mm): Footprint text of J4 (IN6)
[text_height]: Text height out of range (board setup constraints silk text height min height 0.8000 mm; actual 0.7000 mm)
    Rule: board setup constraints silk text height; warning
    @(133.8000 mm, 58.3200 mm): Footprint text of J4 (IN7)
[text_height]: Text height out of range (board setup constraints silk text height min height 0.8000 mm; actual 0.7000 mm)
    Rule: board setup constraints silk text height; warning
    @(133.8000 mm, 60.8600 mm): Footprint text of J4 (IN8)
[text_height]: Text height out of range (board setup constraints silk text height min height 0.8000 mm; actual 0.7000 mm)
    Rule: board setup constraints silk text height; warning
    @(163.5000 mm, 42.0000 mm): Footprint text of J5 (M+)
[text_height]: Text height out of range (board setup constraints silk text height min height 0.8000 mm; actual 0.7000 mm)
    Rule: board setup constraints silk text height; warning
    @(163.5000 mm, 44.5400 mm): Footprint text of J5 (M-)
[text_height]: Text height out of range (board setup constraints silk text height min height 0.8000 mm; actual 0.7000 mm)
    Rule: board setup constraints silk text height; warning
    @(178.5000 mm, 42.0000 mm): Footprint text of J6 (M+)
[text_height]: Text height out of range (board setup constraints silk text height min height 0.8000 mm; actual 0.7000 mm)
    Rule: board setup constraints silk text height; warning
    @(178.5000 mm, 44.5400 mm): Footprint text of J6 (M-)
[text_height]: Text height out of range (board setup constraints silk text height min height 0.8000 mm; actual 0.7000 mm)
    Rule: board setup constraints silk text height; warning
    @(193.5000 mm, 42.0000 mm): Footprint text of J7 (M+)
[text_height]: Text height out of range (board setup constraints silk text height min height 0.8000 mm; actual 0.7000 mm)
    Rule: board setup constraints silk text height; warning
    @(193.5000 mm, 44.5400 mm): Footprint text of J7 (M-)
[silk_overlap]: Silkscreen clearance
    Rule: board setup constraints silk; warning
    @(41.0000 mm, 38.0000 mm): Rectangle on F.Silkscreen
    @(43.0000 mm, 52.5000 mm): PCB text 'A2 | A1 | B1 | B2' on F.Silkscreen
[silk_overlap]: Silkscreen clearance
    Rule: board setup constraints silk; warning
    @(77.0000 mm, 56.5000 mm): PCB text 'GND | 3V3 | IO32-35' on F.Silkscreen
    @(75.0000 mm, 38.0000 mm): Rectangle on F.Silkscreen
[silk_overlap]: Silkscreen clearance
    Rule: board setup constraints silk; warning
    @(50.0000 mm, 38.2000 mm): Reference field of J2
    @(41.0000 mm, 38.0000 mm): Rectangle on F.Silkscreen
[silk_overlap]: Silkscreen clearance
    Rule: board setup constraints silk; warning
    @(83.0000 mm, 38.2000 mm): Reference field of J3
    @(75.0000 mm, 38.0000 mm): Rectangle on F.Silkscreen
[silk_overlap]: Silkscreen clearance
    Rule: board setup constraints silk; warning
    @(77.0000 mm, 56.5000 mm): PCB text 'GND | 3V3 | IO32-35' on F.Silkscreen
    @(81.2000 mm, 40.2000 mm): Rectangle of J3 on F.Silkscreen
[silk_overlap]: Silkscreen clearance
    Rule: board setup constraints silk; warning
    @(138.0000 mm, 36.5000 mm): PCB text 'J4 OPTO FIELD IN' on F.Silkscreen
    @(127.0000 mm, 35.0000 mm): Rectangle on F.Silkscreen
[silk_overlap]: Silkscreen clearance
    Rule: board setup constraints silk; warning
    @(128.2000 mm, 36.2000 mm): Rectangle of J4 on F.Silkscreen
    @(138.0000 mm, 39.2000 mm): PCB text 'GND VCC IN1-8 cach ly' on F.Silkscreen
[silk_overlap]: Silkscreen clearance
    Rule: board setup constraints silk; warning
    @(127.0000 mm, 35.0000 mm): Rectangle on F.Silkscreen
    @(138.0000 mm, 39.2000 mm): PCB text 'GND VCC IN1-8 cach ly' on F.Silkscreen
[silk_overlap]: Silkscreen clearance
    Rule: board setup constraints silk; warning
    @(133.8000 mm, 40.5400 mm): Footprint text of J4 (VCC_I)
    @(127.0000 mm, 35.0000 mm): Rectangle on F.Silkscreen
[silk_overlap]: Silkscreen clearance
    Rule: board setup constraints silk; warning
    @(127.0000 mm, 35.0000 mm): Rectangle on F.Silkscreen
    @(133.8000 mm, 38.0000 mm): Footprint text of J4 (GND_I)
[silk_overlap]: Silkscreen clearance
    Rule: board setup constraints silk; warning
    @(160.0000 mm, 38.2000 mm): Reference field of J5
    @(158.0000 mm, 37.5000 mm): PCB text 'J5 GA12-N20' on F.Silkscreen
[silk_overlap]: Silkscreen clearance
    Rule: board setup constraints silk; warning
    @(157.0000 mm, 39.0000 mm): Rectangle on F.Silkscreen
    @(163.5000 mm, 44.5400 mm): Footprint text of J5 (M-)
[silk_overlap]: Silkscreen clearance
    Rule: board setup constraints silk; warning
    @(163.5000 mm, 42.0000 mm): Footprint text of J5 (M+)
    @(157.0000 mm, 39.0000 mm): Rectangle on F.Silkscreen
[silk_overlap]: Silkscreen clearance
    Rule: board setup constraints silk; warning
    @(175.0000 mm, 38.2000 mm): Reference field of J6
    @(173.0000 mm, 37.5000 mm): PCB text 'J6 GA12-N20' on F.Silkscreen
[silk_overlap]: Silkscreen clearance
    Rule: board setup constraints silk; warning
    @(178.5000 mm, 42.0000 mm): Footprint text of J6 (M+)
    @(172.0000 mm, 39.0000 mm): Rectangle on F.Silkscreen
[silk_overlap]: Silkscreen clearance
    Rule: board setup constraints silk; warning
    @(178.5000 mm, 44.5400 mm): Footprint text of J6 (M-)
    @(172.0000 mm, 39.0000 mm): Rectangle on F.Silkscreen
[silk_overlap]: Silkscreen clearance
    Rule: board setup constraints silk; warning
    @(190.0000 mm, 38.2000 mm): Reference field of J7
    @(188.0000 mm, 37.5000 mm): PCB text 'J7 GA12-N20' on F.Silkscreen
[silk_overlap]: Silkscreen clearance
    Rule: board setup constraints silk; warning
    @(187.0000 mm, 39.0000 mm): Rectangle on F.Silkscreen
    @(193.5000 mm, 42.0000 mm): Footprint text of J7 (M+)
[silk_overlap]: Silkscreen clearance
    Rule: board setup constraints silk; warning
    @(187.0000 mm, 39.0000 mm): Rectangle on F.Silkscreen
    @(193.5000 mm, 44.5400 mm): Footprint text of J7 (M-)
[silk_over_copper]: Silkscreen clipped by solder mask
    Local override; warning
    @(86.8000 mm, 49.6200 mm): Footprint text of J3 (IO33)
    @(87.6000 mm, 49.4400 mm): PTH pad 30 [<no net>] of U1
[silk_over_copper]: Silkscreen clipped by solder mask
    Local override; warning
    @(86.8000 mm, 52.1600 mm): Footprint text of J3 (IO34)
    @(87.6000 mm, 51.9800 mm): PTH pad 29 [<no net>] of U1
[silk_over_copper]: Silkscreen clipped by solder mask
    Local override; warning
    @(86.8000 mm, 54.7000 mm): Footprint text of J3 (IO35)
    @(87.6000 mm, 54.5200 mm): PTH pad 28 [<no net>] of U1
[silk_over_copper]: Silkscreen clipped by solder mask
    Local override; warning
    @(75.0000 mm, 38.0000 mm): Rectangle on F.Silkscreen
    @(87.6000 mm, 59.6000 mm): PTH pad 26 [/IO35] of U1
[silk_overlap]: Silkscreen clearance
    Rule: board setup constraints silk; warning
    @(124.0000 mm, 141.5000 mm): PCB text 'U3 TMC2209' on B.Silkscreen
    @(48.0000 mm, 142.0000 mm): Rectangle on B.Silkscreen
[silk_overlap]: Silkscreen clearance
    Rule: board setup constraints silk; warning
    @(124.0000 mm, 138.5000 mm): PCB text 'stepstick NEMA17' on B.Silkscreen
    @(123.0000 mm, 112.0000 mm): Rectangle on B.Silkscreen
[silk_overlap]: Silkscreen clearance
    Rule: board setup constraints silk; warning
    @(97.0000 mm, 78.0000 mm): Rectangle on B.Silkscreen
    @(114.8000 mm, 93.0000 mm): Rectangle of U1 on B.Silkscreen
[silk_overlap]: Silkscreen clearance
    Rule: board setup constraints silk; warning
    @(114.8000 mm, 93.0000 mm): Rectangle of U1 on B.Silkscreen
    @(61.0000 mm, 78.0000 mm): Rectangle on B.Silkscreen
[silk_overlap]: Silkscreen clearance
    Rule: board setup constraints silk; warning
    @(114.8000 mm, 93.0000 mm): Rectangle of U1 on B.Silkscreen
    @(92.0000 mm, 97.0000 mm): Rectangle of U2 on B.Silkscreen
[silk_overlap]: Silkscreen clearance
    Rule: board setup constraints silk; warning
    @(50.0000 mm, 173.5000 mm): PCB text 'OUT MCU ESP32 | IN field = J4 TOP' on B.Silkscreen
    @(48.0000 mm, 142.0000 mm): Rectangle on B.Silkscreen
[silk_overlap]: Silkscreen clearance
    Rule: board setup constraints silk; warning
    @(48.0000 mm, 142.0000 mm): Rectangle on B.Silkscreen
    @(100.0000 mm, 173.8000 mm): Reference field of U4
[silk_overlap]: Silkscreen clearance
    Rule: board setup constraints silk; warning
    @(39.0000 mm, 78.0000 mm): Rectangle on B.Silkscreen
    @(40.0000 mm, 96.5000 mm): PCB text 'via farm 6x0.6mm >=3A' on B.Silkscreen
[silk_overlap]: Silkscreen clearance
    Rule: board setup constraints silk; warning
    @(52.5000 mm, 78.0000 mm): PCB text '+12V VIA 3A' on B.Silkscreen
    @(39.0000 mm, 78.0000 mm): Rectangle on B.Silkscreen
[silk_overlap]: Silkscreen clearance
    Rule: board setup constraints silk; warning
    @(62.0000 mm, 96.5000 mm): PCB text '12V -> 5V 5A' on B.Silkscreen
    @(61.0000 mm, 78.0000 mm): Rectangle on B.Silkscreen
[silk_overlap]: Silkscreen clearance
    Rule: board setup constraints silk; warning
    @(62.0000 mm, 96.5000 mm): PCB text '12V -> 5V 5A' on B.Silkscreen
    @(92.0000 mm, 97.0000 mm): Rectangle of U2 on B.Silkscreen
[silk_overlap]: Silkscreen clearance
    Rule: board setup constraints silk; warning
    @(92.0000 mm, 97.0000 mm): Rectangle of U2 on B.Silkscreen
    @(61.0000 mm, 78.0000 mm): Rectangle on B.Silkscreen
[silk_overlap]: Silkscreen clearance
    Rule: board setup constraints silk; warning
    @(161.0000 mm, 108.0000 mm): Rectangle on B.Silkscreen
    @(163.0000 mm, 151.5000 mm): PCB text 'Vs=12V ENA=JMP' on B.Silkscreen
[silk_overlap]: Silkscreen clearance
    Rule: board setup constraints silk; warning
    @(204.5000 mm, 151.5000 mm): Rectangle of U6 on B.Silkscreen
    @(163.0000 mm, 151.5000 mm): PCB text 'Vs=12V ENA=JMP' on B.Silkscreen
[silk_overlap]: Silkscreen clearance
    Rule: board setup constraints silk; warning
    @(204.5000 mm, 101.5000 mm): Rectangle of U5 on B.Silkscreen
    @(163.0000 mm, 101.5000 mm): PCB text 'Vs=12V ENA=JMP' on B.Silkscreen
[silk_overlap]: Silkscreen clearance
    Rule: board setup constraints silk; warning
    @(161.0000 mm, 58.0000 mm): Rectangle on B.Silkscreen
    @(163.0000 mm, 101.5000 mm): PCB text 'Vs=12V ENA=JMP' on B.Silkscreen
[silk_overlap]: Silkscreen clearance
    Rule: board setup constraints silk; warning
    @(163.0000 mm, 201.5000 mm): PCB text 'Vs=12V ENA=JMP' on B.Silkscreen
    @(161.0000 mm, 158.0000 mm): Rectangle on B.Silkscreen
[silk_overlap]: Silkscreen clearance
    Rule: board setup constraints silk; warning
    @(163.0000 mm, 201.5000 mm): PCB text 'Vs=12V ENA=JMP' on B.Silkscreen
    @(204.5000 mm, 201.5000 mm): Rectangle of U7 on B.Silkscreen
[silk_over_copper]: Silkscreen clipped by solder mask
    Local override; warning
    @(97.0000 mm, 78.0000 mm): Rectangle on B.Silkscreen
    @(113.0000 mm, 77.3800 mm): PTH pad 4 [/OPTO_OUT2] of U1
[silk_over_copper]: Silkscreen clipped by solder mask
    Local override; warning
    @(61.0000 mm, 78.0000 mm): Rectangle on B.Silkscreen
    @(87.6000 mm, 77.3800 mm): PTH pad 19 [/DC3_IN1] of U1
[nonmirrored_text_on_back_layer]: Non-Mirrored text on back layer
    Local override; warning
    @(95.0000 mm, 201.0000 mm): PCB text 'MAT DUOI / BOTTOM - MODULE ROI' on B.Silkscreen
[nonmirrored_text_on_back_layer]: Non-Mirrored text on back layer
    Local override; warning
    @(40.0000 mm, 99.5000 mm): PCB text 'J1 NGUON 12V-3A' on B.Silkscreen
[nonmirrored_text_on_back_layer]: Non-Mirrored text on back layer
    Local override; warning
    @(40.0000 mm, 96.5000 mm): PCB text 'via farm 6x0.6mm >=3A' on B.Silkscreen
[nonmirrored_text_on_back_layer]: Non-Mirrored text on back layer
    Local override; warning
    @(62.0000 mm, 99.5000 mm): PCB text 'U2 Mini560 BUCK' on B.Silkscreen
[nonmirrored_text_on_back_layer]: Non-Mirrored text on back layer
    Local override; warning
    @(62.0000 mm, 96.5000 mm): PCB text '12V -> 5V 5A' on B.Silkscreen
[nonmirrored_text_on_back_layer]: Non-Mirrored text on back layer
    Local override; warning
    @(124.0000 mm, 141.5000 mm): PCB text 'U3 TMC2209' on B.Silkscreen
[nonmirrored_text_on_back_layer]: Non-Mirrored text on back layer
    Local override; warning
    @(124.0000 mm, 138.5000 mm): PCB text 'stepstick NEMA17' on B.Silkscreen
[nonmirrored_text_on_back_layer]: Non-Mirrored text on back layer
    Local override; warning
    @(98.0000 mm, 109.5000 mm): PCB text 'U1 ESP32 DevKit V1' on B.Silkscreen
[nonmirrored_text_on_back_layer]: Non-Mirrored text on back layer
    Local override; warning
    @(52.5000 mm, 78.0000 mm): PCB text '+12V VIA 3A' on B.Silkscreen
[nonmirrored_text_on_back_layer]: Non-Mirrored text on back layer
    Local override; warning
    @(50.0000 mm, 176.0000 mm): PCB text 'U4 PC817 OPTO 8CH' on B.Silkscreen
[nonmirrored_text_on_back_layer]: Non-Mirrored text on back layer
    Local override; warning
    @(50.0000 mm, 173.5000 mm): PCB text 'OUT MCU ESP32 | IN field = J4 TOP' on B.Silkscreen
[nonmirrored_text_on_back_layer]: Non-Mirrored text on back layer
    Local override; warning
    @(163.0000 mm, 104.0000 mm): PCB text 'U5 L298N GA12' on B.Silkscreen
[nonmirrored_text_on_back_layer]: Non-Mirrored text on back layer
    Local override; warning
    @(163.0000 mm, 101.5000 mm): PCB text 'Vs=12V ENA=JMP' on B.Silkscreen
[nonmirrored_text_on_back_layer]: Non-Mirrored text on back layer
    Local override; warning
    @(163.0000 mm, 154.0000 mm): PCB text 'U6 L298N GA12' on B.Silkscreen
[nonmirrored_text_on_back_layer]: Non-Mirrored text on back layer
    Local override; warning
    @(163.0000 mm, 151.5000 mm): PCB text 'Vs=12V ENA=JMP' on B.Silkscreen
[nonmirrored_text_on_back_layer]: Non-Mirrored text on back layer
    Local override; warning
    @(163.0000 mm, 204.0000 mm): PCB text 'U7 L298N GA12' on B.Silkscreen
[nonmirrored_text_on_back_layer]: Non-Mirrored text on back layer
    Local override; warning
    @(163.0000 mm, 201.5000 mm): PCB text 'Vs=12V ENA=JMP' on B.Silkscreen
[nonmirrored_text_on_back_layer]: Non-Mirrored text on back layer
    Local override; warning
    @(47.0000 mm, 93.5000 mm): Reference field of J1
[nonmirrored_text_on_back_layer]: Non-Mirrored text on back layer
    Local override; warning
    @(47.0000 mm, 81.8000 mm): Value field of J1 (Screw_12V_IN)
[nonmirrored_text_on_back_layer]: Non-Mirrored text on back layer
    Local override; warning
    @(77.0000 mm, 98.8000 mm): Reference field of U2
[nonmirrored_text_on_back_layer]: Non-Mirrored text on back layer
    Local override; warning
    @(77.0000 mm, 77.2000 mm): Value field of U2 (Mini560_5V5A)
[nonmirrored_text_on_back_layer]: Non-Mirrored text on back layer
    Local override; warning
    @(135.0000 mm, 137.0000 mm): Reference field of U3
[nonmirrored_text_on_back_layer]: Non-Mirrored text on back layer
    Local override; warning
    @(135.0000 mm, 113.0000 mm): Value field of U3 (TMC2209)
[nonmirrored_text_on_back_layer]: Non-Mirrored text on back layer
    Local override; warning
    @(100.3000 mm, 95.5000 mm): Reference field of U1
[nonmirrored_text_on_back_layer]: Non-Mirrored text on back layer
    Local override; warning
    @(100.3000 mm, 44.4400 mm): Value field of U1 (ESP32_DevKit_V1_30Pin)
[nonmirrored_text_on_back_layer]: Non-Mirrored text on back layer
    Local override; warning
    @(100.0000 mm, 173.8000 mm): Reference field of U4
[nonmirrored_text_on_back_layer]: Non-Mirrored text on back layer
    Local override; warning
    @(100.0000 mm, 142.2000 mm): Value field of U4 (PC817_8CH)
[nonmirrored_text_on_back_layer]: Non-Mirrored text on back layer
    Local override; warning
    @(183.0000 mm, 103.3000 mm): Reference field of U5
[nonmirrored_text_on_back_layer]: Non-Mirrored text on back layer
    Local override; warning
    @(183.0000 mm, 56.7000 mm): Value field of U5 (L298N_Module)
[nonmirrored_text_on_back_layer]: Non-Mirrored text on back layer
    Local override; warning
    @(183.0000 mm, 153.3000 mm): Reference field of U6
[nonmirrored_text_on_back_layer]: Non-Mirrored text on back layer
    Local override; warning
    @(183.0000 mm, 106.7000 mm): Value field of U6 (L298N_Module)
[nonmirrored_text_on_back_layer]: Non-Mirrored text on back layer
    Local override; warning
    @(183.0000 mm, 203.3000 mm): Reference field of U7
[nonmirrored_text_on_back_layer]: Non-Mirrored text on back layer
    Local override; warning
    @(183.0000 mm, 156.7000 mm): Value field of U7 (L298N_Module)

** Found 2 unconnected pads **
[unconnected_items]: Missing connection between items
    Local override; error
    @(127.3800 mm, 133.8900 mm): PTH pad 9 [+12V] of U3
    @(191.0000 mm, 146.0000 mm): Track [+12V] on B.Cu, length 11.0000 mm
[unconnected_items]: Missing connection between items
    Local override; error
    @(127.3800 mm, 139.3500 mm): Track [GND] on B.Cu, length 8.0000 mm
    @(183.0000 mm, 146.0000 mm): Track [GND] on B.Cu, length 17.0000 mm

** Found 0 Footprint errors **

** Ignored checks **
    - Footprint has no courtyard defined
    - Track endpoint not centered on via
    - Tuning profile track geometries
    - Footprint doesn't match symbol's footprint filters
    - Footprint component type doesn't match footprint pads

** End of Report **
