ISO-10303-21;
HEADER;
FILE_DESCRIPTION(('Open CASCADE Model'),'2;1');
FILE_NAME('Open CASCADE Shape Model','2026-07-28T23:01:11',('Author'),(
    'Open CASCADE'),'Open CASCADE STEP processor 7.9','Open CASCADE 7.9'
  ,'Unknown');
FILE_SCHEMA(('AUTOMOTIVE_DESIGN { 1 0 10303 214 1 1 1 1 }'));
ENDSEC;
DATA;
#1 = APPLICATION_PROTOCOL_DEFINITION('international standard',
  'automotive_design',2000,#2);
#2 = APPLICATION_CONTEXT(
  'core data for automotive mechanical design processes');
#3 = SHAPE_DEFINITION_REPRESENTATION(#4,#10);
#4 = PRODUCT_DEFINITION_SHAPE('','',#5);
#5 = PRODUCT_DEFINITION('design','',#6,#9);
#6 = PRODUCT_DEFINITION_FORMATION('','',#7);
#7 = PRODUCT('Open CASCADE STEP translator 7.9 4',
  'Open CASCADE STEP translator 7.9 4','',(#8));
#8 = PRODUCT_CONTEXT('',#2,'mechanical');
#9 = PRODUCT_DEFINITION_CONTEXT('part definition',#2,'design');
#10 = SHAPE_REPRESENTATION('',(#11,#15,#19),#23);
#11 = AXIS2_PLACEMENT_3D('',#12,#13,#14);
#12 = CARTESIAN_POINT('',(0.,0.,0.));
#13 = DIRECTION('',(0.,0.,1.));
#14 = DIRECTION('',(1.,0.,-0.));
#15 = AXIS2_PLACEMENT_3D('',#16,#17,#18);
#16 = CARTESIAN_POINT('',(0.,0.,0.));
#17 = DIRECTION('',(0.,0.,1.));
#18 = DIRECTION('',(1.,0.,-0.));
#19 = AXIS2_PLACEMENT_3D('',#20,#21,#22);
#20 = CARTESIAN_POINT('',(0.,0.,0.));
#21 = DIRECTION('',(0.,0.,1.));
#22 = DIRECTION('',(1.,0.,-0.));
#23 = ( GEOMETRIC_REPRESENTATION_CONTEXT(3) 
GLOBAL_UNCERTAINTY_ASSIGNED_CONTEXT((#27)) GLOBAL_UNIT_ASSIGNED_CONTEXT(
(#24,#25,#26)) REPRESENTATION_CONTEXT('Context #1',
  '3D Context with UNIT and UNCERTAINTY') );
#24 = ( LENGTH_UNIT() NAMED_UNIT(*) SI_UNIT(.MILLI.,.METRE.) );
#25 = ( NAMED_UNIT(*) PLANE_ANGLE_UNIT() SI_UNIT($,.RADIAN.) );
#26 = ( NAMED_UNIT(*) SI_UNIT($,.STERADIAN.) SOLID_ANGLE_UNIT() );
#27 = UNCERTAINTY_MEASURE_WITH_UNIT(LENGTH_MEASURE(1.E-07),#24,
  'distance_accuracy_value','confusion accuracy');
#28 = PRODUCT_RELATED_PRODUCT_CATEGORY('part',$,(#7));
#29 = SHAPE_DEFINITION_REPRESENTATION(#30,#36);
#30 = PRODUCT_DEFINITION_SHAPE('','',#31);
#31 = PRODUCT_DEFINITION('design','',#32,#35);
#32 = PRODUCT_DEFINITION_FORMATION('','',#33);
#33 = PRODUCT('Open CASCADE STEP translator 7.9 4.1',
  'Open CASCADE STEP translator 7.9 4.1','',(#34));
#34 = PRODUCT_CONTEXT('',#2,'mechanical');
#35 = PRODUCT_DEFINITION_CONTEXT('part definition',#2,'design');
#36 = ADVANCED_BREP_SHAPE_REPRESENTATION('',(#11,#37),#223);
#37 = MANIFOLD_SOLID_BREP('',#38);
#38 = CLOSED_SHELL('',(#39,#107,#162,#216));
#39 = ADVANCED_FACE('',(#40,#76),#53,.F.);
#40 = FACE_BOUND('',#41,.T.);
#41 = EDGE_LOOP('',(#42));
#42 = ORIENTED_EDGE('',*,*,#43,.F.);
#43 = EDGE_CURVE('',#44,#44,#46,.T.);
#44 = VERTEX_POINT('',#45);
#45 = CARTESIAN_POINT('',(67.,0.,0.));
#46 = SURFACE_CURVE('',#47,(#52,#64),.PCURVE_S1.);
#47 = CIRCLE('',#48,67.);
#48 = AXIS2_PLACEMENT_3D('',#49,#50,#51);
#49 = CARTESIAN_POINT('',(0.,0.,0.));
#50 = DIRECTION('',(0.,0.,1.));
#51 = DIRECTION('',(1.,0.,0.));
#52 = PCURVE('',#53,#58);
#53 = PLANE('',#54);
#54 = AXIS2_PLACEMENT_3D('',#55,#56,#57);
#55 = CARTESIAN_POINT('',(0.,0.,0.));
#56 = DIRECTION('',(0.,0.,1.));
#57 = DIRECTION('',(1.,0.,-0.));
#58 = DEFINITIONAL_REPRESENTATION('',(#59),#63);
#59 = CIRCLE('',#60,67.);
#60 = AXIS2_PLACEMENT_2D('',#61,#62);
#61 = CARTESIAN_POINT('',(0.,0.));
#62 = DIRECTION('',(1.,-0.));
#63 = ( GEOMETRIC_REPRESENTATION_CONTEXT(2) 
PARAMETRIC_REPRESENTATION_CONTEXT() REPRESENTATION_CONTEXT('2D SPACE',''
  ) );
#64 = PCURVE('',#65,#70);
#65 = CYLINDRICAL_SURFACE('',#66,67.);
#66 = AXIS2_PLACEMENT_3D('',#67,#68,#69);
#67 = CARTESIAN_POINT('',(0.,0.,0.));
#68 = DIRECTION('',(-0.,-0.,-1.));
#69 = DIRECTION('',(1.,0.,0.));
#70 = DEFINITIONAL_REPRESENTATION('',(#71),#75);
#71 = LINE('',#72,#73);
#72 = CARTESIAN_POINT('',(-0.,0.));
#73 = VECTOR('',#74,1.);
#74 = DIRECTION('',(-1.,0.));
#75 = ( GEOMETRIC_REPRESENTATION_CONTEXT(2) 
PARAMETRIC_REPRESENTATION_CONTEXT() REPRESENTATION_CONTEXT('2D SPACE',''
  ) );
#76 = FACE_BOUND('',#77,.T.);
#77 = EDGE_LOOP('',(#78));
#78 = ORIENTED_EDGE('',*,*,#79,.T.);
#79 = EDGE_CURVE('',#80,#80,#82,.T.);
#80 = VERTEX_POINT('',#81);
#81 = CARTESIAN_POINT('',(66.,0.,0.));
#82 = SURFACE_CURVE('',#83,(#88,#95),.PCURVE_S1.);
#83 = CIRCLE('',#84,66.);
#84 = AXIS2_PLACEMENT_3D('',#85,#86,#87);
#85 = CARTESIAN_POINT('',(0.,0.,0.));
#86 = DIRECTION('',(0.,0.,1.));
#87 = DIRECTION('',(1.,0.,0.));
#88 = PCURVE('',#53,#89);
#89 = DEFINITIONAL_REPRESENTATION('',(#90),#94);
#90 = CIRCLE('',#91,66.);
#91 = AXIS2_PLACEMENT_2D('',#92,#93);
#92 = CARTESIAN_POINT('',(0.,0.));
#93 = DIRECTION('',(1.,-0.));
#94 = ( GEOMETRIC_REPRESENTATION_CONTEXT(2) 
PARAMETRIC_REPRESENTATION_CONTEXT() REPRESENTATION_CONTEXT('2D SPACE',''
  ) );
#95 = PCURVE('',#96,#101);
#96 = CYLINDRICAL_SURFACE('',#97,66.);
#97 = AXIS2_PLACEMENT_3D('',#98,#99,#100);
#98 = CARTESIAN_POINT('',(0.,0.,0.));
#99 = DIRECTION('',(-0.,-0.,-1.));
#100 = DIRECTION('',(1.,0.,0.));
#101 = DEFINITIONAL_REPRESENTATION('',(#102),#106);
#102 = LINE('',#103,#104);
#103 = CARTESIAN_POINT('',(-0.,0.));
#104 = VECTOR('',#105,1.);
#105 = DIRECTION('',(-1.,0.));
#106 = ( GEOMETRIC_REPRESENTATION_CONTEXT(2) 
PARAMETRIC_REPRESENTATION_CONTEXT() REPRESENTATION_CONTEXT('2D SPACE',''
  ) );
#107 = ADVANCED_FACE('',(#108),#65,.T.);
#108 = FACE_BOUND('',#109,.F.);
#109 = EDGE_LOOP('',(#110,#133,#160,#161));
#110 = ORIENTED_EDGE('',*,*,#111,.T.);
#111 = EDGE_CURVE('',#44,#112,#114,.T.);
#112 = VERTEX_POINT('',#113);
#113 = CARTESIAN_POINT('',(67.,0.,4.));
#114 = SEAM_CURVE('',#115,(#119,#126),.PCURVE_S1.);
#115 = LINE('',#116,#117);
#116 = CARTESIAN_POINT('',(67.,0.,0.));
#117 = VECTOR('',#118,1.);
#118 = DIRECTION('',(0.,0.,1.));
#119 = PCURVE('',#65,#120);
#120 = DEFINITIONAL_REPRESENTATION('',(#121),#125);
#121 = LINE('',#122,#123);
#122 = CARTESIAN_POINT('',(-0.,0.));
#123 = VECTOR('',#124,1.);
#124 = DIRECTION('',(-0.,-1.));
#125 = ( GEOMETRIC_REPRESENTATION_CONTEXT(2) 
PARAMETRIC_REPRESENTATION_CONTEXT() REPRESENTATION_CONTEXT('2D SPACE',''
  ) );
#126 = PCURVE('',#65,#127);
#127 = DEFINITIONAL_REPRESENTATION('',(#128),#132);
#128 = LINE('',#129,#130);
#129 = CARTESIAN_POINT('',(-6.28318530718,0.));
#130 = VECTOR('',#131,1.);
#131 = DIRECTION('',(-0.,-1.));
#132 = ( GEOMETRIC_REPRESENTATION_CONTEXT(2) 
PARAMETRIC_REPRESENTATION_CONTEXT() REPRESENTATION_CONTEXT('2D SPACE',''
  ) );
#133 = ORIENTED_EDGE('',*,*,#134,.T.);
#134 = EDGE_CURVE('',#112,#112,#135,.T.);
#135 = SURFACE_CURVE('',#136,(#141,#148),.PCURVE_S1.);
#136 = CIRCLE('',#137,67.);
#137 = AXIS2_PLACEMENT_3D('',#138,#139,#140);
#138 = CARTESIAN_POINT('',(0.,0.,4.));
#139 = DIRECTION('',(0.,0.,1.));
#140 = DIRECTION('',(1.,0.,0.));
#141 = PCURVE('',#65,#142);
#142 = DEFINITIONAL_REPRESENTATION('',(#143),#147);
#143 = LINE('',#144,#145);
#144 = CARTESIAN_POINT('',(-0.,-4.));
#145 = VECTOR('',#146,1.);
#146 = DIRECTION('',(-1.,0.));
#147 = ( GEOMETRIC_REPRESENTATION_CONTEXT(2) 
PARAMETRIC_REPRESENTATION_CONTEXT() REPRESENTATION_CONTEXT('2D SPACE',''
  ) );
#148 = PCURVE('',#149,#154);
#149 = PLANE('',#150);
#150 = AXIS2_PLACEMENT_3D('',#151,#152,#153);
#151 = CARTESIAN_POINT('',(-3.918634409665E-15,-1.226215783189E-16,4.));
#152 = DIRECTION('',(0.,0.,1.));
#153 = DIRECTION('',(1.,0.,-0.));
#154 = DEFINITIONAL_REPRESENTATION('',(#155),#159);
#155 = CIRCLE('',#156,67.);
#156 = AXIS2_PLACEMENT_2D('',#157,#158);
#157 = CARTESIAN_POINT('',(3.918634409665E-15,1.226215783189E-16));
#158 = DIRECTION('',(1.,0.));
#159 = ( GEOMETRIC_REPRESENTATION_CONTEXT(2) 
PARAMETRIC_REPRESENTATION_CONTEXT() REPRESENTATION_CONTEXT('2D SPACE',''
  ) );
#160 = ORIENTED_EDGE('',*,*,#111,.F.);
#161 = ORIENTED_EDGE('',*,*,#43,.F.);
#162 = ADVANCED_FACE('',(#163),#96,.F.);
#163 = FACE_BOUND('',#164,.T.);
#164 = EDGE_LOOP('',(#165,#166,#189,#215));
#165 = ORIENTED_EDGE('',*,*,#79,.F.);
#166 = ORIENTED_EDGE('',*,*,#167,.T.);
#167 = EDGE_CURVE('',#80,#168,#170,.T.);
#168 = VERTEX_POINT('',#169);
#169 = CARTESIAN_POINT('',(66.,0.,4.));
#170 = SEAM_CURVE('',#171,(#175,#182),.PCURVE_S1.);
#171 = LINE('',#172,#173);
#172 = CARTESIAN_POINT('',(66.,0.,0.));
#173 = VECTOR('',#174,1.);
#174 = DIRECTION('',(0.,0.,1.));
#175 = PCURVE('',#96,#176);
#176 = DEFINITIONAL_REPRESENTATION('',(#177),#181);
#177 = LINE('',#178,#179);
#178 = CARTESIAN_POINT('',(-6.28318530718,0.));
#179 = VECTOR('',#180,1.);
#180 = DIRECTION('',(-0.,-1.));
#181 = ( GEOMETRIC_REPRESENTATION_CONTEXT(2) 
PARAMETRIC_REPRESENTATION_CONTEXT() REPRESENTATION_CONTEXT('2D SPACE',''
  ) );
#182 = PCURVE('',#96,#183);
#183 = DEFINITIONAL_REPRESENTATION('',(#184),#188);
#184 = LINE('',#185,#186);
#185 = CARTESIAN_POINT('',(-0.,0.));
#186 = VECTOR('',#187,1.);
#187 = DIRECTION('',(-0.,-1.));
#188 = ( GEOMETRIC_REPRESENTATION_CONTEXT(2) 
PARAMETRIC_REPRESENTATION_CONTEXT() REPRESENTATION_CONTEXT('2D SPACE',''
  ) );
#189 = ORIENTED_EDGE('',*,*,#190,.F.);
#190 = EDGE_CURVE('',#168,#168,#191,.T.);
#191 = SURFACE_CURVE('',#192,(#197,#204),.PCURVE_S1.);
#192 = CIRCLE('',#193,66.);
#193 = AXIS2_PLACEMENT_3D('',#194,#195,#196);
#194 = CARTESIAN_POINT('',(0.,0.,4.));
#195 = DIRECTION('',(0.,0.,-1.));
#196 = DIRECTION('',(1.,0.,0.));
#197 = PCURVE('',#96,#198);
#198 = DEFINITIONAL_REPRESENTATION('',(#199),#203);
#199 = LINE('',#200,#201);
#200 = CARTESIAN_POINT('',(-6.28318530718,-4.));
#201 = VECTOR('',#202,1.);
#202 = DIRECTION('',(1.,-0.));
#203 = ( GEOMETRIC_REPRESENTATION_CONTEXT(2) 
PARAMETRIC_REPRESENTATION_CONTEXT() REPRESENTATION_CONTEXT('2D SPACE',''
  ) );
#204 = PCURVE('',#149,#205);
#205 = DEFINITIONAL_REPRESENTATION('',(#206),#214);
#206 = ( BOUNDED_CURVE() B_SPLINE_CURVE(2,(#207,#208,#209,#210,#211,#212
,#213),.UNSPECIFIED.,.T.,.F.) B_SPLINE_CURVE_WITH_KNOTS((1,2,2,2,2,1),(
    -2.094395102393,0.,2.094395102393,4.188790204786,6.28318530718,
8.377580409573),.UNSPECIFIED.) CURVE() GEOMETRIC_REPRESENTATION_ITEM() 
RATIONAL_B_SPLINE_CURVE((1.,0.5,1.,0.5,1.,0.5,1.)) REPRESENTATION_ITEM(
  '') );
#207 = CARTESIAN_POINT('',(66.,1.226215783189E-16));
#208 = CARTESIAN_POINT('',(66.,-114.3153532995));
#209 = CARTESIAN_POINT('',(-33.,-57.15767664977));
#210 = CARTESIAN_POINT('',(-132.,-1.604271617043E-14));
#211 = CARTESIAN_POINT('',(-33.,57.157676649773));
#212 = CARTESIAN_POINT('',(66.,114.31535329954));
#213 = CARTESIAN_POINT('',(66.,1.226215783189E-16));
#214 = ( GEOMETRIC_REPRESENTATION_CONTEXT(2) 
PARAMETRIC_REPRESENTATION_CONTEXT() REPRESENTATION_CONTEXT('2D SPACE',''
  ) );
#215 = ORIENTED_EDGE('',*,*,#167,.F.);
#216 = ADVANCED_FACE('',(#217,#220),#149,.T.);
#217 = FACE_BOUND('',#218,.T.);
#218 = EDGE_LOOP('',(#219));
#219 = ORIENTED_EDGE('',*,*,#134,.T.);
#220 = FACE_BOUND('',#221,.T.);
#221 = EDGE_LOOP('',(#222));
#222 = ORIENTED_EDGE('',*,*,#190,.T.);
#223 = ( GEOMETRIC_REPRESENTATION_CONTEXT(3) 
GLOBAL_UNCERTAINTY_ASSIGNED_CONTEXT((#227)) GLOBAL_UNIT_ASSIGNED_CONTEXT
((#224,#225,#226)) REPRESENTATION_CONTEXT('Context #1',
  '3D Context with UNIT and UNCERTAINTY') );
#224 = ( LENGTH_UNIT() NAMED_UNIT(*) SI_UNIT(.MILLI.,.METRE.) );
#225 = ( NAMED_UNIT(*) PLANE_ANGLE_UNIT() SI_UNIT($,.RADIAN.) );
#226 = ( NAMED_UNIT(*) SI_UNIT($,.STERADIAN.) SOLID_ANGLE_UNIT() );
#227 = UNCERTAINTY_MEASURE_WITH_UNIT(LENGTH_MEASURE(1.E-07),#224,
  'distance_accuracy_value','confusion accuracy');
#228 = CONTEXT_DEPENDENT_SHAPE_REPRESENTATION(#229,#231);
#229 = ( REPRESENTATION_RELATIONSHIP('','',#36,#10) 
REPRESENTATION_RELATIONSHIP_WITH_TRANSFORMATION(#230) 
SHAPE_REPRESENTATION_RELATIONSHIP() );
#230 = ITEM_DEFINED_TRANSFORMATION('','',#11,#15);
#231 = PRODUCT_DEFINITION_SHAPE('Placement','Placement of an item',#232
  );
#232 = NEXT_ASSEMBLY_USAGE_OCCURRENCE('1','','',#5,#31,$);
#233 = PRODUCT_RELATED_PRODUCT_CATEGORY('part',$,(#33));
#234 = SHAPE_DEFINITION_REPRESENTATION(#235,#241);
#235 = PRODUCT_DEFINITION_SHAPE('','',#236);
#236 = PRODUCT_DEFINITION('design','',#237,#240);
#237 = PRODUCT_DEFINITION_FORMATION('','',#238);
#238 = PRODUCT('Open CASCADE STEP translator 7.9 4.2',
  'Open CASCADE STEP translator 7.9 4.2','',(#239));
#239 = PRODUCT_CONTEXT('',#2,'mechanical');
#240 = PRODUCT_DEFINITION_CONTEXT('part definition',#2,'design');
#241 = ADVANCED_BREP_SHAPE_REPRESENTATION('',(#11,#242),#1528);
#242 = MANIFOLD_SOLID_BREP('',#243);
#243 = CLOSED_SHELL('',(#244,#869,#1412,#1442,#1476));
#244 = ADVANCED_FACE('',(#245),#259,.T.);
#245 = FACE_BOUND('',#246,.T.);
#246 = EDGE_LOOP('',(#247,#277,#304,#305,#546,#569,#596,#597,#725));
#247 = ORIENTED_EDGE('',*,*,#248,.F.);
#248 = EDGE_CURVE('',#249,#251,#253,.T.);
#249 = VERTEX_POINT('',#250);
#250 = CARTESIAN_POINT('',(60.828571428571,0.,8.));
#251 = VERTEX_POINT('',#252);
#252 = CARTESIAN_POINT('',(66.771428571429,0.,34.));
#253 = SEAM_CURVE('',#254,(#258,#270),.PCURVE_S1.);
#254 = LINE('',#255,#256);
#255 = CARTESIAN_POINT('',(59.,0.,0.));
#256 = VECTOR('',#257,1.);
#257 = DIRECTION('',(0.222824801502,0.,0.974858506572));
#258 = PCURVE('',#259,#264);
#259 = CONICAL_SURFACE('',#260,59.,0.224711168415);
#260 = AXIS2_PLACEMENT_3D('',#261,#262,#263);
#261 = CARTESIAN_POINT('',(0.,0.,0.));
#262 = DIRECTION('',(0.,0.,1.));
#263 = DIRECTION('',(1.,0.,-0.));
#264 = DEFINITIONAL_REPRESENTATION('',(#265),#269);
#265 = LINE('',#266,#267);
#266 = CARTESIAN_POINT('',(0.,0.));
#267 = VECTOR('',#268,1.);
#268 = DIRECTION('',(0.,1.));
#269 = ( GEOMETRIC_REPRESENTATION_CONTEXT(2) 
PARAMETRIC_REPRESENTATION_CONTEXT() REPRESENTATION_CONTEXT('2D SPACE',''
  ) );
#270 = PCURVE('',#259,#271);
#271 = DEFINITIONAL_REPRESENTATION('',(#272),#276);
#272 = LINE('',#273,#274);
#273 = CARTESIAN_POINT('',(6.28318530718,0.));
#274 = VECTOR('',#275,1.);
#275 = DIRECTION('',(0.,1.));
#276 = ( GEOMETRIC_REPRESENTATION_CONTEXT(2) 
PARAMETRIC_REPRESENTATION_CONTEXT() REPRESENTATION_CONTEXT('2D SPACE',''
  ) );
#277 = ORIENTED_EDGE('',*,*,#278,.T.);
#278 = EDGE_CURVE('',#249,#249,#279,.T.);
#279 = SURFACE_CURVE('',#280,(#285,#292),.PCURVE_S1.);
#280 = CIRCLE('',#281,60.828571428571);
#281 = AXIS2_PLACEMENT_3D('',#282,#283,#284);
#282 = CARTESIAN_POINT('',(0.,0.,8.));
#283 = DIRECTION('',(0.,0.,1.));
#284 = DIRECTION('',(1.,0.,-0.));
#285 = PCURVE('',#259,#286);
#286 = DEFINITIONAL_REPRESENTATION('',(#287),#291);
#287 = LINE('',#288,#289);
#288 = CARTESIAN_POINT('',(0.,8.));
#289 = VECTOR('',#290,1.);
#290 = DIRECTION('',(1.,0.));
#291 = ( GEOMETRIC_REPRESENTATION_CONTEXT(2) 
PARAMETRIC_REPRESENTATION_CONTEXT() REPRESENTATION_CONTEXT('2D SPACE',''
  ) );
#292 = PCURVE('',#293,#298);
#293 = PLANE('',#294);
#294 = AXIS2_PLACEMENT_3D('',#295,#296,#297);
#295 = CARTESIAN_POINT('',(-6.630012763828E-15,-4.221785259317E-17,8.));
#296 = DIRECTION('',(0.,0.,1.));
#297 = DIRECTION('',(1.,0.,-0.));
#298 = DEFINITIONAL_REPRESENTATION('',(#299),#303);
#299 = CIRCLE('',#300,60.828571428571);
#300 = AXIS2_PLACEMENT_2D('',#301,#302);
#301 = CARTESIAN_POINT('',(6.630012763828E-15,4.221785259317E-17));
#302 = DIRECTION('',(1.,0.));
#303 = ( GEOMETRIC_REPRESENTATION_CONTEXT(2) 
PARAMETRIC_REPRESENTATION_CONTEXT() REPRESENTATION_CONTEXT('2D SPACE',''
  ) );
#304 = ORIENTED_EDGE('',*,*,#248,.T.);
#305 = ORIENTED_EDGE('',*,*,#306,.F.);
#306 = EDGE_CURVE('',#307,#251,#309,.T.);
#307 = VERTEX_POINT('',#308);
#308 = CARTESIAN_POINT('',(73.171428571429,0.,62.));
#309 = SURFACE_CURVE('',#310,(#385,#463),.PCURVE_S1.);
#310 = B_SPLINE_CURVE_WITH_KNOTS('',7,(#311,#312,#313,#314,#315,#316,
    #317,#318,#319,#320,#321,#322,#323,#324,#325,#326,#327,#328,#329,
    #330,#331,#332,#333,#334,#335,#336,#337,#338,#339,#340,#341,#342,
    #343,#344,#345,#346,#347,#348,#349,#350,#351,#352,#353,#354,#355,
    #356,#357,#358,#359,#360,#361,#362,#363,#364,#365,#366,#367,#368,
    #369,#370,#371,#372,#373,#374,#375,#376,#377,#378,#379,#380,#381,
    #382,#383,#384),.UNSPECIFIED.,.F.,.F.,(8,6,6,6,6,6,6,6,6,6,6,6,8),(
    0.,8.076878437223E-02,0.133330008398,0.206023393776,0.267559985065,
    0.318223780189,0.466694795478,0.625311104182,0.684688607906,
    0.758483457235,0.844543308829,0.906484857426,1.),.UNSPECIFIED.);
#311 = CARTESIAN_POINT('',(73.171428571429,0.,62.));
#312 = CARTESIAN_POINT('',(73.171428571429,-0.633713807924,62.));
#313 = CARTESIAN_POINT('',(73.157376052554,-1.267666067668,
    61.966533846014));
#314 = CARTESIAN_POINT('',(73.129252014056,-1.896115931152,
    61.899556600155));
#315 = CARTESIAN_POINT('',(73.087673975835,-2.514385099746,
    61.800336567389));
#316 = CARTESIAN_POINT('',(73.033661034933,-3.118655546251,
    61.670900065189));
#317 = CARTESIAN_POINT('',(72.968478603724,-3.70587052692,
    61.513771862196));
#318 = CARTESIAN_POINT('',(72.844733944245,-4.643146596825,
    61.213316891846));
#319 = CARTESIAN_POINT('',(72.791787573339,-5.004578168715,
    61.084280652712));
#320 = CARTESIAN_POINT('',(72.73503048727,-5.357456964651,
    60.945354478565));
#321 = CARTESIAN_POINT('',(72.674819075871,-5.701450221699,
    60.797242622154));
#322 = CARTESIAN_POINT('',(72.611497771117,-6.036354720675,
    60.640623166758));
#323 = CARTESIAN_POINT('',(72.545388392701,-6.362074170986,
    60.476126051894));
#324 = CARTESIAN_POINT('',(72.381902609882,-7.116371999186,
    60.066704225325));
#325 = CARTESIAN_POINT('',(72.282261990746,-7.536500330033,
    59.815140424034));
#326 = CARTESIAN_POINT('',(72.178628091706,-7.939044709986,
    59.55110077057));
#327 = CARTESIAN_POINT('',(72.071691855092,-8.324198516284,
    59.275911420707));
#328 = CARTESIAN_POINT('',(71.962064311226,-8.692266967645,
    58.990735172832));
#329 = CARTESIAN_POINT('',(71.850271644817,-9.043641329636,
    58.696555825171));
#330 = CARTESIAN_POINT('',(71.640651848257,-9.662469743995,
    58.138179786689));
#331 = CARTESIAN_POINT('',(71.543325187273,-9.934496824845,
    57.876338434757));
#332 = CARTESIAN_POINT('',(71.445042547235,-10.19511231632,
    57.609135651543));
#333 = CARTESIAN_POINT('',(71.346049118977,-10.44456149922,
    57.337017269434));
#334 = CARTESIAN_POINT('',(71.246564293551,-10.68307894846,
    57.060378438354));
#335 = CARTESIAN_POINT('',(71.146782940452,-10.91089050003,
    56.779564285244));
#336 = CARTESIAN_POINT('',(70.964622698272,-11.30714119942,
    56.260478911917));
#337 = CARTESIAN_POINT('',(70.882286376475,-11.47895356009,
    56.023464104142));
#338 = CARTESIAN_POINT('',(70.799964908404,-11.64377119338,
    55.783995208196));
#339 = CARTESIAN_POINT('',(70.717748204292,-11.80170279151,
    55.542228278531));
#340 = CARTESIAN_POINT('',(70.635719255417,-11.95284799022,
    55.298306648102));
#341 = CARTESIAN_POINT('',(70.553954492865,-12.09729851332,
    55.052361210379));
#342 = CARTESIAN_POINT('',(70.233891288226,-12.63908387128,
    54.078181048772));
#343 = CARTESIAN_POINT('',(69.998181046386,-12.98617872858,
    53.335644935296));
#344 = CARTESIAN_POINT('',(69.767089185401,-13.27871173677,
    52.579690566573));
#345 = CARTESIAN_POINT('',(69.54205437877,-13.51800524184,
    51.812772039546));
#346 = CARTESIAN_POINT('',(69.324292190575,-13.70493524093,
    51.037096719919));
#347 = CARTESIAN_POINT('',(69.114801440261,-13.83993530074,
    50.254624761358));
#348 = CARTESIAN_POINT('',(68.700272092643,-14.01157728551,
    48.625683370018));
#349 = CARTESIAN_POINT('',(68.496598031122,-14.04083379754,
    47.778817268236));
#350 = CARTESIAN_POINT('',(68.304339632224,-14.01065782222,
    46.92860648916));
#351 = CARTESIAN_POINT('',(68.124371712589,-13.92029554661,
    46.077491208039));
#352 = CARTESIAN_POINT('',(67.957409056125,-13.76851193772,
    45.228219773465));
#353 = CARTESIAN_POINT('',(67.803947357579,-13.55363769929,
    44.383859436921));
#354 = CARTESIAN_POINT('',(67.611918160877,-13.16824077856,
    43.234876747811));
#355 = CARTESIAN_POINT('',(67.561542155942,-13.05408843182,
    42.923108056615));
#356 = CARTESIAN_POINT('',(67.513109213522,-12.9306357772,
    42.612723563759));
#357 = CARTESIAN_POINT('',(67.466629478343,-12.79775081108,
    42.303932328917));
#358 = CARTESIAN_POINT('',(67.42210857827,-12.65529182811,
    41.996961640474));
#359 = CARTESIAN_POINT('',(67.379546810047,-12.50310673152,
    41.692057329267));
#360 = CARTESIAN_POINT('',(67.288469766338,-12.13960496274,
    41.013443565806));
#361 = CARTESIAN_POINT('',(67.241020209148,-11.92291061252,
    40.641018455107));
#362 = CARTESIAN_POINT('',(67.196576497012,-11.69063133834,
    40.272704808378));
#363 = CARTESIAN_POINT('',(67.155116056339,-11.44243459065,
    39.909077590593));
#364 = CARTESIAN_POINT('',(67.116602088363,-11.17798033223,
    39.550788885944));
#365 = CARTESIAN_POINT('',(67.08098022642,-10.89692088254,
    39.198568504692));
#366 = CARTESIAN_POINT('',(67.009921005088,-10.25133275948,
    38.450488307575));
#367 = CARTESIAN_POINT('',(66.975503784419,-9.880744390771,
    38.057162280916));
#368 = CARTESIAN_POINT('',(66.944802004437,-9.486529459304,
    37.674489438225));
#369 = CARTESIAN_POINT('',(66.91767272546,-9.068164360092,37.3040001194)
  );
#370 = CARTESIAN_POINT('',(66.89393443309,-8.625250224944,
    36.947488997626));
#371 = CARTESIAN_POINT('',(66.873361439047,-8.157557138198,
    36.606991449952));
#372 = CARTESIAN_POINT('',(66.842973240643,-7.310590788351,
    36.052837070913));
#373 = CARTESIAN_POINT('',(66.831760453544,-6.943311674649,
    35.830402614459));
#374 = CARTESIAN_POINT('',(66.821955636838,-6.563253068557,
    35.618315284986));
#375 = CARTESIAN_POINT('',(66.813453261664,-6.170567858407,
    35.417524178478));
#376 = CARTESIAN_POINT('',(66.806138858465,-5.765557824615,
    35.229048694607));
#377 = CARTESIAN_POINT('',(66.799892332805,-5.348707056191,
    35.053945820312));
#378 = CARTESIAN_POINT('',(66.786598251617,-4.274588093908,
    34.650684043219));
#379 = CARTESIAN_POINT('',(66.78075923336,-3.602579541548,
    34.440789042152));
#380 = CARTESIAN_POINT('',(66.776686546251,-2.907878816138,
    34.267589715118));
#381 = CARTESIAN_POINT('',(66.773973603286,-2.194581001299,
    34.134662119353));
#382 = CARTESIAN_POINT('',(66.772276567257,-1.467789426017,
    34.044862952573));
#383 = CARTESIAN_POINT('',(66.771428571429,-0.733725935237,34.));
#384 = CARTESIAN_POINT('',(66.771428571429,-1.59872115546E-14,34.));
#385 = PCURVE('',#259,#386);
#386 = DEFINITIONAL_REPRESENTATION('',(#387),#462);
#387 = B_SPLINE_CURVE_WITH_KNOTS('',7,(#388,#389,#390,#391,#392,#393,
    #394,#395,#396,#397,#398,#399,#400,#401,#402,#403,#404,#405,#406,
    #407,#408,#409,#410,#411,#412,#413,#414,#415,#416,#417,#418,#419,
    #420,#421,#422,#423,#424,#425,#426,#427,#428,#429,#430,#431,#432,
    #433,#434,#435,#436,#437,#438,#439,#440,#441,#442,#443,#444,#445,
    #446,#447,#448,#449,#450,#451,#452,#453,#454,#455,#456,#457,#458,
    #459,#460,#461),.UNSPECIFIED.,.F.,.F.,(8,6,6,6,6,6,6,6,6,6,6,6,8),(
    0.,8.076878437223E-02,0.133330008398,0.206023393776,0.267559985065,
    0.318223780189,0.466694795478,0.625311104182,0.684688607906,
    0.758483457235,0.844543308829,0.906484857426,1.),.UNSPECIFIED.);
#388 = CARTESIAN_POINT('',(6.28318530718,62.));
#389 = CARTESIAN_POINT('',(6.274524634287,62.));
#390 = CARTESIAN_POINT('',(6.265860702565,61.966533846013));
#391 = CARTESIAN_POINT('',(6.257267106004,61.899556600156));
#392 = CARTESIAN_POINT('',(6.248802899812,61.800336567389));
#393 = CARTESIAN_POINT('',(6.240516283459,61.670900065189));
#394 = CARTESIAN_POINT('',(6.232446239793,61.513771862196));
#395 = CARTESIAN_POINT('',(6.219532944254,61.213316891846));
#396 = CARTESIAN_POINT('',(6.214544736056,61.084280652712));
#397 = CARTESIAN_POINT('',(6.209665234585,60.945354478565));
#398 = CARTESIAN_POINT('',(6.204898688337,60.797242622155));
#399 = CARTESIAN_POINT('',(6.200247732763,60.640623166757));
#400 = CARTESIAN_POINT('',(6.19571366721,60.476126051894));
#401 = CARTESIAN_POINT('',(6.185187746649,60.066704225325));
#402 = CARTESIAN_POINT('',(6.179303568893,59.815140424034));
#403 = CARTESIAN_POINT('',(6.173643502231,59.55110077057));
#404 = CARTESIAN_POINT('',(6.168205421586,59.275911420707));
#405 = CARTESIAN_POINT('',(6.162985907698,58.990735172832));
#406 = CARTESIAN_POINT('',(6.157980491485,58.696555825171));
#407 = CARTESIAN_POINT('',(6.149123474105,58.138179786689));
#408 = CARTESIAN_POINT('',(6.145213124325,57.876338434757));
#409 = CARTESIAN_POINT('',(6.141449887629,57.609135651543));
#410 = CARTESIAN_POINT('',(6.137831024559,57.337017269434));
#411 = CARTESIAN_POINT('',(6.134353973218,57.060378438354));
#412 = CARTESIAN_POINT('',(6.131016304867,56.779564285244));
#413 = CARTESIAN_POINT('',(6.125180567245,56.260478911916));
#414 = CARTESIAN_POINT('',(6.12263842516,56.023464104142));
#415 = CARTESIAN_POINT('',(6.120187997976,55.783995208196));
#416 = CARTESIAN_POINT('',(6.117828177177,55.542228278531));
#417 = CARTESIAN_POINT('',(6.115557982659,55.298306648102));
#418 = CARTESIAN_POINT('',(6.113376544376,55.052361210379));
#419 = CARTESIAN_POINT('',(6.105148166723,54.078181048772));
#420 = CARTESIAN_POINT('',(6.099770102145,53.335644935295));
#421 = CARTESIAN_POINT('',(6.095127098297,52.579690566575));
#422 = CARTESIAN_POINT('',(6.091210992457,51.812772039544));
#423 = CARTESIAN_POINT('',(6.088019909399,51.03709671992));
#424 = CARTESIAN_POINT('',(6.085557996944,50.254624761358));
#425 = CARTESIAN_POINT('',(6.081997422729,48.625683370018));
#426 = CARTESIAN_POINT('',(6.081004115894,47.778817268237));
#427 = CARTESIAN_POINT('',(6.080869385403,46.928606489158));
#428 = CARTESIAN_POINT('',(6.081616334779,46.07749120804));
#429 = CARTESIAN_POINT('',(6.083274969492,45.228219773465));
#430 = CARTESIAN_POINT('',(6.085881203401,44.383859436921));
#431 = CARTESIAN_POINT('',(6.090829803231,43.234876747811));
#432 = CARTESIAN_POINT('',(6.092316963881,42.923108056615));
#433 = CARTESIAN_POINT('',(6.09394575495,42.612723563759));
#434 = CARTESIAN_POINT('',(6.095718679768,42.303932328916));
#435 = CARTESIAN_POINT('',(6.097638374335,41.996961640474));
#436 = CARTESIAN_POINT('',(6.099707613973,41.692057329267));
#437 = CARTESIAN_POINT('',(6.104690474465,41.013443565806));
#438 = CARTESIAN_POINT('',(6.107687018166,40.641018455107));
#439 = CARTESIAN_POINT('',(6.110924620179,40.272704808378));
#440 = CARTESIAN_POINT('',(6.114409143143,39.909077590593));
#441 = CARTESIAN_POINT('',(6.118146517937,39.550788885944));
#442 = CARTESIAN_POINT('',(6.122142724057,39.198568504692));
#443 = CARTESIAN_POINT('',(6.131373247916,38.450488307575));
#444 = CARTESIAN_POINT('',(6.136702249725,38.057162280916));
#445 = CARTESIAN_POINT('',(6.142400900361,37.674489438225));
#446 = CARTESIAN_POINT('',(6.148478012655,37.3040001194));
#447 = CARTESIAN_POINT('',(6.154940345291,36.947488997626));
#448 = CARTESIAN_POINT('',(6.161791829085,36.606991449952));
#449 = CARTESIAN_POINT('',(6.174244602015,36.052837070913));
#450 = CARTESIAN_POINT('',(6.179657537138,35.830402614459));
#451 = CARTESIAN_POINT('',(6.185271296664,35.618315284986));
#452 = CARTESIAN_POINT('',(6.191083525822,35.417524178478));
#453 = CARTESIAN_POINT('',(6.197089501524,35.229048694607));
#454 = CARTESIAN_POINT('',(6.20328160142,35.053945820312));
#455 = CARTESIAN_POINT('',(6.219261141174,34.650684043219));
#456 = CARTESIAN_POINT('',(6.229279819227,34.440789042152));
#457 = CARTESIAN_POINT('',(6.239655260926,34.267589715118));
#458 = CARTESIAN_POINT('',(6.250323161728,34.134662119352));
#459 = CARTESIAN_POINT('',(6.261203009228,34.044862952573));
#460 = CARTESIAN_POINT('',(6.272196685984,34.));
#461 = CARTESIAN_POINT('',(6.28318530718,34.));
#462 = ( GEOMETRIC_REPRESENTATION_CONTEXT(2) 
PARAMETRIC_REPRESENTATION_CONTEXT() REPRESENTATION_CONTEXT('2D SPACE',''
  ) );
#463 = PCURVE('',#464,#469);
#464 = CYLINDRICAL_SURFACE('',#465,14.);
#465 = AXIS2_PLACEMENT_3D('',#466,#467,#468);
#466 = CARTESIAN_POINT('',(55.,0.,48.));
#467 = DIRECTION('',(-1.,-0.,-0.));
#468 = DIRECTION('',(0.,1.,0.));
#469 = DEFINITIONAL_REPRESENTATION('',(#470),#545);
#470 = B_SPLINE_CURVE_WITH_KNOTS('',7,(#471,#472,#473,#474,#475,#476,
    #477,#478,#479,#480,#481,#482,#483,#484,#485,#486,#487,#488,#489,
    #490,#491,#492,#493,#494,#495,#496,#497,#498,#499,#500,#501,#502,
    #503,#504,#505,#506,#507,#508,#509,#510,#511,#512,#513,#514,#515,
    #516,#517,#518,#519,#520,#521,#522,#523,#524,#525,#526,#527,#528,
    #529,#530,#531,#532,#533,#534,#535,#536,#537,#538,#539,#540,#541,
    #542,#543,#544),.UNSPECIFIED.,.F.,.F.,(8,6,6,6,6,6,6,6,6,6,6,6,8),(
    0.,8.076878437223E-02,0.133330008398,0.206023393776,0.267559985065,
    0.318223780189,0.466694795478,0.625311104182,0.684688607906,
    0.758483457235,0.844543308829,0.906484857426,1.),.UNSPECIFIED.);
#471 = CARTESIAN_POINT('',(-1.570796326795,-18.17142857142));
#472 = CARTESIAN_POINT('',(-1.616061598789,-18.17142857142));
#473 = CARTESIAN_POINT('',(-1.661343898194,-18.15737605255));
#474 = CARTESIAN_POINT('',(-1.706384685712,-18.12925201405));
#475 = CARTESIAN_POINT('',(-1.75100166254,-18.08767397583));
#476 = CARTESIAN_POINT('',(-1.795052071422,-18.03366103493));
#477 = CARTESIAN_POINT('',(-1.838420046616,-17.96847860372));
#478 = CARTESIAN_POINT('',(-1.908724037432,-17.84473394424));
#479 = CARTESIAN_POINT('',(-1.936121871744,-17.79178757333));
#480 = CARTESIAN_POINT('',(-1.963188379795,-17.73503048727));
#481 = CARTESIAN_POINT('',(-1.989916725988,-17.67481907587));
#482 = CARTESIAN_POINT('',(-2.016305617787,-17.61149777111));
#483 = CARTESIAN_POINT('',(-2.042358507228,-17.5453883927));
#484 = CARTESIAN_POINT('',(-2.103662011376,-17.38190260988));
#485 = CARTESIAN_POINT('',(-2.138608361113,-17.28226199074));
#486 = CARTESIAN_POINT('',(-2.172949551982,-17.1786280917));
#487 = CARTESIAN_POINT('',(-2.206714268071,-17.07169185509));
#488 = CARTESIAN_POINT('',(-2.239934116737,-16.96206431122));
#489 = CARTESIAN_POINT('',(-2.272644764423,-16.85027164481));
#490 = CARTESIAN_POINT('',(-2.33218091391,-16.64065184825));
#491 = CARTESIAN_POINT('',(-2.359136251884,-16.54332518727));
#492 = CARTESIAN_POINT('',(-2.385776145849,-16.44504254723));
#493 = CARTESIAN_POINT('',(-2.412121830944,-16.34604911897));
#494 = CARTESIAN_POINT('',(-2.438193439736,-16.24656429355));
#495 = CARTESIAN_POINT('',(-2.464010723957,-16.14678294045));
#496 = CARTESIAN_POINT('',(-2.510656602308,-15.96462269827));
#497 = CARTESIAN_POINT('',(-2.531560051509,-15.88228637647));
#498 = CARTESIAN_POINT('',(-2.552314930815,-15.7999649084));
#499 = CARTESIAN_POINT('',(-2.572931327589,-15.71774820429));
#500 = CARTESIAN_POINT('',(-2.593418809038,-15.63571925541));
#501 = CARTESIAN_POINT('',(-2.613786621662,-15.55395449286));
#502 = CARTESIAN_POINT('',(-2.693408123006,-15.23389128822));
#503 = CARTESIAN_POINT('',(-2.751810399466,-14.99818104638));
#504 = CARTESIAN_POINT('',(-2.809497688557,-14.76708918539));
#505 = CARTESIAN_POINT('',(-2.866655031142,-14.54205437877));
#506 = CARTESIAN_POINT('',(-2.923450262399,-14.32429219057));
#507 = CARTESIAN_POINT('',(-2.980043859202,-14.11480144026));
#508 = CARTESIAN_POINT('',(-3.097040959885,-13.70027209264));
#509 = CARTESIAN_POINT('',(-3.157417330511,-13.49659803112));
#510 = CARTESIAN_POINT('',(-3.217946968157,-13.30433963222));
#511 = CARTESIAN_POINT('',(-3.278808159511,-13.12437171258));
#512 = CARTESIAN_POINT('',(-3.340177103292,-12.95740905612));
#513 = CARTESIAN_POINT('',(-3.402238496583,-12.80394735757));
#514 = CARTESIAN_POINT('',(-3.488802499281,-12.61191816087));
#515 = CARTESIAN_POINT('',(-3.51250860677,-12.56154215594));
#516 = CARTESIAN_POINT('',(-3.53635365337,-12.51310921352));
#517 = CARTESIAN_POINT('',(-3.560348919088,-12.46662947834));
#518 = CARTESIAN_POINT('',(-3.584505956688,-12.42210857827));
#519 = CARTESIAN_POINT('',(-3.608836857748,-12.37954681004));
#520 = CARTESIAN_POINT('',(-3.663825269136,-12.28846976633));
#521 = CARTESIAN_POINT('',(-3.694583291358,-12.24102020914));
#522 = CARTESIAN_POINT('',(-3.725654268177,-12.19657649701));
#523 = CARTESIAN_POINT('',(-3.75706337801,-12.15511605633));
#524 = CARTESIAN_POINT('',(-3.788836024882,-12.11660208836));
#525 = CARTESIAN_POINT('',(-3.820998952502,-12.08098022642));
#526 = CARTESIAN_POINT('',(-3.891579923731,-12.00992100508));
#527 = CARTESIAN_POINT('',(-3.930143745453,-11.97550378441));
#528 = CARTESIAN_POINT('',(-3.969323666788,-11.94480200443));
#529 = CARTESIAN_POINT('',(-4.009163031857,-11.91767272546));
#530 = CARTESIAN_POINT('',(-4.049700307152,-11.89393443309));
#531 = CARTESIAN_POINT('',(-4.090971082097,-11.87336143904));
#532 = CARTESIAN_POINT('',(-4.163267209015,-11.84297324064));
#533 = CARTESIAN_POINT('',(-4.19391892076,-11.83176045354));
#534 = CARTESIAN_POINT('',(-4.224975099887,-11.82195563683));
#535 = CARTESIAN_POINT('',(-4.256439984581,-11.81345326166));
#536 = CARTESIAN_POINT('',(-4.28831214654,-11.80613885846));
#537 = CARTESIAN_POINT('',(-4.320583494845,-11.7998923328));
#538 = CARTESIAN_POINT('',(-4.402535185629,-11.78659825161));
#539 = CARTESIAN_POINT('',(-4.452742712716,-11.78075923336));
#540 = CARTESIAN_POINT('',(-4.50374202028,-11.77668654625));
#541 = CARTESIAN_POINT('',(-4.555398023333,-11.77397360328));
#542 = CARTESIAN_POINT('',(-4.607546889504,-11.77227656725));
#543 = CARTESIAN_POINT('',(-4.659979985011,-11.77142857142));
#544 = CARTESIAN_POINT('',(-4.712388980385,-11.77142857142));
#545 = ( GEOMETRIC_REPRESENTATION_CONTEXT(2) 
PARAMETRIC_REPRESENTATION_CONTEXT() REPRESENTATION_CONTEXT('2D SPACE',''
  ) );
#546 = ORIENTED_EDGE('',*,*,#547,.T.);
#547 = EDGE_CURVE('',#307,#548,#550,.T.);
#548 = VERTEX_POINT('',#549);
#549 = CARTESIAN_POINT('',(75.,0.,70.));
#550 = SEAM_CURVE('',#551,(#555,#562),.PCURVE_S1.);
#551 = LINE('',#552,#553);
#552 = CARTESIAN_POINT('',(59.,0.,0.));
#553 = VECTOR('',#554,1.);
#554 = DIRECTION('',(0.222824801502,0.,0.974858506572));
#555 = PCURVE('',#259,#556);
#556 = DEFINITIONAL_REPRESENTATION('',(#557),#561);
#557 = LINE('',#558,#559);
#558 = CARTESIAN_POINT('',(0.,0.));
#559 = VECTOR('',#560,1.);
#560 = DIRECTION('',(0.,1.));
#561 = ( GEOMETRIC_REPRESENTATION_CONTEXT(2) 
PARAMETRIC_REPRESENTATION_CONTEXT() REPRESENTATION_CONTEXT('2D SPACE',''
  ) );
#562 = PCURVE('',#259,#563);
#563 = DEFINITIONAL_REPRESENTATION('',(#564),#568);
#564 = LINE('',#565,#566);
#565 = CARTESIAN_POINT('',(6.28318530718,0.));
#566 = VECTOR('',#567,1.);
#567 = DIRECTION('',(0.,1.));
#568 = ( GEOMETRIC_REPRESENTATION_CONTEXT(2) 
PARAMETRIC_REPRESENTATION_CONTEXT() REPRESENTATION_CONTEXT('2D SPACE',''
  ) );
#569 = ORIENTED_EDGE('',*,*,#570,.F.);
#570 = EDGE_CURVE('',#548,#548,#571,.T.);
#571 = SURFACE_CURVE('',#572,(#577,#584),.PCURVE_S1.);
#572 = CIRCLE('',#573,75.);
#573 = AXIS2_PLACEMENT_3D('',#574,#575,#576);
#574 = CARTESIAN_POINT('',(0.,0.,70.));
#575 = DIRECTION('',(0.,0.,1.));
#576 = DIRECTION('',(1.,0.,-0.));
#577 = PCURVE('',#259,#578);
#578 = DEFINITIONAL_REPRESENTATION('',(#579),#583);
#579 = LINE('',#580,#581);
#580 = CARTESIAN_POINT('',(0.,70.));
#581 = VECTOR('',#582,1.);
#582 = DIRECTION('',(1.,0.));
#583 = ( GEOMETRIC_REPRESENTATION_CONTEXT(2) 
PARAMETRIC_REPRESENTATION_CONTEXT() REPRESENTATION_CONTEXT('2D SPACE',''
  ) );
#584 = PCURVE('',#585,#590);
#585 = PLANE('',#586);
#586 = AXIS2_PLACEMENT_3D('',#587,#588,#589);
#587 = CARTESIAN_POINT('',(0.,0.,70.));
#588 = DIRECTION('',(0.,0.,1.));
#589 = DIRECTION('',(1.,0.,-0.));
#590 = DEFINITIONAL_REPRESENTATION('',(#591),#595);
#591 = CIRCLE('',#592,75.);
#592 = AXIS2_PLACEMENT_2D('',#593,#594);
#593 = CARTESIAN_POINT('',(0.,0.));
#594 = DIRECTION('',(1.,0.));
#595 = ( GEOMETRIC_REPRESENTATION_CONTEXT(2) 
PARAMETRIC_REPRESENTATION_CONTEXT() REPRESENTATION_CONTEXT('2D SPACE',''
  ) );
#596 = ORIENTED_EDGE('',*,*,#547,.F.);
#597 = ORIENTED_EDGE('',*,*,#598,.F.);
#598 = EDGE_CURVE('',#599,#307,#601,.T.);
#599 = VERTEX_POINT('',#600);
#600 = CARTESIAN_POINT('',(68.556551957683,14.,48.));
#601 = SURFACE_CURVE('',#602,(#641,#683),.PCURVE_S1.);
#602 = B_SPLINE_CURVE_WITH_KNOTS('',7,(#603,#604,#605,#606,#607,#608,
    #609,#610,#611,#612,#613,#614,#615,#616,#617,#618,#619,#620,#621,
    #622,#623,#624,#625,#626,#627,#628,#629,#630,#631,#632,#633,#634,
    #635,#636,#637,#638,#639,#640),.UNSPECIFIED.,.F.,.F.,(8,6,6,6,6,6,8)
  ,(0.,7.717022352093E-02,0.344834569087,0.592879365643,0.736527582735,
    0.839970301751,1.),.UNSPECIFIED.);
#603 = CARTESIAN_POINT('',(68.556551957683,14.,48.));
#604 = CARTESIAN_POINT('',(68.605234213095,14.,48.208678148038));
#605 = CARTESIAN_POINT('',(68.654617020226,13.996371249417,
    48.417189657399));
#606 = CARTESIAN_POINT('',(68.70468855197,13.989123867654,
    48.625502232987));
#607 = CARTESIAN_POINT('',(68.755435920141,13.978265810532,
    48.833582269056));
#608 = CARTESIAN_POINT('',(68.806845175478,13.963802870281,
    49.041394849208));
#609 = CARTESIAN_POINT('',(68.858901307643,13.945738675547,
    49.248903746393));
#610 = CARTESIAN_POINT('',(69.094332495828,13.848933323679,
    50.174630966044));
#611 = CARTESIAN_POINT('',(69.284645226506,13.730494690336,
    50.889005963021));
#612 = CARTESIAN_POINT('',(69.481909898044,13.56882273548,
    51.597861940645));
#613 = CARTESIAN_POINT('',(69.685376306001,13.363631467451,
    52.299710365428));
#614 = CARTESIAN_POINT('',(69.894150925324,13.114327552143,
    52.992912709744));
#615 = CARTESIAN_POINT('',(70.107193306756,12.819993802374,
    53.675678024647));
#616 = CARTESIAN_POINT('',(70.523565732045,12.163201920191,
    54.967223941059));
#617 = CARTESIAN_POINT('',(70.726375365956,11.807457228613,
    55.577487190207));
#618 = CARTESIAN_POINT('',(70.93082544142,11.410621512504,
    56.175426471976));
#619 = CARTESIAN_POINT('',(71.135745271174,10.971184862751,
    56.759018799368));
#620 = CARTESIAN_POINT('',(71.339650876626,10.487425408259,
    57.325622629366));
#621 = CARTESIAN_POINT('',(71.54072703192,9.957462472084,57.872004434896
    ));
#622 = CARTESIAN_POINT('',(71.85027164058,9.043641342144,58.696555813884
    ));
#623 = CARTESIAN_POINT('',(71.962064303973,8.69226699066,58.990735153781
    ));
#624 = CARTESIAN_POINT('',(72.071691846226,8.324198546688,
    59.275911397732));
#625 = CARTESIAN_POINT('',(72.178628082764,7.939044743417,
    59.551100747689));
#626 = CARTESIAN_POINT('',(72.282261983319,7.53650036066,59.815140405245
    ));
#627 = CARTESIAN_POINT('',(72.381902605501,7.116372019398,
    60.066704214354));
#628 = CARTESIAN_POINT('',(72.545109222849,6.363362217015,
    60.475426919352));
#629 = CARTESIAN_POINT('',(72.610959696338,6.039005445121,
    60.639284280214));
#630 = CARTESIAN_POINT('',(72.674045916088,5.70553825018,60.795330233179
    ));
#631 = CARTESIAN_POINT('',(72.734050091969,5.363055377171,
    60.942942754455));
#632 = CARTESIAN_POINT('',(72.790632173428,5.011756666921,
    61.081452421619));
#633 = CARTESIAN_POINT('',(72.843440262796,4.651969190467,
    61.210163895573));
#634 = CARTESIAN_POINT('',(72.967443215859,3.715187851415,
    61.511275909345));
#635 = CARTESIAN_POINT('',(73.03294541506,3.126648744151,61.669185096195
    ));
#636 = CARTESIAN_POINT('',(73.087233379041,2.520928806641,
    61.799285172095));
#637 = CARTESIAN_POINT('',(73.129029440779,1.901097067517,61.89902654105
    ));
#638 = CARTESIAN_POINT('',(73.157302461173,1.271002111644,
    61.966358588392));
#639 = CARTESIAN_POINT('',(73.171428571429,0.635371062512,62.));
#640 = CARTESIAN_POINT('',(73.171428571429,0.,62.));
#641 = PCURVE('',#259,#642);
#642 = DEFINITIONAL_REPRESENTATION('',(#643),#682);
#643 = B_SPLINE_CURVE_WITH_KNOTS('',7,(#644,#645,#646,#647,#648,#649,
    #650,#651,#652,#653,#654,#655,#656,#657,#658,#659,#660,#661,#662,
    #663,#664,#665,#666,#667,#668,#669,#670,#671,#672,#673,#674,#675,
    #676,#677,#678,#679,#680,#681),.UNSPECIFIED.,.F.,.F.,(8,6,6,6,6,6,8)
  ,(0.,7.717022352093E-02,0.344834569087,0.592879365643,0.736527582735,
    0.839970301751,1.),.UNSPECIFIED.);
#644 = CARTESIAN_POINT('',(0.201441271498,48.));
#645 = CARTESIAN_POINT('',(0.201302065725,48.208678148038));
#646 = CARTESIAN_POINT('',(0.201110266339,48.417189657399));
#647 = CARTESIAN_POINT('',(0.200866199145,48.625502232987));
#648 = CARTESIAN_POINT('',(0.200570160628,48.833582269056));
#649 = CARTESIAN_POINT('',(0.200222417948,49.041394849208));
#650 = CARTESIAN_POINT('',(0.199823208942,49.248903746393));
#651 = CARTESIAN_POINT('',(0.197810301328,50.174630966044));
#652 = CARTESIAN_POINT('',(0.195631400109,50.889005963021));
#653 = CARTESIAN_POINT('',(0.192844619915,51.597861940645));
#654 = CARTESIAN_POINT('',(0.189453724394,52.299710365428));
#655 = CARTESIAN_POINT('',(0.185458269566,52.992912709744));
#656 = CARTESIAN_POINT('',(0.180853258553,53.675678024647));
#657 = CARTESIAN_POINT('',(0.170780179717,54.967223941059));
#658 = CARTESIAN_POINT('',(0.165402240159,55.577487190207));
#659 = CARTESIAN_POINT('',(0.159479835693,56.175426471974));
#660 = CARTESIAN_POINT('',(0.152998157452,56.75901879937));
#661 = CARTESIAN_POINT('',(0.145939569828,57.325622629366));
#662 = CARTESIAN_POINT('',(0.138283933513,57.872004434896));
#663 = CARTESIAN_POINT('',(0.125204815873,58.696555813884));
#664 = CARTESIAN_POINT('',(0.120199399809,58.990735153781));
#665 = CARTESIAN_POINT('',(0.114979886024,59.275911397732));
#666 = CARTESIAN_POINT('',(0.10954180542,59.551100747689));
#667 = CARTESIAN_POINT('',(0.103881738716,59.815140405245));
#668 = CARTESIAN_POINT('',(9.799756081264E-02,60.066704214354));
#669 = CARTESIAN_POINT('',(8.748961413044E-02,60.475426919352));
#670 = CARTESIAN_POINT('',(8.297447309267E-02,60.639284280214));
#671 = CARTESIAN_POINT('',(7.834339149839E-02,60.795330233179));
#672 = CARTESIAN_POINT('',(7.359764808988E-02,60.942942754455));
#673 = CARTESIAN_POINT('',(6.873983486632E-02,61.081452421619));
#674 = CARTESIAN_POINT('',(6.377412807881E-02,61.210163895573));
#675 = CARTESIAN_POINT('',(5.086711604566E-02,61.511275909345));
#676 = CARTESIAN_POINT('',(4.277863919749E-02,61.669185096195));
#677 = CARTESIAN_POINT('',(3.447199193434E-02,61.799285172097));
#678 = CARTESIAN_POINT('',(2.598631426364E-02,61.899026541049));
#679 = CARTESIAN_POINT('',(1.737019679259E-02,61.966358588392));
#680 = CARTESIAN_POINT('',(8.68332182269E-03,62.));
#681 = CARTESIAN_POINT('',(0.,62.));
#682 = ( GEOMETRIC_REPRESENTATION_CONTEXT(2) 
PARAMETRIC_REPRESENTATION_CONTEXT() REPRESENTATION_CONTEXT('2D SPACE',''
  ) );
#683 = PCURVE('',#464,#684);
#684 = DEFINITIONAL_REPRESENTATION('',(#685),#724);
#685 = B_SPLINE_CURVE_WITH_KNOTS('',7,(#686,#687,#688,#689,#690,#691,
    #692,#693,#694,#695,#696,#697,#698,#699,#700,#701,#702,#703,#704,
    #705,#706,#707,#708,#709,#710,#711,#712,#713,#714,#715,#716,#717,
    #718,#719,#720,#721,#722,#723),.UNSPECIFIED.,.F.,.F.,(8,6,6,6,6,6,8)
  ,(0.,7.717022352093E-02,0.344834569087,0.592879365643,0.736527582735,
    0.839970301751,1.),.UNSPECIFIED.);
#686 = CARTESIAN_POINT('',(0.,-13.55655195768));
#687 = CARTESIAN_POINT('',(-1.490558200274E-02,-13.60523421309));
#688 = CARTESIAN_POINT('',(-2.979927209869E-02,-13.65461702022));
#689 = CARTESIAN_POINT('',(-4.468414679487E-02,-13.70468855197));
#690 = CARTESIAN_POINT('',(-5.95631826975E-02,-13.75543592014));
#691 = CARTESIAN_POINT('',(-7.4439256512E-02,-13.80684517547));
#692 = CARTESIAN_POINT('',(-8.931514504303E-02,-13.85890130764));
#693 = CARTESIAN_POINT('',(-0.155799075945,-14.09433249582));
#694 = CARTESIAN_POINT('',(-0.207428995911,-14.2846452265));
#695 = CARTESIAN_POINT('',(-0.259212538794,-14.48190989804));
#696 = CARTESIAN_POINT('',(-0.311271311852,-14.685376306));
#697 = CARTESIAN_POINT('',(-0.363731749909,-14.89415092532));
#698 = CARTESIAN_POINT('',(-0.416732506662,-15.10719330675));
#699 = CARTESIAN_POINT('',(-0.520229189806,-15.52356573204));
#700 = CARTESIAN_POINT('',(-0.570602133266,-15.72637536595));
#701 = CARTESIAN_POINT('',(-0.621722468547,-15.93082544142));
#702 = CARTESIAN_POINT('',(-0.673732835023,-16.13574527117));
#703 = CARTESIAN_POINT('',(-0.726781557153,-16.33965087662));
#704 = CARTESIAN_POINT('',(-0.781031124392,-16.54072703192));
#705 = CARTESIAN_POINT('',(-0.868947887963,-16.85027164058));
#706 = CARTESIAN_POINT('',(-0.901658534721,-16.96206430397));
#707 = CARTESIAN_POINT('',(-0.934878382801,-17.07169184622));
#708 = CARTESIAN_POINT('',(-0.96864309872,-17.17862808276));
#709 = CARTESIAN_POINT('',(-1.002984289914,-17.28226198331));
#710 = CARTESIAN_POINT('',(-1.037930640571,-17.3819026055));
#711 = CARTESIAN_POINT('',(-1.099129463925,-17.54510922284));
#712 = CARTESIAN_POINT('',(-1.125075009102,-17.61095969633));
#713 = CARTESIAN_POINT('',(-1.151353790892,-17.67404591608));
#714 = CARTESIAN_POINT('',(-1.177969239447,-17.73405009196));
#715 = CARTESIAN_POINT('',(-1.204920119929,-17.79063217342));
#716 = CARTESIAN_POINT('',(-1.232199752708,-17.84344026279));
#717 = CARTESIAN_POINT('',(-1.302484440637,-17.96744321585));
#718 = CARTESIAN_POINT('',(-1.345957845795,-18.03294541505));
#719 = CARTESIAN_POINT('',(-1.390118765305,-18.08723337904));
#720 = CARTESIAN_POINT('',(-1.434850981834,-18.12902944077));
#721 = CARTESIAN_POINT('',(-1.480010466279,-18.15730246117));
#722 = CARTESIAN_POINT('',(-1.525412679473,-18.17142857142));
#723 = CARTESIAN_POINT('',(-1.570796326795,-18.17142857142));
#724 = ( GEOMETRIC_REPRESENTATION_CONTEXT(2) 
PARAMETRIC_REPRESENTATION_CONTEXT() REPRESENTATION_CONTEXT('2D SPACE',''
  ) );
#725 = ORIENTED_EDGE('',*,*,#726,.F.);
#726 = EDGE_CURVE('',#251,#599,#727,.T.);
#727 = SURFACE_CURVE('',#728,(#773,#821),.PCURVE_S1.);
#728 = B_SPLINE_CURVE_WITH_KNOTS('',7,(#729,#730,#731,#732,#733,#734,
    #735,#736,#737,#738,#739,#740,#741,#742,#743,#744,#745,#746,#747,
    #748,#749,#750,#751,#752,#753,#754,#755,#756,#757,#758,#759,#760,
    #761,#762,#763,#764,#765,#766,#767,#768,#769,#770,#771,#772),
  .UNSPECIFIED.,.F.,.F.,(8,6,6,6,6,6,6,8),(0.,0.189322483313,
    0.313789389339,0.486369098262,0.607027567856,0.733923990562,
    0.865702737691,1.),.UNSPECIFIED.);
#729 = CARTESIAN_POINT('',(66.771428571429,-2.744075402981E-14,34.));
#730 = CARTESIAN_POINT('',(66.771428571429,0.733726510068,34.));
#731 = CARTESIAN_POINT('',(66.772276568641,1.467790155303,
    34.044863024107));
#732 = CARTESIAN_POINT('',(66.773973605258,2.194581279167,
    34.134662232263));
#733 = CARTESIAN_POINT('',(66.776686547404,2.907878762238,
    34.267589713389));
#734 = CARTESIAN_POINT('',(66.78075923149,3.602579512879,34.440789006145
    ));
#735 = CARTESIAN_POINT('',(66.78659825411,4.274588295361,34.650684118851
    ));
#736 = CARTESIAN_POINT('',(66.799852858612,5.345517668492,
    35.052748412765));
#737 = CARTESIAN_POINT('',(66.80604581729,5.759344849428,35.226439898089
    ));
#738 = CARTESIAN_POINT('',(66.813289932839,6.161512319503,
    35.413313231229));
#739 = CARTESIAN_POINT('',(66.821702617674,6.551544861427,
    35.612334766564));
#740 = CARTESIAN_POINT('',(66.831395877649,6.929144732925,
    35.822507114704));
#741 = CARTESIAN_POINT('',(66.842473096431,7.294159374908,
    36.042900816223));
#742 = CARTESIAN_POINT('',(66.872440040044,8.135178776331,
    36.591270092155));
#743 = CARTESIAN_POINT('',(66.892691789389,8.599469571466,
    36.927850498613));
#744 = CARTESIAN_POINT('',(66.916040667897,9.039442867667,37.28021907685
    ));
#745 = CARTESIAN_POINT('',(66.942707137789,9.455314843457,
    37.646388951917));
#746 = CARTESIAN_POINT('',(66.972869182243,9.847467651481,
    38.024605855489));
#747 = CARTESIAN_POINT('',(67.006667561845,10.216406332218,
    38.413371330409));
#748 = CARTESIAN_POINT('',(67.070480657396,10.804829065752,
    39.089794836989));
#749 = CARTESIAN_POINT('',(67.098572243126,11.035863046941,
    39.372659522393));
#750 = CARTESIAN_POINT('',(67.128537699531,11.255999793526,
    39.659627520046));
#751 = CARTESIAN_POINT('',(67.160407886811,11.465423533139,
    39.950300730315));
#752 = CARTESIAN_POINT('',(67.194206297236,11.664315906719,
    40.244316761822));
#753 = CARTESIAN_POINT('',(67.229950233347,11.852855751495,
    40.541348784224));
#754 = CARTESIAN_POINT('',(67.307302891551,12.218803257712,
    41.156359170837));
#755 = CARTESIAN_POINT('',(67.349118304618,12.395126751192,
    41.47461862729));
#756 = CARTESIAN_POINT('',(67.393112242896,12.560392152014,
    41.795542427009));
#757 = CARTESIAN_POINT('',(67.439290543814,12.71478904381,42.11881573024
    ));
#758 = CARTESIAN_POINT('',(67.487652016231,12.858494706961,
    42.44414973043));
#759 = CARTESIAN_POINT('',(67.538189591977,12.991675019323,
    42.771281203812));
#760 = CARTESIAN_POINT('',(67.645621061423,13.242020807352,
    43.441309254837));
#761 = CARTESIAN_POINT('',(67.702683779348,13.358370768194,
    43.784322336343));
#762 = CARTESIAN_POINT('',(67.762066117741,13.463708111288,
    44.128743093959));
#763 = CARTESIAN_POINT('',(67.823747156339,13.558189133527,
    44.474320643964));
#764 = CARTESIAN_POINT('',(67.887699522296,13.641954305501,
    44.820821102567));
#765 = CARTESIAN_POINT('',(67.953890344454,13.715129020139,
    45.168027260008));
#766 = CARTESIAN_POINT('',(68.09198115516,13.841717876366,
    45.870094595687));
#767 = CARTESIAN_POINT('',(68.163965235654,13.894726836806,
    46.224970955626));
#768 = CARTESIAN_POINT('',(68.238194634618,13.936968120953,
    46.580153992384));
#769 = CARTESIAN_POINT('',(68.31462294225,13.968541616558,
    46.935439445391));
#770 = CARTESIAN_POINT('',(68.393197804293,13.989530244089,
    47.290631948982));
#771 = CARTESIAN_POINT('',(68.473861572933,14.,47.645544845767));
#772 = CARTESIAN_POINT('',(68.556551957683,14.,48.));
#773 = PCURVE('',#259,#774);
#774 = DEFINITIONAL_REPRESENTATION('',(#775),#820);
#775 = B_SPLINE_CURVE_WITH_KNOTS('',7,(#776,#777,#778,#779,#780,#781,
    #782,#783,#784,#785,#786,#787,#788,#789,#790,#791,#792,#793,#794,
    #795,#796,#797,#798,#799,#800,#801,#802,#803,#804,#805,#806,#807,
    #808,#809,#810,#811,#812,#813,#814,#815,#816,#817,#818,#819),
  .UNSPECIFIED.,.F.,.F.,(8,6,6,6,6,6,6,8),(0.,0.189322483313,
    0.313789389339,0.486369098262,0.607027567856,0.733923990562,
    0.865702737691,1.),.UNSPECIFIED.);
#776 = CARTESIAN_POINT('',(0.,34.));
#777 = CARTESIAN_POINT('',(1.098862980418E-02,34.));
#778 = CARTESIAN_POINT('',(2.198230887423E-02,34.044863024107));
#779 = CARTESIAN_POINT('',(3.286214959869E-02,34.134662232263));
#780 = CARTESIAN_POINT('',(4.353004543436E-02,34.267589713389));
#781 = CARTESIAN_POINT('',(5.390548753958E-02,34.440789006145));
#782 = CARTESIAN_POINT('',(6.392416900294E-02,34.650684118851));
#783 = CARTESIAN_POINT('',(7.985625761858E-02,35.052748412765));
#784 = CARTESIAN_POINT('',(8.600351463968E-02,35.226439898089));
#785 = CARTESIAN_POINT('',(9.19674931956E-02,35.413313231229));
#786 = CARTESIAN_POINT('',(9.774071071977E-02,35.612334766564));
#787 = CARTESIAN_POINT('',(0.103318506696,35.822507114704));
#788 = CARTESIAN_POINT('',(0.108698529702,36.042900816223));
#789 = CARTESIAN_POINT('',(0.121065232657,36.591270092155));
#790 = CARTESIAN_POINT('',(0.127867955006,36.927850498613));
#791 = CARTESIAN_POINT('',(0.134288765617,37.28021907685));
#792 = CARTESIAN_POINT('',(0.140331366109,37.646388951917));
#793 = CARTESIAN_POINT('',(0.146002232663,38.024605855489));
#794 = CARTESIAN_POINT('',(0.15130986349,38.413371330409));
#795 = CARTESIAN_POINT('',(0.159727602828,39.089794836989));
#796 = CARTESIAN_POINT('',(0.163018144119,39.372659522393));
#797 = CARTESIAN_POINT('',(0.166138739244,39.659627520046));
#798 = CARTESIAN_POINT('',(0.169092543428,39.950300730315));
#799 = CARTESIAN_POINT('',(0.171882702876,40.244316761822));
#800 = CARTESIAN_POINT('',(0.17451234328,40.541348784224));
#801 = CARTESIAN_POINT('',(0.179584585072,41.156359170837));
#802 = CARTESIAN_POINT('',(0.182010422869,41.47461862729));
#803 = CARTESIAN_POINT('',(0.184265647246,41.795542427009));
#804 = CARTESIAN_POINT('',(0.186353663804,42.11881573024));
#805 = CARTESIAN_POINT('',(0.188277716179,42.44414973043));
#806 = CARTESIAN_POINT('',(0.190040894,42.771281203812));
#807 = CARTESIAN_POINT('',(0.193313149364,43.441309254837));
#808 = CARTESIAN_POINT('',(0.194809811619,43.784322336343));
#809 = CARTESIAN_POINT('',(0.196139409141,44.128743093959));
#810 = CARTESIAN_POINT('',(0.197304997086,44.474320643964));
#811 = CARTESIAN_POINT('',(0.198309411907,44.820821102567));
#812 = CARTESIAN_POINT('',(0.199155279029,45.168027260008));
#813 = CARTESIAN_POINT('',(0.20054794415,45.870094595687));
#814 = CARTESIAN_POINT('',(0.201088708654,46.224970955626));
#815 = CARTESIAN_POINT('',(0.201469869015,46.580153992384));
#816 = CARTESIAN_POINT('',(0.201693743871,46.935439445391));
#817 = CARTESIAN_POINT('',(0.20176241432,47.290631948982));
#818 = CARTESIAN_POINT('',(0.201677722722,47.645544845767));
#819 = CARTESIAN_POINT('',(0.201441271498,48.));
#820 = ( GEOMETRIC_REPRESENTATION_CONTEXT(2) 
PARAMETRIC_REPRESENTATION_CONTEXT() REPRESENTATION_CONTEXT('2D SPACE',''
  ) );
#821 = PCURVE('',#464,#822);
#822 = DEFINITIONAL_REPRESENTATION('',(#823),#868);
#823 = B_SPLINE_CURVE_WITH_KNOTS('',7,(#824,#825,#826,#827,#828,#829,
    #830,#831,#832,#833,#834,#835,#836,#837,#838,#839,#840,#841,#842,
    #843,#844,#845,#846,#847,#848,#849,#850,#851,#852,#853,#854,#855,
    #856,#857,#858,#859,#860,#861,#862,#863,#864,#865,#866,#867),
  .UNSPECIFIED.,.F.,.F.,(8,6,6,6,6,6,6,8),(0.,0.189322483313,
    0.313789389339,0.486369098262,0.607027567856,0.733923990562,
    0.865702737691,1.),.UNSPECIFIED.);
#824 = CARTESIAN_POINT('',(-4.712388980385,-11.77142857142));
#825 = CARTESIAN_POINT('',(-4.764798016818,-11.77142857142));
#826 = CARTESIAN_POINT('',(-4.817231123328,-11.77227656864));
#827 = CARTESIAN_POINT('',(-4.86937995798,-11.77397360525));
#828 = CARTESIAN_POINT('',(-4.921035937218,-11.7766865474));
#829 = CARTESIAN_POINT('',(-4.972035245186,-11.78075923149));
#830 = CARTESIAN_POINT('',(-5.02224279051,-11.78659825411));
#831 = CARTESIAN_POINT('',(-5.103951126291,-11.79985285861));
#832 = CARTESIAN_POINT('',(-5.135984850223,-11.80604581729));
#833 = CARTESIAN_POINT('',(-5.167625441069,-11.81328993283));
#834 = CARTESIAN_POINT('',(-5.19886490518,-11.82170261767));
#835 = CARTESIAN_POINT('',(-5.229701746582,-11.83139587764));
#836 = CARTESIAN_POINT('',(-5.26013999966,-11.84247309643));
#837 = CARTESIAN_POINT('',(-5.331854516462,-11.87244004004));
#838 = CARTESIAN_POINT('',(-5.372765594677,-11.89269178938));
#839 = CARTESIAN_POINT('',(-5.412955744827,-11.91604066789));
#840 = CARTESIAN_POINT('',(-5.452459329622,-11.94270713778));
#841 = CARTESIAN_POINT('',(-5.491313620261,-11.97286918224));
#842 = CARTESIAN_POINT('',(-5.529560677186,-12.00666756184));
#843 = CARTESIAN_POINT('',(-5.593599491691,-12.07048065739));
#844 = CARTESIAN_POINT('',(-5.619674400509,-12.09857224312));
#845 = CARTESIAN_POINT('',(-5.645489445978,-12.12853769953));
#846 = CARTESIAN_POINT('',(-5.671058911778,-12.16040788681));
#847 = CARTESIAN_POINT('',(-5.696396532252,-12.19420629723));
#848 = CARTESIAN_POINT('',(-5.721515884996,-12.22995023334));
#849 = CARTESIAN_POINT('',(-5.77263376362,-12.30730289155));
#850 = CARTESIAN_POINT('',(-5.79860994455,-12.34911830461));
#851 = CARTESIAN_POINT('',(-5.82437514628,-12.39311224289));
#852 = CARTESIAN_POINT('',(-5.849944092085,-12.43929054381));
#853 = CARTESIAN_POINT('',(-5.875330784558,-12.48765201623));
#854 = CARTESIAN_POINT('',(-5.900548881699,-12.53818959197));
#855 = CARTESIAN_POINT('',(-5.951639567516,-12.64562106142));
#856 = CARTESIAN_POINT('',(-5.977499561249,-12.70268377934));
#857 = CARTESIAN_POINT('',(-6.00320721437,-12.76206611774));
#858 = CARTESIAN_POINT('',(-6.028776798976,-12.82374715633));
#859 = CARTESIAN_POINT('',(-6.054222023893,-12.88769952229));
#860 = CARTESIAN_POINT('',(-6.079556359498,-12.95389034445));
#861 = CARTESIAN_POINT('',(-6.130512687456,-13.09198115516));
#862 = CARTESIAN_POINT('',(-6.156130608347,-13.16396523565));
#863 = CARTESIAN_POINT('',(-6.181661392824,-13.23819463461));
#864 = CARTESIAN_POINT('',(-6.207118759048,-13.31462294225));
#865 = CARTESIAN_POINT('',(-6.232516162355,-13.39319780429));
#866 = CARTESIAN_POINT('',(-6.257867081877,-13.47386157293));
#867 = CARTESIAN_POINT('',(-6.28318530718,-13.55655195768));
#868 = ( GEOMETRIC_REPRESENTATION_CONTEXT(2) 
PARAMETRIC_REPRESENTATION_CONTEXT() REPRESENTATION_CONTEXT('2D SPACE',''
  ) );
#869 = ADVANCED_FACE('',(#870),#464,.F.);
#870 = FACE_BOUND('',#871,.T.);
#871 = EDGE_LOOP('',(#872,#1007,#1028,#1029,#1030,#1031,#1032,#1178));
#872 = ORIENTED_EDGE('',*,*,#873,.F.);
#873 = EDGE_CURVE('',#874,#876,#878,.T.);
#874 = VERTEX_POINT('',#875);
#875 = CARTESIAN_POINT('',(65.69627703551,14.,48.));
#876 = VERTEX_POINT('',#877);
#877 = CARTESIAN_POINT('',(70.371428571429,0.,62.));
#878 = SURFACE_CURVE('',#879,(#918,#960),.PCURVE_S1.);
#879 = B_SPLINE_CURVE_WITH_KNOTS('',7,(#880,#881,#882,#883,#884,#885,
    #886,#887,#888,#889,#890,#891,#892,#893,#894,#895,#896,#897,#898,
    #899,#900,#901,#902,#903,#904,#905,#906,#907,#908,#909,#910,#911,
    #912,#913,#914,#915,#916,#917),.UNSPECIFIED.,.F.,.F.,(8,6,6,6,6,6,8)
  ,(0.,8.180123420185E-02,0.349257714982,0.596938262653,0.738444820017,
    0.841752956001,1.),.UNSPECIFIED.);
#880 = CARTESIAN_POINT('',(65.69627703551,14.,48.));
#881 = CARTESIAN_POINT('',(65.748008566516,14.,48.22135511568));
#882 = CARTESIAN_POINT('',(65.800562567902,13.995916967139,
    48.442515187503));
#883 = CARTESIAN_POINT('',(65.853924271356,13.987763510901,
    48.663440939297));
#884 = CARTESIAN_POINT('',(65.908077600871,13.975549519394,
    48.884091773802));
#885 = CARTESIAN_POINT('',(65.963005172741,13.959282159348,
    49.104425772678));
#886 = CARTESIAN_POINT('',(66.018688295562,13.938965876116,49.3243996965
    ));
#887 = CARTESIAN_POINT('',(66.259572893343,13.834943800056,
    50.261870489521));
#888 = CARTESIAN_POINT('',(66.451881125229,13.712030151037,
    50.975365533397));
#889 = CARTESIAN_POINT('',(66.651385710403,13.545922858817,
    51.683121604946));
#890 = CARTESIAN_POINT('',(66.857303171092,13.336333978788,
    52.383651626277));
#891 = CARTESIAN_POINT('',(67.068702823216,13.082666392963,
    53.075317799706));
#892 = CARTESIAN_POINT('',(67.284503559761,12.783996341892,
    53.756328896823));
#893 = CARTESIAN_POINT('',(67.706220725488,12.119093646982,
    55.043639963736));
#894 = CARTESIAN_POINT('',(67.911597872667,11.759632193666,
    55.65146520701));
#895 = CARTESIAN_POINT('',(68.118653809331,11.359136355799,
    56.246793528638));
#896 = CARTESIAN_POINT('',(68.326179757192,10.916083581696,
    56.827598999573));
#897 = CARTESIAN_POINT('',(68.532644877588,10.428738857182,
    57.391229296977));
#898 = CARTESIAN_POINT('',(68.736178143928,9.89520894923,57.934433211111
    ));
#899 = CARTESIAN_POINT('',(69.047788161022,8.980289693901,
    58.749553351206));
#900 = CARTESIAN_POINT('',(69.159349363224,8.631821650503,
    59.037856360633));
#901 = CARTESIAN_POINT('',(69.268739525474,8.267110692206,
    59.317323934099));
#902 = CARTESIAN_POINT('',(69.375438928154,7.885780758408,59.58700511802
    ));
#903 = CARTESIAN_POINT('',(69.478845383143,7.487539556588,
    59.845777788908));
#904 = CARTESIAN_POINT('',(69.578279144512,7.072203283811,
    60.092363749609));
#905 = CARTESIAN_POINT('',(69.742130739721,6.323984018136,60.49543302717
    ));
#906 = CARTESIAN_POINT('',(69.808748527608,5.99913993938,60.658253463732
    ));
#907 = CARTESIAN_POINT('',(69.872544931773,5.665194442084,
    60.813243390559));
#908 = CARTESIAN_POINT('',(69.933194820795,5.322244245567,60.95977885529
    ));
#909 = CARTESIAN_POINT('',(69.990350393023,4.97049257772,61.097188391775
    ));
#910 = CARTESIAN_POINT('',(70.043651986605,4.610271655178,
    61.224774902023));
#911 = CARTESIAN_POINT('',(70.167941683081,3.678066374052,
    61.521171876446));
#912 = CARTESIAN_POINT('',(70.233311804199,3.094961900218,61.67594303566
    ));
#913 = CARTESIAN_POINT('',(70.287469485558,2.49508739353,61.803413644957
    ));
#914 = CARTESIAN_POINT('',(70.329152335974,1.881449179731,
    61.901112053341));
#915 = CARTESIAN_POINT('',(70.357343301111,1.257808647569,61.96705317831
    ));
#916 = CARTESIAN_POINT('',(70.371428571429,0.628777672121,62.));
#917 = CARTESIAN_POINT('',(70.371428571429,0.,62.));
#918 = PCURVE('',#464,#919);
#919 = DEFINITIONAL_REPRESENTATION('',(#920),#959);
#920 = B_SPLINE_CURVE_WITH_KNOTS('',7,(#921,#922,#923,#924,#925,#926,
    #927,#928,#929,#930,#931,#932,#933,#934,#935,#936,#937,#938,#939,
    #940,#941,#942,#943,#944,#945,#946,#947,#948,#949,#950,#951,#952,
    #953,#954,#955,#956,#957,#958),.UNSPECIFIED.,.F.,.F.,(8,6,6,6,6,6,8)
  ,(0.,8.180123420185E-02,0.349257714982,0.596938262653,0.738444820017,
    0.841752956001,1.),.UNSPECIFIED.);
#921 = CARTESIAN_POINT('',(0.,-10.69627703551));
#922 = CARTESIAN_POINT('',(-1.581107969142E-02,-10.74800856651));
#923 = CARTESIAN_POINT('',(-3.16082420688E-02,-10.8005625679));
#924 = CARTESIAN_POINT('',(-4.739510339624E-02,-10.85392427135));
#925 = CARTESIAN_POINT('',(-6.317517767521E-02,-10.90807760087));
#926 = CARTESIAN_POINT('',(-7.895187664461E-02,-10.96300517274));
#927 = CARTESIAN_POINT('',(-9.472850978069E-02,-11.01868829556));
#928 = CARTESIAN_POINT('',(-0.162101674065,-11.25957289334));
#929 = CARTESIAN_POINT('',(-0.213722965122,-11.45188112522));
#930 = CARTESIAN_POINT('',(-0.265501449333,-11.6513857104));
#931 = CARTESIAN_POINT('',(-0.317559025717,-11.85730317109));
#932 = CARTESIAN_POINT('',(-0.370022688877,-12.06870282321));
#933 = CARTESIAN_POINT('',(-0.423031942677,-12.28450355976));
#934 = CARTESIAN_POINT('',(-0.526523670058,-12.70622072548));
#935 = CARTESIAN_POINT('',(-0.576880972784,-12.91159787266));
#936 = CARTESIAN_POINT('',(-0.627991620831,-13.11865380933));
#937 = CARTESIAN_POINT('',(-0.679999396993,-13.32617975719));
#938 = CARTESIAN_POINT('',(-0.733053833336,-13.53264487758));
#939 = CARTESIAN_POINT('',(-0.787318721918,-13.73617814392));
#940 = CARTESIAN_POINT('',(-0.874844172635,-14.04778816102));
#941 = CARTESIAN_POINT('',(-0.907127610638,-14.15934936322));
#942 = CARTESIAN_POINT('',(-0.939910100966,-14.26873952547));
#943 = CARTESIAN_POINT('',(-0.973226086619,-14.37543892815));
#944 = CARTESIAN_POINT('',(-1.007106056266,-14.47884538314));
#945 = CARTESIAN_POINT('',(-1.04157759365,-14.57827914451));
#946 = CARTESIAN_POINT('',(-1.102283345657,-14.74213073972));
#947 = CARTESIAN_POINT('',(-1.12822669639,-14.8087485276));
#948 = CARTESIAN_POINT('',(-1.154504586367,-14.87254493177));
#949 = CARTESIAN_POINT('',(-1.181120369177,-14.93319482079));
#950 = CARTESIAN_POINT('',(-1.208072653694,-14.99035039302));
#951 = CARTESIAN_POINT('',(-1.235354502594,-15.0436519866));
#952 = CARTESIAN_POINT('',(-1.305225296345,-15.16794168308));
#953 = CARTESIAN_POINT('',(-1.348267341505,-15.23331180419));
#954 = CARTESIAN_POINT('',(-1.391983417897,-15.28746948555));
#955 = CARTESIAN_POINT('',(-1.43625910793,-15.32915233597));
#956 = CARTESIAN_POINT('',(-1.480952856214,-15.35734330111));
#957 = CARTESIAN_POINT('',(-1.525883635929,-15.37142857142));
#958 = CARTESIAN_POINT('',(-1.570796326795,-15.37142857142));
#959 = ( GEOMETRIC_REPRESENTATION_CONTEXT(2) 
PARAMETRIC_REPRESENTATION_CONTEXT() REPRESENTATION_CONTEXT('2D SPACE',''
  ) );
#960 = PCURVE('',#961,#966);
#961 = CONICAL_SURFACE('',#962,72.2,0.224711168415);
#962 = AXIS2_PLACEMENT_3D('',#963,#964,#965);
#963 = CARTESIAN_POINT('',(0.,0.,70.));
#964 = DIRECTION('',(0.,0.,1.));
#965 = DIRECTION('',(1.,0.,0.));
#966 = DEFINITIONAL_REPRESENTATION('',(#967),#1006);
#967 = B_SPLINE_CURVE_WITH_KNOTS('',7,(#968,#969,#970,#971,#972,#973,
    #974,#975,#976,#977,#978,#979,#980,#981,#982,#983,#984,#985,#986,
    #987,#988,#989,#990,#991,#992,#993,#994,#995,#996,#997,#998,#999,
    #1000,#1001,#1002,#1003,#1004,#1005),.UNSPECIFIED.,.F.,.F.,(8,6,6,6,
    6,6,8),(0.,8.180123420185E-02,0.349257714982,0.596938262653,
    0.738444820017,0.841752956001,1.),.UNSPECIFIED.);
#968 = CARTESIAN_POINT('',(0.209961195928,-22.));
#969 = CARTESIAN_POINT('',(0.209800681455,-21.77864488432));
#970 = CARTESIAN_POINT('',(0.209578446715,-21.55748481249));
#971 = CARTESIAN_POINT('',(0.209294915992,-21.3365590607));
#972 = CARTESIAN_POINT('',(0.20895047502,-21.11590822619));
#973 = CARTESIAN_POINT('',(0.208545470994,-20.89557422732));
#974 = CARTESIAN_POINT('',(0.20808021256,-20.6756003035));
#975 = CARTESIAN_POINT('',(0.205837641522,-19.73812951047));
#976 = CARTESIAN_POINT('',(0.203479281855,-19.0246344666));
#977 = CARTESIAN_POINT('',(0.20048917881,-18.31687839505));
#978 = CARTESIAN_POINT('',(0.196871616982,-17.61634837372));
#979 = CARTESIAN_POINT('',(0.192626472452,-16.92468220029));
#980 = CARTESIAN_POINT('',(0.187748829675,-16.24367110317));
#981 = CARTESIAN_POINT('',(0.17710900864,-14.95636003626));
#982 = CARTESIAN_POINT('',(0.171441183353,-14.34853479299));
#983 = CARTESIAN_POINT('',(0.165209370005,-13.75320647136));
#984 = CARTESIAN_POINT('',(0.158398247692,-13.17240100042));
#985 = CARTESIAN_POINT('',(0.150989544209,-12.60877070302));
#986 = CARTESIAN_POINT('',(0.142962360168,-12.06556678888));
#987 = CARTESIAN_POINT('',(0.129328208163,-11.25044664879));
#988 = CARTESIAN_POINT('',(0.12416030203,-10.96214363936));
#989 = CARTESIAN_POINT('',(0.118776542437,-10.6826760659));
#990 = CARTESIAN_POINT('',(0.113172487357,-10.41299488198));
#991 = CARTESIAN_POINT('',(0.107344752015,-10.15422221109));
#992 = CARTESIAN_POINT('',(0.101291248811,-9.907636250391));
#993 = CARTESIAN_POINT('',(9.042678699E-02,-9.50456697283));
#994 = CARTESIAN_POINT('',(8.572198124389E-02,-9.341746536268));
#995 = CARTESIAN_POINT('',(8.089715266593E-02,-9.186756609441));
#996 = CARTESIAN_POINT('',(7.5953651731E-02,-9.04022114471));
#997 = CARTESIAN_POINT('',(7.089420743761E-02,-8.902811608225));
#998 = CARTESIAN_POINT('',(6.572321237265E-02,-8.775225097977));
#999 = CARTESIAN_POINT('',(5.236522543303E-02,-8.478828123554));
#1000 = CARTESIAN_POINT('',(4.403131344925E-02,-8.324056964339));
#1001 = CARTESIAN_POINT('',(3.547671560157E-02,-8.196586355044));
#1002 = CARTESIAN_POINT('',(2.674116195524E-02,-8.098887946658));
#1003 = CARTESIAN_POINT('',(1.787385413935E-02,-8.032946821691));
#1004 = CARTESIAN_POINT('',(8.935127293641E-03,-8.));
#1005 = CARTESIAN_POINT('',(0.,-8.));
#1006 = ( GEOMETRIC_REPRESENTATION_CONTEXT(2) 
PARAMETRIC_REPRESENTATION_CONTEXT() REPRESENTATION_CONTEXT('2D SPACE',''
  ) );
#1007 = ORIENTED_EDGE('',*,*,#1008,.T.);
#1008 = EDGE_CURVE('',#874,#599,#1009,.T.);
#1009 = SEAM_CURVE('',#1010,(#1014,#1021),.PCURVE_S1.);
#1010 = LINE('',#1011,#1012);
#1011 = CARTESIAN_POINT('',(55.,14.,48.));
#1012 = VECTOR('',#1013,1.);
#1013 = DIRECTION('',(1.,0.,0.));
#1014 = PCURVE('',#464,#1015);
#1015 = DEFINITIONAL_REPRESENTATION('',(#1016),#1020);
#1016 = LINE('',#1017,#1018);
#1017 = CARTESIAN_POINT('',(-6.28318530718,0.));
#1018 = VECTOR('',#1019,1.);
#1019 = DIRECTION('',(-0.,-1.));
#1020 = ( GEOMETRIC_REPRESENTATION_CONTEXT(2) 
PARAMETRIC_REPRESENTATION_CONTEXT() REPRESENTATION_CONTEXT('2D SPACE',''
  ) );
#1021 = PCURVE('',#464,#1022);
#1022 = DEFINITIONAL_REPRESENTATION('',(#1023),#1027);
#1023 = LINE('',#1024,#1025);
#1024 = CARTESIAN_POINT('',(-0.,0.));
#1025 = VECTOR('',#1026,1.);
#1026 = DIRECTION('',(-0.,-1.));
#1027 = ( GEOMETRIC_REPRESENTATION_CONTEXT(2) 
PARAMETRIC_REPRESENTATION_CONTEXT() REPRESENTATION_CONTEXT('2D SPACE',''
  ) );
#1028 = ORIENTED_EDGE('',*,*,#598,.T.);
#1029 = ORIENTED_EDGE('',*,*,#306,.T.);
#1030 = ORIENTED_EDGE('',*,*,#726,.T.);
#1031 = ORIENTED_EDGE('',*,*,#1008,.F.);
#1032 = ORIENTED_EDGE('',*,*,#1033,.F.);
#1033 = EDGE_CURVE('',#1034,#874,#1036,.T.);
#1034 = VERTEX_POINT('',#1035);
#1035 = CARTESIAN_POINT('',(63.971428571429,0.,34.));
#1036 = SURFACE_CURVE('',#1037,(#1082,#1130),.PCURVE_S1.);
#1037 = B_SPLINE_CURVE_WITH_KNOTS('',7,(#1038,#1039,#1040,#1041,#1042,
    #1043,#1044,#1045,#1046,#1047,#1048,#1049,#1050,#1051,#1052,#1053,
    #1054,#1055,#1056,#1057,#1058,#1059,#1060,#1061,#1062,#1063,#1064,
    #1065,#1066,#1067,#1068,#1069,#1070,#1071,#1072,#1073,#1074,#1075,
    #1076,#1077,#1078,#1079,#1080,#1081),.UNSPECIFIED.,.F.,.F.,(8,6,6,6,
    6,6,6,8),(0.,0.188929874827,0.313377053611,0.486413879059,
    0.607048475213,0.733917759591,0.865683198265,1.),.UNSPECIFIED.);
#1038 = CARTESIAN_POINT('',(63.971428571429,-1.500625615401E-14,34.));
#1039 = CARTESIAN_POINT('',(63.971428571429,0.732036959866,34.));
#1040 = CARTESIAN_POINT('',(63.971862846878,1.464408269871,
    34.044656647663));
#1041 = CARTESIAN_POINT('',(63.972731752635,2.189560958501,
    34.134042342987));
#1042 = CARTESIAN_POINT('',(63.974225834755,2.901316007966,
    34.266367171589));
#1043 = CARTESIAN_POINT('',(63.97672912254,3.594601751603,
    34.438800947987));
#1044 = CARTESIAN_POINT('',(63.980698475021,4.265344673133,
    34.647799146838));
#1045 = CARTESIAN_POINT('',(63.99045487559,5.335258718252,
    35.048518967396));
#1046 = CARTESIAN_POINT('',(63.995161102151,5.749200225713,
    35.221872035938));
#1047 = CARTESIAN_POINT('',(64.0008302328,6.151505933808,35.408420179105
    ));
#1048 = CARTESIAN_POINT('',(64.007595315475,6.541698415334,
    35.607131555007));
#1049 = CARTESIAN_POINT('',(64.015583517521,6.919477647998,
    35.817010131375));
#1050 = CARTESIAN_POINT('',(64.024912424544,7.28468876876,
    36.037127368463));
#1051 = CARTESIAN_POINT('',(64.050676719155,8.127585203514,
    36.585772814269));
#1052 = CARTESIAN_POINT('',(64.068462256582,8.593433184928,
    36.923023419057));
#1053 = CARTESIAN_POINT('',(64.08933958645,9.034849696122,
    37.276180480015));
#1054 = CARTESIAN_POINT('',(64.11356209452,9.452047658995,
    37.643241146506));
#1055 = CARTESIAN_POINT('',(64.141335990686,9.845407804291,
    38.022436486533));
#1056 = CARTESIAN_POINT('',(64.172825466953,10.215435196992,
    38.412254958356));
#1057 = CARTESIAN_POINT('',(64.232812648287,10.80481871514,
    39.089782938406));
#1058 = CARTESIAN_POINT('',(64.259326300985,11.035847890321,
    39.372640623341));
#1059 = CARTESIAN_POINT('',(64.287757686122,11.255983972532,
    39.659606163985));
#1060 = CARTESIAN_POINT('',(64.318143138325,11.465409930556,
    39.950280900849));
#1061 = CARTESIAN_POINT('',(64.350510876563,11.664306294284,
    40.244301678668));
#1062 = CARTESIAN_POINT('',(64.384882218934,11.852850941384,
    40.541340700365));
#1063 = CARTESIAN_POINT('',(64.459544129244,12.218805314026,
    41.156362626671));
#1064 = CARTESIAN_POINT('',(64.500047876806,12.395131281196,
    41.474626724492));
#1065 = CARTESIAN_POINT('',(64.542801958724,12.560398633312,
    41.795555016706));
#1066 = CARTESIAN_POINT('',(64.587815386998,12.714796304593,
    42.118831259587));
#1067 = CARTESIAN_POINT('',(64.635089469549,12.858501195908,
    42.444165175513));
#1068 = CARTESIAN_POINT('',(64.684619012731,12.991679055039,
    42.771292005045));
#1069 = CARTESIAN_POINT('',(64.790166122932,13.242031014038,
    43.441336572117));
#1070 = CARTESIAN_POINT('',(64.846359416366,13.358386979507,
    43.784370789592));
#1071 = CARTESIAN_POINT('',(64.904961352404,13.463726305854,
    44.128804639802));
#1072 = CARTESIAN_POINT('',(64.965951864194,13.558205790091,
    44.474385486137));
#1073 = CARTESIAN_POINT('',(65.029303881748,13.641966688663,
    44.820877798129));
#1074 = CARTESIAN_POINT('',(65.09498434394,13.715135432379,
    45.168062822575));
#1075 = CARTESIAN_POINT('',(65.232242191198,13.84172709034,
    45.870145696787));
#1076 = CARTESIAN_POINT('',(65.303908307466,13.894739451394,
    46.225058486488));
#1077 = CARTESIAN_POINT('',(65.377913057865,13.936979748898,
    46.580261617572));
#1078 = CARTESIAN_POINT('',(65.454208907726,13.968549537369,
    46.935549417605));
#1079 = CARTESIAN_POINT('',(65.532741995173,13.989533608795,
    47.290725352036));
#1080 = CARTESIAN_POINT('',(65.61345283716,14.,47.645601828313));
#1081 = CARTESIAN_POINT('',(65.69627703551,14.,48.));
#1082 = PCURVE('',#464,#1083);
#1083 = DEFINITIONAL_REPRESENTATION('',(#1084),#1129);
#1084 = B_SPLINE_CURVE_WITH_KNOTS('',7,(#1085,#1086,#1087,#1088,#1089,
    #1090,#1091,#1092,#1093,#1094,#1095,#1096,#1097,#1098,#1099,#1100,
    #1101,#1102,#1103,#1104,#1105,#1106,#1107,#1108,#1109,#1110,#1111,
    #1112,#1113,#1114,#1115,#1116,#1117,#1118,#1119,#1120,#1121,#1122,
    #1123,#1124,#1125,#1126,#1127,#1128),.UNSPECIFIED.,.F.,.F.,(8,6,6,6,
    6,6,6,8),(0.,0.188929874827,0.313377053611,0.486413879059,
    0.607048475213,0.733917759591,0.865683198265,1.),.UNSPECIFIED.);
#1085 = CARTESIAN_POINT('',(-4.712388980385,-8.971428571429));
#1086 = CARTESIAN_POINT('',(-4.764677334661,-8.971428571429));
#1087 = CARTESIAN_POINT('',(-4.816989560294,-8.971862846878));
#1088 = CARTESIAN_POINT('',(-4.869019742176,-8.972731752636));
#1089 = CARTESIAN_POINT('',(-4.920560677095,-8.974225834754));
#1090 = CARTESIAN_POINT('',(-4.971449592061,-8.97672912254));
#1091 = CARTESIAN_POINT('',(-5.021552214654,-8.980698475021));
#1092 = CARTESIAN_POINT('',(-5.103158925767,-8.99045487559));
#1093 = CARTESIAN_POINT('',(-5.135190841441,-8.995161102151));
#1094 = CARTESIAN_POINT('',(-5.166830613446,-9.0008302328));
#1095 = CARTESIAN_POINT('',(-5.19807019316,-9.007595315475));
#1096 = CARTESIAN_POINT('',(-5.228908028384,-9.015583517521));
#1097 = CARTESIAN_POINT('',(-5.259348092876,-9.024912424544));
#1098 = CARTESIAN_POINT('',(-5.331185715364,-9.050676719155));
#1099 = CARTESIAN_POINT('',(-5.372214516547,-9.068462256582));
#1100 = CARTESIAN_POINT('',(-5.412519709763,-9.08933958645));
#1101 = CARTESIAN_POINT('',(-5.45213578599,-9.11356209452));
#1102 = CARTESIAN_POINT('',(-5.491100143727,-9.141335990686));
#1103 = CARTESIAN_POINT('',(-5.529454987271,-9.172825466953));
#1104 = CARTESIAN_POINT('',(-5.593598365221,-9.232812648287));
#1105 = CARTESIAN_POINT('',(-5.619672671451,-9.259326300985));
#1106 = CARTESIAN_POINT('',(-5.645487549567,-9.287757686122));
#1107 = CARTESIAN_POINT('',(-5.671057195704,-9.318143138325));
#1108 = CARTESIAN_POINT('',(-5.696395255276,-9.350510876563));
#1109 = CARTESIAN_POINT('',(-5.721515213089,-9.384882218934));
#1110 = CARTESIAN_POINT('',(-5.772634050859,-9.459544129244));
#1111 = CARTESIAN_POINT('',(-5.798610607011,-9.500047876806));
#1112 = CARTESIAN_POINT('',(-5.824376156818,-9.542801958724));
#1113 = CARTESIAN_POINT('',(-5.849945315245,-9.587815386998));
#1114 = CARTESIAN_POINT('',(-5.87533198018,-9.635089469549));
#1115 = CARTESIAN_POINT('',(-5.90054970531,-9.684619012731));
#1116 = CARTESIAN_POINT('',(-5.951641650501,-9.790166122932));
#1117 = CARTESIAN_POINT('',(-5.977503208537,-9.846359416366));
#1118 = CARTESIAN_POINT('',(-6.003211794262,-9.904961352404));
#1119 = CARTESIAN_POINT('',(-6.028781576258,-9.965951864194));
#1120 = CARTESIAN_POINT('',(-6.054226166219,-10.02930388174));
#1121 = CARTESIAN_POINT('',(-6.079558940643,-10.09498434394));
#1122 = CARTESIAN_POINT('',(-6.130516396394,-10.23224219119));
#1123 = CARTESIAN_POINT('',(-6.156136921194,-10.30390830746));
#1124 = CARTESIAN_POINT('',(-6.181669117773,-10.37791305786));
#1125 = CARTESIAN_POINT('',(-6.207126627009,-10.45420890772));
#1126 = CARTESIAN_POINT('',(-6.232522833969,-10.53274199517));
#1127 = CARTESIAN_POINT('',(-6.257871152059,-10.61345283716));
#1128 = CARTESIAN_POINT('',(-6.28318530718,-10.69627703551));
#1129 = ( GEOMETRIC_REPRESENTATION_CONTEXT(2) 
PARAMETRIC_REPRESENTATION_CONTEXT() REPRESENTATION_CONTEXT('2D SPACE',''
  ) );
#1130 = PCURVE('',#961,#1131);
#1131 = DEFINITIONAL_REPRESENTATION('',(#1132),#1177);
#1132 = B_SPLINE_CURVE_WITH_KNOTS('',7,(#1133,#1134,#1135,#1136,#1137,
    #1138,#1139,#1140,#1141,#1142,#1143,#1144,#1145,#1146,#1147,#1148,
    #1149,#1150,#1151,#1152,#1153,#1154,#1155,#1156,#1157,#1158,#1159,
    #1160,#1161,#1162,#1163,#1164,#1165,#1166,#1167,#1168,#1169,#1170,
    #1171,#1172,#1173,#1174,#1175,#1176),.UNSPECIFIED.,.F.,.F.,(8,6,6,6,
    6,6,6,8),(0.,0.188929874827,0.313377053611,0.486413879059,
    0.607048475213,0.733917759591,0.865683198265,1.),.UNSPECIFIED.);
#1133 = CARTESIAN_POINT('',(0.,-36.));
#1134 = CARTESIAN_POINT('',(1.144318606311E-02,-36.));
#1135 = CARTESIAN_POINT('',(2.289159887267E-02,-35.95534335233));
#1136 = CARTESIAN_POINT('',(3.422194795138E-02,-35.865957657));
#1137 = CARTESIAN_POINT('',(4.533240570921E-02,-35.73363282841));
#1138 = CARTESIAN_POINT('',(5.613934629377E-02,-35.56119905201));
#1139 = CARTESIAN_POINT('',(6.657590472568E-02,-35.35220085316));
#1140 = CARTESIAN_POINT('',(8.318728980681E-02,-34.9514810326));
#1141 = CARTESIAN_POINT('',(8.960427215414E-02,-34.77812796406));
#1142 = CARTESIAN_POINT('',(9.583009254637E-02,-34.59157982089));
#1143 = CARTESIAN_POINT('',(0.101856884619,-34.39286844499));
#1144 = CARTESIAN_POINT('',(0.107679729593,-34.18298986862));
#1145 = CARTESIAN_POINT('',(0.113296121589,-33.96287263153));
#1146 = CARTESIAN_POINT('',(0.126227115707,-33.41422718573));
#1147 = CARTESIAN_POINT('',(0.133347392625,-33.07697658094));
#1148 = CARTESIAN_POINT('',(0.140066534876,-32.72381951998));
#1149 = CARTESIAN_POINT('',(0.146388337176,-32.35675885349));
#1150 = CARTESIAN_POINT('',(0.152319533966,-31.97756351346));
#1151 = CARTESIAN_POINT('',(0.157869005402,-31.58774504164));
#1152 = CARTESIAN_POINT('',(0.166656753344,-30.91021706159));
#1153 = CARTESIAN_POINT('',(0.170085696591,-30.62735937665));
#1154 = CARTESIAN_POINT('',(0.173337016857,-30.34039383601));
#1155 = CARTESIAN_POINT('',(0.176413993786,-30.04971909915));
#1156 = CARTESIAN_POINT('',(0.17931990221,-29.75569832133));
#1157 = CARTESIAN_POINT('',(0.182058000018,-29.45865929963));
#1158 = CARTESIAN_POINT('',(0.187338037605,-28.84363737332));
#1159 = CARTESIAN_POINT('',(0.18986245855,-28.5253732755));
#1160 = CARTESIAN_POINT('',(0.192208510507,-28.20444498329));
#1161 = CARTESIAN_POINT('',(0.19437975488,-27.88116874041));
#1162 = CARTESIAN_POINT('',(0.19637959055,-27.55583482448));
#1163 = CARTESIAN_POINT('',(0.19821126158,-27.22870799495));
#1164 = CARTESIAN_POINT('',(0.201608786017,-26.55866342788));
#1165 = CARTESIAN_POINT('',(0.203161623511,-26.2156292104));
#1166 = CARTESIAN_POINT('',(0.204539831421,-25.87119536019));
#1167 = CARTESIAN_POINT('',(0.205746634692,-25.52561451386));
#1168 = CARTESIAN_POINT('',(0.206785036355,-25.17912220187));
#1169 = CARTESIAN_POINT('',(0.207657824681,-24.83193717742));
#1170 = CARTESIAN_POINT('',(0.209091078938,-24.12985430321));
#1171 = CARTESIAN_POINT('',(0.209645161219,-23.77494151351));
#1172 = CARTESIAN_POINT('',(0.210032551828,-23.41973838242));
#1173 = CARTESIAN_POINT('',(0.210255733968,-23.06445058239));
#1174 = CARTESIAN_POINT('',(0.210316947302,-22.70927464796));
#1175 = CARTESIAN_POINT('',(0.210218185859,-22.35439817168));
#1176 = CARTESIAN_POINT('',(0.209961195928,-22.));
#1177 = ( GEOMETRIC_REPRESENTATION_CONTEXT(2) 
PARAMETRIC_REPRESENTATION_CONTEXT() REPRESENTATION_CONTEXT('2D SPACE',''
  ) );
#1178 = ORIENTED_EDGE('',*,*,#1179,.F.);
#1179 = EDGE_CURVE('',#876,#1034,#1180,.T.);
#1180 = SURFACE_CURVE('',#1181,(#1256,#1334),.PCURVE_S1.);
#1181 = B_SPLINE_CURVE_WITH_KNOTS('',7,(#1182,#1183,#1184,#1185,#1186,
    #1187,#1188,#1189,#1190,#1191,#1192,#1193,#1194,#1195,#1196,#1197,
    #1198,#1199,#1200,#1201,#1202,#1203,#1204,#1205,#1206,#1207,#1208,
    #1209,#1210,#1211,#1212,#1213,#1214,#1215,#1216,#1217,#1218,#1219,
    #1220,#1221,#1222,#1223,#1224,#1225,#1226,#1227,#1228,#1229,#1230,
    #1231,#1232,#1233,#1234,#1235,#1236,#1237,#1238,#1239,#1240,#1241,
    #1242,#1243,#1244,#1245,#1246,#1247,#1248,#1249,#1250,#1251,#1252,
    #1253,#1254,#1255),.UNSPECIFIED.,.F.,.F.,(8,6,6,6,6,6,6,6,6,6,6,6,8)
  ,(0.,8.01200265254E-02,0.132655519011,0.204578337653,0.26526196883,
    0.315029540638,0.464285979941,0.62465564542,0.684842536925,
    0.758584756572,0.844595674047,0.906512777222,1.),.UNSPECIFIED.);
#1182 = CARTESIAN_POINT('',(70.371428571429,0.,62.));
#1183 = CARTESIAN_POINT('',(70.371428571429,-0.628798171388,62.));
#1184 = CARTESIAN_POINT('',(70.357342379158,-1.257830107111,
    61.967051020392));
#1185 = CARTESIAN_POINT('',(70.329151171121,-1.881459773734,
    61.90110933309));
#1186 = CARTESIAN_POINT('',(70.287469211251,-2.495089531073,
    61.803412966995));
#1187 = CARTESIAN_POINT('',(70.233311808854,-3.094963900145,
    61.675943072089));
#1188 = CARTESIAN_POINT('',(70.167940848306,-3.67807263508,
    61.521169885736));
#1189 = CARTESIAN_POINT('',(70.043435838777,-4.611892820504,
    61.224259448499));
#1190 = CARTESIAN_POINT('',(69.98988097158,-4.973664272893,
    61.096064742192));
#1191 = CARTESIAN_POINT('',(69.932439706543,-5.326889559502,
    60.957963428276));
#1192 = CARTESIAN_POINT('',(69.871476467201,-5.671232866771,
    60.810661807036));
#1193 = CARTESIAN_POINT('',(69.807343554225,-6.006489416287,
    60.654840000132));
#1194 = CARTESIAN_POINT('',(69.740370128324,-6.332562528849,
    60.491129647089));
#1195 = CARTESIAN_POINT('',(69.575688641999,-7.083275176718,
    60.085952310265));
#1196 = CARTESIAN_POINT('',(69.475772138811,-7.49982225804,
    59.838118031882));
#1197 = CARTESIAN_POINT('',(69.37186634089,-7.899144375752,
    59.578029240502));
#1198 = CARTESIAN_POINT('',(69.264657416244,-8.281430205197,
    59.306975949395));
#1199 = CARTESIAN_POINT('',(69.15475286552,-8.646977304786,
    59.026089908367));
#1200 = CARTESIAN_POINT('',(69.042676633307,-8.996167229659,
    58.736329446437));
#1201 = CARTESIAN_POINT('',(68.832836968613,-9.610634311258,
    58.187145774053));
#1202 = CARTESIAN_POINT('',(68.735584022758,-9.880468201991,
    57.930083938565));
#1203 = CARTESIAN_POINT('',(68.637374300257,-10.13919160062,
    57.667758807716));
#1204 = CARTESIAN_POINT('',(68.538450313897,-10.38704182212,
    57.400601042411));
#1205 = CARTESIAN_POINT('',(68.439029405135,-10.6242460905,
    57.128992587626));
#1206 = CARTESIAN_POINT('',(68.339304978351,-10.85102341592,
    56.853267295225));
#1207 = CARTESIAN_POINT('',(68.157553286364,-11.24519313825,
    56.344443612195));
#1208 = CARTESIAN_POINT('',(68.075571743853,-11.41592482031,
    56.112605564976));
#1209 = CARTESIAN_POINT('',(67.993598620814,-11.5798956211,
    55.878359151239));
#1210 = CARTESIAN_POINT('',(67.911722410518,-11.73721002523,
    55.641853724582));
#1211 = CARTESIAN_POINT('',(67.830024930026,-11.88796398041,
    55.403226514487));
#1212 = CARTESIAN_POINT('',(67.748581663945,-12.03224597898,
    55.162602894691));
#1213 = CARTESIAN_POINT('',(67.424178869483,-12.58368640246,
    54.19280341539));
#1214 = CARTESIAN_POINT('',(67.183860625351,-12.93967086192,
    53.448736614667));
#1215 = CARTESIAN_POINT('',(66.948304975283,-13.24046753684,
    52.690754593368));
#1216 = CARTESIAN_POINT('',(66.719037674295,-13.48744191217,
    51.92136360245));
#1217 = CARTESIAN_POINT('',(66.497349785773,-13.68150086527,
    51.142812900019));
#1218 = CARTESIAN_POINT('',(66.284303688991,-13.82309560803,
    50.357094083326));
#1219 = CARTESIAN_POINT('',(65.862049570368,-14.00783017467,
    48.715866077426));
#1220 = CARTESIAN_POINT('',(65.654395273188,-14.04281626294,
    47.859854024079));
#1221 = CARTESIAN_POINT('',(65.458853047995,-14.01708143115,
    47.000112894753));
#1222 = CARTESIAN_POINT('',(65.276370583298,-13.9298441729,
    46.139167118926));
#1223 = CARTESIAN_POINT('',(65.107718063223,-13.77982463239,
    45.279863216769));
#1224 = CARTESIAN_POINT('',(64.953421341246,-13.56529670669,
    44.42538193218));
#1225 = CARTESIAN_POINT('',(64.761285322468,-13.17804599122,
    43.261740396603));
#1226 = CARTESIAN_POINT('',(64.710913526587,-13.06293542804,
    42.945404586034));
#1227 = CARTESIAN_POINT('',(64.662615173445,-12.93826172264,
    42.630474907716));
#1228 = CARTESIAN_POINT('',(64.616399843185,-12.80388748421,
    42.317170186963));
#1229 = CARTESIAN_POINT('',(64.572271856193,-12.65966525537,
    42.005728452069));
#1230 = CARTESIAN_POINT('',(64.53022935952,-12.50543679207,
    41.696407270037));
#1231 = CARTESIAN_POINT('',(64.441296312505,-12.13960062537,
    41.013435468451));
#1232 = CARTESIAN_POINT('',(64.395448411109,-11.92290080395,
    40.641001526398));
#1233 = CARTESIAN_POINT('',(64.352701414084,-11.69061607314,
    40.272680804628));
#1234 = CARTESIAN_POINT('',(64.313026160756,-11.44241545239,
    39.909050324437));
#1235 = CARTESIAN_POINT('',(64.276377657762,-11.17796084105,
    39.550763803781));
#1236 = CARTESIAN_POINT('',(64.24269162666,-10.89690686262,
    39.198552259008));
#1237 = CARTESIAN_POINT('',(64.175947716811,-10.25129882454,
    38.450448985197));
#1238 = CARTESIAN_POINT('',(64.143931880647,-9.880681232407,
    38.057096145352));
#1239 = CARTESIAN_POINT('',(64.11569366644,-9.486445828864,
    37.67441079956));
#1240 = CARTESIAN_POINT('',(64.091067656209,-9.068073158766,
    37.303923589356));
#1241 = CARTESIAN_POINT('',(64.069845396577,-8.625168304954,
    36.947428063322));
#1242 = CARTESIAN_POINT('',(64.051769946931,-8.157504772807,
    36.606957188247));
#1243 = CARTESIAN_POINT('',(64.025583195704,-7.310566788409,
    36.052821368196));
#1244 = CARTESIAN_POINT('',(64.016100346818,-6.943270959476,
    35.83037839532));
#1245 = CARTESIAN_POINT('',(64.007984913244,-6.563203659985,
    35.61828875032));
#1246 = CARTESIAN_POINT('',(64.001116907977,-6.170518251005,
    35.417500319336));
#1247 = CARTESIAN_POINT('',(63.995366368123,-5.765516653911,
    35.229031118833));
#1248 = CARTESIAN_POINT('',(63.990597151175,-5.348682683808,
    35.053936670068));
#1249 = CARTESIAN_POINT('',(63.98075313618,-4.274562778794,
    34.650674539041));
#1250 = CARTESIAN_POINT('',(63.976757852601,-3.602541608458,
    34.440778123021));
#1251 = CARTESIAN_POINT('',(63.974239552583,-2.907838660652,
    34.267581460096));
#1252 = CARTESIAN_POINT('',(63.972737731503,-2.194546320956,
    34.134657630532));
#1253 = CARTESIAN_POINT('',(63.971864839532,-1.467765031459,
    34.04486148369));
#1254 = CARTESIAN_POINT('',(63.971428571429,-0.7337139249,34.));
#1255 = CARTESIAN_POINT('',(63.971428571429,-1.59872115546E-14,34.));
#1256 = PCURVE('',#464,#1257);
#1257 = DEFINITIONAL_REPRESENTATION('',(#1258),#1333);
#1258 = B_SPLINE_CURVE_WITH_KNOTS('',7,(#1259,#1260,#1261,#1262,#1263,
    #1264,#1265,#1266,#1267,#1268,#1269,#1270,#1271,#1272,#1273,#1274,
    #1275,#1276,#1277,#1278,#1279,#1280,#1281,#1282,#1283,#1284,#1285,
    #1286,#1287,#1288,#1289,#1290,#1291,#1292,#1293,#1294,#1295,#1296,
    #1297,#1298,#1299,#1300,#1301,#1302,#1303,#1304,#1305,#1306,#1307,
    #1308,#1309,#1310,#1311,#1312,#1313,#1314,#1315,#1316,#1317,#1318,
    #1319,#1320,#1321,#1322,#1323,#1324,#1325,#1326,#1327,#1328,#1329,
    #1330,#1331,#1332),.UNSPECIFIED.,.F.,.F.,(8,6,6,6,6,6,6,6,6,6,6,6,8)
  ,(0.,8.01200265254E-02,0.132655519011,0.204578337653,0.26526196883,
    0.315029540638,0.464285979941,0.62465564542,0.684842536925,
    0.758584756572,0.844595674047,0.906512777222,1.),.UNSPECIFIED.);
#1259 = CARTESIAN_POINT('',(-1.570796326795,-15.37142857142));
#1260 = CARTESIAN_POINT('',(-1.615710481894,-15.37142857142));
#1261 = CARTESIAN_POINT('',(-1.660641329844,-15.35734237915));
#1262 = CARTESIAN_POINT('',(-1.705334318268,-15.32915117112));
#1263 = CARTESIAN_POINT('',(-1.749609401295,-15.28746921125));
#1264 = CARTESIAN_POINT('',(-1.793325447142,-15.23331180885));
#1265 = CARTESIAN_POINT('',(-1.836367826523,-15.1679408483));
#1266 = CARTESIAN_POINT('',(-1.906359660829,-15.04343583877));
#1267 = CARTESIAN_POINT('',(-1.933760218543,-14.98988097158));
#1268 = CARTESIAN_POINT('',(-1.960828241226,-14.93243970654));
#1269 = CARTESIAN_POINT('',(-1.98755673925,-14.8714764672));
#1270 = CARTESIAN_POINT('',(-2.013944352904,-14.80734355422));
#1271 = CARTESIAN_POINT('',(-2.039994536423,-14.74037012832));
#1272 = CARTESIAN_POINT('',(-2.100928515163,-14.57568864199));
#1273 = CARTESIAN_POINT('',(-2.135519634567,-14.47577213881));
#1274 = CARTESIAN_POINT('',(-2.169515134614,-14.37186634089));
#1275 = CARTESIAN_POINT('',(-2.202943027617,-14.26465741624));
#1276 = CARTESIAN_POINT('',(-2.235834214462,-14.15475286552));
#1277 = CARTESIAN_POINT('',(-2.268223565783,-14.0426766333));
#1278 = CARTESIAN_POINT('',(-2.327089224857,-13.83283696861));
#1279 = CARTESIAN_POINT('',(-2.353695839013,-13.73558402275));
#1280 = CARTESIAN_POINT('',(-2.379993165472,-13.63737430025));
#1281 = CARTESIAN_POINT('',(-2.406001789463,-13.53845031389));
#1282 = CARTESIAN_POINT('',(-2.431741246959,-13.43902940513));
#1283 = CARTESIAN_POINT('',(-2.457230710038,-13.33930497835));
#1284 = CARTESIAN_POINT('',(-2.503204932541,-13.15755328636));
#1285 = CARTESIAN_POINT('',(-2.523764587024,-13.07557174385));
#1286 = CARTESIAN_POINT('',(-2.544179003716,-12.99359862081));
#1287 = CARTESIAN_POINT('',(-2.5644578699,-12.91172241051));
#1288 = CARTESIAN_POINT('',(-2.584610379022,-12.83002493002));
#1289 = CARTESIAN_POINT('',(-2.604645417586,-12.74858166394));
#1290 = CARTESIAN_POINT('',(-2.684332227069,-12.42417886948));
#1291 = CARTESIAN_POINT('',(-2.743101847362,-12.18386062535));
#1292 = CARTESIAN_POINT('',(-2.801135491568,-11.94830497528));
#1293 = CARTESIAN_POINT('',(-2.85862282298,-11.71903767429));
#1294 = CARTESIAN_POINT('',(-2.915735541766,-11.49734978577));
#1295 = CARTESIAN_POINT('',(-2.972637378987,-11.28430368899));
#1296 = CARTESIAN_POINT('',(-3.090608238141,-10.86204957036));
#1297 = CARTESIAN_POINT('',(-3.151647776471,-10.65439527318));
#1298 = CARTESIAN_POINT('',(-3.212839559353,-10.45885304799));
#1299 = CARTESIAN_POINT('',(-3.27436704717,-10.27637058329));
#1300 = CARTESIAN_POINT('',(-3.336411249899,-10.10771806322));
#1301 = CARTESIAN_POINT('',(-3.399161556475,-9.953421341246));
#1302 = CARTESIAN_POINT('',(-3.486760618182,-9.761285322468));
#1303 = CARTESIAN_POINT('',(-3.510796267645,-9.710913526587));
#1304 = CARTESIAN_POINT('',(-3.534974633189,-9.662615173445));
#1305 = CARTESIAN_POINT('',(-3.559307379365,-9.616399843185));
#1306 = CARTESIAN_POINT('',(-3.583806455847,-9.572271856193));
#1307 = CARTESIAN_POINT('',(-3.60848437988,-9.53022935952));
#1308 = CARTESIAN_POINT('',(-3.663825925269,-9.441296312505));
#1309 = CARTESIAN_POINT('',(-3.69458468806,-9.395448411109));
#1310 = CARTESIAN_POINT('',(-3.725656297446,-9.352701414084));
#1311 = CARTESIAN_POINT('',(-3.757065753506,-9.313026160756));
#1312 = CARTESIAN_POINT('',(-3.788838290842,-9.276377657762));
#1313 = CARTESIAN_POINT('',(-3.821000485273,-9.24269162666));
#1314 = CARTESIAN_POINT('',(-3.891583633777,-9.175947716811));
#1315 = CARTESIAN_POINT('',(-3.930150269246,-9.143931880647));
#1316 = CARTESIAN_POINT('',(-3.969331848252,-9.11569366644));
#1317 = CARTESIAN_POINT('',(-4.009171514759,-9.091067656209));
#1318 = CARTESIAN_POINT('',(-4.049707586611,-9.069845396577));
#1319 = CARTESIAN_POINT('',(-4.09097555195,-9.051769946931));
#1320 = CARTESIAN_POINT('',(-4.163269257624,-9.025583195704));
#1321 = CARTESIAN_POINT('',(-4.193922301537,-9.016100346818));
#1322 = CARTESIAN_POINT('',(-4.224979099973,-9.007984913244));
#1323 = CARTESIAN_POINT('',(-4.256443910637,-9.001116907977));
#1324 = CARTESIAN_POINT('',(-4.288315340908,-8.995366368123));
#1325 = CARTESIAN_POINT('',(-4.320585354376,-8.990597151175));
#1326 = CARTESIAN_POINT('',(-4.402537117088,-8.98075313618));
#1327 = CARTESIAN_POINT('',(-4.452745523471,-8.9767578526));
#1328 = CARTESIAN_POINT('',(-4.503744935793,-8.974239552584));
#1329 = CARTESIAN_POINT('',(-4.555400512056,-8.972737731502));
#1330 = CARTESIAN_POINT('',(-4.60754863197,-8.971864839533));
#1331 = CARTESIAN_POINT('',(-4.659980842892,-8.971428571429));
#1332 = CARTESIAN_POINT('',(-4.712388980385,-8.971428571429));
#1333 = ( GEOMETRIC_REPRESENTATION_CONTEXT(2) 
PARAMETRIC_REPRESENTATION_CONTEXT() REPRESENTATION_CONTEXT('2D SPACE',''
  ) );
#1334 = PCURVE('',#961,#1335);
#1335 = DEFINITIONAL_REPRESENTATION('',(#1336),#1411);
#1336 = B_SPLINE_CURVE_WITH_KNOTS('',7,(#1337,#1338,#1339,#1340,#1341,
    #1342,#1343,#1344,#1345,#1346,#1347,#1348,#1349,#1350,#1351,#1352,
    #1353,#1354,#1355,#1356,#1357,#1358,#1359,#1360,#1361,#1362,#1363,
    #1364,#1365,#1366,#1367,#1368,#1369,#1370,#1371,#1372,#1373,#1374,
    #1375,#1376,#1377,#1378,#1379,#1380,#1381,#1382,#1383,#1384,#1385,
    #1386,#1387,#1388,#1389,#1390,#1391,#1392,#1393,#1394,#1395,#1396,
    #1397,#1398,#1399,#1400,#1401,#1402,#1403,#1404,#1405,#1406,#1407,
    #1408,#1409,#1410),.UNSPECIFIED.,.F.,.F.,(8,6,6,6,6,6,6,6,6,6,6,6,8)
  ,(0.,8.01200265254E-02,0.132655519011,0.204578337653,0.26526196883,
    0.315029540638,0.464285979941,0.62465564542,0.684842536925,
    0.758584756572,0.844595674047,0.906512777222,1.),.UNSPECIFIED.);
#1337 = CARTESIAN_POINT('',(6.28318530718,-8.));
#1338 = CARTESIAN_POINT('',(6.274249888585,-8.));
#1339 = CARTESIAN_POINT('',(6.265311148105,-8.032948979609));
#1340 = CARTESIAN_POINT('',(6.25644399412,-8.098890666907));
#1341 = CARTESIAN_POINT('',(6.247708560772,-8.196587033008));
#1342 = CARTESIAN_POINT('',(6.239153965563,-8.32405692791));
#1343 = CARTESIAN_POINT('',(6.230819992029,-8.478830114264));
#1344 = CARTESIAN_POINT('',(6.217438864403,-8.775740551501));
#1345 = CARTESIAN_POINT('',(6.212245569662,-8.903935257808));
#1346 = CARTESIAN_POINT('',(6.207164838654,-9.042036571724));
#1347 = CARTESIAN_POINT('',(6.202201111577,-9.189338192963));
#1348 = CARTESIAN_POINT('',(6.197357138841,-9.345159999868));
#1349 = CARTESIAN_POINT('',(6.192634271835,-9.508870352911));
#1350 = CARTESIAN_POINT('',(6.181732846528,-9.914047689735));
#1351 = CARTESIAN_POINT('',(6.175661150525,-10.16188196811));
#1352 = CARTESIAN_POINT('',(6.169816943301,-10.42197075949));
#1353 = CARTESIAN_POINT('',(6.164198078587,-10.6930240506));
#1354 = CARTESIAN_POINT('',(6.15880110978,-10.97391009163));
#1355 = CARTESIAN_POINT('',(6.153621530569,-11.26367055356));
#1356 = CARTESIAN_POINT('',(6.1444627609,-11.81285422594));
#1357 = CARTESIAN_POINT('',(6.140422905431,-12.06991606143));
#1358 = CARTESIAN_POINT('',(6.13653149027,-12.33224119228));
#1359 = CARTESIAN_POINT('',(6.13278577796,-12.59939895758));
#1360 = CARTESIAN_POINT('',(6.129183207622,-12.87100741237));
#1361 = CARTESIAN_POINT('',(6.125721350109,-13.14673270477));
#1362 = CARTESIAN_POINT('',(6.119672220801,-13.6555563878));
#1363 = CARTESIAN_POINT('',(6.117039721413,-13.88739443502));
#1364 = CARTESIAN_POINT('',(6.114499123354,-14.12164084876));
#1365 = CARTESIAN_POINT('',(6.112049329505,-14.35814627541));
#1366 = CARTESIAN_POINT('',(6.109689369108,-14.59677348551));
#1367 = CARTESIAN_POINT('',(6.107418379597,-14.8373971053));
#1368 = CARTESIAN_POINT('',(6.09868924464,-15.80719658461));
#1369 = CARTESIAN_POINT('',(6.092937633272,-16.55126338533));
#1370 = CARTESIAN_POINT('',(6.087957449363,-17.30924540663));
#1371 = CARTESIAN_POINT('',(6.083740258229,-18.07863639755));
#1372 = CARTESIAN_POINT('',(6.080284369648,-18.85718709998));
#1373 = CARTESIAN_POINT('',(6.07759455023,-19.64290591667));
#1374 = CARTESIAN_POINT('',(6.07362941585,-21.28413392257));
#1375 = CARTESIAN_POINT('',(6.072475149425,-22.14014597592));
#1376 = CARTESIAN_POINT('',(6.072234619064,-22.99988710525));
#1377 = CARTESIAN_POINT('',(6.072933394964,-23.86083288107));
#1378 = CARTESIAN_POINT('',(6.074604488692,-24.72013678323));
#1379 = CARTESIAN_POINT('',(6.077287185428,-25.57461806782));
#1380 = CARTESIAN_POINT('',(6.082438078659,-26.73825960339));
#1381 = CARTESIAN_POINT('',(6.083993239764,-27.05459541396));
#1382 = CARTESIAN_POINT('',(6.085700560297,-27.36952509228));
#1383 = CARTESIAN_POINT('',(6.087562782372,-27.68282981303));
#1384 = CARTESIAN_POINT('',(6.089582789955,-27.99427154793));
#1385 = CARTESIAN_POINT('',(6.091763615791,-28.30359272996));
#1386 = CARTESIAN_POINT('',(6.096981385473,-28.98656453154));
#1387 = CARTESIAN_POINT('',(6.100100413738,-29.3589984736));
#1388 = CARTESIAN_POINT('',(6.103471459425,-29.72731919537));
#1389 = CARTESIAN_POINT('',(6.10710064027,-30.09094967556));
#1390 = CARTESIAN_POINT('',(6.110994134623,-30.44923619621));
#1391 = CARTESIAN_POINT('',(6.115158160402,-30.80144774099));
#1392 = CARTESIAN_POINT('',(6.124778812695,-31.5495510148));
#1393 = CARTESIAN_POINT('',(6.130334502025,-31.94290385464));
#1394 = CARTESIAN_POINT('',(6.136276537073,-32.32558920044));
#1395 = CARTESIAN_POINT('',(6.142614054033,-32.69607641064));
#1396 = CARTESIAN_POINT('',(6.149354037522,-33.05257193667));
#1397 = CARTESIAN_POINT('',(6.156500517306,-33.39304281175));
#1398 = CARTESIAN_POINT('',(6.169491294971,-33.9471786318));
#1399 = CARTESIAN_POINT('',(6.175138952625,-34.16962160468));
#1400 = CARTESIAN_POINT('',(6.180996402024,-34.38171124968));
#1401 = CARTESIAN_POINT('',(6.187061164064,-34.58249968066));
#1402 = CARTESIAN_POINT('',(6.193328289845,-34.77096888116));
#1403 = CARTESIAN_POINT('',(6.199789807714,-34.94606332993));
#1404 = CARTESIAN_POINT('',(6.216465972864,-35.34932546095));
#1405 = CARTESIAN_POINT('',(6.226922195247,-35.55922187697));
#1406 = CARTESIAN_POINT('',(6.237751083609,-35.7324185399));
#1407 = CARTESIAN_POINT('',(6.248885464127,-35.86534236946));
#1408 = CARTESIAN_POINT('',(6.260241235479,-35.95513851631));
#1409 = CARTESIAN_POINT('',(6.271715906835,-36.));
#1410 = CARTESIAN_POINT('',(6.28318530718,-36.));
#1411 = ( GEOMETRIC_REPRESENTATION_CONTEXT(2) 
PARAMETRIC_REPRESENTATION_CONTEXT() REPRESENTATION_CONTEXT('2D SPACE',''
  ) );
#1412 = ADVANCED_FACE('',(#1413,#1416),#585,.T.);
#1413 = FACE_BOUND('',#1414,.T.);
#1414 = EDGE_LOOP('',(#1415));
#1415 = ORIENTED_EDGE('',*,*,#570,.T.);
#1416 = FACE_BOUND('',#1417,.T.);
#1417 = EDGE_LOOP('',(#1418));
#1418 = ORIENTED_EDGE('',*,*,#1419,.F.);
#1419 = EDGE_CURVE('',#1420,#1420,#1422,.T.);
#1420 = VERTEX_POINT('',#1421);
#1421 = CARTESIAN_POINT('',(72.2,0.,70.));
#1422 = SURFACE_CURVE('',#1423,(#1428,#1435),.PCURVE_S1.);
#1423 = CIRCLE('',#1424,72.2);
#1424 = AXIS2_PLACEMENT_3D('',#1425,#1426,#1427);
#1425 = CARTESIAN_POINT('',(0.,0.,70.));
#1426 = DIRECTION('',(0.,0.,1.));
#1427 = DIRECTION('',(1.,0.,-0.));
#1428 = PCURVE('',#585,#1429);
#1429 = DEFINITIONAL_REPRESENTATION('',(#1430),#1434);
#1430 = CIRCLE('',#1431,72.2);
#1431 = AXIS2_PLACEMENT_2D('',#1432,#1433);
#1432 = CARTESIAN_POINT('',(0.,0.));
#1433 = DIRECTION('',(1.,0.));
#1434 = ( GEOMETRIC_REPRESENTATION_CONTEXT(2) 
PARAMETRIC_REPRESENTATION_CONTEXT() REPRESENTATION_CONTEXT('2D SPACE',''
  ) );
#1435 = PCURVE('',#961,#1436);
#1436 = DEFINITIONAL_REPRESENTATION('',(#1437),#1441);
#1437 = LINE('',#1438,#1439);
#1438 = CARTESIAN_POINT('',(0.,-0.));
#1439 = VECTOR('',#1440,1.);
#1440 = DIRECTION('',(1.,-0.));
#1441 = ( GEOMETRIC_REPRESENTATION_CONTEXT(2) 
PARAMETRIC_REPRESENTATION_CONTEXT() REPRESENTATION_CONTEXT('2D SPACE',''
  ) );
#1442 = ADVANCED_FACE('',(#1443,#1446),#293,.F.);
#1443 = FACE_BOUND('',#1444,.F.);
#1444 = EDGE_LOOP('',(#1445));
#1445 = ORIENTED_EDGE('',*,*,#278,.T.);
#1446 = FACE_BOUND('',#1447,.F.);
#1447 = EDGE_LOOP('',(#1448));
#1448 = ORIENTED_EDGE('',*,*,#1449,.T.);
#1449 = EDGE_CURVE('',#1450,#1450,#1452,.T.);
#1450 = VERTEX_POINT('',#1451);
#1451 = CARTESIAN_POINT('',(58.028571428571,0.,8.));
#1452 = SURFACE_CURVE('',#1453,(#1458,#1469),.PCURVE_S1.);
#1453 = CIRCLE('',#1454,58.028571428571);
#1454 = AXIS2_PLACEMENT_3D('',#1455,#1456,#1457);
#1455 = CARTESIAN_POINT('',(0.,0.,8.));
#1456 = DIRECTION('',(0.,0.,-1.));
#1457 = DIRECTION('',(1.,0.,0.));
#1458 = PCURVE('',#293,#1459);
#1459 = DEFINITIONAL_REPRESENTATION('',(#1460),#1468);
#1460 = ( BOUNDED_CURVE() B_SPLINE_CURVE(2,(#1461,#1462,#1463,#1464,
#1465,#1466,#1467),.UNSPECIFIED.,.T.,.F.) B_SPLINE_CURVE_WITH_KNOTS((1,2
    ,2,2,2,1),(-2.094395102393,0.,2.094395102393,4.188790204786,
6.28318530718,8.377580409573),.UNSPECIFIED.) CURVE() 
GEOMETRIC_REPRESENTATION_ITEM() RATIONAL_B_SPLINE_CURVE((1.,0.5,1.,0.5,
1.,0.5,1.)) REPRESENTATION_ITEM('') );
#1461 = CARTESIAN_POINT('',(58.028571428571,4.221785259317E-17));
#1462 = CARTESIAN_POINT('',(58.028571428571,-100.5084340049));
#1463 = CARTESIAN_POINT('',(-29.01428571428,-50.25421700246));
#1464 = CARTESIAN_POINT('',(-116.0571428571,-1.417068299923E-14));
#1465 = CARTESIAN_POINT('',(-29.01428571428,50.254217002463));
#1466 = CARTESIAN_POINT('',(58.028571428571,100.50843400492));
#1467 = CARTESIAN_POINT('',(58.028571428571,4.221785259317E-17));
#1468 = ( GEOMETRIC_REPRESENTATION_CONTEXT(2) 
PARAMETRIC_REPRESENTATION_CONTEXT() REPRESENTATION_CONTEXT('2D SPACE',''
  ) );
#1469 = PCURVE('',#961,#1470);
#1470 = DEFINITIONAL_REPRESENTATION('',(#1471),#1475);
#1471 = LINE('',#1472,#1473);
#1472 = CARTESIAN_POINT('',(6.28318530718,-62.));
#1473 = VECTOR('',#1474,1.);
#1474 = DIRECTION('',(-1.,-0.));
#1475 = ( GEOMETRIC_REPRESENTATION_CONTEXT(2) 
PARAMETRIC_REPRESENTATION_CONTEXT() REPRESENTATION_CONTEXT('2D SPACE',''
  ) );
#1476 = ADVANCED_FACE('',(#1477),#961,.F.);
#1477 = FACE_BOUND('',#1478,.T.);
#1478 = EDGE_LOOP('',(#1479,#1500,#1501,#1502,#1503,#1524,#1525,#1526,
    #1527));
#1479 = ORIENTED_EDGE('',*,*,#1480,.F.);
#1480 = EDGE_CURVE('',#1420,#876,#1481,.T.);
#1481 = SEAM_CURVE('',#1482,(#1486,#1493),.PCURVE_S1.);
#1482 = LINE('',#1483,#1484);
#1483 = CARTESIAN_POINT('',(72.2,0.,70.));
#1484 = VECTOR('',#1485,1.);
#1485 = DIRECTION('',(-0.222824801502,0.,-0.974858506572));
#1486 = PCURVE('',#961,#1487);
#1487 = DEFINITIONAL_REPRESENTATION('',(#1488),#1492);
#1488 = LINE('',#1489,#1490);
#1489 = CARTESIAN_POINT('',(0.,-0.));
#1490 = VECTOR('',#1491,1.);
#1491 = DIRECTION('',(0.,-1.));
#1492 = ( GEOMETRIC_REPRESENTATION_CONTEXT(2) 
PARAMETRIC_REPRESENTATION_CONTEXT() REPRESENTATION_CONTEXT('2D SPACE',''
  ) );
#1493 = PCURVE('',#961,#1494);
#1494 = DEFINITIONAL_REPRESENTATION('',(#1495),#1499);
#1495 = LINE('',#1496,#1497);
#1496 = CARTESIAN_POINT('',(6.28318530718,-0.));
#1497 = VECTOR('',#1498,1.);
#1498 = DIRECTION('',(0.,-1.));
#1499 = ( GEOMETRIC_REPRESENTATION_CONTEXT(2) 
PARAMETRIC_REPRESENTATION_CONTEXT() REPRESENTATION_CONTEXT('2D SPACE',''
  ) );
#1500 = ORIENTED_EDGE('',*,*,#1419,.T.);
#1501 = ORIENTED_EDGE('',*,*,#1480,.T.);
#1502 = ORIENTED_EDGE('',*,*,#1179,.T.);
#1503 = ORIENTED_EDGE('',*,*,#1504,.T.);
#1504 = EDGE_CURVE('',#1034,#1450,#1505,.T.);
#1505 = SEAM_CURVE('',#1506,(#1510,#1517),.PCURVE_S1.);
#1506 = LINE('',#1507,#1508);
#1507 = CARTESIAN_POINT('',(72.2,0.,70.));
#1508 = VECTOR('',#1509,1.);
#1509 = DIRECTION('',(-0.222824801502,0.,-0.974858506572));
#1510 = PCURVE('',#961,#1511);
#1511 = DEFINITIONAL_REPRESENTATION('',(#1512),#1516);
#1512 = LINE('',#1513,#1514);
#1513 = CARTESIAN_POINT('',(0.,-0.));
#1514 = VECTOR('',#1515,1.);
#1515 = DIRECTION('',(0.,-1.));
#1516 = ( GEOMETRIC_REPRESENTATION_CONTEXT(2) 
PARAMETRIC_REPRESENTATION_CONTEXT() REPRESENTATION_CONTEXT('2D SPACE',''
  ) );
#1517 = PCURVE('',#961,#1518);
#1518 = DEFINITIONAL_REPRESENTATION('',(#1519),#1523);
#1519 = LINE('',#1520,#1521);
#1520 = CARTESIAN_POINT('',(6.28318530718,-0.));
#1521 = VECTOR('',#1522,1.);
#1522 = DIRECTION('',(0.,-1.));
#1523 = ( GEOMETRIC_REPRESENTATION_CONTEXT(2) 
PARAMETRIC_REPRESENTATION_CONTEXT() REPRESENTATION_CONTEXT('2D SPACE',''
  ) );
#1524 = ORIENTED_EDGE('',*,*,#1449,.T.);
#1525 = ORIENTED_EDGE('',*,*,#1504,.F.);
#1526 = ORIENTED_EDGE('',*,*,#1033,.T.);
#1527 = ORIENTED_EDGE('',*,*,#873,.T.);
#1528 = ( GEOMETRIC_REPRESENTATION_CONTEXT(3) 
GLOBAL_UNCERTAINTY_ASSIGNED_CONTEXT((#1532)) 
GLOBAL_UNIT_ASSIGNED_CONTEXT((#1529,#1530,#1531)) REPRESENTATION_CONTEXT
('Context #1','3D Context with UNIT and UNCERTAINTY') );
#1529 = ( LENGTH_UNIT() NAMED_UNIT(*) SI_UNIT(.MILLI.,.METRE.) );
#1530 = ( NAMED_UNIT(*) PLANE_ANGLE_UNIT() SI_UNIT($,.RADIAN.) );
#1531 = ( NAMED_UNIT(*) SI_UNIT($,.STERADIAN.) SOLID_ANGLE_UNIT() );
#1532 = UNCERTAINTY_MEASURE_WITH_UNIT(LENGTH_MEASURE(1.E-07),#1529,
  'distance_accuracy_value','confusion accuracy');
#1533 = CONTEXT_DEPENDENT_SHAPE_REPRESENTATION(#1534,#1536);
#1534 = ( REPRESENTATION_RELATIONSHIP('','',#241,#10) 
REPRESENTATION_RELATIONSHIP_WITH_TRANSFORMATION(#1535) 
SHAPE_REPRESENTATION_RELATIONSHIP() );
#1535 = ITEM_DEFINED_TRANSFORMATION('','',#11,#19);
#1536 = PRODUCT_DEFINITION_SHAPE('Placement','Placement of an item',
  #1537);
#1537 = NEXT_ASSEMBLY_USAGE_OCCURRENCE('2','','',#5,#236,$);
#1538 = PRODUCT_RELATED_PRODUCT_CATEGORY('part',$,(#238));
ENDSEC;
END-ISO-10303-21;
