ISO-10303-21;
HEADER;
FILE_DESCRIPTION(('Open CASCADE Model'),'2;1');
FILE_NAME('Open CASCADE Shape Model','2026-07-28T23:01:10',('Author'),(
    'Open CASCADE'),'Open CASCADE STEP processor 7.9','Open CASCADE 7.9'
  ,'Unknown');
FILE_SCHEMA(('AUTOMOTIVE_DESIGN { 1 0 10303 214 1 1 1 1 }'));
ENDSEC;
DATA;
#1 = APPLICATION_PROTOCOL_DEFINITION('international standard',
  'automotive_design',2000,#2);
#2 = APPLICATION_CONTEXT(
  'core data for automotive mechanical design processes');
#3 = SHAPE_DEFINITION_REPRESENTATION(#4,#10);
#4 = PRODUCT_DEFINITION_SHAPE('','',#5);
#5 = PRODUCT_DEFINITION('design','',#6,#9);
#6 = PRODUCT_DEFINITION_FORMATION('','',#7);
#7 = PRODUCT('Open CASCADE STEP translator 7.9 2',
  'Open CASCADE STEP translator 7.9 2','',(#8));
#8 = PRODUCT_CONTEXT('',#2,'mechanical');
#9 = PRODUCT_DEFINITION_CONTEXT('part definition',#2,'design');
#10 = ADVANCED_BREP_SHAPE_REPRESENTATION('',(#11,#15),#12881);
#11 = AXIS2_PLACEMENT_3D('',#12,#13,#14);
#12 = CARTESIAN_POINT('',(0.,0.,0.));
#13 = DIRECTION('',(0.,0.,1.));
#14 = DIRECTION('',(1.,0.,-0.));
#15 = MANIFOLD_SOLID_BREP('',#16);
#16 = CLOSED_SHELL('',(#17,#139,#3770,#3822,#8047,#8072,#8079,#8152,
    #8177,#8202,#8227,#8252,#8279,#8306,#8334,#8381,#8406,#8431,#8456,
    #8481,#8508,#8535,#8542,#8589,#8614,#8639,#8664,#8689,#8716,#8743,
    #8750,#8823,#8848,#8873,#8898,#8923,#8950,#8977,#9005,#9052,#9077,
    #9102,#9127,#9152,#9179,#9206,#9213,#9286,#9311,#9336,#9361,#9386,
    #9413,#9440,#9468,#9495,#9542,#9567,#9592,#9617,#9642,#9669,#9696,
    #9703,#9776,#9801,#9826,#9851,#9876,#9903,#9930,#9958,#10001,#10028,
    #10055,#10082,#10109,#10134,#10159,#10184,#10209,#10236,#10263,
    #10290,#10317,#10342,#10367,#10374,#10401,#10474,#10499,#10524,
    #10549,#10574,#10601,#10628,#10656,#10703,#10728,#10753,#10778,
    #10803,#10830,#10857,#10864,#10911,#10936,#10961,#10986,#11011,
    #11038,#11065,#11072,#11145,#11170,#11195,#11220,#11245,#11272,
    #11299,#11327,#11425,#11474,#11545,#11572,#11670,#11719,#11790,
    #11817,#11915,#11964,#12035,#12062,#12160,#12209,#12280,#12307,
    #12405,#12454,#12525,#12552,#12650,#12699,#12770,#12797,#12804,
    #12811,#12818,#12825,#12832,#12839,#12846,#12853,#12860,#12867,
    #12874));
#17 = ADVANCED_FACE('',(#18),#33,.T.);
#18 = FACE_BOUND('',#19,.F.);
#19 = EDGE_LOOP('',(#20,#56,#82,#115));
#20 = ORIENTED_EDGE('',*,*,#21,.F.);
#21 = EDGE_CURVE('',#22,#24,#26,.T.);
#22 = VERTEX_POINT('',#23);
#23 = CARTESIAN_POINT('',(58.530667396473,38.394803999024,0.));
#24 = VERTEX_POINT('',#25);
#25 = CARTESIAN_POINT('',(-58.53066739647,38.394803999024,0.));
#26 = SURFACE_CURVE('',#27,(#32,#44),.PCURVE_S1.);
#27 = CIRCLE('',#28,70.);
#28 = AXIS2_PLACEMENT_3D('',#29,#30,#31);
#29 = CARTESIAN_POINT('',(0.,0.,0.));
#30 = DIRECTION('',(0.,-0.,1.));
#31 = DIRECTION('',(0.836152391378,0.548497199986,0.));
#32 = PCURVE('',#33,#38);
#33 = CYLINDRICAL_SURFACE('',#34,70.);
#34 = AXIS2_PLACEMENT_3D('',#35,#36,#37);
#35 = CARTESIAN_POINT('',(0.,0.,0.));
#36 = DIRECTION('',(-0.,-0.,-1.));
#37 = DIRECTION('',(1.,0.,0.));
#38 = DEFINITIONAL_REPRESENTATION('',(#39),#43);
#39 = LINE('',#40,#41);
#40 = CARTESIAN_POINT('',(-0.580565896121,0.));
#41 = VECTOR('',#42,1.);
#42 = DIRECTION('',(-1.,0.));
#43 = ( GEOMETRIC_REPRESENTATION_CONTEXT(2) 
PARAMETRIC_REPRESENTATION_CONTEXT() REPRESENTATION_CONTEXT('2D SPACE',''
  ) );
#44 = PCURVE('',#45,#50);
#45 = PLANE('',#46);
#46 = AXIS2_PLACEMENT_3D('',#47,#48,#49);
#47 = CARTESIAN_POINT('',(-2.500461956644E-15,2.143414715277E-15,0.));
#48 = DIRECTION('',(0.,0.,1.));
#49 = DIRECTION('',(1.,0.,-0.));
#50 = DEFINITIONAL_REPRESENTATION('',(#51),#55);
#51 = CIRCLE('',#52,70.);
#52 = AXIS2_PLACEMENT_2D('',#53,#54);
#53 = CARTESIAN_POINT('',(2.500461956644E-15,-2.143414715277E-15));
#54 = DIRECTION('',(0.836152391378,0.548497199986));
#55 = ( GEOMETRIC_REPRESENTATION_CONTEXT(2) 
PARAMETRIC_REPRESENTATION_CONTEXT() REPRESENTATION_CONTEXT('2D SPACE',''
  ) );
#56 = ORIENTED_EDGE('',*,*,#57,.F.);
#57 = EDGE_CURVE('',#58,#22,#60,.T.);
#58 = VERTEX_POINT('',#59);
#59 = CARTESIAN_POINT('',(58.530667396472,38.394803999024,6.));
#60 = SURFACE_CURVE('',#61,(#65,#71),.PCURVE_S1.);
#61 = LINE('',#62,#63);
#62 = CARTESIAN_POINT('',(58.530667396473,38.394803999024,0.));
#63 = VECTOR('',#64,1.);
#64 = DIRECTION('',(-0.,-0.,-1.));
#65 = PCURVE('',#33,#66);
#66 = DEFINITIONAL_REPRESENTATION('',(#67),#70);
#67 = B_SPLINE_CURVE_WITH_KNOTS('',1,(#68,#69),.UNSPECIFIED.,.F.,.F.,(2,
    2),(-6.,0.),.PIECEWISE_BEZIER_KNOTS.);
#68 = CARTESIAN_POINT('',(-0.580565896121,-6.));
#69 = CARTESIAN_POINT('',(-0.580565896121,0.));
#70 = ( GEOMETRIC_REPRESENTATION_CONTEXT(2) 
PARAMETRIC_REPRESENTATION_CONTEXT() REPRESENTATION_CONTEXT('2D SPACE',''
  ) );
#71 = PCURVE('',#72,#77);
#72 = CYLINDRICAL_SURFACE('',#73,4.);
#73 = AXIS2_PLACEMENT_3D('',#74,#75,#76);
#74 = CARTESIAN_POINT('',(60.229173869122,34.773329746406,6.));
#75 = DIRECTION('',(0.,0.,-1.));
#76 = DIRECTION('',(-1.,0.,0.));
#77 = DEFINITIONAL_REPRESENTATION('',(#78),#81);
#78 = B_SPLINE_CURVE_WITH_KNOTS('',1,(#79,#80),.UNSPECIFIED.,.F.,.F.,(2,
    2),(-6.,0.),.PIECEWISE_BEZIER_KNOTS.);
#79 = CARTESIAN_POINT('',(7.415432196931,0.));
#80 = CARTESIAN_POINT('',(7.415432196931,6.));
#81 = ( GEOMETRIC_REPRESENTATION_CONTEXT(2) 
PARAMETRIC_REPRESENTATION_CONTEXT() REPRESENTATION_CONTEXT('2D SPACE',''
  ) );
#82 = ORIENTED_EDGE('',*,*,#83,.F.);
#83 = EDGE_CURVE('',#84,#58,#86,.T.);
#84 = VERTEX_POINT('',#85);
#85 = CARTESIAN_POINT('',(-58.53066739647,38.394803999024,6.));
#86 = SURFACE_CURVE('',#87,(#92,#99),.PCURVE_S1.);
#87 = CIRCLE('',#88,70.);
#88 = AXIS2_PLACEMENT_3D('',#89,#90,#91);
#89 = CARTESIAN_POINT('',(0.,0.,6.));
#90 = DIRECTION('',(0.,0.,-1.));
#91 = DIRECTION('',(0.893088704782,0.449880612376,0.));
#92 = PCURVE('',#33,#93);
#93 = DEFINITIONAL_REPRESENTATION('',(#94),#98);
#94 = LINE('',#95,#96);
#95 = CARTESIAN_POINT('',(-6.749816962256,-6.));
#96 = VECTOR('',#97,1.);
#97 = DIRECTION('',(1.,-0.));
#98 = ( GEOMETRIC_REPRESENTATION_CONTEXT(2) 
PARAMETRIC_REPRESENTATION_CONTEXT() REPRESENTATION_CONTEXT('2D SPACE',''
  ) );
#99 = PCURVE('',#100,#105);
#100 = PLANE('',#101);
#101 = AXIS2_PLACEMENT_3D('',#102,#103,#104);
#102 = CARTESIAN_POINT('',(-2.500461956644E-15,2.143414715277E-15,6.));
#103 = DIRECTION('',(0.,0.,1.));
#104 = DIRECTION('',(1.,0.,-0.));
#105 = DEFINITIONAL_REPRESENTATION('',(#106),#114);
#106 = ( BOUNDED_CURVE() B_SPLINE_CURVE(2,(#107,#108,#109,#110,#111,#112
,#113),.UNSPECIFIED.,.T.,.F.) B_SPLINE_CURVE_WITH_KNOTS((1,2,2,2,2,1),(
    -2.094395102393,0.,2.094395102393,4.188790204786,6.28318530718,
8.377580409573),.UNSPECIFIED.) CURVE() GEOMETRIC_REPRESENTATION_ITEM() 
RATIONAL_B_SPLINE_CURVE((1.,0.5,1.,0.5,1.,0.5,1.)) REPRESENTATION_ITEM(
  '') );
#107 = CARTESIAN_POINT('',(62.516209334715,31.491642866292));
#108 = CARTESIAN_POINT('',(117.06133479294,-76.78960799804));
#109 = CARTESIAN_POINT('',(-3.985541938242,-69.88644686531));
#110 = CARTESIAN_POINT('',(-125.0324186694,-62.98328573258));
#111 = CARTESIAN_POINT('',(-58.53066739647,38.394803999023));
#112 = CARTESIAN_POINT('',(7.971083876483,139.77289373063));
#113 = CARTESIAN_POINT('',(62.516209334715,31.491642866292));
#114 = ( GEOMETRIC_REPRESENTATION_CONTEXT(2) 
PARAMETRIC_REPRESENTATION_CONTEXT() REPRESENTATION_CONTEXT('2D SPACE',''
  ) );
#115 = ORIENTED_EDGE('',*,*,#116,.T.);
#116 = EDGE_CURVE('',#84,#24,#117,.T.);
#117 = SURFACE_CURVE('',#118,(#122,#128),.PCURVE_S1.);
#118 = LINE('',#119,#120);
#119 = CARTESIAN_POINT('',(-58.53066739647,38.394803999024,0.));
#120 = VECTOR('',#121,1.);
#121 = DIRECTION('',(-0.,-0.,-1.));
#122 = PCURVE('',#33,#123);
#123 = DEFINITIONAL_REPRESENTATION('',(#124),#127);
#124 = B_SPLINE_CURVE_WITH_KNOTS('',1,(#125,#126),.UNSPECIFIED.,.F.,.F.,
  (2,2),(-6.0000006,6.E-07),.PIECEWISE_BEZIER_KNOTS.);
#125 = CARTESIAN_POINT('',(-2.561026757469,-6.0000006));
#126 = CARTESIAN_POINT('',(-2.561026757469,6.E-07));
#127 = ( GEOMETRIC_REPRESENTATION_CONTEXT(2) 
PARAMETRIC_REPRESENTATION_CONTEXT() REPRESENTATION_CONTEXT('2D SPACE',''
  ) );
#128 = PCURVE('',#129,#134);
#129 = CYLINDRICAL_SURFACE('',#130,4.);
#130 = AXIS2_PLACEMENT_3D('',#131,#132,#133);
#131 = CARTESIAN_POINT('',(-60.22917386912,34.773329746406,6.));
#132 = DIRECTION('',(0.,0.,-1.));
#133 = DIRECTION('',(-1.,0.,0.));
#134 = DEFINITIONAL_REPRESENTATION('',(#135),#138);
#135 = B_SPLINE_CURVE_WITH_KNOTS('',1,(#136,#137),.UNSPECIFIED.,.F.,.F.,
  (2,2),(-6.0000006,6.E-07),.PIECEWISE_BEZIER_KNOTS.);
#136 = CARTESIAN_POINT('',(2.009345763838,-5.999999990181E-07));
#137 = CARTESIAN_POINT('',(2.009345763838,6.0000006));
#138 = ( GEOMETRIC_REPRESENTATION_CONTEXT(2) 
PARAMETRIC_REPRESENTATION_CONTEXT() REPRESENTATION_CONTEXT('2D SPACE',''
  ) );
#139 = ADVANCED_FACE('',(#140,#222,#474,#726,#978,#1230,#1482,#1734,
    #1769,#2021,#2273,#2727,#2762,#3014,#3266,#3518),#45,.F.);
#140 = FACE_BOUND('',#141,.F.);
#141 = EDGE_LOOP('',(#142,#166,#167,#195));
#142 = ORIENTED_EDGE('',*,*,#143,.F.);
#143 = EDGE_CURVE('',#22,#144,#146,.T.);
#144 = VERTEX_POINT('',#145);
#145 = CARTESIAN_POINT('',(62.516209334715,31.491642866291,0.));
#146 = SURFACE_CURVE('',#147,(#152,#159),.PCURVE_S1.);
#147 = CIRCLE('',#148,4.);
#148 = AXIS2_PLACEMENT_3D('',#149,#150,#151);
#149 = CARTESIAN_POINT('',(60.229173869122,34.773329746406,0.));
#150 = DIRECTION('',(0.,0.,1.));
#151 = DIRECTION('',(-0.424626618162,0.905368563154,0.));
#152 = PCURVE('',#45,#153);
#153 = DEFINITIONAL_REPRESENTATION('',(#154),#158);
#154 = CIRCLE('',#155,4.);
#155 = AXIS2_PLACEMENT_2D('',#156,#157);
#156 = CARTESIAN_POINT('',(60.229173869122,34.773329746406));
#157 = DIRECTION('',(-0.424626618162,0.905368563154));
#158 = ( GEOMETRIC_REPRESENTATION_CONTEXT(2) 
PARAMETRIC_REPRESENTATION_CONTEXT() REPRESENTATION_CONTEXT('2D SPACE',''
  ) );
#159 = PCURVE('',#72,#160);
#160 = DEFINITIONAL_REPRESENTATION('',(#161),#165);
#161 = LINE('',#162,#163);
#162 = CARTESIAN_POINT('',(7.415432196931,6.));
#163 = VECTOR('',#164,1.);
#164 = DIRECTION('',(-1.,-0.));
#165 = ( GEOMETRIC_REPRESENTATION_CONTEXT(2) 
PARAMETRIC_REPRESENTATION_CONTEXT() REPRESENTATION_CONTEXT('2D SPACE',''
  ) );
#166 = ORIENTED_EDGE('',*,*,#21,.T.);
#167 = ORIENTED_EDGE('',*,*,#168,.T.);
#168 = EDGE_CURVE('',#24,#169,#171,.T.);
#169 = VERTEX_POINT('',#170);
#170 = CARTESIAN_POINT('',(-62.51620933471,31.491642866291,0.));
#171 = SURFACE_CURVE('',#172,(#177,#188),.PCURVE_S1.);
#172 = CIRCLE('',#173,4.);
#173 = AXIS2_PLACEMENT_3D('',#174,#175,#176);
#174 = CARTESIAN_POINT('',(-60.22917386912,34.773329746406,0.));
#175 = DIRECTION('',(0.,0.,-1.));
#176 = DIRECTION('',(-1.,0.,0.));
#177 = PCURVE('',#45,#178);
#178 = DEFINITIONAL_REPRESENTATION('',(#179),#187);
#179 = ( BOUNDED_CURVE() B_SPLINE_CURVE(2,(#180,#181,#182,#183,#184,#185
,#186),.UNSPECIFIED.,.T.,.F.) B_SPLINE_CURVE_WITH_KNOTS((1,2,2,2,2,1),(
    -2.094395102393,0.,2.094395102393,4.188790204786,6.28318530718,
8.377580409573),.UNSPECIFIED.) CURVE() GEOMETRIC_REPRESENTATION_ITEM() 
RATIONAL_B_SPLINE_CURVE((1.,0.5,1.,0.5,1.,0.5,1.)) REPRESENTATION_ITEM(
  '') );
#180 = CARTESIAN_POINT('',(-64.22917386912,34.773329746406));
#181 = CARTESIAN_POINT('',(-64.22917386912,41.701532976682));
#182 = CARTESIAN_POINT('',(-58.22917386912,38.237431361544));
#183 = CARTESIAN_POINT('',(-52.22917386912,34.773329746406));
#184 = CARTESIAN_POINT('',(-58.22917386912,31.309228131269));
#185 = CARTESIAN_POINT('',(-64.22917386912,27.845126516131));
#186 = CARTESIAN_POINT('',(-64.22917386912,34.773329746406));
#187 = ( GEOMETRIC_REPRESENTATION_CONTEXT(2) 
PARAMETRIC_REPRESENTATION_CONTEXT() REPRESENTATION_CONTEXT('2D SPACE',''
  ) );
#188 = PCURVE('',#129,#189);
#189 = DEFINITIONAL_REPRESENTATION('',(#190),#194);
#190 = LINE('',#191,#192);
#191 = CARTESIAN_POINT('',(0.,6.));
#192 = VECTOR('',#193,1.);
#193 = DIRECTION('',(1.,0.));
#194 = ( GEOMETRIC_REPRESENTATION_CONTEXT(2) 
PARAMETRIC_REPRESENTATION_CONTEXT() REPRESENTATION_CONTEXT('2D SPACE',''
  ) );
#195 = ORIENTED_EDGE('',*,*,#196,.T.);
#196 = EDGE_CURVE('',#169,#144,#197,.T.);
#197 = SURFACE_CURVE('',#198,(#203,#210),.PCURVE_S1.);
#198 = CIRCLE('',#199,70.);
#199 = AXIS2_PLACEMENT_3D('',#200,#201,#202);
#200 = CARTESIAN_POINT('',(0.,0.,0.));
#201 = DIRECTION('',(0.,-0.,1.));
#202 = DIRECTION('',(0.836152391378,0.548497199986,0.));
#203 = PCURVE('',#45,#204);
#204 = DEFINITIONAL_REPRESENTATION('',(#205),#209);
#205 = CIRCLE('',#206,70.);
#206 = AXIS2_PLACEMENT_2D('',#207,#208);
#207 = CARTESIAN_POINT('',(2.500461956644E-15,-2.143414715277E-15));
#208 = DIRECTION('',(0.836152391378,0.548497199986));
#209 = ( GEOMETRIC_REPRESENTATION_CONTEXT(2) 
PARAMETRIC_REPRESENTATION_CONTEXT() REPRESENTATION_CONTEXT('2D SPACE',''
  ) );
#210 = PCURVE('',#211,#216);
#211 = CYLINDRICAL_SURFACE('',#212,70.);
#212 = AXIS2_PLACEMENT_3D('',#213,#214,#215);
#213 = CARTESIAN_POINT('',(0.,0.,0.));
#214 = DIRECTION('',(-0.,-0.,-1.));
#215 = DIRECTION('',(1.,0.,0.));
#216 = DEFINITIONAL_REPRESENTATION('',(#217),#221);
#217 = LINE('',#218,#219);
#218 = CARTESIAN_POINT('',(-0.580565896121,0.));
#219 = VECTOR('',#220,1.);
#220 = DIRECTION('',(-1.,0.));
#221 = ( GEOMETRIC_REPRESENTATION_CONTEXT(2) 
PARAMETRIC_REPRESENTATION_CONTEXT() REPRESENTATION_CONTEXT('2D SPACE',''
  ) );
#222 = FACE_BOUND('',#223,.F.);
#223 = EDGE_LOOP('',(#224,#252,#285,#318,#351,#377,#410,#443));
#224 = ORIENTED_EDGE('',*,*,#225,.F.);
#225 = EDGE_CURVE('',#226,#228,#230,.T.);
#226 = VERTEX_POINT('',#227);
#227 = CARTESIAN_POINT('',(-22.51615427318,-42.59912319222,0.));
#228 = VERTEX_POINT('',#229);
#229 = CARTESIAN_POINT('',(-25.63384572681,-40.79912319222,0.));
#230 = SURFACE_CURVE('',#231,(#235,#241),.PCURVE_S1.);
#231 = LINE('',#232,#233);
#232 = CARTESIAN_POINT('',(-24.8544228634,-41.24912319222,0.));
#233 = VECTOR('',#234,1.);
#234 = DIRECTION('',(-0.866025403784,0.5,0.));
#235 = PCURVE('',#45,#236);
#236 = DEFINITIONAL_REPRESENTATION('',(#237),#240);
#237 = B_SPLINE_CURVE_WITH_KNOTS('',1,(#238,#239),.UNSPECIFIED.,.F.,.F.,
  (2,2),(-2.7,0.9),.PIECEWISE_BEZIER_KNOTS.);
#238 = CARTESIAN_POINT('',(-22.51615427318,-42.59912319222));
#239 = CARTESIAN_POINT('',(-25.63384572681,-40.79912319222));
#240 = ( GEOMETRIC_REPRESENTATION_CONTEXT(2) 
PARAMETRIC_REPRESENTATION_CONTEXT() REPRESENTATION_CONTEXT('2D SPACE',''
  ) );
#241 = PCURVE('',#242,#247);
#242 = PLANE('',#243);
#243 = AXIS2_PLACEMENT_3D('',#244,#245,#246);
#244 = CARTESIAN_POINT('',(-25.63384572681,-40.79912319222,-5.E-02));
#245 = DIRECTION('',(0.5,0.866025403784,-0.));
#246 = DIRECTION('',(0.866025403784,-0.5,0.));
#247 = DEFINITIONAL_REPRESENTATION('',(#248),#251);
#248 = B_SPLINE_CURVE_WITH_KNOTS('',1,(#249,#250),.UNSPECIFIED.,.F.,.F.,
  (2,2),(-2.7,0.9),.PIECEWISE_BEZIER_KNOTS.);
#249 = CARTESIAN_POINT('',(3.6,-5.E-02));
#250 = CARTESIAN_POINT('',(0.,-5.E-02));
#251 = ( GEOMETRIC_REPRESENTATION_CONTEXT(2) 
PARAMETRIC_REPRESENTATION_CONTEXT() REPRESENTATION_CONTEXT('2D SPACE',''
  ) );
#252 = ORIENTED_EDGE('',*,*,#253,.T.);
#253 = EDGE_CURVE('',#226,#254,#256,.T.);
#254 = VERTEX_POINT('',#255);
#255 = CARTESIAN_POINT('',(-20.62147102584,-46.41552415936,0.));
#256 = SURFACE_CURVE('',#257,(#262,#273),.PCURVE_S1.);
#257 = CIRCLE('',#258,3.85);
#258 = AXIS2_PLACEMENT_3D('',#259,#260,#261);
#259 = CARTESIAN_POINT('',(-24.44115427318,-45.93332099679,0.));
#260 = DIRECTION('',(0.,0.,-1.));
#261 = DIRECTION('',(0.5,0.866025403784,0.));
#262 = PCURVE('',#45,#263);
#263 = DEFINITIONAL_REPRESENTATION('',(#264),#272);
#264 = ( BOUNDED_CURVE() B_SPLINE_CURVE(2,(#265,#266,#267,#268,#269,#270
,#271),.UNSPECIFIED.,.T.,.F.) B_SPLINE_CURVE_WITH_KNOTS((1,2,2,2,2,1),(
    -2.094395102393,0.,2.094395102393,4.188790204786,6.28318530718,
8.377580409573),.UNSPECIFIED.) CURVE() GEOMETRIC_REPRESENTATION_ITEM() 
RATIONAL_B_SPLINE_CURVE((1.,0.5,1.,0.5,1.,0.5,1.)) REPRESENTATION_ITEM(
  '') );
#265 = CARTESIAN_POINT('',(-22.51615427318,-42.59912319222));
#266 = CARTESIAN_POINT('',(-16.74115427318,-45.93332099679));
#267 = CARTESIAN_POINT('',(-22.51615427318,-49.26751880136));
#268 = CARTESIAN_POINT('',(-28.29115427318,-52.60171660593));
#269 = CARTESIAN_POINT('',(-28.29115427318,-45.93332099679));
#270 = CARTESIAN_POINT('',(-28.29115427318,-39.26492538765));
#271 = CARTESIAN_POINT('',(-22.51615427318,-42.59912319222));
#272 = ( GEOMETRIC_REPRESENTATION_CONTEXT(2) 
PARAMETRIC_REPRESENTATION_CONTEXT() REPRESENTATION_CONTEXT('2D SPACE',''
  ) );
#273 = PCURVE('',#274,#279);
#274 = CYLINDRICAL_SURFACE('',#275,3.85);
#275 = AXIS2_PLACEMENT_3D('',#276,#277,#278);
#276 = CARTESIAN_POINT('',(-24.44115427318,-45.93332099679,-5.E-02));
#277 = DIRECTION('',(0.,0.,-1.));
#278 = DIRECTION('',(0.5,0.866025403784,0.));
#279 = DEFINITIONAL_REPRESENTATION('',(#280),#284);
#280 = LINE('',#281,#282);
#281 = CARTESIAN_POINT('',(0.,-5.E-02));
#282 = VECTOR('',#283,1.);
#283 = DIRECTION('',(1.,0.));
#284 = ( GEOMETRIC_REPRESENTATION_CONTEXT(2) 
PARAMETRIC_REPRESENTATION_CONTEXT() REPRESENTATION_CONTEXT('2D SPACE',''
  ) );
#285 = ORIENTED_EDGE('',*,*,#286,.T.);
#286 = EDGE_CURVE('',#254,#287,#289,.T.);
#287 = VERTEX_POINT('',#288);
#288 = CARTESIAN_POINT('',(-22.11371246094,-49.00016214211,0.));
#289 = SURFACE_CURVE('',#290,(#295,#306),.PCURVE_S1.);
#290 = CIRCLE('',#291,2.2);
#291 = AXIS2_PLACEMENT_3D('',#292,#293,#294);
#292 = CARTESIAN_POINT('',(-22.76756018037,-46.89957099679,0.));
#293 = DIRECTION('',(0.,0.,-1.));
#294 = DIRECTION('',(0.5,0.866025403784,0.));
#295 = PCURVE('',#45,#296);
#296 = DEFINITIONAL_REPRESENTATION('',(#297),#305);
#297 = ( BOUNDED_CURVE() B_SPLINE_CURVE(2,(#298,#299,#300,#301,#302,#303
,#304),.UNSPECIFIED.,.T.,.F.) B_SPLINE_CURVE_WITH_KNOTS((1,2,2,2,2,1),(
    -2.094395102393,0.,2.094395102393,4.188790204786,6.28318530718,
8.377580409573),.UNSPECIFIED.) CURVE() GEOMETRIC_REPRESENTATION_ITEM() 
RATIONAL_B_SPLINE_CURVE((1.,0.5,1.,0.5,1.,0.5,1.)) REPRESENTATION_ITEM(
  '') );
#298 = CARTESIAN_POINT('',(-21.66756018037,-44.99431510846));
#299 = CARTESIAN_POINT('',(-18.36756018037,-46.89957099679));
#300 = CARTESIAN_POINT('',(-21.66756018037,-48.80482688511));
#301 = CARTESIAN_POINT('',(-24.96756018037,-50.71008277344));
#302 = CARTESIAN_POINT('',(-24.96756018037,-46.89957099679));
#303 = CARTESIAN_POINT('',(-24.96756018037,-43.08905922013));
#304 = CARTESIAN_POINT('',(-21.66756018037,-44.99431510846));
#305 = ( GEOMETRIC_REPRESENTATION_CONTEXT(2) 
PARAMETRIC_REPRESENTATION_CONTEXT() REPRESENTATION_CONTEXT('2D SPACE',''
  ) );
#306 = PCURVE('',#307,#312);
#307 = CYLINDRICAL_SURFACE('',#308,2.2);
#308 = AXIS2_PLACEMENT_3D('',#309,#310,#311);
#309 = CARTESIAN_POINT('',(-22.76756018037,-46.89957099679,-5.E-02));
#310 = DIRECTION('',(0.,0.,-1.));
#311 = DIRECTION('',(0.5,0.866025403784,0.));
#312 = DEFINITIONAL_REPRESENTATION('',(#313),#317);
#313 = LINE('',#314,#315);
#314 = CARTESIAN_POINT('',(0.,-5.E-02));
#315 = VECTOR('',#316,1.);
#316 = DIRECTION('',(1.,0.));
#317 = ( GEOMETRIC_REPRESENTATION_CONTEXT(2) 
PARAMETRIC_REPRESENTATION_CONTEXT() REPRESENTATION_CONTEXT('2D SPACE',''
  ) );
#318 = ORIENTED_EDGE('',*,*,#319,.T.);
#319 = EDGE_CURVE('',#287,#320,#322,.T.);
#320 = VERTEX_POINT('',#321);
#321 = CARTESIAN_POINT('',(-26.36615427318,-49.26751880136,0.));
#322 = SURFACE_CURVE('',#323,(#328,#339),.PCURVE_S1.);
#323 = CIRCLE('',#324,3.85);
#324 = AXIS2_PLACEMENT_3D('',#325,#326,#327);
#325 = CARTESIAN_POINT('',(-24.44115427318,-45.93332099679,0.));
#326 = DIRECTION('',(0.,0.,-1.));
#327 = DIRECTION('',(0.5,0.866025403784,0.));
#328 = PCURVE('',#45,#329);
#329 = DEFINITIONAL_REPRESENTATION('',(#330),#338);
#330 = ( BOUNDED_CURVE() B_SPLINE_CURVE(2,(#331,#332,#333,#334,#335,#336
,#337),.UNSPECIFIED.,.T.,.F.) B_SPLINE_CURVE_WITH_KNOTS((1,2,2,2,2,1),(
    -2.094395102393,0.,2.094395102393,4.188790204786,6.28318530718,
8.377580409573),.UNSPECIFIED.) CURVE() GEOMETRIC_REPRESENTATION_ITEM() 
RATIONAL_B_SPLINE_CURVE((1.,0.5,1.,0.5,1.,0.5,1.)) REPRESENTATION_ITEM(
  '') );
#331 = CARTESIAN_POINT('',(-22.51615427318,-42.59912319222));
#332 = CARTESIAN_POINT('',(-16.74115427318,-45.93332099679));
#333 = CARTESIAN_POINT('',(-22.51615427318,-49.26751880136));
#334 = CARTESIAN_POINT('',(-28.29115427318,-52.60171660593));
#335 = CARTESIAN_POINT('',(-28.29115427318,-45.93332099679));
#336 = CARTESIAN_POINT('',(-28.29115427318,-39.26492538765));
#337 = CARTESIAN_POINT('',(-22.51615427318,-42.59912319222));
#338 = ( GEOMETRIC_REPRESENTATION_CONTEXT(2) 
PARAMETRIC_REPRESENTATION_CONTEXT() REPRESENTATION_CONTEXT('2D SPACE',''
  ) );
#339 = PCURVE('',#340,#345);
#340 = CYLINDRICAL_SURFACE('',#341,3.85);
#341 = AXIS2_PLACEMENT_3D('',#342,#343,#344);
#342 = CARTESIAN_POINT('',(-24.44115427318,-45.93332099679,-5.E-02));
#343 = DIRECTION('',(0.,0.,-1.));
#344 = DIRECTION('',(0.5,0.866025403784,0.));
#345 = DEFINITIONAL_REPRESENTATION('',(#346),#350);
#346 = LINE('',#347,#348);
#347 = CARTESIAN_POINT('',(0.,-5.E-02));
#348 = VECTOR('',#349,1.);
#349 = DIRECTION('',(1.,0.));
#350 = ( GEOMETRIC_REPRESENTATION_CONTEXT(2) 
PARAMETRIC_REPRESENTATION_CONTEXT() REPRESENTATION_CONTEXT('2D SPACE',''
  ) );
#351 = ORIENTED_EDGE('',*,*,#352,.F.);
#352 = EDGE_CURVE('',#353,#320,#355,.T.);
#353 = VERTEX_POINT('',#354);
#354 = CARTESIAN_POINT('',(-29.48384572681,-47.46751880136,0.));
#355 = SURFACE_CURVE('',#356,(#360,#366),.PCURVE_S1.);
#356 = LINE('',#357,#358);
#357 = CARTESIAN_POINT('',(-27.14557713659,-48.81751880136,0.));
#358 = VECTOR('',#359,1.);
#359 = DIRECTION('',(0.866025403784,-0.5,0.));
#360 = PCURVE('',#45,#361);
#361 = DEFINITIONAL_REPRESENTATION('',(#362),#365);
#362 = B_SPLINE_CURVE_WITH_KNOTS('',1,(#363,#364),.UNSPECIFIED.,.F.,.F.,
  (2,2),(-2.7,0.9),.PIECEWISE_BEZIER_KNOTS.);
#363 = CARTESIAN_POINT('',(-29.48384572681,-47.46751880136));
#364 = CARTESIAN_POINT('',(-26.36615427318,-49.26751880136));
#365 = ( GEOMETRIC_REPRESENTATION_CONTEXT(2) 
PARAMETRIC_REPRESENTATION_CONTEXT() REPRESENTATION_CONTEXT('2D SPACE',''
  ) );
#366 = PCURVE('',#367,#372);
#367 = PLANE('',#368);
#368 = AXIS2_PLACEMENT_3D('',#369,#370,#371);
#369 = CARTESIAN_POINT('',(-26.36615427318,-49.26751880136,-5.E-02));
#370 = DIRECTION('',(-0.5,-0.866025403784,0.));
#371 = DIRECTION('',(-0.866025403784,0.5,0.));
#372 = DEFINITIONAL_REPRESENTATION('',(#373),#376);
#373 = B_SPLINE_CURVE_WITH_KNOTS('',1,(#374,#375),.UNSPECIFIED.,.F.,.F.,
  (2,2),(-2.7,0.9),.PIECEWISE_BEZIER_KNOTS.);
#374 = CARTESIAN_POINT('',(3.6,-5.E-02));
#375 = CARTESIAN_POINT('',(0.,-5.E-02));
#376 = ( GEOMETRIC_REPRESENTATION_CONTEXT(2) 
PARAMETRIC_REPRESENTATION_CONTEXT() REPRESENTATION_CONTEXT('2D SPACE',''
  ) );
#377 = ORIENTED_EDGE('',*,*,#378,.T.);
#378 = EDGE_CURVE('',#353,#379,#381,.T.);
#379 = VERTEX_POINT('',#380);
#380 = CARTESIAN_POINT('',(-31.37852897415,-43.65111783422,0.));
#381 = SURFACE_CURVE('',#382,(#387,#398),.PCURVE_S1.);
#382 = CIRCLE('',#383,3.85);
#383 = AXIS2_PLACEMENT_3D('',#384,#385,#386);
#384 = CARTESIAN_POINT('',(-27.55884572681,-44.13332099679,0.));
#385 = DIRECTION('',(-0.,0.,-1.));
#386 = DIRECTION('',(-0.5,-0.866025403784,0.));
#387 = PCURVE('',#45,#388);
#388 = DEFINITIONAL_REPRESENTATION('',(#389),#397);
#389 = ( BOUNDED_CURVE() B_SPLINE_CURVE(2,(#390,#391,#392,#393,#394,#395
,#396),.UNSPECIFIED.,.T.,.F.) B_SPLINE_CURVE_WITH_KNOTS((1,2,2,2,2,1),(
    -2.094395102393,0.,2.094395102393,4.188790204786,6.28318530718,
8.377580409573),.UNSPECIFIED.) CURVE() GEOMETRIC_REPRESENTATION_ITEM() 
RATIONAL_B_SPLINE_CURVE((1.,0.5,1.,0.5,1.,0.5,1.)) REPRESENTATION_ITEM(
  '') );
#390 = CARTESIAN_POINT('',(-29.48384572681,-47.46751880136));
#391 = CARTESIAN_POINT('',(-35.25884572681,-44.13332099679));
#392 = CARTESIAN_POINT('',(-29.48384572681,-40.79912319222));
#393 = CARTESIAN_POINT('',(-23.70884572681,-37.46492538765));
#394 = CARTESIAN_POINT('',(-23.70884572681,-44.13332099679));
#395 = CARTESIAN_POINT('',(-23.70884572681,-50.80171660593));
#396 = CARTESIAN_POINT('',(-29.48384572681,-47.46751880136));
#397 = ( GEOMETRIC_REPRESENTATION_CONTEXT(2) 
PARAMETRIC_REPRESENTATION_CONTEXT() REPRESENTATION_CONTEXT('2D SPACE',''
  ) );
#398 = PCURVE('',#399,#404);
#399 = CYLINDRICAL_SURFACE('',#400,3.85);
#400 = AXIS2_PLACEMENT_3D('',#401,#402,#403);
#401 = CARTESIAN_POINT('',(-27.55884572681,-44.13332099679,-5.E-02));
#402 = DIRECTION('',(-0.,0.,-1.));
#403 = DIRECTION('',(-0.5,-0.866025403784,0.));
#404 = DEFINITIONAL_REPRESENTATION('',(#405),#409);
#405 = LINE('',#406,#407);
#406 = CARTESIAN_POINT('',(0.,-5.E-02));
#407 = VECTOR('',#408,1.);
#408 = DIRECTION('',(1.,0.));
#409 = ( GEOMETRIC_REPRESENTATION_CONTEXT(2) 
PARAMETRIC_REPRESENTATION_CONTEXT() REPRESENTATION_CONTEXT('2D SPACE',''
  ) );
#410 = ORIENTED_EDGE('',*,*,#411,.T.);
#411 = EDGE_CURVE('',#379,#412,#414,.T.);
#412 = VERTEX_POINT('',#413);
#413 = CARTESIAN_POINT('',(-29.88628753905,-41.06647985147,0.));
#414 = SURFACE_CURVE('',#415,(#420,#431),.PCURVE_S1.);
#415 = CIRCLE('',#416,2.2);
#416 = AXIS2_PLACEMENT_3D('',#417,#418,#419);
#417 = CARTESIAN_POINT('',(-29.23243981962,-43.16707099679,0.));
#418 = DIRECTION('',(-0.,0.,-1.));
#419 = DIRECTION('',(-0.5,-0.866025403784,0.));
#420 = PCURVE('',#45,#421);
#421 = DEFINITIONAL_REPRESENTATION('',(#422),#430);
#422 = ( BOUNDED_CURVE() B_SPLINE_CURVE(2,(#423,#424,#425,#426,#427,#428
,#429),.UNSPECIFIED.,.T.,.F.) B_SPLINE_CURVE_WITH_KNOTS((1,2,2,2,2,1),(
    -2.094395102393,0.,2.094395102393,4.188790204786,6.28318530718,
8.377580409573),.UNSPECIFIED.) CURVE() GEOMETRIC_REPRESENTATION_ITEM() 
RATIONAL_B_SPLINE_CURVE((1.,0.5,1.,0.5,1.,0.5,1.)) REPRESENTATION_ITEM(
  '') );
#423 = CARTESIAN_POINT('',(-30.33243981962,-45.07232688511));
#424 = CARTESIAN_POINT('',(-33.63243981962,-43.16707099679));
#425 = CARTESIAN_POINT('',(-30.33243981962,-41.26181510846));
#426 = CARTESIAN_POINT('',(-27.03243981962,-39.35655922013));
#427 = CARTESIAN_POINT('',(-27.03243981962,-43.16707099679));
#428 = CARTESIAN_POINT('',(-27.03243981962,-46.97758277344));
#429 = CARTESIAN_POINT('',(-30.33243981962,-45.07232688511));
#430 = ( GEOMETRIC_REPRESENTATION_CONTEXT(2) 
PARAMETRIC_REPRESENTATION_CONTEXT() REPRESENTATION_CONTEXT('2D SPACE',''
  ) );
#431 = PCURVE('',#432,#437);
#432 = CYLINDRICAL_SURFACE('',#433,2.2);
#433 = AXIS2_PLACEMENT_3D('',#434,#435,#436);
#434 = CARTESIAN_POINT('',(-29.23243981962,-43.16707099679,-5.E-02));
#435 = DIRECTION('',(-0.,0.,-1.));
#436 = DIRECTION('',(-0.5,-0.866025403784,0.));
#437 = DEFINITIONAL_REPRESENTATION('',(#438),#442);
#438 = LINE('',#439,#440);
#439 = CARTESIAN_POINT('',(0.,-5.E-02));
#440 = VECTOR('',#441,1.);
#441 = DIRECTION('',(1.,0.));
#442 = ( GEOMETRIC_REPRESENTATION_CONTEXT(2) 
PARAMETRIC_REPRESENTATION_CONTEXT() REPRESENTATION_CONTEXT('2D SPACE',''
  ) );
#443 = ORIENTED_EDGE('',*,*,#444,.T.);
#444 = EDGE_CURVE('',#412,#228,#445,.T.);
#445 = SURFACE_CURVE('',#446,(#451,#462),.PCURVE_S1.);
#446 = CIRCLE('',#447,3.85);
#447 = AXIS2_PLACEMENT_3D('',#448,#449,#450);
#448 = CARTESIAN_POINT('',(-27.55884572681,-44.13332099679,0.));
#449 = DIRECTION('',(-0.,0.,-1.));
#450 = DIRECTION('',(-0.5,-0.866025403784,0.));
#451 = PCURVE('',#45,#452);
#452 = DEFINITIONAL_REPRESENTATION('',(#453),#461);
#453 = ( BOUNDED_CURVE() B_SPLINE_CURVE(2,(#454,#455,#456,#457,#458,#459
,#460),.UNSPECIFIED.,.T.,.F.) B_SPLINE_CURVE_WITH_KNOTS((1,2,2,2,2,1),(
    -2.094395102393,0.,2.094395102393,4.188790204786,6.28318530718,
8.377580409573),.UNSPECIFIED.) CURVE() GEOMETRIC_REPRESENTATION_ITEM() 
RATIONAL_B_SPLINE_CURVE((1.,0.5,1.,0.5,1.,0.5,1.)) REPRESENTATION_ITEM(
  '') );
#454 = CARTESIAN_POINT('',(-29.48384572681,-47.46751880136));
#455 = CARTESIAN_POINT('',(-35.25884572681,-44.13332099679));
#456 = CARTESIAN_POINT('',(-29.48384572681,-40.79912319222));
#457 = CARTESIAN_POINT('',(-23.70884572681,-37.46492538765));
#458 = CARTESIAN_POINT('',(-23.70884572681,-44.13332099679));
#459 = CARTESIAN_POINT('',(-23.70884572681,-50.80171660593));
#460 = CARTESIAN_POINT('',(-29.48384572681,-47.46751880136));
#461 = ( GEOMETRIC_REPRESENTATION_CONTEXT(2) 
PARAMETRIC_REPRESENTATION_CONTEXT() REPRESENTATION_CONTEXT('2D SPACE',''
  ) );
#462 = PCURVE('',#463,#468);
#463 = CYLINDRICAL_SURFACE('',#464,3.85);
#464 = AXIS2_PLACEMENT_3D('',#465,#466,#467);
#465 = CARTESIAN_POINT('',(-27.55884572681,-44.13332099679,-5.E-02));
#466 = DIRECTION('',(-0.,0.,-1.));
#467 = DIRECTION('',(-0.5,-0.866025403784,0.));
#468 = DEFINITIONAL_REPRESENTATION('',(#469),#473);
#469 = LINE('',#470,#471);
#470 = CARTESIAN_POINT('',(0.,-5.E-02));
#471 = VECTOR('',#472,1.);
#472 = DIRECTION('',(1.,0.));
#473 = ( GEOMETRIC_REPRESENTATION_CONTEXT(2) 
PARAMETRIC_REPRESENTATION_CONTEXT() REPRESENTATION_CONTEXT('2D SPACE',''
  ) );
#474 = FACE_BOUND('',#475,.F.);
#475 = EDGE_LOOP('',(#476,#504,#537,#570,#603,#629,#662,#695));
#476 = ORIENTED_EDGE('',*,*,#477,.F.);
#477 = EDGE_CURVE('',#478,#480,#482,.T.);
#478 = VERTEX_POINT('',#479);
#479 = CARTESIAN_POINT('',(1.8,-48.15,0.));
#480 = VERTEX_POINT('',#481);
#481 = CARTESIAN_POINT('',(-1.8,-48.15,0.));
#482 = SURFACE_CURVE('',#483,(#487,#493),.PCURVE_S1.);
#483 = LINE('',#484,#485);
#484 = CARTESIAN_POINT('',(-0.9,-48.15,0.));
#485 = VECTOR('',#486,1.);
#486 = DIRECTION('',(-1.,2.449293598295E-16,0.));
#487 = PCURVE('',#45,#488);
#488 = DEFINITIONAL_REPRESENTATION('',(#489),#492);
#489 = B_SPLINE_CURVE_WITH_KNOTS('',1,(#490,#491),.UNSPECIFIED.,.F.,.F.,
  (2,2),(-2.7,0.9),.PIECEWISE_BEZIER_KNOTS.);
#490 = CARTESIAN_POINT('',(1.8,-48.15));
#491 = CARTESIAN_POINT('',(-1.8,-48.15));
#492 = ( GEOMETRIC_REPRESENTATION_CONTEXT(2) 
PARAMETRIC_REPRESENTATION_CONTEXT() REPRESENTATION_CONTEXT('2D SPACE',''
  ) );
#493 = PCURVE('',#494,#499);
#494 = PLANE('',#495);
#495 = AXIS2_PLACEMENT_3D('',#496,#497,#498);
#496 = CARTESIAN_POINT('',(-1.8,-48.15,-5.E-02));
#497 = DIRECTION('',(2.449293598295E-16,1.,-0.));
#498 = DIRECTION('',(1.,-2.449293598295E-16,0.));
#499 = DEFINITIONAL_REPRESENTATION('',(#500),#503);
#500 = B_SPLINE_CURVE_WITH_KNOTS('',1,(#501,#502),.UNSPECIFIED.,.F.,.F.,
  (2,2),(-2.7,0.9),.PIECEWISE_BEZIER_KNOTS.);
#501 = CARTESIAN_POINT('',(3.6,-5.E-02));
#502 = CARTESIAN_POINT('',(0.,-5.E-02));
#503 = ( GEOMETRIC_REPRESENTATION_CONTEXT(2) 
PARAMETRIC_REPRESENTATION_CONTEXT() REPRESENTATION_CONTEXT('2D SPACE',''
  ) );
#504 = ORIENTED_EDGE('',*,*,#505,.T.);
#505 = EDGE_CURVE('',#478,#506,#508,.T.);
#506 = VERTEX_POINT('',#507);
#507 = CARTESIAN_POINT('',(5.349044307891,-50.5077585649,0.));
#508 = SURFACE_CURVE('',#509,(#514,#525),.PCURVE_S1.);
#509 = CIRCLE('',#510,3.85);
#510 = AXIS2_PLACEMENT_3D('',#511,#512,#513);
#511 = CARTESIAN_POINT('',(1.8,-52.,0.));
#512 = DIRECTION('',(0.,0.,-1.));
#513 = DIRECTION('',(3.026032831866E-16,1.,0.));
#514 = PCURVE('',#45,#515);
#515 = DEFINITIONAL_REPRESENTATION('',(#516),#524);
#516 = ( BOUNDED_CURVE() B_SPLINE_CURVE(2,(#517,#518,#519,#520,#521,#522
,#523),.UNSPECIFIED.,.T.,.F.) B_SPLINE_CURVE_WITH_KNOTS((1,2,2,2,2,1),(
    -2.094395102393,0.,2.094395102393,4.188790204786,6.28318530718,
8.377580409573),.UNSPECIFIED.) CURVE() GEOMETRIC_REPRESENTATION_ITEM() 
RATIONAL_B_SPLINE_CURVE((1.,0.5,1.,0.5,1.,0.5,1.)) REPRESENTATION_ITEM(
  '') );
#517 = CARTESIAN_POINT('',(1.8,-48.15));
#518 = CARTESIAN_POINT('',(8.46839560914,-48.15));
#519 = CARTESIAN_POINT('',(5.13419780457,-53.925));
#520 = CARTESIAN_POINT('',(1.8,-59.7));
#521 = CARTESIAN_POINT('',(-1.53419780457,-53.925));
#522 = CARTESIAN_POINT('',(-4.86839560914,-48.15));
#523 = CARTESIAN_POINT('',(1.8,-48.15));
#524 = ( GEOMETRIC_REPRESENTATION_CONTEXT(2) 
PARAMETRIC_REPRESENTATION_CONTEXT() REPRESENTATION_CONTEXT('2D SPACE',''
  ) );
#525 = PCURVE('',#526,#531);
#526 = CYLINDRICAL_SURFACE('',#527,3.85);
#527 = AXIS2_PLACEMENT_3D('',#528,#529,#530);
#528 = CARTESIAN_POINT('',(1.8,-52.,-5.E-02));
#529 = DIRECTION('',(0.,0.,-1.));
#530 = DIRECTION('',(3.026032831866E-16,1.,0.));
#531 = DEFINITIONAL_REPRESENTATION('',(#532),#536);
#532 = LINE('',#533,#534);
#533 = CARTESIAN_POINT('',(0.,-5.E-02));
#534 = VECTOR('',#535,1.);
#535 = DIRECTION('',(1.,0.));
#536 = ( GEOMETRIC_REPRESENTATION_CONTEXT(2) 
PARAMETRIC_REPRESENTATION_CONTEXT() REPRESENTATION_CONTEXT('2D SPACE',''
  ) );
#537 = ORIENTED_EDGE('',*,*,#538,.T.);
#538 = EDGE_CURVE('',#506,#539,#541,.T.);
#539 = VERTEX_POINT('',#540);
#540 = CARTESIAN_POINT('',(5.349044307891,-53.49224143509,0.));
#541 = SURFACE_CURVE('',#542,(#547,#558),.PCURVE_S1.);
#542 = CIRCLE('',#543,2.2);
#543 = AXIS2_PLACEMENT_3D('',#544,#545,#546);
#544 = CARTESIAN_POINT('',(3.7325,-52.,0.));
#545 = DIRECTION('',(0.,0.,-1.));
#546 = DIRECTION('',(6.486468233295E-16,1.,0.));
#547 = PCURVE('',#45,#548);
#548 = DEFINITIONAL_REPRESENTATION('',(#549),#557);
#549 = ( BOUNDED_CURVE() B_SPLINE_CURVE(2,(#550,#551,#552,#553,#554,#555
,#556),.UNSPECIFIED.,.T.,.F.) B_SPLINE_CURVE_WITH_KNOTS((1,2,2,2,2,1),(
    -2.094395102393,0.,2.094395102393,4.188790204786,6.28318530718,
8.377580409573),.UNSPECIFIED.) CURVE() GEOMETRIC_REPRESENTATION_ITEM() 
RATIONAL_B_SPLINE_CURVE((1.,0.5,1.,0.5,1.,0.5,1.)) REPRESENTATION_ITEM(
  '') );
#550 = CARTESIAN_POINT('',(3.7325,-49.8));
#551 = CARTESIAN_POINT('',(7.543011776652,-49.8));
#552 = CARTESIAN_POINT('',(5.637755888326,-53.1));
#553 = CARTESIAN_POINT('',(3.7325,-56.4));
#554 = CARTESIAN_POINT('',(1.827244111674,-53.1));
#555 = CARTESIAN_POINT('',(-7.801177665154E-02,-49.8));
#556 = CARTESIAN_POINT('',(3.7325,-49.8));
#557 = ( GEOMETRIC_REPRESENTATION_CONTEXT(2) 
PARAMETRIC_REPRESENTATION_CONTEXT() REPRESENTATION_CONTEXT('2D SPACE',''
  ) );
#558 = PCURVE('',#559,#564);
#559 = CYLINDRICAL_SURFACE('',#560,2.2);
#560 = AXIS2_PLACEMENT_3D('',#561,#562,#563);
#561 = CARTESIAN_POINT('',(3.7325,-52.,-5.E-02));
#562 = DIRECTION('',(0.,0.,-1.));
#563 = DIRECTION('',(6.486468233295E-16,1.,0.));
#564 = DEFINITIONAL_REPRESENTATION('',(#565),#569);
#565 = LINE('',#566,#567);
#566 = CARTESIAN_POINT('',(0.,-5.E-02));
#567 = VECTOR('',#568,1.);
#568 = DIRECTION('',(1.,0.));
#569 = ( GEOMETRIC_REPRESENTATION_CONTEXT(2) 
PARAMETRIC_REPRESENTATION_CONTEXT() REPRESENTATION_CONTEXT('2D SPACE',''
  ) );
#570 = ORIENTED_EDGE('',*,*,#571,.T.);
#571 = EDGE_CURVE('',#539,#572,#574,.T.);
#572 = VERTEX_POINT('',#573);
#573 = CARTESIAN_POINT('',(1.8,-55.85,0.));
#574 = SURFACE_CURVE('',#575,(#580,#591),.PCURVE_S1.);
#575 = CIRCLE('',#576,3.85);
#576 = AXIS2_PLACEMENT_3D('',#577,#578,#579);
#577 = CARTESIAN_POINT('',(1.8,-52.,0.));
#578 = DIRECTION('',(0.,0.,-1.));
#579 = DIRECTION('',(3.026032831866E-16,1.,0.));
#580 = PCURVE('',#45,#581);
#581 = DEFINITIONAL_REPRESENTATION('',(#582),#590);
#582 = ( BOUNDED_CURVE() B_SPLINE_CURVE(2,(#583,#584,#585,#586,#587,#588
,#589),.UNSPECIFIED.,.T.,.F.) B_SPLINE_CURVE_WITH_KNOTS((1,2,2,2,2,1),(
    -2.094395102393,0.,2.094395102393,4.188790204786,6.28318530718,
8.377580409573),.UNSPECIFIED.) CURVE() GEOMETRIC_REPRESENTATION_ITEM() 
RATIONAL_B_SPLINE_CURVE((1.,0.5,1.,0.5,1.,0.5,1.)) REPRESENTATION_ITEM(
  '') );
#583 = CARTESIAN_POINT('',(1.8,-48.15));
#584 = CARTESIAN_POINT('',(8.46839560914,-48.15));
#585 = CARTESIAN_POINT('',(5.13419780457,-53.925));
#586 = CARTESIAN_POINT('',(1.8,-59.7));
#587 = CARTESIAN_POINT('',(-1.53419780457,-53.925));
#588 = CARTESIAN_POINT('',(-4.86839560914,-48.15));
#589 = CARTESIAN_POINT('',(1.8,-48.15));
#590 = ( GEOMETRIC_REPRESENTATION_CONTEXT(2) 
PARAMETRIC_REPRESENTATION_CONTEXT() REPRESENTATION_CONTEXT('2D SPACE',''
  ) );
#591 = PCURVE('',#592,#597);
#592 = CYLINDRICAL_SURFACE('',#593,3.85);
#593 = AXIS2_PLACEMENT_3D('',#594,#595,#596);
#594 = CARTESIAN_POINT('',(1.8,-52.,-5.E-02));
#595 = DIRECTION('',(0.,0.,-1.));
#596 = DIRECTION('',(3.026032831866E-16,1.,0.));
#597 = DEFINITIONAL_REPRESENTATION('',(#598),#602);
#598 = LINE('',#599,#600);
#599 = CARTESIAN_POINT('',(0.,-5.E-02));
#600 = VECTOR('',#601,1.);
#601 = DIRECTION('',(1.,0.));
#602 = ( GEOMETRIC_REPRESENTATION_CONTEXT(2) 
PARAMETRIC_REPRESENTATION_CONTEXT() REPRESENTATION_CONTEXT('2D SPACE',''
  ) );
#603 = ORIENTED_EDGE('',*,*,#604,.F.);
#604 = EDGE_CURVE('',#605,#572,#607,.T.);
#605 = VERTEX_POINT('',#606);
#606 = CARTESIAN_POINT('',(-1.8,-55.85,0.));
#607 = SURFACE_CURVE('',#608,(#612,#618),.PCURVE_S1.);
#608 = LINE('',#609,#610);
#609 = CARTESIAN_POINT('',(0.9,-55.85,0.));
#610 = VECTOR('',#611,1.);
#611 = DIRECTION('',(1.,-2.449293598295E-16,0.));
#612 = PCURVE('',#45,#613);
#613 = DEFINITIONAL_REPRESENTATION('',(#614),#617);
#614 = B_SPLINE_CURVE_WITH_KNOTS('',1,(#615,#616),.UNSPECIFIED.,.F.,.F.,
  (2,2),(-2.7,0.9),.PIECEWISE_BEZIER_KNOTS.);
#615 = CARTESIAN_POINT('',(-1.8,-55.85));
#616 = CARTESIAN_POINT('',(1.8,-55.85));
#617 = ( GEOMETRIC_REPRESENTATION_CONTEXT(2) 
PARAMETRIC_REPRESENTATION_CONTEXT() REPRESENTATION_CONTEXT('2D SPACE',''
  ) );
#618 = PCURVE('',#619,#624);
#619 = PLANE('',#620);
#620 = AXIS2_PLACEMENT_3D('',#621,#622,#623);
#621 = CARTESIAN_POINT('',(1.8,-55.85,-5.E-02));
#622 = DIRECTION('',(-2.449293598295E-16,-1.,0.));
#623 = DIRECTION('',(-1.,2.449293598295E-16,0.));
#624 = DEFINITIONAL_REPRESENTATION('',(#625),#628);
#625 = B_SPLINE_CURVE_WITH_KNOTS('',1,(#626,#627),.UNSPECIFIED.,.F.,.F.,
  (2,2),(-2.7,0.9),.PIECEWISE_BEZIER_KNOTS.);
#626 = CARTESIAN_POINT('',(3.6,-5.E-02));
#627 = CARTESIAN_POINT('',(0.,-5.E-02));
#628 = ( GEOMETRIC_REPRESENTATION_CONTEXT(2) 
PARAMETRIC_REPRESENTATION_CONTEXT() REPRESENTATION_CONTEXT('2D SPACE',''
  ) );
#629 = ORIENTED_EDGE('',*,*,#630,.T.);
#630 = EDGE_CURVE('',#605,#631,#633,.T.);
#631 = VERTEX_POINT('',#632);
#632 = CARTESIAN_POINT('',(-5.349044307891,-53.49224143509,0.));
#633 = SURFACE_CURVE('',#634,(#639,#650),.PCURVE_S1.);
#634 = CIRCLE('',#635,3.85);
#635 = AXIS2_PLACEMENT_3D('',#636,#637,#638);
#636 = CARTESIAN_POINT('',(-1.8,-52.,0.));
#637 = DIRECTION('',(-0.,0.,-1.));
#638 = DIRECTION('',(-3.026032831866E-16,-1.,0.));
#639 = PCURVE('',#45,#640);
#640 = DEFINITIONAL_REPRESENTATION('',(#641),#649);
#641 = ( BOUNDED_CURVE() B_SPLINE_CURVE(2,(#642,#643,#644,#645,#646,#647
,#648),.UNSPECIFIED.,.T.,.F.) B_SPLINE_CURVE_WITH_KNOTS((1,2,2,2,2,1),(
    -2.094395102393,0.,2.094395102393,4.188790204786,6.28318530718,
8.377580409573),.UNSPECIFIED.) CURVE() GEOMETRIC_REPRESENTATION_ITEM() 
RATIONAL_B_SPLINE_CURVE((1.,0.5,1.,0.5,1.,0.5,1.)) REPRESENTATION_ITEM(
  '') );
#642 = CARTESIAN_POINT('',(-1.8,-55.85));
#643 = CARTESIAN_POINT('',(-8.46839560914,-55.85));
#644 = CARTESIAN_POINT('',(-5.13419780457,-50.075));
#645 = CARTESIAN_POINT('',(-1.8,-44.3));
#646 = CARTESIAN_POINT('',(1.53419780457,-50.075));
#647 = CARTESIAN_POINT('',(4.86839560914,-55.85));
#648 = CARTESIAN_POINT('',(-1.8,-55.85));
#649 = ( GEOMETRIC_REPRESENTATION_CONTEXT(2) 
PARAMETRIC_REPRESENTATION_CONTEXT() REPRESENTATION_CONTEXT('2D SPACE',''
  ) );
#650 = PCURVE('',#651,#656);
#651 = CYLINDRICAL_SURFACE('',#652,3.85);
#652 = AXIS2_PLACEMENT_3D('',#653,#654,#655);
#653 = CARTESIAN_POINT('',(-1.8,-52.,-5.E-02));
#654 = DIRECTION('',(-0.,0.,-1.));
#655 = DIRECTION('',(-3.026032831866E-16,-1.,0.));
#656 = DEFINITIONAL_REPRESENTATION('',(#657),#661);
#657 = LINE('',#658,#659);
#658 = CARTESIAN_POINT('',(0.,-5.E-02));
#659 = VECTOR('',#660,1.);
#660 = DIRECTION('',(1.,0.));
#661 = ( GEOMETRIC_REPRESENTATION_CONTEXT(2) 
PARAMETRIC_REPRESENTATION_CONTEXT() REPRESENTATION_CONTEXT('2D SPACE',''
  ) );
#662 = ORIENTED_EDGE('',*,*,#663,.T.);
#663 = EDGE_CURVE('',#631,#664,#666,.T.);
#664 = VERTEX_POINT('',#665);
#665 = CARTESIAN_POINT('',(-5.349044307891,-50.5077585649,0.));
#666 = SURFACE_CURVE('',#667,(#672,#683),.PCURVE_S1.);
#667 = CIRCLE('',#668,2.2);
#668 = AXIS2_PLACEMENT_3D('',#669,#670,#671);
#669 = CARTESIAN_POINT('',(-3.7325,-52.,0.));
#670 = DIRECTION('',(-0.,0.,-1.));
#671 = DIRECTION('',(-6.486468233295E-16,-1.,0.));
#672 = PCURVE('',#45,#673);
#673 = DEFINITIONAL_REPRESENTATION('',(#674),#682);
#674 = ( BOUNDED_CURVE() B_SPLINE_CURVE(2,(#675,#676,#677,#678,#679,#680
,#681),.UNSPECIFIED.,.T.,.F.) B_SPLINE_CURVE_WITH_KNOTS((1,2,2,2,2,1),(
    -2.094395102393,0.,2.094395102393,4.188790204786,6.28318530718,
8.377580409573),.UNSPECIFIED.) CURVE() GEOMETRIC_REPRESENTATION_ITEM() 
RATIONAL_B_SPLINE_CURVE((1.,0.5,1.,0.5,1.,0.5,1.)) REPRESENTATION_ITEM(
  '') );
#675 = CARTESIAN_POINT('',(-3.7325,-54.2));
#676 = CARTESIAN_POINT('',(-7.543011776652,-54.2));
#677 = CARTESIAN_POINT('',(-5.637755888326,-50.9));
#678 = CARTESIAN_POINT('',(-3.7325,-47.6));
#679 = CARTESIAN_POINT('',(-1.827244111674,-50.9));
#680 = CARTESIAN_POINT('',(7.801177665152E-02,-54.2));
#681 = CARTESIAN_POINT('',(-3.7325,-54.2));
#682 = ( GEOMETRIC_REPRESENTATION_CONTEXT(2) 
PARAMETRIC_REPRESENTATION_CONTEXT() REPRESENTATION_CONTEXT('2D SPACE',''
  ) );
#683 = PCURVE('',#684,#689);
#684 = CYLINDRICAL_SURFACE('',#685,2.2);
#685 = AXIS2_PLACEMENT_3D('',#686,#687,#688);
#686 = CARTESIAN_POINT('',(-3.7325,-52.,-5.E-02));
#687 = DIRECTION('',(-0.,0.,-1.));
#688 = DIRECTION('',(-6.486468233295E-16,-1.,0.));
#689 = DEFINITIONAL_REPRESENTATION('',(#690),#694);
#690 = LINE('',#691,#692);
#691 = CARTESIAN_POINT('',(0.,-5.E-02));
#692 = VECTOR('',#693,1.);
#693 = DIRECTION('',(1.,0.));
#694 = ( GEOMETRIC_REPRESENTATION_CONTEXT(2) 
PARAMETRIC_REPRESENTATION_CONTEXT() REPRESENTATION_CONTEXT('2D SPACE',''
  ) );
#695 = ORIENTED_EDGE('',*,*,#696,.T.);
#696 = EDGE_CURVE('',#664,#480,#697,.T.);
#697 = SURFACE_CURVE('',#698,(#703,#714),.PCURVE_S1.);
#698 = CIRCLE('',#699,3.85);
#699 = AXIS2_PLACEMENT_3D('',#700,#701,#702);
#700 = CARTESIAN_POINT('',(-1.8,-52.,0.));
#701 = DIRECTION('',(-0.,0.,-1.));
#702 = DIRECTION('',(-3.026032831866E-16,-1.,0.));
#703 = PCURVE('',#45,#704);
#704 = DEFINITIONAL_REPRESENTATION('',(#705),#713);
#705 = ( BOUNDED_CURVE() B_SPLINE_CURVE(2,(#706,#707,#708,#709,#710,#711
,#712),.UNSPECIFIED.,.T.,.F.) B_SPLINE_CURVE_WITH_KNOTS((1,2,2,2,2,1),(
    -2.094395102393,0.,2.094395102393,4.188790204786,6.28318530718,
8.377580409573),.UNSPECIFIED.) CURVE() GEOMETRIC_REPRESENTATION_ITEM() 
RATIONAL_B_SPLINE_CURVE((1.,0.5,1.,0.5,1.,0.5,1.)) REPRESENTATION_ITEM(
  '') );
#706 = CARTESIAN_POINT('',(-1.8,-55.85));
#707 = CARTESIAN_POINT('',(-8.46839560914,-55.85));
#708 = CARTESIAN_POINT('',(-5.13419780457,-50.075));
#709 = CARTESIAN_POINT('',(-1.8,-44.3));
#710 = CARTESIAN_POINT('',(1.53419780457,-50.075));
#711 = CARTESIAN_POINT('',(4.86839560914,-55.85));
#712 = CARTESIAN_POINT('',(-1.8,-55.85));
#713 = ( GEOMETRIC_REPRESENTATION_CONTEXT(2) 
PARAMETRIC_REPRESENTATION_CONTEXT() REPRESENTATION_CONTEXT('2D SPACE',''
  ) );
#714 = PCURVE('',#715,#720);
#715 = CYLINDRICAL_SURFACE('',#716,3.85);
#716 = AXIS2_PLACEMENT_3D('',#717,#718,#719);
#717 = CARTESIAN_POINT('',(-1.8,-52.,-5.E-02));
#718 = DIRECTION('',(-0.,0.,-1.));
#719 = DIRECTION('',(-3.026032831866E-16,-1.,0.));
#720 = DEFINITIONAL_REPRESENTATION('',(#721),#725);
#721 = LINE('',#722,#723);
#722 = CARTESIAN_POINT('',(0.,-5.E-02));
#723 = VECTOR('',#724,1.);
#724 = DIRECTION('',(1.,0.));
#725 = ( GEOMETRIC_REPRESENTATION_CONTEXT(2) 
PARAMETRIC_REPRESENTATION_CONTEXT() REPRESENTATION_CONTEXT('2D SPACE',''
  ) );
#726 = FACE_BOUND('',#727,.F.);
#727 = EDGE_LOOP('',(#728,#756,#789,#822,#855,#881,#914,#947));
#728 = ORIENTED_EDGE('',*,*,#729,.F.);
#729 = EDGE_CURVE('',#730,#732,#734,.T.);
#730 = VERTEX_POINT('',#731);
#731 = CARTESIAN_POINT('',(-40.79912319222,-25.63384572681,0.));
#732 = VERTEX_POINT('',#733);
#733 = CARTESIAN_POINT('',(-42.59912319222,-22.51615427318,0.));
#734 = SURFACE_CURVE('',#735,(#739,#745),.PCURVE_S1.);
#735 = LINE('',#736,#737);
#736 = CARTESIAN_POINT('',(-42.14912319222,-23.29557713659,0.));
#737 = VECTOR('',#738,1.);
#738 = DIRECTION('',(-0.5,0.866025403784,0.));
#739 = PCURVE('',#45,#740);
#740 = DEFINITIONAL_REPRESENTATION('',(#741),#744);
#741 = B_SPLINE_CURVE_WITH_KNOTS('',1,(#742,#743),.UNSPECIFIED.,.F.,.F.,
  (2,2),(-2.7,0.9),.PIECEWISE_BEZIER_KNOTS.);
#742 = CARTESIAN_POINT('',(-40.79912319222,-25.63384572681));
#743 = CARTESIAN_POINT('',(-42.59912319222,-22.51615427318));
#744 = ( GEOMETRIC_REPRESENTATION_CONTEXT(2) 
PARAMETRIC_REPRESENTATION_CONTEXT() REPRESENTATION_CONTEXT('2D SPACE',''
  ) );
#745 = PCURVE('',#746,#751);
#746 = PLANE('',#747);
#747 = AXIS2_PLACEMENT_3D('',#748,#749,#750);
#748 = CARTESIAN_POINT('',(-42.59912319222,-22.51615427318,-5.E-02));
#749 = DIRECTION('',(0.866025403784,0.5,-0.));
#750 = DIRECTION('',(0.5,-0.866025403784,0.));
#751 = DEFINITIONAL_REPRESENTATION('',(#752),#755);
#752 = B_SPLINE_CURVE_WITH_KNOTS('',1,(#753,#754),.UNSPECIFIED.,.F.,.F.,
  (2,2),(-2.7,0.9),.PIECEWISE_BEZIER_KNOTS.);
#753 = CARTESIAN_POINT('',(3.6,-5.E-02));
#754 = CARTESIAN_POINT('',(0.,-5.E-02));
#755 = ( GEOMETRIC_REPRESENTATION_CONTEXT(2) 
PARAMETRIC_REPRESENTATION_CONTEXT() REPRESENTATION_CONTEXT('2D SPACE',''
  ) );
#756 = ORIENTED_EDGE('',*,*,#757,.T.);
#757 = EDGE_CURVE('',#730,#758,#760,.T.);
#758 = VERTEX_POINT('',#759);
#759 = CARTESIAN_POINT('',(-41.06647985147,-29.88628753905,0.));
#760 = SURFACE_CURVE('',#761,(#766,#777),.PCURVE_S1.);
#761 = CIRCLE('',#762,3.85);
#762 = AXIS2_PLACEMENT_3D('',#763,#764,#765);
#763 = CARTESIAN_POINT('',(-44.13332099679,-27.55884572681,0.));
#764 = DIRECTION('',(0.,0.,-1.));
#765 = DIRECTION('',(0.866025403784,0.5,0.));
#766 = PCURVE('',#45,#767);
#767 = DEFINITIONAL_REPRESENTATION('',(#768),#776);
#768 = ( BOUNDED_CURVE() B_SPLINE_CURVE(2,(#769,#770,#771,#772,#773,#774
,#775),.UNSPECIFIED.,.T.,.F.) B_SPLINE_CURVE_WITH_KNOTS((1,2,2,2,2,1),(
    -2.094395102393,0.,2.094395102393,4.188790204786,6.28318530718,
8.377580409573),.UNSPECIFIED.) CURVE() GEOMETRIC_REPRESENTATION_ITEM() 
RATIONAL_B_SPLINE_CURVE((1.,0.5,1.,0.5,1.,0.5,1.)) REPRESENTATION_ITEM(
  '') );
#769 = CARTESIAN_POINT('',(-40.79912319222,-25.63384572681));
#770 = CARTESIAN_POINT('',(-37.46492538765,-31.40884572681));
#771 = CARTESIAN_POINT('',(-44.13332099679,-31.40884572681));
#772 = CARTESIAN_POINT('',(-50.80171660593,-31.40884572681));
#773 = CARTESIAN_POINT('',(-47.46751880136,-25.63384572681));
#774 = CARTESIAN_POINT('',(-44.13332099679,-19.85884572681));
#775 = CARTESIAN_POINT('',(-40.79912319222,-25.63384572681));
#776 = ( GEOMETRIC_REPRESENTATION_CONTEXT(2) 
PARAMETRIC_REPRESENTATION_CONTEXT() REPRESENTATION_CONTEXT('2D SPACE',''
  ) );
#777 = PCURVE('',#778,#783);
#778 = CYLINDRICAL_SURFACE('',#779,3.85);
#779 = AXIS2_PLACEMENT_3D('',#780,#781,#782);
#780 = CARTESIAN_POINT('',(-44.13332099679,-27.55884572681,-5.E-02));
#781 = DIRECTION('',(0.,0.,-1.));
#782 = DIRECTION('',(0.866025403784,0.5,0.));
#783 = DEFINITIONAL_REPRESENTATION('',(#784),#788);
#784 = LINE('',#785,#786);
#785 = CARTESIAN_POINT('',(0.,-5.E-02));
#786 = VECTOR('',#787,1.);
#787 = DIRECTION('',(1.,0.));
#788 = ( GEOMETRIC_REPRESENTATION_CONTEXT(2) 
PARAMETRIC_REPRESENTATION_CONTEXT() REPRESENTATION_CONTEXT('2D SPACE',''
  ) );
#789 = ORIENTED_EDGE('',*,*,#790,.T.);
#790 = EDGE_CURVE('',#758,#791,#793,.T.);
#791 = VERTEX_POINT('',#792);
#792 = CARTESIAN_POINT('',(-43.65111783422,-31.37852897415,0.));
#793 = SURFACE_CURVE('',#794,(#799,#810),.PCURVE_S1.);
#794 = CIRCLE('',#795,2.2);
#795 = AXIS2_PLACEMENT_3D('',#796,#797,#798);
#796 = CARTESIAN_POINT('',(-43.16707099679,-29.23243981962,0.));
#797 = DIRECTION('',(0.,0.,-1.));
#798 = DIRECTION('',(0.866025403784,0.5,0.));
#799 = PCURVE('',#45,#800);
#800 = DEFINITIONAL_REPRESENTATION('',(#801),#809);
#801 = ( BOUNDED_CURVE() B_SPLINE_CURVE(2,(#802,#803,#804,#805,#806,#807
,#808),.UNSPECIFIED.,.T.,.F.) B_SPLINE_CURVE_WITH_KNOTS((1,2,2,2,2,1),(
    -2.094395102393,0.,2.094395102393,4.188790204786,6.28318530718,
8.377580409573),.UNSPECIFIED.) CURVE() GEOMETRIC_REPRESENTATION_ITEM() 
RATIONAL_B_SPLINE_CURVE((1.,0.5,1.,0.5,1.,0.5,1.)) REPRESENTATION_ITEM(
  '') );
#802 = CARTESIAN_POINT('',(-41.26181510846,-28.13243981962));
#803 = CARTESIAN_POINT('',(-39.35655922013,-31.43243981962));
#804 = CARTESIAN_POINT('',(-43.16707099679,-31.43243981962));
#805 = CARTESIAN_POINT('',(-46.97758277344,-31.43243981962));
#806 = CARTESIAN_POINT('',(-45.07232688511,-28.13243981962));
#807 = CARTESIAN_POINT('',(-43.16707099679,-24.83243981962));
#808 = CARTESIAN_POINT('',(-41.26181510846,-28.13243981962));
#809 = ( GEOMETRIC_REPRESENTATION_CONTEXT(2) 
PARAMETRIC_REPRESENTATION_CONTEXT() REPRESENTATION_CONTEXT('2D SPACE',''
  ) );
#810 = PCURVE('',#811,#816);
#811 = CYLINDRICAL_SURFACE('',#812,2.2);
#812 = AXIS2_PLACEMENT_3D('',#813,#814,#815);
#813 = CARTESIAN_POINT('',(-43.16707099679,-29.23243981962,-5.E-02));
#814 = DIRECTION('',(0.,0.,-1.));
#815 = DIRECTION('',(0.866025403784,0.5,0.));
#816 = DEFINITIONAL_REPRESENTATION('',(#817),#821);
#817 = LINE('',#818,#819);
#818 = CARTESIAN_POINT('',(0.,-5.E-02));
#819 = VECTOR('',#820,1.);
#820 = DIRECTION('',(1.,0.));
#821 = ( GEOMETRIC_REPRESENTATION_CONTEXT(2) 
PARAMETRIC_REPRESENTATION_CONTEXT() REPRESENTATION_CONTEXT('2D SPACE',''
  ) );
#822 = ORIENTED_EDGE('',*,*,#823,.T.);
#823 = EDGE_CURVE('',#791,#824,#826,.T.);
#824 = VERTEX_POINT('',#825);
#825 = CARTESIAN_POINT('',(-47.46751880136,-29.48384572681,0.));
#826 = SURFACE_CURVE('',#827,(#832,#843),.PCURVE_S1.);
#827 = CIRCLE('',#828,3.85);
#828 = AXIS2_PLACEMENT_3D('',#829,#830,#831);
#829 = CARTESIAN_POINT('',(-44.13332099679,-27.55884572681,0.));
#830 = DIRECTION('',(0.,0.,-1.));
#831 = DIRECTION('',(0.866025403784,0.5,0.));
#832 = PCURVE('',#45,#833);
#833 = DEFINITIONAL_REPRESENTATION('',(#834),#842);
#834 = ( BOUNDED_CURVE() B_SPLINE_CURVE(2,(#835,#836,#837,#838,#839,#840
,#841),.UNSPECIFIED.,.T.,.F.) B_SPLINE_CURVE_WITH_KNOTS((1,2,2,2,2,1),(
    -2.094395102393,0.,2.094395102393,4.188790204786,6.28318530718,
8.377580409573),.UNSPECIFIED.) CURVE() GEOMETRIC_REPRESENTATION_ITEM() 
RATIONAL_B_SPLINE_CURVE((1.,0.5,1.,0.5,1.,0.5,1.)) REPRESENTATION_ITEM(
  '') );
#835 = CARTESIAN_POINT('',(-40.79912319222,-25.63384572681));
#836 = CARTESIAN_POINT('',(-37.46492538765,-31.40884572681));
#837 = CARTESIAN_POINT('',(-44.13332099679,-31.40884572681));
#838 = CARTESIAN_POINT('',(-50.80171660593,-31.40884572681));
#839 = CARTESIAN_POINT('',(-47.46751880136,-25.63384572681));
#840 = CARTESIAN_POINT('',(-44.13332099679,-19.85884572681));
#841 = CARTESIAN_POINT('',(-40.79912319222,-25.63384572681));
#842 = ( GEOMETRIC_REPRESENTATION_CONTEXT(2) 
PARAMETRIC_REPRESENTATION_CONTEXT() REPRESENTATION_CONTEXT('2D SPACE',''
  ) );
#843 = PCURVE('',#844,#849);
#844 = CYLINDRICAL_SURFACE('',#845,3.85);
#845 = AXIS2_PLACEMENT_3D('',#846,#847,#848);
#846 = CARTESIAN_POINT('',(-44.13332099679,-27.55884572681,-5.E-02));
#847 = DIRECTION('',(0.,0.,-1.));
#848 = DIRECTION('',(0.866025403784,0.5,0.));
#849 = DEFINITIONAL_REPRESENTATION('',(#850),#854);
#850 = LINE('',#851,#852);
#851 = CARTESIAN_POINT('',(0.,-5.E-02));
#852 = VECTOR('',#853,1.);
#853 = DIRECTION('',(1.,0.));
#854 = ( GEOMETRIC_REPRESENTATION_CONTEXT(2) 
PARAMETRIC_REPRESENTATION_CONTEXT() REPRESENTATION_CONTEXT('2D SPACE',''
  ) );
#855 = ORIENTED_EDGE('',*,*,#856,.F.);
#856 = EDGE_CURVE('',#857,#824,#859,.T.);
#857 = VERTEX_POINT('',#858);
#858 = CARTESIAN_POINT('',(-49.26751880136,-26.36615427318,0.));
#859 = SURFACE_CURVE('',#860,(#864,#870),.PCURVE_S1.);
#860 = LINE('',#861,#862);
#861 = CARTESIAN_POINT('',(-47.91751880136,-28.7044228634,0.));
#862 = VECTOR('',#863,1.);
#863 = DIRECTION('',(0.5,-0.866025403784,0.));
#864 = PCURVE('',#45,#865);
#865 = DEFINITIONAL_REPRESENTATION('',(#866),#869);
#866 = B_SPLINE_CURVE_WITH_KNOTS('',1,(#867,#868),.UNSPECIFIED.,.F.,.F.,
  (2,2),(-2.7,0.9),.PIECEWISE_BEZIER_KNOTS.);
#867 = CARTESIAN_POINT('',(-49.26751880136,-26.36615427318));
#868 = CARTESIAN_POINT('',(-47.46751880136,-29.48384572681));
#869 = ( GEOMETRIC_REPRESENTATION_CONTEXT(2) 
PARAMETRIC_REPRESENTATION_CONTEXT() REPRESENTATION_CONTEXT('2D SPACE',''
  ) );
#870 = PCURVE('',#871,#876);
#871 = PLANE('',#872);
#872 = AXIS2_PLACEMENT_3D('',#873,#874,#875);
#873 = CARTESIAN_POINT('',(-47.46751880136,-29.48384572681,-5.E-02));
#874 = DIRECTION('',(-0.866025403784,-0.5,0.));
#875 = DIRECTION('',(-0.5,0.866025403784,0.));
#876 = DEFINITIONAL_REPRESENTATION('',(#877),#880);
#877 = B_SPLINE_CURVE_WITH_KNOTS('',1,(#878,#879),.UNSPECIFIED.,.F.,.F.,
  (2,2),(-2.7,0.9),.PIECEWISE_BEZIER_KNOTS.);
#878 = CARTESIAN_POINT('',(3.6,-5.E-02));
#879 = CARTESIAN_POINT('',(0.,-5.E-02));
#880 = ( GEOMETRIC_REPRESENTATION_CONTEXT(2) 
PARAMETRIC_REPRESENTATION_CONTEXT() REPRESENTATION_CONTEXT('2D SPACE',''
  ) );
#881 = ORIENTED_EDGE('',*,*,#882,.T.);
#882 = EDGE_CURVE('',#857,#883,#885,.T.);
#883 = VERTEX_POINT('',#884);
#884 = CARTESIAN_POINT('',(-49.00016214211,-22.11371246094,0.));
#885 = SURFACE_CURVE('',#886,(#891,#902),.PCURVE_S1.);
#886 = CIRCLE('',#887,3.85);
#887 = AXIS2_PLACEMENT_3D('',#888,#889,#890);
#888 = CARTESIAN_POINT('',(-45.93332099679,-24.44115427318,0.));
#889 = DIRECTION('',(-0.,0.,-1.));
#890 = DIRECTION('',(-0.866025403784,-0.5,0.));
#891 = PCURVE('',#45,#892);
#892 = DEFINITIONAL_REPRESENTATION('',(#893),#901);
#893 = ( BOUNDED_CURVE() B_SPLINE_CURVE(2,(#894,#895,#896,#897,#898,#899
,#900),.UNSPECIFIED.,.T.,.F.) B_SPLINE_CURVE_WITH_KNOTS((1,2,2,2,2,1),(
    -2.094395102393,0.,2.094395102393,4.188790204786,6.28318530718,
8.377580409573),.UNSPECIFIED.) CURVE() GEOMETRIC_REPRESENTATION_ITEM() 
RATIONAL_B_SPLINE_CURVE((1.,0.5,1.,0.5,1.,0.5,1.)) REPRESENTATION_ITEM(
  '') );
#894 = CARTESIAN_POINT('',(-49.26751880136,-26.36615427318));
#895 = CARTESIAN_POINT('',(-52.60171660593,-20.59115427318));
#896 = CARTESIAN_POINT('',(-45.93332099679,-20.59115427318));
#897 = CARTESIAN_POINT('',(-39.26492538765,-20.59115427318));
#898 = CARTESIAN_POINT('',(-42.59912319222,-26.36615427318));
#899 = CARTESIAN_POINT('',(-45.93332099679,-32.14115427318));
#900 = CARTESIAN_POINT('',(-49.26751880136,-26.36615427318));
#901 = ( GEOMETRIC_REPRESENTATION_CONTEXT(2) 
PARAMETRIC_REPRESENTATION_CONTEXT() REPRESENTATION_CONTEXT('2D SPACE',''
  ) );
#902 = PCURVE('',#903,#908);
#903 = CYLINDRICAL_SURFACE('',#904,3.85);
#904 = AXIS2_PLACEMENT_3D('',#905,#906,#907);
#905 = CARTESIAN_POINT('',(-45.93332099679,-24.44115427318,-5.E-02));
#906 = DIRECTION('',(-0.,0.,-1.));
#907 = DIRECTION('',(-0.866025403784,-0.5,0.));
#908 = DEFINITIONAL_REPRESENTATION('',(#909),#913);
#909 = LINE('',#910,#911);
#910 = CARTESIAN_POINT('',(0.,-5.E-02));
#911 = VECTOR('',#912,1.);
#912 = DIRECTION('',(1.,0.));
#913 = ( GEOMETRIC_REPRESENTATION_CONTEXT(2) 
PARAMETRIC_REPRESENTATION_CONTEXT() REPRESENTATION_CONTEXT('2D SPACE',''
  ) );
#914 = ORIENTED_EDGE('',*,*,#915,.T.);
#915 = EDGE_CURVE('',#883,#916,#918,.T.);
#916 = VERTEX_POINT('',#917);
#917 = CARTESIAN_POINT('',(-46.41552415936,-20.62147102584,0.));
#918 = SURFACE_CURVE('',#919,(#924,#935),.PCURVE_S1.);
#919 = CIRCLE('',#920,2.2);
#920 = AXIS2_PLACEMENT_3D('',#921,#922,#923);
#921 = CARTESIAN_POINT('',(-46.89957099679,-22.76756018037,0.));
#922 = DIRECTION('',(-0.,0.,-1.));
#923 = DIRECTION('',(-0.866025403784,-0.5,0.));
#924 = PCURVE('',#45,#925);
#925 = DEFINITIONAL_REPRESENTATION('',(#926),#934);
#926 = ( BOUNDED_CURVE() B_SPLINE_CURVE(2,(#927,#928,#929,#930,#931,#932
,#933),.UNSPECIFIED.,.T.,.F.) B_SPLINE_CURVE_WITH_KNOTS((1,2,2,2,2,1),(
    -2.094395102393,0.,2.094395102393,4.188790204786,6.28318530718,
8.377580409573),.UNSPECIFIED.) CURVE() GEOMETRIC_REPRESENTATION_ITEM() 
RATIONAL_B_SPLINE_CURVE((1.,0.5,1.,0.5,1.,0.5,1.)) REPRESENTATION_ITEM(
  '') );
#927 = CARTESIAN_POINT('',(-48.80482688511,-23.86756018037));
#928 = CARTESIAN_POINT('',(-50.71008277344,-20.56756018037));
#929 = CARTESIAN_POINT('',(-46.89957099679,-20.56756018037));
#930 = CARTESIAN_POINT('',(-43.08905922013,-20.56756018037));
#931 = CARTESIAN_POINT('',(-44.99431510846,-23.86756018037));
#932 = CARTESIAN_POINT('',(-46.89957099679,-27.16756018037));
#933 = CARTESIAN_POINT('',(-48.80482688511,-23.86756018037));
#934 = ( GEOMETRIC_REPRESENTATION_CONTEXT(2) 
PARAMETRIC_REPRESENTATION_CONTEXT() REPRESENTATION_CONTEXT('2D SPACE',''
  ) );
#935 = PCURVE('',#936,#941);
#936 = CYLINDRICAL_SURFACE('',#937,2.2);
#937 = AXIS2_PLACEMENT_3D('',#938,#939,#940);
#938 = CARTESIAN_POINT('',(-46.89957099679,-22.76756018037,-5.E-02));
#939 = DIRECTION('',(-0.,0.,-1.));
#940 = DIRECTION('',(-0.866025403784,-0.5,0.));
#941 = DEFINITIONAL_REPRESENTATION('',(#942),#946);
#942 = LINE('',#943,#944);
#943 = CARTESIAN_POINT('',(0.,-5.E-02));
#944 = VECTOR('',#945,1.);
#945 = DIRECTION('',(1.,0.));
#946 = ( GEOMETRIC_REPRESENTATION_CONTEXT(2) 
PARAMETRIC_REPRESENTATION_CONTEXT() REPRESENTATION_CONTEXT('2D SPACE',''
  ) );
#947 = ORIENTED_EDGE('',*,*,#948,.T.);
#948 = EDGE_CURVE('',#916,#732,#949,.T.);
#949 = SURFACE_CURVE('',#950,(#955,#966),.PCURVE_S1.);
#950 = CIRCLE('',#951,3.85);
#951 = AXIS2_PLACEMENT_3D('',#952,#953,#954);
#952 = CARTESIAN_POINT('',(-45.93332099679,-24.44115427318,0.));
#953 = DIRECTION('',(-0.,0.,-1.));
#954 = DIRECTION('',(-0.866025403784,-0.5,0.));
#955 = PCURVE('',#45,#956);
#956 = DEFINITIONAL_REPRESENTATION('',(#957),#965);
#957 = ( BOUNDED_CURVE() B_SPLINE_CURVE(2,(#958,#959,#960,#961,#962,#963
,#964),.UNSPECIFIED.,.T.,.F.) B_SPLINE_CURVE_WITH_KNOTS((1,2,2,2,2,1),(
    -2.094395102393,0.,2.094395102393,4.188790204786,6.28318530718,
8.377580409573),.UNSPECIFIED.) CURVE() GEOMETRIC_REPRESENTATION_ITEM() 
RATIONAL_B_SPLINE_CURVE((1.,0.5,1.,0.5,1.,0.5,1.)) REPRESENTATION_ITEM(
  '') );
#958 = CARTESIAN_POINT('',(-49.26751880136,-26.36615427318));
#959 = CARTESIAN_POINT('',(-52.60171660593,-20.59115427318));
#960 = CARTESIAN_POINT('',(-45.93332099679,-20.59115427318));
#961 = CARTESIAN_POINT('',(-39.26492538765,-20.59115427318));
#962 = CARTESIAN_POINT('',(-42.59912319222,-26.36615427318));
#963 = CARTESIAN_POINT('',(-45.93332099679,-32.14115427318));
#964 = CARTESIAN_POINT('',(-49.26751880136,-26.36615427318));
#965 = ( GEOMETRIC_REPRESENTATION_CONTEXT(2) 
PARAMETRIC_REPRESENTATION_CONTEXT() REPRESENTATION_CONTEXT('2D SPACE',''
  ) );
#966 = PCURVE('',#967,#972);
#967 = CYLINDRICAL_SURFACE('',#968,3.85);
#968 = AXIS2_PLACEMENT_3D('',#969,#970,#971);
#969 = CARTESIAN_POINT('',(-45.93332099679,-24.44115427318,-5.E-02));
#970 = DIRECTION('',(-0.,0.,-1.));
#971 = DIRECTION('',(-0.866025403784,-0.5,0.));
#972 = DEFINITIONAL_REPRESENTATION('',(#973),#977);
#973 = LINE('',#974,#975);
#974 = CARTESIAN_POINT('',(0.,-5.E-02));
#975 = VECTOR('',#976,1.);
#976 = DIRECTION('',(1.,0.));
#977 = ( GEOMETRIC_REPRESENTATION_CONTEXT(2) 
PARAMETRIC_REPRESENTATION_CONTEXT() REPRESENTATION_CONTEXT('2D SPACE',''
  ) );
#978 = FACE_BOUND('',#979,.F.);
#979 = EDGE_LOOP('',(#980,#1008,#1041,#1074,#1107,#1133,#1166,#1199));
#980 = ORIENTED_EDGE('',*,*,#981,.F.);
#981 = EDGE_CURVE('',#982,#984,#986,.T.);
#982 = VERTEX_POINT('',#983);
#983 = CARTESIAN_POINT('',(25.633845726812,-40.79912319222,0.));
#984 = VERTEX_POINT('',#985);
#985 = CARTESIAN_POINT('',(22.516154273188,-42.59912319222,0.));
#986 = SURFACE_CURVE('',#987,(#991,#997),.PCURVE_S1.);
#987 = LINE('',#988,#989);
#988 = CARTESIAN_POINT('',(23.295577136594,-42.14912319222,
    6.938893903907E-18));
#989 = VECTOR('',#990,1.);
#990 = DIRECTION('',(-0.866025403784,-0.5,0.));
#991 = PCURVE('',#45,#992);
#992 = DEFINITIONAL_REPRESENTATION('',(#993),#996);
#993 = B_SPLINE_CURVE_WITH_KNOTS('',1,(#994,#995),.UNSPECIFIED.,.F.,.F.,
  (2,2),(-2.7,0.9),.PIECEWISE_BEZIER_KNOTS.);
#994 = CARTESIAN_POINT('',(25.633845726812,-40.79912319222));
#995 = CARTESIAN_POINT('',(22.516154273188,-42.59912319222));
#996 = ( GEOMETRIC_REPRESENTATION_CONTEXT(2) 
PARAMETRIC_REPRESENTATION_CONTEXT() REPRESENTATION_CONTEXT('2D SPACE',''
  ) );
#997 = PCURVE('',#998,#1003);
#998 = PLANE('',#999);
#999 = AXIS2_PLACEMENT_3D('',#1000,#1001,#1002);
#1000 = CARTESIAN_POINT('',(22.516154273188,-42.59912319222,-5.E-02));
#1001 = DIRECTION('',(-0.5,0.866025403784,0.));
#1002 = DIRECTION('',(0.866025403784,0.5,0.));
#1003 = DEFINITIONAL_REPRESENTATION('',(#1004),#1007);
#1004 = B_SPLINE_CURVE_WITH_KNOTS('',1,(#1005,#1006),.UNSPECIFIED.,.F.,
  .F.,(2,2),(-2.7,0.9),.PIECEWISE_BEZIER_KNOTS.);
#1005 = CARTESIAN_POINT('',(3.6,-5.E-02));
#1006 = CARTESIAN_POINT('',(0.,-5.E-02));
#1007 = ( GEOMETRIC_REPRESENTATION_CONTEXT(2) 
PARAMETRIC_REPRESENTATION_CONTEXT() REPRESENTATION_CONTEXT('2D SPACE',''
  ) );
#1008 = ORIENTED_EDGE('',*,*,#1009,.T.);
#1009 = EDGE_CURVE('',#982,#1010,#1012,.T.);
#1010 = VERTEX_POINT('',#1011);
#1011 = CARTESIAN_POINT('',(29.886287539053,-41.06647985147,0.));
#1012 = SURFACE_CURVE('',#1013,(#1018,#1029),.PCURVE_S1.);
#1013 = CIRCLE('',#1014,3.85);
#1014 = AXIS2_PLACEMENT_3D('',#1015,#1016,#1017);
#1015 = CARTESIAN_POINT('',(27.558845726812,-44.13332099679,0.));
#1016 = DIRECTION('',(0.,0.,-1.));
#1017 = DIRECTION('',(-0.5,0.866025403784,0.));
#1018 = PCURVE('',#45,#1019);
#1019 = DEFINITIONAL_REPRESENTATION('',(#1020),#1028);
#1020 = ( BOUNDED_CURVE() B_SPLINE_CURVE(2,(#1021,#1022,#1023,#1024,
#1025,#1026,#1027),.UNSPECIFIED.,.T.,.F.) B_SPLINE_CURVE_WITH_KNOTS((1,2
    ,2,2,2,1),(-2.094395102393,0.,2.094395102393,4.188790204786,
6.28318530718,8.377580409573),.UNSPECIFIED.) CURVE() 
GEOMETRIC_REPRESENTATION_ITEM() RATIONAL_B_SPLINE_CURVE((1.,0.5,1.,0.5,
1.,0.5,1.)) REPRESENTATION_ITEM('') );
#1021 = CARTESIAN_POINT('',(25.633845726812,-40.79912319222));
#1022 = CARTESIAN_POINT('',(31.408845726812,-37.46492538765));
#1023 = CARTESIAN_POINT('',(31.408845726812,-44.13332099679));
#1024 = CARTESIAN_POINT('',(31.408845726812,-50.80171660593));
#1025 = CARTESIAN_POINT('',(25.633845726812,-47.46751880136));
#1026 = CARTESIAN_POINT('',(19.858845726812,-44.13332099679));
#1027 = CARTESIAN_POINT('',(25.633845726812,-40.79912319222));
#1028 = ( GEOMETRIC_REPRESENTATION_CONTEXT(2) 
PARAMETRIC_REPRESENTATION_CONTEXT() REPRESENTATION_CONTEXT('2D SPACE',''
  ) );
#1029 = PCURVE('',#1030,#1035);
#1030 = CYLINDRICAL_SURFACE('',#1031,3.85);
#1031 = AXIS2_PLACEMENT_3D('',#1032,#1033,#1034);
#1032 = CARTESIAN_POINT('',(27.558845726812,-44.13332099679,-5.E-02));
#1033 = DIRECTION('',(0.,0.,-1.));
#1034 = DIRECTION('',(-0.5,0.866025403784,0.));
#1035 = DEFINITIONAL_REPRESENTATION('',(#1036),#1040);
#1036 = LINE('',#1037,#1038);
#1037 = CARTESIAN_POINT('',(0.,-5.E-02));
#1038 = VECTOR('',#1039,1.);
#1039 = DIRECTION('',(1.,0.));
#1040 = ( GEOMETRIC_REPRESENTATION_CONTEXT(2) 
PARAMETRIC_REPRESENTATION_CONTEXT() REPRESENTATION_CONTEXT('2D SPACE',''
  ) );
#1041 = ORIENTED_EDGE('',*,*,#1042,.T.);
#1042 = EDGE_CURVE('',#1010,#1043,#1045,.T.);
#1043 = VERTEX_POINT('',#1044);
#1044 = CARTESIAN_POINT('',(31.378528974152,-43.65111783422,0.));
#1045 = SURFACE_CURVE('',#1046,(#1051,#1062),.PCURVE_S1.);
#1046 = CIRCLE('',#1047,2.2);
#1047 = AXIS2_PLACEMENT_3D('',#1048,#1049,#1050);
#1048 = CARTESIAN_POINT('',(29.232439819625,-43.16707099679,0.));
#1049 = DIRECTION('',(0.,0.,-1.));
#1050 = DIRECTION('',(-0.5,0.866025403784,0.));
#1051 = PCURVE('',#45,#1052);
#1052 = DEFINITIONAL_REPRESENTATION('',(#1053),#1061);
#1053 = ( BOUNDED_CURVE() B_SPLINE_CURVE(2,(#1054,#1055,#1056,#1057,
#1058,#1059,#1060),.UNSPECIFIED.,.T.,.F.) B_SPLINE_CURVE_WITH_KNOTS((1,2
    ,2,2,2,1),(-2.094395102393,0.,2.094395102393,4.188790204786,
6.28318530718,8.377580409573),.UNSPECIFIED.) CURVE() 
GEOMETRIC_REPRESENTATION_ITEM() RATIONAL_B_SPLINE_CURVE((1.,0.5,1.,0.5,
1.,0.5,1.)) REPRESENTATION_ITEM('') );
#1054 = CARTESIAN_POINT('',(28.132439819625,-41.26181510846));
#1055 = CARTESIAN_POINT('',(31.432439819625,-39.35655922013));
#1056 = CARTESIAN_POINT('',(31.432439819625,-43.16707099679));
#1057 = CARTESIAN_POINT('',(31.432439819625,-46.97758277344));
#1058 = CARTESIAN_POINT('',(28.132439819625,-45.07232688511));
#1059 = CARTESIAN_POINT('',(24.832439819625,-43.16707099679));
#1060 = CARTESIAN_POINT('',(28.132439819625,-41.26181510846));
#1061 = ( GEOMETRIC_REPRESENTATION_CONTEXT(2) 
PARAMETRIC_REPRESENTATION_CONTEXT() REPRESENTATION_CONTEXT('2D SPACE',''
  ) );
#1062 = PCURVE('',#1063,#1068);
#1063 = CYLINDRICAL_SURFACE('',#1064,2.2);
#1064 = AXIS2_PLACEMENT_3D('',#1065,#1066,#1067);
#1065 = CARTESIAN_POINT('',(29.232439819625,-43.16707099679,-5.E-02));
#1066 = DIRECTION('',(0.,0.,-1.));
#1067 = DIRECTION('',(-0.5,0.866025403784,0.));
#1068 = DEFINITIONAL_REPRESENTATION('',(#1069),#1073);
#1069 = LINE('',#1070,#1071);
#1070 = CARTESIAN_POINT('',(0.,-5.E-02));
#1071 = VECTOR('',#1072,1.);
#1072 = DIRECTION('',(1.,0.));
#1073 = ( GEOMETRIC_REPRESENTATION_CONTEXT(2) 
PARAMETRIC_REPRESENTATION_CONTEXT() REPRESENTATION_CONTEXT('2D SPACE',''
  ) );
#1074 = ORIENTED_EDGE('',*,*,#1075,.T.);
#1075 = EDGE_CURVE('',#1043,#1076,#1078,.T.);
#1076 = VERTEX_POINT('',#1077);
#1077 = CARTESIAN_POINT('',(29.483845726812,-47.46751880136,0.));
#1078 = SURFACE_CURVE('',#1079,(#1084,#1095),.PCURVE_S1.);
#1079 = CIRCLE('',#1080,3.85);
#1080 = AXIS2_PLACEMENT_3D('',#1081,#1082,#1083);
#1081 = CARTESIAN_POINT('',(27.558845726812,-44.13332099679,0.));
#1082 = DIRECTION('',(0.,0.,-1.));
#1083 = DIRECTION('',(-0.5,0.866025403784,0.));
#1084 = PCURVE('',#45,#1085);
#1085 = DEFINITIONAL_REPRESENTATION('',(#1086),#1094);
#1086 = ( BOUNDED_CURVE() B_SPLINE_CURVE(2,(#1087,#1088,#1089,#1090,
#1091,#1092,#1093),.UNSPECIFIED.,.T.,.F.) B_SPLINE_CURVE_WITH_KNOTS((1,2
    ,2,2,2,1),(-2.094395102393,0.,2.094395102393,4.188790204786,
6.28318530718,8.377580409573),.UNSPECIFIED.) CURVE() 
GEOMETRIC_REPRESENTATION_ITEM() RATIONAL_B_SPLINE_CURVE((1.,0.5,1.,0.5,
1.,0.5,1.)) REPRESENTATION_ITEM('') );
#1087 = CARTESIAN_POINT('',(25.633845726812,-40.79912319222));
#1088 = CARTESIAN_POINT('',(31.408845726812,-37.46492538765));
#1089 = CARTESIAN_POINT('',(31.408845726812,-44.13332099679));
#1090 = CARTESIAN_POINT('',(31.408845726812,-50.80171660593));
#1091 = CARTESIAN_POINT('',(25.633845726812,-47.46751880136));
#1092 = CARTESIAN_POINT('',(19.858845726812,-44.13332099679));
#1093 = CARTESIAN_POINT('',(25.633845726812,-40.79912319222));
#1094 = ( GEOMETRIC_REPRESENTATION_CONTEXT(2) 
PARAMETRIC_REPRESENTATION_CONTEXT() REPRESENTATION_CONTEXT('2D SPACE',''
  ) );
#1095 = PCURVE('',#1096,#1101);
#1096 = CYLINDRICAL_SURFACE('',#1097,3.85);
#1097 = AXIS2_PLACEMENT_3D('',#1098,#1099,#1100);
#1098 = CARTESIAN_POINT('',(27.558845726812,-44.13332099679,-5.E-02));
#1099 = DIRECTION('',(0.,0.,-1.));
#1100 = DIRECTION('',(-0.5,0.866025403784,0.));
#1101 = DEFINITIONAL_REPRESENTATION('',(#1102),#1106);
#1102 = LINE('',#1103,#1104);
#1103 = CARTESIAN_POINT('',(0.,-5.E-02));
#1104 = VECTOR('',#1105,1.);
#1105 = DIRECTION('',(1.,0.));
#1106 = ( GEOMETRIC_REPRESENTATION_CONTEXT(2) 
PARAMETRIC_REPRESENTATION_CONTEXT() REPRESENTATION_CONTEXT('2D SPACE',''
  ) );
#1107 = ORIENTED_EDGE('',*,*,#1108,.F.);
#1108 = EDGE_CURVE('',#1109,#1076,#1111,.T.);
#1109 = VERTEX_POINT('',#1110);
#1110 = CARTESIAN_POINT('',(26.366154273188,-49.26751880136,0.));
#1111 = SURFACE_CURVE('',#1112,(#1116,#1122),.PCURVE_S1.);
#1112 = LINE('',#1113,#1114);
#1113 = CARTESIAN_POINT('',(28.704422863406,-47.91751880136,
    6.938893903907E-18));
#1114 = VECTOR('',#1115,1.);
#1115 = DIRECTION('',(0.866025403784,0.5,-0.));
#1116 = PCURVE('',#45,#1117);
#1117 = DEFINITIONAL_REPRESENTATION('',(#1118),#1121);
#1118 = B_SPLINE_CURVE_WITH_KNOTS('',1,(#1119,#1120),.UNSPECIFIED.,.F.,
  .F.,(2,2),(-2.7,0.9),.PIECEWISE_BEZIER_KNOTS.);
#1119 = CARTESIAN_POINT('',(26.366154273188,-49.26751880136));
#1120 = CARTESIAN_POINT('',(29.483845726812,-47.46751880136));
#1121 = ( GEOMETRIC_REPRESENTATION_CONTEXT(2) 
PARAMETRIC_REPRESENTATION_CONTEXT() REPRESENTATION_CONTEXT('2D SPACE',''
  ) );
#1122 = PCURVE('',#1123,#1128);
#1123 = PLANE('',#1124);
#1124 = AXIS2_PLACEMENT_3D('',#1125,#1126,#1127);
#1125 = CARTESIAN_POINT('',(29.483845726812,-47.46751880136,-5.E-02));
#1126 = DIRECTION('',(0.5,-0.866025403784,0.));
#1127 = DIRECTION('',(-0.866025403784,-0.5,0.));
#1128 = DEFINITIONAL_REPRESENTATION('',(#1129),#1132);
#1129 = B_SPLINE_CURVE_WITH_KNOTS('',1,(#1130,#1131),.UNSPECIFIED.,.F.,
  .F.,(2,2),(-2.7,0.9),.PIECEWISE_BEZIER_KNOTS.);
#1130 = CARTESIAN_POINT('',(3.6,-5.E-02));
#1131 = CARTESIAN_POINT('',(0.,-5.E-02));
#1132 = ( GEOMETRIC_REPRESENTATION_CONTEXT(2) 
PARAMETRIC_REPRESENTATION_CONTEXT() REPRESENTATION_CONTEXT('2D SPACE',''
  ) );
#1133 = ORIENTED_EDGE('',*,*,#1134,.T.);
#1134 = EDGE_CURVE('',#1109,#1135,#1137,.T.);
#1135 = VERTEX_POINT('',#1136);
#1136 = CARTESIAN_POINT('',(22.113712460947,-49.00016214211,0.));
#1137 = SURFACE_CURVE('',#1138,(#1143,#1154),.PCURVE_S1.);
#1138 = CIRCLE('',#1139,3.85);
#1139 = AXIS2_PLACEMENT_3D('',#1140,#1141,#1142);
#1140 = CARTESIAN_POINT('',(24.441154273188,-45.93332099679,0.));
#1141 = DIRECTION('',(0.,-0.,-1.));
#1142 = DIRECTION('',(0.5,-0.866025403784,0.));
#1143 = PCURVE('',#45,#1144);
#1144 = DEFINITIONAL_REPRESENTATION('',(#1145),#1153);
#1145 = ( BOUNDED_CURVE() B_SPLINE_CURVE(2,(#1146,#1147,#1148,#1149,
#1150,#1151,#1152),.UNSPECIFIED.,.T.,.F.) B_SPLINE_CURVE_WITH_KNOTS((1,2
    ,2,2,2,1),(-2.094395102393,0.,2.094395102393,4.188790204786,
6.28318530718,8.377580409573),.UNSPECIFIED.) CURVE() 
GEOMETRIC_REPRESENTATION_ITEM() RATIONAL_B_SPLINE_CURVE((1.,0.5,1.,0.5,
1.,0.5,1.)) REPRESENTATION_ITEM('') );
#1146 = CARTESIAN_POINT('',(26.366154273188,-49.26751880136));
#1147 = CARTESIAN_POINT('',(20.591154273188,-52.60171660593));
#1148 = CARTESIAN_POINT('',(20.591154273188,-45.93332099679));
#1149 = CARTESIAN_POINT('',(20.591154273188,-39.26492538765));
#1150 = CARTESIAN_POINT('',(26.366154273188,-42.59912319222));
#1151 = CARTESIAN_POINT('',(32.141154273188,-45.93332099679));
#1152 = CARTESIAN_POINT('',(26.366154273188,-49.26751880136));
#1153 = ( GEOMETRIC_REPRESENTATION_CONTEXT(2) 
PARAMETRIC_REPRESENTATION_CONTEXT() REPRESENTATION_CONTEXT('2D SPACE',''
  ) );
#1154 = PCURVE('',#1155,#1160);
#1155 = CYLINDRICAL_SURFACE('',#1156,3.85);
#1156 = AXIS2_PLACEMENT_3D('',#1157,#1158,#1159);
#1157 = CARTESIAN_POINT('',(24.441154273188,-45.93332099679,-5.E-02));
#1158 = DIRECTION('',(0.,-0.,-1.));
#1159 = DIRECTION('',(0.5,-0.866025403784,0.));
#1160 = DEFINITIONAL_REPRESENTATION('',(#1161),#1165);
#1161 = LINE('',#1162,#1163);
#1162 = CARTESIAN_POINT('',(0.,-5.E-02));
#1163 = VECTOR('',#1164,1.);
#1164 = DIRECTION('',(1.,0.));
#1165 = ( GEOMETRIC_REPRESENTATION_CONTEXT(2) 
PARAMETRIC_REPRESENTATION_CONTEXT() REPRESENTATION_CONTEXT('2D SPACE',''
  ) );
#1166 = ORIENTED_EDGE('',*,*,#1167,.T.);
#1167 = EDGE_CURVE('',#1135,#1168,#1170,.T.);
#1168 = VERTEX_POINT('',#1169);
#1169 = CARTESIAN_POINT('',(20.621471025848,-46.41552415936,0.));
#1170 = SURFACE_CURVE('',#1171,(#1176,#1187),.PCURVE_S1.);
#1171 = CIRCLE('',#1172,2.2);
#1172 = AXIS2_PLACEMENT_3D('',#1173,#1174,#1175);
#1173 = CARTESIAN_POINT('',(22.767560180375,-46.89957099679,0.));
#1174 = DIRECTION('',(0.,-0.,-1.));
#1175 = DIRECTION('',(0.5,-0.866025403784,0.));
#1176 = PCURVE('',#45,#1177);
#1177 = DEFINITIONAL_REPRESENTATION('',(#1178),#1186);
#1178 = ( BOUNDED_CURVE() B_SPLINE_CURVE(2,(#1179,#1180,#1181,#1182,
#1183,#1184,#1185),.UNSPECIFIED.,.T.,.F.) B_SPLINE_CURVE_WITH_KNOTS((1,2
    ,2,2,2,1),(-2.094395102393,0.,2.094395102393,4.188790204786,
6.28318530718,8.377580409573),.UNSPECIFIED.) CURVE() 
GEOMETRIC_REPRESENTATION_ITEM() RATIONAL_B_SPLINE_CURVE((1.,0.5,1.,0.5,
1.,0.5,1.)) REPRESENTATION_ITEM('') );
#1179 = CARTESIAN_POINT('',(23.867560180375,-48.80482688511));
#1180 = CARTESIAN_POINT('',(20.567560180375,-50.71008277344));
#1181 = CARTESIAN_POINT('',(20.567560180375,-46.89957099679));
#1182 = CARTESIAN_POINT('',(20.567560180375,-43.08905922013));
#1183 = CARTESIAN_POINT('',(23.867560180375,-44.99431510846));
#1184 = CARTESIAN_POINT('',(27.167560180375,-46.89957099679));
#1185 = CARTESIAN_POINT('',(23.867560180375,-48.80482688511));
#1186 = ( GEOMETRIC_REPRESENTATION_CONTEXT(2) 
PARAMETRIC_REPRESENTATION_CONTEXT() REPRESENTATION_CONTEXT('2D SPACE',''
  ) );
#1187 = PCURVE('',#1188,#1193);
#1188 = CYLINDRICAL_SURFACE('',#1189,2.2);
#1189 = AXIS2_PLACEMENT_3D('',#1190,#1191,#1192);
#1190 = CARTESIAN_POINT('',(22.767560180375,-46.89957099679,-5.E-02));
#1191 = DIRECTION('',(0.,-0.,-1.));
#1192 = DIRECTION('',(0.5,-0.866025403784,0.));
#1193 = DEFINITIONAL_REPRESENTATION('',(#1194),#1198);
#1194 = LINE('',#1195,#1196);
#1195 = CARTESIAN_POINT('',(0.,-5.E-02));
#1196 = VECTOR('',#1197,1.);
#1197 = DIRECTION('',(1.,0.));
#1198 = ( GEOMETRIC_REPRESENTATION_CONTEXT(2) 
PARAMETRIC_REPRESENTATION_CONTEXT() REPRESENTATION_CONTEXT('2D SPACE',''
  ) );
#1199 = ORIENTED_EDGE('',*,*,#1200,.T.);
#1200 = EDGE_CURVE('',#1168,#984,#1201,.T.);
#1201 = SURFACE_CURVE('',#1202,(#1207,#1218),.PCURVE_S1.);
#1202 = CIRCLE('',#1203,3.85);
#1203 = AXIS2_PLACEMENT_3D('',#1204,#1205,#1206);
#1204 = CARTESIAN_POINT('',(24.441154273188,-45.93332099679,0.));
#1205 = DIRECTION('',(0.,-0.,-1.));
#1206 = DIRECTION('',(0.5,-0.866025403784,0.));
#1207 = PCURVE('',#45,#1208);
#1208 = DEFINITIONAL_REPRESENTATION('',(#1209),#1217);
#1209 = ( BOUNDED_CURVE() B_SPLINE_CURVE(2,(#1210,#1211,#1212,#1213,
#1214,#1215,#1216),.UNSPECIFIED.,.T.,.F.) B_SPLINE_CURVE_WITH_KNOTS((1,2
    ,2,2,2,1),(-2.094395102393,0.,2.094395102393,4.188790204786,
6.28318530718,8.377580409573),.UNSPECIFIED.) CURVE() 
GEOMETRIC_REPRESENTATION_ITEM() RATIONAL_B_SPLINE_CURVE((1.,0.5,1.,0.5,
1.,0.5,1.)) REPRESENTATION_ITEM('') );
#1210 = CARTESIAN_POINT('',(26.366154273188,-49.26751880136));
#1211 = CARTESIAN_POINT('',(20.591154273188,-52.60171660593));
#1212 = CARTESIAN_POINT('',(20.591154273188,-45.93332099679));
#1213 = CARTESIAN_POINT('',(20.591154273188,-39.26492538765));
#1214 = CARTESIAN_POINT('',(26.366154273188,-42.59912319222));
#1215 = CARTESIAN_POINT('',(32.141154273188,-45.93332099679));
#1216 = CARTESIAN_POINT('',(26.366154273188,-49.26751880136));
#1217 = ( GEOMETRIC_REPRESENTATION_CONTEXT(2) 
PARAMETRIC_REPRESENTATION_CONTEXT() REPRESENTATION_CONTEXT('2D SPACE',''
  ) );
#1218 = PCURVE('',#1219,#1224);
#1219 = CYLINDRICAL_SURFACE('',#1220,3.85);
#1220 = AXIS2_PLACEMENT_3D('',#1221,#1222,#1223);
#1221 = CARTESIAN_POINT('',(24.441154273188,-45.93332099679,-5.E-02));
#1222 = DIRECTION('',(0.,-0.,-1.));
#1223 = DIRECTION('',(0.5,-0.866025403784,0.));
#1224 = DEFINITIONAL_REPRESENTATION('',(#1225),#1229);
#1225 = LINE('',#1226,#1227);
#1226 = CARTESIAN_POINT('',(0.,-5.E-02));
#1227 = VECTOR('',#1228,1.);
#1228 = DIRECTION('',(1.,0.));
#1229 = ( GEOMETRIC_REPRESENTATION_CONTEXT(2) 
PARAMETRIC_REPRESENTATION_CONTEXT() REPRESENTATION_CONTEXT('2D SPACE',''
  ) );
#1230 = FACE_BOUND('',#1231,.F.);
#1231 = EDGE_LOOP('',(#1232,#1260,#1293,#1326,#1359,#1385,#1418,#1451));
#1232 = ORIENTED_EDGE('',*,*,#1233,.F.);
#1233 = EDGE_CURVE('',#1234,#1236,#1238,.T.);
#1234 = VERTEX_POINT('',#1235);
#1235 = CARTESIAN_POINT('',(42.599123192221,-22.51615427318,0.));
#1236 = VERTEX_POINT('',#1237);
#1237 = CARTESIAN_POINT('',(40.799123192221,-25.63384572681,0.));
#1238 = SURFACE_CURVE('',#1239,(#1243,#1249),.PCURVE_S1.);
#1239 = LINE('',#1240,#1241);
#1240 = CARTESIAN_POINT('',(41.249123192221,-24.8544228634,0.));
#1241 = VECTOR('',#1242,1.);
#1242 = DIRECTION('',(-0.5,-0.866025403784,0.));
#1243 = PCURVE('',#45,#1244);
#1244 = DEFINITIONAL_REPRESENTATION('',(#1245),#1248);
#1245 = B_SPLINE_CURVE_WITH_KNOTS('',1,(#1246,#1247),.UNSPECIFIED.,.F.,
  .F.,(2,2),(-2.7,0.9),.PIECEWISE_BEZIER_KNOTS.);
#1246 = CARTESIAN_POINT('',(42.599123192221,-22.51615427318));
#1247 = CARTESIAN_POINT('',(40.799123192221,-25.63384572681));
#1248 = ( GEOMETRIC_REPRESENTATION_CONTEXT(2) 
PARAMETRIC_REPRESENTATION_CONTEXT() REPRESENTATION_CONTEXT('2D SPACE',''
  ) );
#1249 = PCURVE('',#1250,#1255);
#1250 = PLANE('',#1251);
#1251 = AXIS2_PLACEMENT_3D('',#1252,#1253,#1254);
#1252 = CARTESIAN_POINT('',(40.799123192221,-25.63384572681,-5.E-02));
#1253 = DIRECTION('',(-0.866025403784,0.5,0.));
#1254 = DIRECTION('',(0.5,0.866025403784,0.));
#1255 = DEFINITIONAL_REPRESENTATION('',(#1256),#1259);
#1256 = B_SPLINE_CURVE_WITH_KNOTS('',1,(#1257,#1258),.UNSPECIFIED.,.F.,
  .F.,(2,2),(-2.7,0.9),.PIECEWISE_BEZIER_KNOTS.);
#1257 = CARTESIAN_POINT('',(3.6,-5.E-02));
#1258 = CARTESIAN_POINT('',(0.,-5.E-02));
#1259 = ( GEOMETRIC_REPRESENTATION_CONTEXT(2) 
PARAMETRIC_REPRESENTATION_CONTEXT() REPRESENTATION_CONTEXT('2D SPACE',''
  ) );
#1260 = ORIENTED_EDGE('',*,*,#1261,.T.);
#1261 = EDGE_CURVE('',#1234,#1262,#1264,.T.);
#1262 = VERTEX_POINT('',#1263);
#1263 = CARTESIAN_POINT('',(46.415524159361,-20.62147102584,0.));
#1264 = SURFACE_CURVE('',#1265,(#1270,#1281),.PCURVE_S1.);
#1265 = CIRCLE('',#1266,3.85);
#1266 = AXIS2_PLACEMENT_3D('',#1267,#1268,#1269);
#1267 = CARTESIAN_POINT('',(45.933320996791,-24.44115427318,0.));
#1268 = DIRECTION('',(0.,0.,-1.));
#1269 = DIRECTION('',(-0.866025403784,0.5,0.));
#1270 = PCURVE('',#45,#1271);
#1271 = DEFINITIONAL_REPRESENTATION('',(#1272),#1280);
#1272 = ( BOUNDED_CURVE() B_SPLINE_CURVE(2,(#1273,#1274,#1275,#1276,
#1277,#1278,#1279),.UNSPECIFIED.,.T.,.F.) B_SPLINE_CURVE_WITH_KNOTS((1,2
    ,2,2,2,1),(-2.094395102393,0.,2.094395102393,4.188790204786,
6.28318530718,8.377580409573),.UNSPECIFIED.) CURVE() 
GEOMETRIC_REPRESENTATION_ITEM() RATIONAL_B_SPLINE_CURVE((1.,0.5,1.,0.5,
1.,0.5,1.)) REPRESENTATION_ITEM('') );
#1273 = CARTESIAN_POINT('',(42.599123192221,-22.51615427318));
#1274 = CARTESIAN_POINT('',(45.933320996791,-16.74115427318));
#1275 = CARTESIAN_POINT('',(49.267518801361,-22.51615427318));
#1276 = CARTESIAN_POINT('',(52.601716605931,-28.29115427318));
#1277 = CARTESIAN_POINT('',(45.933320996791,-28.29115427318));
#1278 = CARTESIAN_POINT('',(39.264925387651,-28.29115427318));
#1279 = CARTESIAN_POINT('',(42.599123192221,-22.51615427318));
#1280 = ( GEOMETRIC_REPRESENTATION_CONTEXT(2) 
PARAMETRIC_REPRESENTATION_CONTEXT() REPRESENTATION_CONTEXT('2D SPACE',''
  ) );
#1281 = PCURVE('',#1282,#1287);
#1282 = CYLINDRICAL_SURFACE('',#1283,3.85);
#1283 = AXIS2_PLACEMENT_3D('',#1284,#1285,#1286);
#1284 = CARTESIAN_POINT('',(45.933320996791,-24.44115427318,-5.E-02));
#1285 = DIRECTION('',(0.,0.,-1.));
#1286 = DIRECTION('',(-0.866025403784,0.5,0.));
#1287 = DEFINITIONAL_REPRESENTATION('',(#1288),#1292);
#1288 = LINE('',#1289,#1290);
#1289 = CARTESIAN_POINT('',(0.,-5.E-02));
#1290 = VECTOR('',#1291,1.);
#1291 = DIRECTION('',(1.,0.));
#1292 = ( GEOMETRIC_REPRESENTATION_CONTEXT(2) 
PARAMETRIC_REPRESENTATION_CONTEXT() REPRESENTATION_CONTEXT('2D SPACE',''
  ) );
#1293 = ORIENTED_EDGE('',*,*,#1294,.T.);
#1294 = EDGE_CURVE('',#1262,#1295,#1297,.T.);
#1295 = VERTEX_POINT('',#1296);
#1296 = CARTESIAN_POINT('',(49.000162142112,-22.11371246094,0.));
#1297 = SURFACE_CURVE('',#1298,(#1303,#1314),.PCURVE_S1.);
#1298 = CIRCLE('',#1299,2.2);
#1299 = AXIS2_PLACEMENT_3D('',#1300,#1301,#1302);
#1300 = CARTESIAN_POINT('',(46.899570996791,-22.76756018037,0.));
#1301 = DIRECTION('',(0.,0.,-1.));
#1302 = DIRECTION('',(-0.866025403784,0.5,0.));
#1303 = PCURVE('',#45,#1304);
#1304 = DEFINITIONAL_REPRESENTATION('',(#1305),#1313);
#1305 = ( BOUNDED_CURVE() B_SPLINE_CURVE(2,(#1306,#1307,#1308,#1309,
#1310,#1311,#1312),.UNSPECIFIED.,.T.,.F.) B_SPLINE_CURVE_WITH_KNOTS((1,2
    ,2,2,2,1),(-2.094395102393,0.,2.094395102393,4.188790204786,
6.28318530718,8.377580409573),.UNSPECIFIED.) CURVE() 
GEOMETRIC_REPRESENTATION_ITEM() RATIONAL_B_SPLINE_CURVE((1.,0.5,1.,0.5,
1.,0.5,1.)) REPRESENTATION_ITEM('') );
#1306 = CARTESIAN_POINT('',(44.994315108465,-21.66756018037));
#1307 = CARTESIAN_POINT('',(46.899570996791,-18.36756018037));
#1308 = CARTESIAN_POINT('',(48.804826885117,-21.66756018037));
#1309 = CARTESIAN_POINT('',(50.710082773442,-24.96756018037));
#1310 = CARTESIAN_POINT('',(46.899570996791,-24.96756018037));
#1311 = CARTESIAN_POINT('',(43.089059220139,-24.96756018037));
#1312 = CARTESIAN_POINT('',(44.994315108465,-21.66756018037));
#1313 = ( GEOMETRIC_REPRESENTATION_CONTEXT(2) 
PARAMETRIC_REPRESENTATION_CONTEXT() REPRESENTATION_CONTEXT('2D SPACE',''
  ) );
#1314 = PCURVE('',#1315,#1320);
#1315 = CYLINDRICAL_SURFACE('',#1316,2.2);
#1316 = AXIS2_PLACEMENT_3D('',#1317,#1318,#1319);
#1317 = CARTESIAN_POINT('',(46.899570996791,-22.76756018037,-5.E-02));
#1318 = DIRECTION('',(0.,0.,-1.));
#1319 = DIRECTION('',(-0.866025403784,0.5,0.));
#1320 = DEFINITIONAL_REPRESENTATION('',(#1321),#1325);
#1321 = LINE('',#1322,#1323);
#1322 = CARTESIAN_POINT('',(0.,-5.E-02));
#1323 = VECTOR('',#1324,1.);
#1324 = DIRECTION('',(1.,0.));
#1325 = ( GEOMETRIC_REPRESENTATION_CONTEXT(2) 
PARAMETRIC_REPRESENTATION_CONTEXT() REPRESENTATION_CONTEXT('2D SPACE',''
  ) );
#1326 = ORIENTED_EDGE('',*,*,#1327,.T.);
#1327 = EDGE_CURVE('',#1295,#1328,#1330,.T.);
#1328 = VERTEX_POINT('',#1329);
#1329 = CARTESIAN_POINT('',(49.267518801361,-26.36615427318,0.));
#1330 = SURFACE_CURVE('',#1331,(#1336,#1347),.PCURVE_S1.);
#1331 = CIRCLE('',#1332,3.85);
#1332 = AXIS2_PLACEMENT_3D('',#1333,#1334,#1335);
#1333 = CARTESIAN_POINT('',(45.933320996791,-24.44115427318,0.));
#1334 = DIRECTION('',(0.,0.,-1.));
#1335 = DIRECTION('',(-0.866025403784,0.5,0.));
#1336 = PCURVE('',#45,#1337);
#1337 = DEFINITIONAL_REPRESENTATION('',(#1338),#1346);
#1338 = ( BOUNDED_CURVE() B_SPLINE_CURVE(2,(#1339,#1340,#1341,#1342,
#1343,#1344,#1345),.UNSPECIFIED.,.T.,.F.) B_SPLINE_CURVE_WITH_KNOTS((1,2
    ,2,2,2,1),(-2.094395102393,0.,2.094395102393,4.188790204786,
6.28318530718,8.377580409573),.UNSPECIFIED.) CURVE() 
GEOMETRIC_REPRESENTATION_ITEM() RATIONAL_B_SPLINE_CURVE((1.,0.5,1.,0.5,
1.,0.5,1.)) REPRESENTATION_ITEM('') );
#1339 = CARTESIAN_POINT('',(42.599123192221,-22.51615427318));
#1340 = CARTESIAN_POINT('',(45.933320996791,-16.74115427318));
#1341 = CARTESIAN_POINT('',(49.267518801361,-22.51615427318));
#1342 = CARTESIAN_POINT('',(52.601716605931,-28.29115427318));
#1343 = CARTESIAN_POINT('',(45.933320996791,-28.29115427318));
#1344 = CARTESIAN_POINT('',(39.264925387651,-28.29115427318));
#1345 = CARTESIAN_POINT('',(42.599123192221,-22.51615427318));
#1346 = ( GEOMETRIC_REPRESENTATION_CONTEXT(2) 
PARAMETRIC_REPRESENTATION_CONTEXT() REPRESENTATION_CONTEXT('2D SPACE',''
  ) );
#1347 = PCURVE('',#1348,#1353);
#1348 = CYLINDRICAL_SURFACE('',#1349,3.85);
#1349 = AXIS2_PLACEMENT_3D('',#1350,#1351,#1352);
#1350 = CARTESIAN_POINT('',(45.933320996791,-24.44115427318,-5.E-02));
#1351 = DIRECTION('',(0.,0.,-1.));
#1352 = DIRECTION('',(-0.866025403784,0.5,0.));
#1353 = DEFINITIONAL_REPRESENTATION('',(#1354),#1358);
#1354 = LINE('',#1355,#1356);
#1355 = CARTESIAN_POINT('',(0.,-5.E-02));
#1356 = VECTOR('',#1357,1.);
#1357 = DIRECTION('',(1.,0.));
#1358 = ( GEOMETRIC_REPRESENTATION_CONTEXT(2) 
PARAMETRIC_REPRESENTATION_CONTEXT() REPRESENTATION_CONTEXT('2D SPACE',''
  ) );
#1359 = ORIENTED_EDGE('',*,*,#1360,.F.);
#1360 = EDGE_CURVE('',#1361,#1328,#1363,.T.);
#1361 = VERTEX_POINT('',#1362);
#1362 = CARTESIAN_POINT('',(47.467518801361,-29.48384572681,0.));
#1363 = SURFACE_CURVE('',#1364,(#1368,#1374),.PCURVE_S1.);
#1364 = LINE('',#1365,#1366);
#1365 = CARTESIAN_POINT('',(48.817518801361,-27.14557713659,0.));
#1366 = VECTOR('',#1367,1.);
#1367 = DIRECTION('',(0.5,0.866025403784,-0.));
#1368 = PCURVE('',#45,#1369);
#1369 = DEFINITIONAL_REPRESENTATION('',(#1370),#1373);
#1370 = B_SPLINE_CURVE_WITH_KNOTS('',1,(#1371,#1372),.UNSPECIFIED.,.F.,
  .F.,(2,2),(-2.7,0.9),.PIECEWISE_BEZIER_KNOTS.);
#1371 = CARTESIAN_POINT('',(47.467518801361,-29.48384572681));
#1372 = CARTESIAN_POINT('',(49.267518801361,-26.36615427318));
#1373 = ( GEOMETRIC_REPRESENTATION_CONTEXT(2) 
PARAMETRIC_REPRESENTATION_CONTEXT() REPRESENTATION_CONTEXT('2D SPACE',''
  ) );
#1374 = PCURVE('',#1375,#1380);
#1375 = PLANE('',#1376);
#1376 = AXIS2_PLACEMENT_3D('',#1377,#1378,#1379);
#1377 = CARTESIAN_POINT('',(49.267518801361,-26.36615427318,-5.E-02));
#1378 = DIRECTION('',(0.866025403784,-0.5,0.));
#1379 = DIRECTION('',(-0.5,-0.866025403784,0.));
#1380 = DEFINITIONAL_REPRESENTATION('',(#1381),#1384);
#1381 = B_SPLINE_CURVE_WITH_KNOTS('',1,(#1382,#1383),.UNSPECIFIED.,.F.,
  .F.,(2,2),(-2.7,0.9),.PIECEWISE_BEZIER_KNOTS.);
#1382 = CARTESIAN_POINT('',(3.6,-5.E-02));
#1383 = CARTESIAN_POINT('',(0.,-5.E-02));
#1384 = ( GEOMETRIC_REPRESENTATION_CONTEXT(2) 
PARAMETRIC_REPRESENTATION_CONTEXT() REPRESENTATION_CONTEXT('2D SPACE',''
  ) );
#1385 = ORIENTED_EDGE('',*,*,#1386,.T.);
#1386 = EDGE_CURVE('',#1361,#1387,#1389,.T.);
#1387 = VERTEX_POINT('',#1388);
#1388 = CARTESIAN_POINT('',(43.65111783422,-31.37852897415,0.));
#1389 = SURFACE_CURVE('',#1390,(#1395,#1406),.PCURVE_S1.);
#1390 = CIRCLE('',#1391,3.85);
#1391 = AXIS2_PLACEMENT_3D('',#1392,#1393,#1394);
#1392 = CARTESIAN_POINT('',(44.133320996791,-27.55884572681,0.));
#1393 = DIRECTION('',(0.,-0.,-1.));
#1394 = DIRECTION('',(0.866025403784,-0.5,0.));
#1395 = PCURVE('',#45,#1396);
#1396 = DEFINITIONAL_REPRESENTATION('',(#1397),#1405);
#1397 = ( BOUNDED_CURVE() B_SPLINE_CURVE(2,(#1398,#1399,#1400,#1401,
#1402,#1403,#1404),.UNSPECIFIED.,.T.,.F.) B_SPLINE_CURVE_WITH_KNOTS((1,2
    ,2,2,2,1),(-2.094395102393,0.,2.094395102393,4.188790204786,
6.28318530718,8.377580409573),.UNSPECIFIED.) CURVE() 
GEOMETRIC_REPRESENTATION_ITEM() RATIONAL_B_SPLINE_CURVE((1.,0.5,1.,0.5,
1.,0.5,1.)) REPRESENTATION_ITEM('') );
#1398 = CARTESIAN_POINT('',(47.467518801361,-29.48384572681));
#1399 = CARTESIAN_POINT('',(44.133320996791,-35.25884572681));
#1400 = CARTESIAN_POINT('',(40.799123192221,-29.48384572681));
#1401 = CARTESIAN_POINT('',(37.464925387651,-23.70884572681));
#1402 = CARTESIAN_POINT('',(44.133320996791,-23.70884572681));
#1403 = CARTESIAN_POINT('',(50.801716605931,-23.70884572681));
#1404 = CARTESIAN_POINT('',(47.467518801361,-29.48384572681));
#1405 = ( GEOMETRIC_REPRESENTATION_CONTEXT(2) 
PARAMETRIC_REPRESENTATION_CONTEXT() REPRESENTATION_CONTEXT('2D SPACE',''
  ) );
#1406 = PCURVE('',#1407,#1412);
#1407 = CYLINDRICAL_SURFACE('',#1408,3.85);
#1408 = AXIS2_PLACEMENT_3D('',#1409,#1410,#1411);
#1409 = CARTESIAN_POINT('',(44.133320996791,-27.55884572681,-5.E-02));
#1410 = DIRECTION('',(0.,-0.,-1.));
#1411 = DIRECTION('',(0.866025403784,-0.5,0.));
#1412 = DEFINITIONAL_REPRESENTATION('',(#1413),#1417);
#1413 = LINE('',#1414,#1415);
#1414 = CARTESIAN_POINT('',(0.,-5.E-02));
#1415 = VECTOR('',#1416,1.);
#1416 = DIRECTION('',(1.,0.));
#1417 = ( GEOMETRIC_REPRESENTATION_CONTEXT(2) 
PARAMETRIC_REPRESENTATION_CONTEXT() REPRESENTATION_CONTEXT('2D SPACE',''
  ) );
#1418 = ORIENTED_EDGE('',*,*,#1419,.T.);
#1419 = EDGE_CURVE('',#1387,#1420,#1422,.T.);
#1420 = VERTEX_POINT('',#1421);
#1421 = CARTESIAN_POINT('',(41.06647985147,-29.88628753905,0.));
#1422 = SURFACE_CURVE('',#1423,(#1428,#1439),.PCURVE_S1.);
#1423 = CIRCLE('',#1424,2.2);
#1424 = AXIS2_PLACEMENT_3D('',#1425,#1426,#1427);
#1425 = CARTESIAN_POINT('',(43.167070996791,-29.23243981962,0.));
#1426 = DIRECTION('',(0.,-0.,-1.));
#1427 = DIRECTION('',(0.866025403784,-0.5,0.));
#1428 = PCURVE('',#45,#1429);
#1429 = DEFINITIONAL_REPRESENTATION('',(#1430),#1438);
#1430 = ( BOUNDED_CURVE() B_SPLINE_CURVE(2,(#1431,#1432,#1433,#1434,
#1435,#1436,#1437),.UNSPECIFIED.,.T.,.F.) B_SPLINE_CURVE_WITH_KNOTS((1,2
    ,2,2,2,1),(-2.094395102393,0.,2.094395102393,4.188790204786,
6.28318530718,8.377580409573),.UNSPECIFIED.) CURVE() 
GEOMETRIC_REPRESENTATION_ITEM() RATIONAL_B_SPLINE_CURVE((1.,0.5,1.,0.5,
1.,0.5,1.)) REPRESENTATION_ITEM('') );
#1431 = CARTESIAN_POINT('',(45.072326885117,-30.33243981962));
#1432 = CARTESIAN_POINT('',(43.167070996791,-33.63243981962));
#1433 = CARTESIAN_POINT('',(41.261815108465,-30.33243981962));
#1434 = CARTESIAN_POINT('',(39.356559220139,-27.03243981962));
#1435 = CARTESIAN_POINT('',(43.167070996791,-27.03243981962));
#1436 = CARTESIAN_POINT('',(46.977582773442,-27.03243981962));
#1437 = CARTESIAN_POINT('',(45.072326885117,-30.33243981962));
#1438 = ( GEOMETRIC_REPRESENTATION_CONTEXT(2) 
PARAMETRIC_REPRESENTATION_CONTEXT() REPRESENTATION_CONTEXT('2D SPACE',''
  ) );
#1439 = PCURVE('',#1440,#1445);
#1440 = CYLINDRICAL_SURFACE('',#1441,2.2);
#1441 = AXIS2_PLACEMENT_3D('',#1442,#1443,#1444);
#1442 = CARTESIAN_POINT('',(43.167070996791,-29.23243981962,-5.E-02));
#1443 = DIRECTION('',(0.,-0.,-1.));
#1444 = DIRECTION('',(0.866025403784,-0.5,0.));
#1445 = DEFINITIONAL_REPRESENTATION('',(#1446),#1450);
#1446 = LINE('',#1447,#1448);
#1447 = CARTESIAN_POINT('',(0.,-5.E-02));
#1448 = VECTOR('',#1449,1.);
#1449 = DIRECTION('',(1.,0.));
#1450 = ( GEOMETRIC_REPRESENTATION_CONTEXT(2) 
PARAMETRIC_REPRESENTATION_CONTEXT() REPRESENTATION_CONTEXT('2D SPACE',''
  ) );
#1451 = ORIENTED_EDGE('',*,*,#1452,.T.);
#1452 = EDGE_CURVE('',#1420,#1236,#1453,.T.);
#1453 = SURFACE_CURVE('',#1454,(#1459,#1470),.PCURVE_S1.);
#1454 = CIRCLE('',#1455,3.85);
#1455 = AXIS2_PLACEMENT_3D('',#1456,#1457,#1458);
#1456 = CARTESIAN_POINT('',(44.133320996791,-27.55884572681,0.));
#1457 = DIRECTION('',(0.,-0.,-1.));
#1458 = DIRECTION('',(0.866025403784,-0.5,0.));
#1459 = PCURVE('',#45,#1460);
#1460 = DEFINITIONAL_REPRESENTATION('',(#1461),#1469);
#1461 = ( BOUNDED_CURVE() B_SPLINE_CURVE(2,(#1462,#1463,#1464,#1465,
#1466,#1467,#1468),.UNSPECIFIED.,.T.,.F.) B_SPLINE_CURVE_WITH_KNOTS((1,2
    ,2,2,2,1),(-2.094395102393,0.,2.094395102393,4.188790204786,
6.28318530718,8.377580409573),.UNSPECIFIED.) CURVE() 
GEOMETRIC_REPRESENTATION_ITEM() RATIONAL_B_SPLINE_CURVE((1.,0.5,1.,0.5,
1.,0.5,1.)) REPRESENTATION_ITEM('') );
#1462 = CARTESIAN_POINT('',(47.467518801361,-29.48384572681));
#1463 = CARTESIAN_POINT('',(44.133320996791,-35.25884572681));
#1464 = CARTESIAN_POINT('',(40.799123192221,-29.48384572681));
#1465 = CARTESIAN_POINT('',(37.464925387651,-23.70884572681));
#1466 = CARTESIAN_POINT('',(44.133320996791,-23.70884572681));
#1467 = CARTESIAN_POINT('',(50.801716605931,-23.70884572681));
#1468 = CARTESIAN_POINT('',(47.467518801361,-29.48384572681));
#1469 = ( GEOMETRIC_REPRESENTATION_CONTEXT(2) 
PARAMETRIC_REPRESENTATION_CONTEXT() REPRESENTATION_CONTEXT('2D SPACE',''
  ) );
#1470 = PCURVE('',#1471,#1476);
#1471 = CYLINDRICAL_SURFACE('',#1472,3.85);
#1472 = AXIS2_PLACEMENT_3D('',#1473,#1474,#1475);
#1473 = CARTESIAN_POINT('',(44.133320996791,-27.55884572681,-5.E-02));
#1474 = DIRECTION('',(0.,-0.,-1.));
#1475 = DIRECTION('',(0.866025403784,-0.5,0.));
#1476 = DEFINITIONAL_REPRESENTATION('',(#1477),#1481);
#1477 = LINE('',#1478,#1479);
#1478 = CARTESIAN_POINT('',(0.,-5.E-02));
#1479 = VECTOR('',#1480,1.);
#1480 = DIRECTION('',(1.,0.));
#1481 = ( GEOMETRIC_REPRESENTATION_CONTEXT(2) 
PARAMETRIC_REPRESENTATION_CONTEXT() REPRESENTATION_CONTEXT('2D SPACE',''
  ) );
#1482 = FACE_BOUND('',#1483,.F.);
#1483 = EDGE_LOOP('',(#1484,#1512,#1545,#1578,#1611,#1637,#1670,#1703));
#1484 = ORIENTED_EDGE('',*,*,#1485,.F.);
#1485 = EDGE_CURVE('',#1486,#1488,#1490,.T.);
#1486 = VERTEX_POINT('',#1487);
#1487 = CARTESIAN_POINT('',(-48.15,-1.8,0.));
#1488 = VERTEX_POINT('',#1489);
#1489 = CARTESIAN_POINT('',(-48.15,1.8,0.));
#1490 = SURFACE_CURVE('',#1491,(#1495,#1501),.PCURVE_S1.);
#1491 = LINE('',#1492,#1493);
#1492 = CARTESIAN_POINT('',(-48.15,0.9,0.));
#1493 = VECTOR('',#1494,1.);
#1494 = DIRECTION('',(2.22044604925E-16,1.,-0.));
#1495 = PCURVE('',#45,#1496);
#1496 = DEFINITIONAL_REPRESENTATION('',(#1497),#1500);
#1497 = B_SPLINE_CURVE_WITH_KNOTS('',1,(#1498,#1499),.UNSPECIFIED.,.F.,
  .F.,(2,2),(-2.7,0.9),.PIECEWISE_BEZIER_KNOTS.);
#1498 = CARTESIAN_POINT('',(-48.15,-1.8));
#1499 = CARTESIAN_POINT('',(-48.15,1.8));
#1500 = ( GEOMETRIC_REPRESENTATION_CONTEXT(2) 
PARAMETRIC_REPRESENTATION_CONTEXT() REPRESENTATION_CONTEXT('2D SPACE',''
  ) );
#1501 = PCURVE('',#1502,#1507);
#1502 = PLANE('',#1503);
#1503 = AXIS2_PLACEMENT_3D('',#1504,#1505,#1506);
#1504 = CARTESIAN_POINT('',(-48.15,1.8,-5.E-02));
#1505 = DIRECTION('',(1.,-2.22044604925E-16,0.));
#1506 = DIRECTION('',(-2.22044604925E-16,-1.,0.));
#1507 = DEFINITIONAL_REPRESENTATION('',(#1508),#1511);
#1508 = B_SPLINE_CURVE_WITH_KNOTS('',1,(#1509,#1510),.UNSPECIFIED.,.F.,
  .F.,(2,2),(-2.7,0.9),.PIECEWISE_BEZIER_KNOTS.);
#1509 = CARTESIAN_POINT('',(3.6,-5.E-02));
#1510 = CARTESIAN_POINT('',(0.,-5.E-02));
#1511 = ( GEOMETRIC_REPRESENTATION_CONTEXT(2) 
PARAMETRIC_REPRESENTATION_CONTEXT() REPRESENTATION_CONTEXT('2D SPACE',''
  ) );
#1512 = ORIENTED_EDGE('',*,*,#1513,.T.);
#1513 = EDGE_CURVE('',#1486,#1514,#1516,.T.);
#1514 = VERTEX_POINT('',#1515);
#1515 = CARTESIAN_POINT('',(-50.5077585649,-5.349044307891,0.));
#1516 = SURFACE_CURVE('',#1517,(#1522,#1533),.PCURVE_S1.);
#1517 = CIRCLE('',#1518,3.85);
#1518 = AXIS2_PLACEMENT_3D('',#1519,#1520,#1521);
#1519 = CARTESIAN_POINT('',(-52.,-1.8,0.));
#1520 = DIRECTION('',(0.,-0.,-1.));
#1521 = DIRECTION('',(1.,-2.797185282822E-16,0.));
#1522 = PCURVE('',#45,#1523);
#1523 = DEFINITIONAL_REPRESENTATION('',(#1524),#1532);
#1524 = ( BOUNDED_CURVE() B_SPLINE_CURVE(2,(#1525,#1526,#1527,#1528,
#1529,#1530,#1531),.UNSPECIFIED.,.T.,.F.) B_SPLINE_CURVE_WITH_KNOTS((1,2
    ,2,2,2,1),(-2.094395102393,0.,2.094395102393,4.188790204786,
6.28318530718,8.377580409573),.UNSPECIFIED.) CURVE() 
GEOMETRIC_REPRESENTATION_ITEM() RATIONAL_B_SPLINE_CURVE((1.,0.5,1.,0.5,
1.,0.5,1.)) REPRESENTATION_ITEM('') );
#1525 = CARTESIAN_POINT('',(-48.15,-1.8));
#1526 = CARTESIAN_POINT('',(-48.15,-8.46839560914));
#1527 = CARTESIAN_POINT('',(-53.925,-5.13419780457));
#1528 = CARTESIAN_POINT('',(-59.7,-1.8));
#1529 = CARTESIAN_POINT('',(-53.925,1.53419780457));
#1530 = CARTESIAN_POINT('',(-48.15,4.86839560914));
#1531 = CARTESIAN_POINT('',(-48.15,-1.8));
#1532 = ( GEOMETRIC_REPRESENTATION_CONTEXT(2) 
PARAMETRIC_REPRESENTATION_CONTEXT() REPRESENTATION_CONTEXT('2D SPACE',''
  ) );
#1533 = PCURVE('',#1534,#1539);
#1534 = CYLINDRICAL_SURFACE('',#1535,3.85);
#1535 = AXIS2_PLACEMENT_3D('',#1536,#1537,#1538);
#1536 = CARTESIAN_POINT('',(-52.,-1.8,-5.E-02));
#1537 = DIRECTION('',(0.,-0.,-1.));
#1538 = DIRECTION('',(1.,-2.797185282822E-16,0.));
#1539 = DEFINITIONAL_REPRESENTATION('',(#1540),#1544);
#1540 = LINE('',#1541,#1542);
#1541 = CARTESIAN_POINT('',(0.,-5.E-02));
#1542 = VECTOR('',#1543,1.);
#1543 = DIRECTION('',(1.,0.));
#1544 = ( GEOMETRIC_REPRESENTATION_CONTEXT(2) 
PARAMETRIC_REPRESENTATION_CONTEXT() REPRESENTATION_CONTEXT('2D SPACE',''
  ) );
#1545 = ORIENTED_EDGE('',*,*,#1546,.T.);
#1546 = EDGE_CURVE('',#1514,#1547,#1549,.T.);
#1547 = VERTEX_POINT('',#1548);
#1548 = CARTESIAN_POINT('',(-53.49224143509,-5.349044307891,0.));
#1549 = SURFACE_CURVE('',#1550,(#1555,#1566),.PCURVE_S1.);
#1550 = CIRCLE('',#1551,2.2);
#1551 = AXIS2_PLACEMENT_3D('',#1552,#1553,#1554);
#1552 = CARTESIAN_POINT('',(-52.,-3.7325,0.));
#1553 = DIRECTION('',(0.,-0.,-1.));
#1554 = DIRECTION('',(1.,-6.257620684251E-16,0.));
#1555 = PCURVE('',#45,#1556);
#1556 = DEFINITIONAL_REPRESENTATION('',(#1557),#1565);
#1557 = ( BOUNDED_CURVE() B_SPLINE_CURVE(2,(#1558,#1559,#1560,#1561,
#1562,#1563,#1564),.UNSPECIFIED.,.T.,.F.) B_SPLINE_CURVE_WITH_KNOTS((1,2
    ,2,2,2,1),(-2.094395102393,0.,2.094395102393,4.188790204786,
6.28318530718,8.377580409573),.UNSPECIFIED.) CURVE() 
GEOMETRIC_REPRESENTATION_ITEM() RATIONAL_B_SPLINE_CURVE((1.,0.5,1.,0.5,
1.,0.5,1.)) REPRESENTATION_ITEM('') );
#1558 = CARTESIAN_POINT('',(-49.8,-3.7325));
#1559 = CARTESIAN_POINT('',(-49.8,-7.543011776652));
#1560 = CARTESIAN_POINT('',(-53.1,-5.637755888326));
#1561 = CARTESIAN_POINT('',(-56.4,-3.7325));
#1562 = CARTESIAN_POINT('',(-53.1,-1.827244111674));
#1563 = CARTESIAN_POINT('',(-49.8,7.801177665154E-02));
#1564 = CARTESIAN_POINT('',(-49.8,-3.7325));
#1565 = ( GEOMETRIC_REPRESENTATION_CONTEXT(2) 
PARAMETRIC_REPRESENTATION_CONTEXT() REPRESENTATION_CONTEXT('2D SPACE',''
  ) );
#1566 = PCURVE('',#1567,#1572);
#1567 = CYLINDRICAL_SURFACE('',#1568,2.2);
#1568 = AXIS2_PLACEMENT_3D('',#1569,#1570,#1571);
#1569 = CARTESIAN_POINT('',(-52.,-3.7325,-5.E-02));
#1570 = DIRECTION('',(0.,-0.,-1.));
#1571 = DIRECTION('',(1.,-6.257620684251E-16,0.));
#1572 = DEFINITIONAL_REPRESENTATION('',(#1573),#1577);
#1573 = LINE('',#1574,#1575);
#1574 = CARTESIAN_POINT('',(0.,-5.E-02));
#1575 = VECTOR('',#1576,1.);
#1576 = DIRECTION('',(1.,0.));
#1577 = ( GEOMETRIC_REPRESENTATION_CONTEXT(2) 
PARAMETRIC_REPRESENTATION_CONTEXT() REPRESENTATION_CONTEXT('2D SPACE',''
  ) );
#1578 = ORIENTED_EDGE('',*,*,#1579,.T.);
#1579 = EDGE_CURVE('',#1547,#1580,#1582,.T.);
#1580 = VERTEX_POINT('',#1581);
#1581 = CARTESIAN_POINT('',(-55.85,-1.8,0.));
#1582 = SURFACE_CURVE('',#1583,(#1588,#1599),.PCURVE_S1.);
#1583 = CIRCLE('',#1584,3.85);
#1584 = AXIS2_PLACEMENT_3D('',#1585,#1586,#1587);
#1585 = CARTESIAN_POINT('',(-52.,-1.8,0.));
#1586 = DIRECTION('',(0.,-0.,-1.));
#1587 = DIRECTION('',(1.,-2.797185282822E-16,0.));
#1588 = PCURVE('',#45,#1589);
#1589 = DEFINITIONAL_REPRESENTATION('',(#1590),#1598);
#1590 = ( BOUNDED_CURVE() B_SPLINE_CURVE(2,(#1591,#1592,#1593,#1594,
#1595,#1596,#1597),.UNSPECIFIED.,.T.,.F.) B_SPLINE_CURVE_WITH_KNOTS((1,2
    ,2,2,2,1),(-2.094395102393,0.,2.094395102393,4.188790204786,
6.28318530718,8.377580409573),.UNSPECIFIED.) CURVE() 
GEOMETRIC_REPRESENTATION_ITEM() RATIONAL_B_SPLINE_CURVE((1.,0.5,1.,0.5,
1.,0.5,1.)) REPRESENTATION_ITEM('') );
#1591 = CARTESIAN_POINT('',(-48.15,-1.8));
#1592 = CARTESIAN_POINT('',(-48.15,-8.46839560914));
#1593 = CARTESIAN_POINT('',(-53.925,-5.13419780457));
#1594 = CARTESIAN_POINT('',(-59.7,-1.8));
#1595 = CARTESIAN_POINT('',(-53.925,1.53419780457));
#1596 = CARTESIAN_POINT('',(-48.15,4.86839560914));
#1597 = CARTESIAN_POINT('',(-48.15,-1.8));
#1598 = ( GEOMETRIC_REPRESENTATION_CONTEXT(2) 
PARAMETRIC_REPRESENTATION_CONTEXT() REPRESENTATION_CONTEXT('2D SPACE',''
  ) );
#1599 = PCURVE('',#1600,#1605);
#1600 = CYLINDRICAL_SURFACE('',#1601,3.85);
#1601 = AXIS2_PLACEMENT_3D('',#1602,#1603,#1604);
#1602 = CARTESIAN_POINT('',(-52.,-1.8,-5.E-02));
#1603 = DIRECTION('',(0.,-0.,-1.));
#1604 = DIRECTION('',(1.,-2.797185282822E-16,0.));
#1605 = DEFINITIONAL_REPRESENTATION('',(#1606),#1610);
#1606 = LINE('',#1607,#1608);
#1607 = CARTESIAN_POINT('',(0.,-5.E-02));
#1608 = VECTOR('',#1609,1.);
#1609 = DIRECTION('',(1.,0.));
#1610 = ( GEOMETRIC_REPRESENTATION_CONTEXT(2) 
PARAMETRIC_REPRESENTATION_CONTEXT() REPRESENTATION_CONTEXT('2D SPACE',''
  ) );
#1611 = ORIENTED_EDGE('',*,*,#1612,.F.);
#1612 = EDGE_CURVE('',#1613,#1580,#1615,.T.);
#1613 = VERTEX_POINT('',#1614);
#1614 = CARTESIAN_POINT('',(-55.85,1.8,0.));
#1615 = SURFACE_CURVE('',#1616,(#1620,#1626),.PCURVE_S1.);
#1616 = LINE('',#1617,#1618);
#1617 = CARTESIAN_POINT('',(-55.85,-0.9,0.));
#1618 = VECTOR('',#1619,1.);
#1619 = DIRECTION('',(-2.22044604925E-16,-1.,0.));
#1620 = PCURVE('',#45,#1621);
#1621 = DEFINITIONAL_REPRESENTATION('',(#1622),#1625);
#1622 = B_SPLINE_CURVE_WITH_KNOTS('',1,(#1623,#1624),.UNSPECIFIED.,.F.,
  .F.,(2,2),(-2.7,0.9),.PIECEWISE_BEZIER_KNOTS.);
#1623 = CARTESIAN_POINT('',(-55.85,1.8));
#1624 = CARTESIAN_POINT('',(-55.85,-1.8));
#1625 = ( GEOMETRIC_REPRESENTATION_CONTEXT(2) 
PARAMETRIC_REPRESENTATION_CONTEXT() REPRESENTATION_CONTEXT('2D SPACE',''
  ) );
#1626 = PCURVE('',#1627,#1632);
#1627 = PLANE('',#1628);
#1628 = AXIS2_PLACEMENT_3D('',#1629,#1630,#1631);
#1629 = CARTESIAN_POINT('',(-55.85,-1.8,-5.E-02));
#1630 = DIRECTION('',(-1.,2.22044604925E-16,0.));
#1631 = DIRECTION('',(2.22044604925E-16,1.,0.));
#1632 = DEFINITIONAL_REPRESENTATION('',(#1633),#1636);
#1633 = B_SPLINE_CURVE_WITH_KNOTS('',1,(#1634,#1635),.UNSPECIFIED.,.F.,
  .F.,(2,2),(-2.7,0.9),.PIECEWISE_BEZIER_KNOTS.);
#1634 = CARTESIAN_POINT('',(3.6,-5.E-02));
#1635 = CARTESIAN_POINT('',(0.,-5.E-02));
#1636 = ( GEOMETRIC_REPRESENTATION_CONTEXT(2) 
PARAMETRIC_REPRESENTATION_CONTEXT() REPRESENTATION_CONTEXT('2D SPACE',''
  ) );
#1637 = ORIENTED_EDGE('',*,*,#1638,.T.);
#1638 = EDGE_CURVE('',#1613,#1639,#1641,.T.);
#1639 = VERTEX_POINT('',#1640);
#1640 = CARTESIAN_POINT('',(-53.49224143509,5.349044307891,0.));
#1641 = SURFACE_CURVE('',#1642,(#1647,#1658),.PCURVE_S1.);
#1642 = CIRCLE('',#1643,3.85);
#1643 = AXIS2_PLACEMENT_3D('',#1644,#1645,#1646);
#1644 = CARTESIAN_POINT('',(-52.,1.8,0.));
#1645 = DIRECTION('',(0.,0.,-1.));
#1646 = DIRECTION('',(-1.,2.797185282822E-16,0.));
#1647 = PCURVE('',#45,#1648);
#1648 = DEFINITIONAL_REPRESENTATION('',(#1649),#1657);
#1649 = ( BOUNDED_CURVE() B_SPLINE_CURVE(2,(#1650,#1651,#1652,#1653,
#1654,#1655,#1656),.UNSPECIFIED.,.T.,.F.) B_SPLINE_CURVE_WITH_KNOTS((1,2
    ,2,2,2,1),(-2.094395102393,0.,2.094395102393,4.188790204786,
6.28318530718,8.377580409573),.UNSPECIFIED.) CURVE() 
GEOMETRIC_REPRESENTATION_ITEM() RATIONAL_B_SPLINE_CURVE((1.,0.5,1.,0.5,
1.,0.5,1.)) REPRESENTATION_ITEM('') );
#1650 = CARTESIAN_POINT('',(-55.85,1.8));
#1651 = CARTESIAN_POINT('',(-55.85,8.46839560914));
#1652 = CARTESIAN_POINT('',(-50.075,5.13419780457));
#1653 = CARTESIAN_POINT('',(-44.3,1.8));
#1654 = CARTESIAN_POINT('',(-50.075,-1.53419780457));
#1655 = CARTESIAN_POINT('',(-55.85,-4.86839560914));
#1656 = CARTESIAN_POINT('',(-55.85,1.8));
#1657 = ( GEOMETRIC_REPRESENTATION_CONTEXT(2) 
PARAMETRIC_REPRESENTATION_CONTEXT() REPRESENTATION_CONTEXT('2D SPACE',''
  ) );
#1658 = PCURVE('',#1659,#1664);
#1659 = CYLINDRICAL_SURFACE('',#1660,3.85);
#1660 = AXIS2_PLACEMENT_3D('',#1661,#1662,#1663);
#1661 = CARTESIAN_POINT('',(-52.,1.8,-5.E-02));
#1662 = DIRECTION('',(0.,0.,-1.));
#1663 = DIRECTION('',(-1.,2.797185282822E-16,-0.));
#1664 = DEFINITIONAL_REPRESENTATION('',(#1665),#1669);
#1665 = LINE('',#1666,#1667);
#1666 = CARTESIAN_POINT('',(0.,-5.E-02));
#1667 = VECTOR('',#1668,1.);
#1668 = DIRECTION('',(1.,0.));
#1669 = ( GEOMETRIC_REPRESENTATION_CONTEXT(2) 
PARAMETRIC_REPRESENTATION_CONTEXT() REPRESENTATION_CONTEXT('2D SPACE',''
  ) );
#1670 = ORIENTED_EDGE('',*,*,#1671,.T.);
#1671 = EDGE_CURVE('',#1639,#1672,#1674,.T.);
#1672 = VERTEX_POINT('',#1673);
#1673 = CARTESIAN_POINT('',(-50.5077585649,5.349044307891,0.));
#1674 = SURFACE_CURVE('',#1675,(#1680,#1691),.PCURVE_S1.);
#1675 = CIRCLE('',#1676,2.2);
#1676 = AXIS2_PLACEMENT_3D('',#1677,#1678,#1679);
#1677 = CARTESIAN_POINT('',(-52.,3.7325,0.));
#1678 = DIRECTION('',(0.,0.,-1.));
#1679 = DIRECTION('',(-1.,6.257620684251E-16,0.));
#1680 = PCURVE('',#45,#1681);
#1681 = DEFINITIONAL_REPRESENTATION('',(#1682),#1690);
#1682 = ( BOUNDED_CURVE() B_SPLINE_CURVE(2,(#1683,#1684,#1685,#1686,
#1687,#1688,#1689),.UNSPECIFIED.,.T.,.F.) B_SPLINE_CURVE_WITH_KNOTS((1,2
    ,2,2,2,1),(-2.094395102393,0.,2.094395102393,4.188790204786,
6.28318530718,8.377580409573),.UNSPECIFIED.) CURVE() 
GEOMETRIC_REPRESENTATION_ITEM() RATIONAL_B_SPLINE_CURVE((1.,0.5,1.,0.5,
1.,0.5,1.)) REPRESENTATION_ITEM('') );
#1683 = CARTESIAN_POINT('',(-54.2,3.7325));
#1684 = CARTESIAN_POINT('',(-54.2,7.543011776652));
#1685 = CARTESIAN_POINT('',(-50.9,5.637755888326));
#1686 = CARTESIAN_POINT('',(-47.6,3.7325));
#1687 = CARTESIAN_POINT('',(-50.9,1.827244111674));
#1688 = CARTESIAN_POINT('',(-54.2,-7.801177665153E-02));
#1689 = CARTESIAN_POINT('',(-54.2,3.7325));
#1690 = ( GEOMETRIC_REPRESENTATION_CONTEXT(2) 
PARAMETRIC_REPRESENTATION_CONTEXT() REPRESENTATION_CONTEXT('2D SPACE',''
  ) );
#1691 = PCURVE('',#1692,#1697);
#1692 = CYLINDRICAL_SURFACE('',#1693,2.2);
#1693 = AXIS2_PLACEMENT_3D('',#1694,#1695,#1696);
#1694 = CARTESIAN_POINT('',(-52.,3.7325,-5.E-02));
#1695 = DIRECTION('',(0.,0.,-1.));
#1696 = DIRECTION('',(-1.,6.257620684251E-16,-0.));
#1697 = DEFINITIONAL_REPRESENTATION('',(#1698),#1702);
#1698 = LINE('',#1699,#1700);
#1699 = CARTESIAN_POINT('',(0.,-5.E-02));
#1700 = VECTOR('',#1701,1.);
#1701 = DIRECTION('',(1.,0.));
#1702 = ( GEOMETRIC_REPRESENTATION_CONTEXT(2) 
PARAMETRIC_REPRESENTATION_CONTEXT() REPRESENTATION_CONTEXT('2D SPACE',''
  ) );
#1703 = ORIENTED_EDGE('',*,*,#1704,.T.);
#1704 = EDGE_CURVE('',#1672,#1488,#1705,.T.);
#1705 = SURFACE_CURVE('',#1706,(#1711,#1722),.PCURVE_S1.);
#1706 = CIRCLE('',#1707,3.85);
#1707 = AXIS2_PLACEMENT_3D('',#1708,#1709,#1710);
#1708 = CARTESIAN_POINT('',(-52.,1.8,0.));
#1709 = DIRECTION('',(0.,0.,-1.));
#1710 = DIRECTION('',(-1.,2.797185282822E-16,0.));
#1711 = PCURVE('',#45,#1712);
#1712 = DEFINITIONAL_REPRESENTATION('',(#1713),#1721);
#1713 = ( BOUNDED_CURVE() B_SPLINE_CURVE(2,(#1714,#1715,#1716,#1717,
#1718,#1719,#1720),.UNSPECIFIED.,.T.,.F.) B_SPLINE_CURVE_WITH_KNOTS((1,2
    ,2,2,2,1),(-2.094395102393,0.,2.094395102393,4.188790204786,
6.28318530718,8.377580409573),.UNSPECIFIED.) CURVE() 
GEOMETRIC_REPRESENTATION_ITEM() RATIONAL_B_SPLINE_CURVE((1.,0.5,1.,0.5,
1.,0.5,1.)) REPRESENTATION_ITEM('') );
#1714 = CARTESIAN_POINT('',(-55.85,1.8));
#1715 = CARTESIAN_POINT('',(-55.85,8.46839560914));
#1716 = CARTESIAN_POINT('',(-50.075,5.13419780457));
#1717 = CARTESIAN_POINT('',(-44.3,1.8));
#1718 = CARTESIAN_POINT('',(-50.075,-1.53419780457));
#1719 = CARTESIAN_POINT('',(-55.85,-4.86839560914));
#1720 = CARTESIAN_POINT('',(-55.85,1.8));
#1721 = ( GEOMETRIC_REPRESENTATION_CONTEXT(2) 
PARAMETRIC_REPRESENTATION_CONTEXT() REPRESENTATION_CONTEXT('2D SPACE',''
  ) );
#1722 = PCURVE('',#1723,#1728);
#1723 = CYLINDRICAL_SURFACE('',#1724,3.85);
#1724 = AXIS2_PLACEMENT_3D('',#1725,#1726,#1727);
#1725 = CARTESIAN_POINT('',(-52.,1.8,-5.E-02));
#1726 = DIRECTION('',(0.,0.,-1.));
#1727 = DIRECTION('',(-1.,2.797185282822E-16,-0.));
#1728 = DEFINITIONAL_REPRESENTATION('',(#1729),#1733);
#1729 = LINE('',#1730,#1731);
#1730 = CARTESIAN_POINT('',(0.,-5.E-02));
#1731 = VECTOR('',#1732,1.);
#1732 = DIRECTION('',(1.,0.));
#1733 = ( GEOMETRIC_REPRESENTATION_CONTEXT(2) 
PARAMETRIC_REPRESENTATION_CONTEXT() REPRESENTATION_CONTEXT('2D SPACE',''
  ) );
#1734 = FACE_BOUND('',#1735,.F.);
#1735 = EDGE_LOOP('',(#1736));
#1736 = ORIENTED_EDGE('',*,*,#1737,.T.);
#1737 = EDGE_CURVE('',#1738,#1738,#1740,.T.);
#1738 = VERTEX_POINT('',#1739);
#1739 = CARTESIAN_POINT('',(-38.7733297464,9.317485623691,0.));
#1740 = SURFACE_CURVE('',#1741,(#1746,#1757),.PCURVE_S1.);
#1741 = CIRCLE('',#1742,4.);
#1742 = AXIS2_PLACEMENT_3D('',#1743,#1744,#1745);
#1743 = CARTESIAN_POINT('',(-34.7733297464,9.317485623691,0.));
#1744 = DIRECTION('',(0.,0.,-1.));
#1745 = DIRECTION('',(-1.,0.,0.));
#1746 = PCURVE('',#45,#1747);
#1747 = DEFINITIONAL_REPRESENTATION('',(#1748),#1756);
#1748 = ( BOUNDED_CURVE() B_SPLINE_CURVE(2,(#1749,#1750,#1751,#1752,
#1753,#1754,#1755),.UNSPECIFIED.,.T.,.F.) B_SPLINE_CURVE_WITH_KNOTS((1,2
    ,2,2,2,1),(-2.094395102393,0.,2.094395102393,4.188790204786,
6.28318530718,8.377580409573),.UNSPECIFIED.) CURVE() 
GEOMETRIC_REPRESENTATION_ITEM() RATIONAL_B_SPLINE_CURVE((1.,0.5,1.,0.5,
1.,0.5,1.)) REPRESENTATION_ITEM('') );
#1749 = CARTESIAN_POINT('',(-38.7733297464,9.317485623691));
#1750 = CARTESIAN_POINT('',(-38.7733297464,16.245688853966));
#1751 = CARTESIAN_POINT('',(-32.7733297464,12.781587238828));
#1752 = CARTESIAN_POINT('',(-26.7733297464,9.317485623691));
#1753 = CARTESIAN_POINT('',(-32.7733297464,5.853384008553));
#1754 = CARTESIAN_POINT('',(-38.7733297464,2.389282393415));
#1755 = CARTESIAN_POINT('',(-38.7733297464,9.317485623691));
#1756 = ( GEOMETRIC_REPRESENTATION_CONTEXT(2) 
PARAMETRIC_REPRESENTATION_CONTEXT() REPRESENTATION_CONTEXT('2D SPACE',''
  ) );
#1757 = PCURVE('',#1758,#1763);
#1758 = CYLINDRICAL_SURFACE('',#1759,4.);
#1759 = AXIS2_PLACEMENT_3D('',#1760,#1761,#1762);
#1760 = CARTESIAN_POINT('',(-34.7733297464,9.317485623691,6.));
#1761 = DIRECTION('',(0.,0.,-1.));
#1762 = DIRECTION('',(-1.,0.,0.));
#1763 = DEFINITIONAL_REPRESENTATION('',(#1764),#1768);
#1764 = LINE('',#1765,#1766);
#1765 = CARTESIAN_POINT('',(0.,6.));
#1766 = VECTOR('',#1767,1.);
#1767 = DIRECTION('',(1.,0.));
#1768 = ( GEOMETRIC_REPRESENTATION_CONTEXT(2) 
PARAMETRIC_REPRESENTATION_CONTEXT() REPRESENTATION_CONTEXT('2D SPACE',''
  ) );
#1769 = FACE_BOUND('',#1770,.F.);
#1770 = EDGE_LOOP('',(#1771,#1799,#1832,#1865,#1898,#1924,#1957,#1990));
#1771 = ORIENTED_EDGE('',*,*,#1772,.F.);
#1772 = EDGE_CURVE('',#1773,#1775,#1777,.T.);
#1773 = VERTEX_POINT('',#1774);
#1774 = CARTESIAN_POINT('',(-42.59912319222,22.516154273188,0.));
#1775 = VERTEX_POINT('',#1776);
#1776 = CARTESIAN_POINT('',(-40.79912319222,25.633845726812,0.));
#1777 = SURFACE_CURVE('',#1778,(#1782,#1788),.PCURVE_S1.);
#1778 = LINE('',#1779,#1780);
#1779 = CARTESIAN_POINT('',(-41.24912319222,24.854422863406,0.));
#1780 = VECTOR('',#1781,1.);
#1781 = DIRECTION('',(0.5,0.866025403784,-0.));
#1782 = PCURVE('',#45,#1783);
#1783 = DEFINITIONAL_REPRESENTATION('',(#1784),#1787);
#1784 = B_SPLINE_CURVE_WITH_KNOTS('',1,(#1785,#1786),.UNSPECIFIED.,.F.,
  .F.,(2,2),(-2.7,0.9),.PIECEWISE_BEZIER_KNOTS.);
#1785 = CARTESIAN_POINT('',(-42.59912319222,22.516154273188));
#1786 = CARTESIAN_POINT('',(-40.79912319222,25.633845726812));
#1787 = ( GEOMETRIC_REPRESENTATION_CONTEXT(2) 
PARAMETRIC_REPRESENTATION_CONTEXT() REPRESENTATION_CONTEXT('2D SPACE',''
  ) );
#1788 = PCURVE('',#1789,#1794);
#1789 = PLANE('',#1790);
#1790 = AXIS2_PLACEMENT_3D('',#1791,#1792,#1793);
#1791 = CARTESIAN_POINT('',(-40.79912319222,25.633845726812,-5.E-02));
#1792 = DIRECTION('',(0.866025403784,-0.5,0.));
#1793 = DIRECTION('',(-0.5,-0.866025403784,0.));
#1794 = DEFINITIONAL_REPRESENTATION('',(#1795),#1798);
#1795 = B_SPLINE_CURVE_WITH_KNOTS('',1,(#1796,#1797),.UNSPECIFIED.,.F.,
  .F.,(2,2),(-2.7,0.9),.PIECEWISE_BEZIER_KNOTS.);
#1796 = CARTESIAN_POINT('',(3.6,-5.E-02));
#1797 = CARTESIAN_POINT('',(0.,-5.E-02));
#1798 = ( GEOMETRIC_REPRESENTATION_CONTEXT(2) 
PARAMETRIC_REPRESENTATION_CONTEXT() REPRESENTATION_CONTEXT('2D SPACE',''
  ) );
#1799 = ORIENTED_EDGE('',*,*,#1800,.T.);
#1800 = EDGE_CURVE('',#1773,#1801,#1803,.T.);
#1801 = VERTEX_POINT('',#1802);
#1802 = CARTESIAN_POINT('',(-46.41552415936,20.621471025848,0.));
#1803 = SURFACE_CURVE('',#1804,(#1809,#1820),.PCURVE_S1.);
#1804 = CIRCLE('',#1805,3.85);
#1805 = AXIS2_PLACEMENT_3D('',#1806,#1807,#1808);
#1806 = CARTESIAN_POINT('',(-45.93332099679,24.441154273188,0.));
#1807 = DIRECTION('',(0.,-0.,-1.));
#1808 = DIRECTION('',(0.866025403784,-0.5,0.));
#1809 = PCURVE('',#45,#1810);
#1810 = DEFINITIONAL_REPRESENTATION('',(#1811),#1819);
#1811 = ( BOUNDED_CURVE() B_SPLINE_CURVE(2,(#1812,#1813,#1814,#1815,
#1816,#1817,#1818),.UNSPECIFIED.,.T.,.F.) B_SPLINE_CURVE_WITH_KNOTS((1,2
    ,2,2,2,1),(-2.094395102393,0.,2.094395102393,4.188790204786,
6.28318530718,8.377580409573),.UNSPECIFIED.) CURVE() 
GEOMETRIC_REPRESENTATION_ITEM() RATIONAL_B_SPLINE_CURVE((1.,0.5,1.,0.5,
1.,0.5,1.)) REPRESENTATION_ITEM('') );
#1812 = CARTESIAN_POINT('',(-42.59912319222,22.516154273188));
#1813 = CARTESIAN_POINT('',(-45.93332099679,16.741154273188));
#1814 = CARTESIAN_POINT('',(-49.26751880136,22.516154273188));
#1815 = CARTESIAN_POINT('',(-52.60171660593,28.291154273188));
#1816 = CARTESIAN_POINT('',(-45.93332099679,28.291154273188));
#1817 = CARTESIAN_POINT('',(-39.26492538765,28.291154273188));
#1818 = CARTESIAN_POINT('',(-42.59912319222,22.516154273188));
#1819 = ( GEOMETRIC_REPRESENTATION_CONTEXT(2) 
PARAMETRIC_REPRESENTATION_CONTEXT() REPRESENTATION_CONTEXT('2D SPACE',''
  ) );
#1820 = PCURVE('',#1821,#1826);
#1821 = CYLINDRICAL_SURFACE('',#1822,3.85);
#1822 = AXIS2_PLACEMENT_3D('',#1823,#1824,#1825);
#1823 = CARTESIAN_POINT('',(-45.93332099679,24.441154273188,-5.E-02));
#1824 = DIRECTION('',(0.,-0.,-1.));
#1825 = DIRECTION('',(0.866025403784,-0.5,0.));
#1826 = DEFINITIONAL_REPRESENTATION('',(#1827),#1831);
#1827 = LINE('',#1828,#1829);
#1828 = CARTESIAN_POINT('',(0.,-5.E-02));
#1829 = VECTOR('',#1830,1.);
#1830 = DIRECTION('',(1.,0.));
#1831 = ( GEOMETRIC_REPRESENTATION_CONTEXT(2) 
PARAMETRIC_REPRESENTATION_CONTEXT() REPRESENTATION_CONTEXT('2D SPACE',''
  ) );
#1832 = ORIENTED_EDGE('',*,*,#1833,.T.);
#1833 = EDGE_CURVE('',#1801,#1834,#1836,.T.);
#1834 = VERTEX_POINT('',#1835);
#1835 = CARTESIAN_POINT('',(-49.00016214211,22.113712460947,0.));
#1836 = SURFACE_CURVE('',#1837,(#1842,#1853),.PCURVE_S1.);
#1837 = CIRCLE('',#1838,2.2);
#1838 = AXIS2_PLACEMENT_3D('',#1839,#1840,#1841);
#1839 = CARTESIAN_POINT('',(-46.89957099679,22.767560180375,0.));
#1840 = DIRECTION('',(0.,-0.,-1.));
#1841 = DIRECTION('',(0.866025403784,-0.5,0.));
#1842 = PCURVE('',#45,#1843);
#1843 = DEFINITIONAL_REPRESENTATION('',(#1844),#1852);
#1844 = ( BOUNDED_CURVE() B_SPLINE_CURVE(2,(#1845,#1846,#1847,#1848,
#1849,#1850,#1851),.UNSPECIFIED.,.T.,.F.) B_SPLINE_CURVE_WITH_KNOTS((1,2
    ,2,2,2,1),(-2.094395102393,0.,2.094395102393,4.188790204786,
6.28318530718,8.377580409573),.UNSPECIFIED.) CURVE() 
GEOMETRIC_REPRESENTATION_ITEM() RATIONAL_B_SPLINE_CURVE((1.,0.5,1.,0.5,
1.,0.5,1.)) REPRESENTATION_ITEM('') );
#1845 = CARTESIAN_POINT('',(-44.99431510846,21.667560180375));
#1846 = CARTESIAN_POINT('',(-46.89957099679,18.367560180375));
#1847 = CARTESIAN_POINT('',(-48.80482688511,21.667560180375));
#1848 = CARTESIAN_POINT('',(-50.71008277344,24.967560180375));
#1849 = CARTESIAN_POINT('',(-46.89957099679,24.967560180375));
#1850 = CARTESIAN_POINT('',(-43.08905922013,24.967560180375));
#1851 = CARTESIAN_POINT('',(-44.99431510846,21.667560180375));
#1852 = ( GEOMETRIC_REPRESENTATION_CONTEXT(2) 
PARAMETRIC_REPRESENTATION_CONTEXT() REPRESENTATION_CONTEXT('2D SPACE',''
  ) );
#1853 = PCURVE('',#1854,#1859);
#1854 = CYLINDRICAL_SURFACE('',#1855,2.2);
#1855 = AXIS2_PLACEMENT_3D('',#1856,#1857,#1858);
#1856 = CARTESIAN_POINT('',(-46.89957099679,22.767560180375,-5.E-02));
#1857 = DIRECTION('',(0.,-0.,-1.));
#1858 = DIRECTION('',(0.866025403784,-0.5,0.));
#1859 = DEFINITIONAL_REPRESENTATION('',(#1860),#1864);
#1860 = LINE('',#1861,#1862);
#1861 = CARTESIAN_POINT('',(0.,-5.E-02));
#1862 = VECTOR('',#1863,1.);
#1863 = DIRECTION('',(1.,0.));
#1864 = ( GEOMETRIC_REPRESENTATION_CONTEXT(2) 
PARAMETRIC_REPRESENTATION_CONTEXT() REPRESENTATION_CONTEXT('2D SPACE',''
  ) );
#1865 = ORIENTED_EDGE('',*,*,#1866,.T.);
#1866 = EDGE_CURVE('',#1834,#1867,#1869,.T.);
#1867 = VERTEX_POINT('',#1868);
#1868 = CARTESIAN_POINT('',(-49.26751880136,26.366154273188,0.));
#1869 = SURFACE_CURVE('',#1870,(#1875,#1886),.PCURVE_S1.);
#1870 = CIRCLE('',#1871,3.85);
#1871 = AXIS2_PLACEMENT_3D('',#1872,#1873,#1874);
#1872 = CARTESIAN_POINT('',(-45.93332099679,24.441154273188,0.));
#1873 = DIRECTION('',(0.,-0.,-1.));
#1874 = DIRECTION('',(0.866025403784,-0.5,0.));
#1875 = PCURVE('',#45,#1876);
#1876 = DEFINITIONAL_REPRESENTATION('',(#1877),#1885);
#1877 = ( BOUNDED_CURVE() B_SPLINE_CURVE(2,(#1878,#1879,#1880,#1881,
#1882,#1883,#1884),.UNSPECIFIED.,.T.,.F.) B_SPLINE_CURVE_WITH_KNOTS((1,2
    ,2,2,2,1),(-2.094395102393,0.,2.094395102393,4.188790204786,
6.28318530718,8.377580409573),.UNSPECIFIED.) CURVE() 
GEOMETRIC_REPRESENTATION_ITEM() RATIONAL_B_SPLINE_CURVE((1.,0.5,1.,0.5,
1.,0.5,1.)) REPRESENTATION_ITEM('') );
#1878 = CARTESIAN_POINT('',(-42.59912319222,22.516154273188));
#1879 = CARTESIAN_POINT('',(-45.93332099679,16.741154273188));
#1880 = CARTESIAN_POINT('',(-49.26751880136,22.516154273188));
#1881 = CARTESIAN_POINT('',(-52.60171660593,28.291154273188));
#1882 = CARTESIAN_POINT('',(-45.93332099679,28.291154273188));
#1883 = CARTESIAN_POINT('',(-39.26492538765,28.291154273188));
#1884 = CARTESIAN_POINT('',(-42.59912319222,22.516154273188));
#1885 = ( GEOMETRIC_REPRESENTATION_CONTEXT(2) 
PARAMETRIC_REPRESENTATION_CONTEXT() REPRESENTATION_CONTEXT('2D SPACE',''
  ) );
#1886 = PCURVE('',#1887,#1892);
#1887 = CYLINDRICAL_SURFACE('',#1888,3.85);
#1888 = AXIS2_PLACEMENT_3D('',#1889,#1890,#1891);
#1889 = CARTESIAN_POINT('',(-45.93332099679,24.441154273188,-5.E-02));
#1890 = DIRECTION('',(0.,-0.,-1.));
#1891 = DIRECTION('',(0.866025403784,-0.5,0.));
#1892 = DEFINITIONAL_REPRESENTATION('',(#1893),#1897);
#1893 = LINE('',#1894,#1895);
#1894 = CARTESIAN_POINT('',(0.,-5.E-02));
#1895 = VECTOR('',#1896,1.);
#1896 = DIRECTION('',(1.,0.));
#1897 = ( GEOMETRIC_REPRESENTATION_CONTEXT(2) 
PARAMETRIC_REPRESENTATION_CONTEXT() REPRESENTATION_CONTEXT('2D SPACE',''
  ) );
#1898 = ORIENTED_EDGE('',*,*,#1899,.F.);
#1899 = EDGE_CURVE('',#1900,#1867,#1902,.T.);
#1900 = VERTEX_POINT('',#1901);
#1901 = CARTESIAN_POINT('',(-47.46751880136,29.483845726812,0.));
#1902 = SURFACE_CURVE('',#1903,(#1907,#1913),.PCURVE_S1.);
#1903 = LINE('',#1904,#1905);
#1904 = CARTESIAN_POINT('',(-48.81751880136,27.145577136594,0.));
#1905 = VECTOR('',#1906,1.);
#1906 = DIRECTION('',(-0.5,-0.866025403784,0.));
#1907 = PCURVE('',#45,#1908);
#1908 = DEFINITIONAL_REPRESENTATION('',(#1909),#1912);
#1909 = B_SPLINE_CURVE_WITH_KNOTS('',1,(#1910,#1911),.UNSPECIFIED.,.F.,
  .F.,(2,2),(-2.7,0.9),.PIECEWISE_BEZIER_KNOTS.);
#1910 = CARTESIAN_POINT('',(-47.46751880136,29.483845726812));
#1911 = CARTESIAN_POINT('',(-49.26751880136,26.366154273188));
#1912 = ( GEOMETRIC_REPRESENTATION_CONTEXT(2) 
PARAMETRIC_REPRESENTATION_CONTEXT() REPRESENTATION_CONTEXT('2D SPACE',''
  ) );
#1913 = PCURVE('',#1914,#1919);
#1914 = PLANE('',#1915);
#1915 = AXIS2_PLACEMENT_3D('',#1916,#1917,#1918);
#1916 = CARTESIAN_POINT('',(-49.26751880136,26.366154273188,-5.E-02));
#1917 = DIRECTION('',(-0.866025403784,0.5,0.));
#1918 = DIRECTION('',(0.5,0.866025403784,0.));
#1919 = DEFINITIONAL_REPRESENTATION('',(#1920),#1923);
#1920 = B_SPLINE_CURVE_WITH_KNOTS('',1,(#1921,#1922),.UNSPECIFIED.,.F.,
  .F.,(2,2),(-2.7,0.9),.PIECEWISE_BEZIER_KNOTS.);
#1921 = CARTESIAN_POINT('',(3.6,-5.E-02));
#1922 = CARTESIAN_POINT('',(0.,-5.E-02));
#1923 = ( GEOMETRIC_REPRESENTATION_CONTEXT(2) 
PARAMETRIC_REPRESENTATION_CONTEXT() REPRESENTATION_CONTEXT('2D SPACE',''
  ) );
#1924 = ORIENTED_EDGE('',*,*,#1925,.T.);
#1925 = EDGE_CURVE('',#1900,#1926,#1928,.T.);
#1926 = VERTEX_POINT('',#1927);
#1927 = CARTESIAN_POINT('',(-43.65111783422,31.378528974152,0.));
#1928 = SURFACE_CURVE('',#1929,(#1934,#1945),.PCURVE_S1.);
#1929 = CIRCLE('',#1930,3.85);
#1930 = AXIS2_PLACEMENT_3D('',#1931,#1932,#1933);
#1931 = CARTESIAN_POINT('',(-44.13332099679,27.558845726812,0.));
#1932 = DIRECTION('',(0.,0.,-1.));
#1933 = DIRECTION('',(-0.866025403784,0.5,0.));
#1934 = PCURVE('',#45,#1935);
#1935 = DEFINITIONAL_REPRESENTATION('',(#1936),#1944);
#1936 = ( BOUNDED_CURVE() B_SPLINE_CURVE(2,(#1937,#1938,#1939,#1940,
#1941,#1942,#1943),.UNSPECIFIED.,.T.,.F.) B_SPLINE_CURVE_WITH_KNOTS((1,2
    ,2,2,2,1),(-2.094395102393,0.,2.094395102393,4.188790204786,
6.28318530718,8.377580409573),.UNSPECIFIED.) CURVE() 
GEOMETRIC_REPRESENTATION_ITEM() RATIONAL_B_SPLINE_CURVE((1.,0.5,1.,0.5,
1.,0.5,1.)) REPRESENTATION_ITEM('') );
#1937 = CARTESIAN_POINT('',(-47.46751880136,29.483845726812));
#1938 = CARTESIAN_POINT('',(-44.13332099679,35.258845726812));
#1939 = CARTESIAN_POINT('',(-40.79912319222,29.483845726812));
#1940 = CARTESIAN_POINT('',(-37.46492538765,23.708845726812));
#1941 = CARTESIAN_POINT('',(-44.13332099679,23.708845726812));
#1942 = CARTESIAN_POINT('',(-50.80171660593,23.708845726812));
#1943 = CARTESIAN_POINT('',(-47.46751880136,29.483845726812));
#1944 = ( GEOMETRIC_REPRESENTATION_CONTEXT(2) 
PARAMETRIC_REPRESENTATION_CONTEXT() REPRESENTATION_CONTEXT('2D SPACE',''
  ) );
#1945 = PCURVE('',#1946,#1951);
#1946 = CYLINDRICAL_SURFACE('',#1947,3.85);
#1947 = AXIS2_PLACEMENT_3D('',#1948,#1949,#1950);
#1948 = CARTESIAN_POINT('',(-44.13332099679,27.558845726812,-5.E-02));
#1949 = DIRECTION('',(0.,0.,-1.));
#1950 = DIRECTION('',(-0.866025403784,0.5,-0.));
#1951 = DEFINITIONAL_REPRESENTATION('',(#1952),#1956);
#1952 = LINE('',#1953,#1954);
#1953 = CARTESIAN_POINT('',(0.,-5.E-02));
#1954 = VECTOR('',#1955,1.);
#1955 = DIRECTION('',(1.,0.));
#1956 = ( GEOMETRIC_REPRESENTATION_CONTEXT(2) 
PARAMETRIC_REPRESENTATION_CONTEXT() REPRESENTATION_CONTEXT('2D SPACE',''
  ) );
#1957 = ORIENTED_EDGE('',*,*,#1958,.T.);
#1958 = EDGE_CURVE('',#1926,#1959,#1961,.T.);
#1959 = VERTEX_POINT('',#1960);
#1960 = CARTESIAN_POINT('',(-41.06647985147,29.886287539053,0.));
#1961 = SURFACE_CURVE('',#1962,(#1967,#1978),.PCURVE_S1.);
#1962 = CIRCLE('',#1963,2.2);
#1963 = AXIS2_PLACEMENT_3D('',#1964,#1965,#1966);
#1964 = CARTESIAN_POINT('',(-43.16707099679,29.232439819625,0.));
#1965 = DIRECTION('',(0.,0.,-1.));
#1966 = DIRECTION('',(-0.866025403784,0.5,0.));
#1967 = PCURVE('',#45,#1968);
#1968 = DEFINITIONAL_REPRESENTATION('',(#1969),#1977);
#1969 = ( BOUNDED_CURVE() B_SPLINE_CURVE(2,(#1970,#1971,#1972,#1973,
#1974,#1975,#1976),.UNSPECIFIED.,.T.,.F.) B_SPLINE_CURVE_WITH_KNOTS((1,2
    ,2,2,2,1),(-2.094395102393,0.,2.094395102393,4.188790204786,
6.28318530718,8.377580409573),.UNSPECIFIED.) CURVE() 
GEOMETRIC_REPRESENTATION_ITEM() RATIONAL_B_SPLINE_CURVE((1.,0.5,1.,0.5,
1.,0.5,1.)) REPRESENTATION_ITEM('') );
#1970 = CARTESIAN_POINT('',(-45.07232688511,30.332439819625));
#1971 = CARTESIAN_POINT('',(-43.16707099679,33.632439819625));
#1972 = CARTESIAN_POINT('',(-41.26181510846,30.332439819625));
#1973 = CARTESIAN_POINT('',(-39.35655922013,27.032439819625));
#1974 = CARTESIAN_POINT('',(-43.16707099679,27.032439819625));
#1975 = CARTESIAN_POINT('',(-46.97758277344,27.032439819625));
#1976 = CARTESIAN_POINT('',(-45.07232688511,30.332439819625));
#1977 = ( GEOMETRIC_REPRESENTATION_CONTEXT(2) 
PARAMETRIC_REPRESENTATION_CONTEXT() REPRESENTATION_CONTEXT('2D SPACE',''
  ) );
#1978 = PCURVE('',#1979,#1984);
#1979 = CYLINDRICAL_SURFACE('',#1980,2.2);
#1980 = AXIS2_PLACEMENT_3D('',#1981,#1982,#1983);
#1981 = CARTESIAN_POINT('',(-43.16707099679,29.232439819625,-5.E-02));
#1982 = DIRECTION('',(0.,0.,-1.));
#1983 = DIRECTION('',(-0.866025403784,0.5,-0.));
#1984 = DEFINITIONAL_REPRESENTATION('',(#1985),#1989);
#1985 = LINE('',#1986,#1987);
#1986 = CARTESIAN_POINT('',(0.,-5.E-02));
#1987 = VECTOR('',#1988,1.);
#1988 = DIRECTION('',(1.,0.));
#1989 = ( GEOMETRIC_REPRESENTATION_CONTEXT(2) 
PARAMETRIC_REPRESENTATION_CONTEXT() REPRESENTATION_CONTEXT('2D SPACE',''
  ) );
#1990 = ORIENTED_EDGE('',*,*,#1991,.T.);
#1991 = EDGE_CURVE('',#1959,#1775,#1992,.T.);
#1992 = SURFACE_CURVE('',#1993,(#1998,#2009),.PCURVE_S1.);
#1993 = CIRCLE('',#1994,3.85);
#1994 = AXIS2_PLACEMENT_3D('',#1995,#1996,#1997);
#1995 = CARTESIAN_POINT('',(-44.13332099679,27.558845726812,0.));
#1996 = DIRECTION('',(0.,0.,-1.));
#1997 = DIRECTION('',(-0.866025403784,0.5,0.));
#1998 = PCURVE('',#45,#1999);
#1999 = DEFINITIONAL_REPRESENTATION('',(#2000),#2008);
#2000 = ( BOUNDED_CURVE() B_SPLINE_CURVE(2,(#2001,#2002,#2003,#2004,
#2005,#2006,#2007),.UNSPECIFIED.,.T.,.F.) B_SPLINE_CURVE_WITH_KNOTS((1,2
    ,2,2,2,1),(-2.094395102393,0.,2.094395102393,4.188790204786,
6.28318530718,8.377580409573),.UNSPECIFIED.) CURVE() 
GEOMETRIC_REPRESENTATION_ITEM() RATIONAL_B_SPLINE_CURVE((1.,0.5,1.,0.5,
1.,0.5,1.)) REPRESENTATION_ITEM('') );
#2001 = CARTESIAN_POINT('',(-47.46751880136,29.483845726812));
#2002 = CARTESIAN_POINT('',(-44.13332099679,35.258845726812));
#2003 = CARTESIAN_POINT('',(-40.79912319222,29.483845726812));
#2004 = CARTESIAN_POINT('',(-37.46492538765,23.708845726812));
#2005 = CARTESIAN_POINT('',(-44.13332099679,23.708845726812));
#2006 = CARTESIAN_POINT('',(-50.80171660593,23.708845726812));
#2007 = CARTESIAN_POINT('',(-47.46751880136,29.483845726812));
#2008 = ( GEOMETRIC_REPRESENTATION_CONTEXT(2) 
PARAMETRIC_REPRESENTATION_CONTEXT() REPRESENTATION_CONTEXT('2D SPACE',''
  ) );
#2009 = PCURVE('',#2010,#2015);
#2010 = CYLINDRICAL_SURFACE('',#2011,3.85);
#2011 = AXIS2_PLACEMENT_3D('',#2012,#2013,#2014);
#2012 = CARTESIAN_POINT('',(-44.13332099679,27.558845726812,-5.E-02));
#2013 = DIRECTION('',(0.,0.,-1.));
#2014 = DIRECTION('',(-0.866025403784,0.5,-0.));
#2015 = DEFINITIONAL_REPRESENTATION('',(#2016),#2020);
#2016 = LINE('',#2017,#2018);
#2017 = CARTESIAN_POINT('',(0.,-5.E-02));
#2018 = VECTOR('',#2019,1.);
#2019 = DIRECTION('',(1.,0.));
#2020 = ( GEOMETRIC_REPRESENTATION_CONTEXT(2) 
PARAMETRIC_REPRESENTATION_CONTEXT() REPRESENTATION_CONTEXT('2D SPACE',''
  ) );
#2021 = FACE_BOUND('',#2022,.F.);
#2022 = EDGE_LOOP('',(#2023,#2051,#2084,#2117,#2150,#2176,#2209,#2242));
#2023 = ORIENTED_EDGE('',*,*,#2024,.F.);
#2024 = EDGE_CURVE('',#2025,#2027,#2029,.T.);
#2025 = VERTEX_POINT('',#2026);
#2026 = CARTESIAN_POINT('',(-25.63384572681,40.799123192221,0.));
#2027 = VERTEX_POINT('',#2028);
#2028 = CARTESIAN_POINT('',(-22.51615427318,42.599123192221,0.));
#2029 = SURFACE_CURVE('',#2030,(#2034,#2040),.PCURVE_S1.);
#2030 = LINE('',#2031,#2032);
#2031 = CARTESIAN_POINT('',(-23.29557713659,42.149123192221,0.));
#2032 = VECTOR('',#2033,1.);
#2033 = DIRECTION('',(0.866025403784,0.5,-0.));
#2034 = PCURVE('',#45,#2035);
#2035 = DEFINITIONAL_REPRESENTATION('',(#2036),#2039);
#2036 = B_SPLINE_CURVE_WITH_KNOTS('',1,(#2037,#2038),.UNSPECIFIED.,.F.,
  .F.,(2,2),(-2.7,0.9),.PIECEWISE_BEZIER_KNOTS.);
#2037 = CARTESIAN_POINT('',(-25.63384572681,40.799123192221));
#2038 = CARTESIAN_POINT('',(-22.51615427318,42.599123192221));
#2039 = ( GEOMETRIC_REPRESENTATION_CONTEXT(2) 
PARAMETRIC_REPRESENTATION_CONTEXT() REPRESENTATION_CONTEXT('2D SPACE',''
  ) );
#2040 = PCURVE('',#2041,#2046);
#2041 = PLANE('',#2042);
#2042 = AXIS2_PLACEMENT_3D('',#2043,#2044,#2045);
#2043 = CARTESIAN_POINT('',(-22.51615427318,42.599123192221,-5.E-02));
#2044 = DIRECTION('',(0.5,-0.866025403784,0.));
#2045 = DIRECTION('',(-0.866025403784,-0.5,0.));
#2046 = DEFINITIONAL_REPRESENTATION('',(#2047),#2050);
#2047 = B_SPLINE_CURVE_WITH_KNOTS('',1,(#2048,#2049),.UNSPECIFIED.,.F.,
  .F.,(2,2),(-2.7,0.9),.PIECEWISE_BEZIER_KNOTS.);
#2048 = CARTESIAN_POINT('',(3.6,-5.E-02));
#2049 = CARTESIAN_POINT('',(0.,-5.E-02));
#2050 = ( GEOMETRIC_REPRESENTATION_CONTEXT(2) 
PARAMETRIC_REPRESENTATION_CONTEXT() REPRESENTATION_CONTEXT('2D SPACE',''
  ) );
#2051 = ORIENTED_EDGE('',*,*,#2052,.T.);
#2052 = EDGE_CURVE('',#2025,#2053,#2055,.T.);
#2053 = VERTEX_POINT('',#2054);
#2054 = CARTESIAN_POINT('',(-29.88628753905,41.06647985147,0.));
#2055 = SURFACE_CURVE('',#2056,(#2061,#2072),.PCURVE_S1.);
#2056 = CIRCLE('',#2057,3.85);
#2057 = AXIS2_PLACEMENT_3D('',#2058,#2059,#2060);
#2058 = CARTESIAN_POINT('',(-27.55884572681,44.133320996791,0.));
#2059 = DIRECTION('',(0.,-0.,-1.));
#2060 = DIRECTION('',(0.5,-0.866025403784,0.));
#2061 = PCURVE('',#45,#2062);
#2062 = DEFINITIONAL_REPRESENTATION('',(#2063),#2071);
#2063 = ( BOUNDED_CURVE() B_SPLINE_CURVE(2,(#2064,#2065,#2066,#2067,
#2068,#2069,#2070),.UNSPECIFIED.,.T.,.F.) B_SPLINE_CURVE_WITH_KNOTS((1,2
    ,2,2,2,1),(-2.094395102393,0.,2.094395102393,4.188790204786,
6.28318530718,8.377580409573),.UNSPECIFIED.) CURVE() 
GEOMETRIC_REPRESENTATION_ITEM() RATIONAL_B_SPLINE_CURVE((1.,0.5,1.,0.5,
1.,0.5,1.)) REPRESENTATION_ITEM('') );
#2064 = CARTESIAN_POINT('',(-25.63384572681,40.799123192221));
#2065 = CARTESIAN_POINT('',(-31.40884572681,37.464925387651));
#2066 = CARTESIAN_POINT('',(-31.40884572681,44.133320996791));
#2067 = CARTESIAN_POINT('',(-31.40884572681,50.801716605931));
#2068 = CARTESIAN_POINT('',(-25.63384572681,47.467518801361));
#2069 = CARTESIAN_POINT('',(-19.85884572681,44.133320996791));
#2070 = CARTESIAN_POINT('',(-25.63384572681,40.799123192221));
#2071 = ( GEOMETRIC_REPRESENTATION_CONTEXT(2) 
PARAMETRIC_REPRESENTATION_CONTEXT() REPRESENTATION_CONTEXT('2D SPACE',''
  ) );
#2072 = PCURVE('',#2073,#2078);
#2073 = CYLINDRICAL_SURFACE('',#2074,3.85);
#2074 = AXIS2_PLACEMENT_3D('',#2075,#2076,#2077);
#2075 = CARTESIAN_POINT('',(-27.55884572681,44.133320996791,-5.E-02));
#2076 = DIRECTION('',(0.,-0.,-1.));
#2077 = DIRECTION('',(0.5,-0.866025403784,0.));
#2078 = DEFINITIONAL_REPRESENTATION('',(#2079),#2083);
#2079 = LINE('',#2080,#2081);
#2080 = CARTESIAN_POINT('',(0.,-5.E-02));
#2081 = VECTOR('',#2082,1.);
#2082 = DIRECTION('',(1.,0.));
#2083 = ( GEOMETRIC_REPRESENTATION_CONTEXT(2) 
PARAMETRIC_REPRESENTATION_CONTEXT() REPRESENTATION_CONTEXT('2D SPACE',''
  ) );
#2084 = ORIENTED_EDGE('',*,*,#2085,.T.);
#2085 = EDGE_CURVE('',#2053,#2086,#2088,.T.);
#2086 = VERTEX_POINT('',#2087);
#2087 = CARTESIAN_POINT('',(-31.37852897415,43.65111783422,0.));
#2088 = SURFACE_CURVE('',#2089,(#2094,#2105),.PCURVE_S1.);
#2089 = CIRCLE('',#2090,2.2);
#2090 = AXIS2_PLACEMENT_3D('',#2091,#2092,#2093);
#2091 = CARTESIAN_POINT('',(-29.23243981962,43.167070996791,0.));
#2092 = DIRECTION('',(0.,-0.,-1.));
#2093 = DIRECTION('',(0.5,-0.866025403784,0.));
#2094 = PCURVE('',#45,#2095);
#2095 = DEFINITIONAL_REPRESENTATION('',(#2096),#2104);
#2096 = ( BOUNDED_CURVE() B_SPLINE_CURVE(2,(#2097,#2098,#2099,#2100,
#2101,#2102,#2103),.UNSPECIFIED.,.T.,.F.) B_SPLINE_CURVE_WITH_KNOTS((1,2
    ,2,2,2,1),(-2.094395102393,0.,2.094395102393,4.188790204786,
6.28318530718,8.377580409573),.UNSPECIFIED.) CURVE() 
GEOMETRIC_REPRESENTATION_ITEM() RATIONAL_B_SPLINE_CURVE((1.,0.5,1.,0.5,
1.,0.5,1.)) REPRESENTATION_ITEM('') );
#2097 = CARTESIAN_POINT('',(-28.13243981962,41.261815108465));
#2098 = CARTESIAN_POINT('',(-31.43243981962,39.356559220139));
#2099 = CARTESIAN_POINT('',(-31.43243981962,43.167070996791));
#2100 = CARTESIAN_POINT('',(-31.43243981962,46.977582773442));
#2101 = CARTESIAN_POINT('',(-28.13243981962,45.072326885117));
#2102 = CARTESIAN_POINT('',(-24.83243981962,43.167070996791));
#2103 = CARTESIAN_POINT('',(-28.13243981962,41.261815108465));
#2104 = ( GEOMETRIC_REPRESENTATION_CONTEXT(2) 
PARAMETRIC_REPRESENTATION_CONTEXT() REPRESENTATION_CONTEXT('2D SPACE',''
  ) );
#2105 = PCURVE('',#2106,#2111);
#2106 = CYLINDRICAL_SURFACE('',#2107,2.2);
#2107 = AXIS2_PLACEMENT_3D('',#2108,#2109,#2110);
#2108 = CARTESIAN_POINT('',(-29.23243981962,43.167070996791,-5.E-02));
#2109 = DIRECTION('',(0.,-0.,-1.));
#2110 = DIRECTION('',(0.5,-0.866025403784,0.));
#2111 = DEFINITIONAL_REPRESENTATION('',(#2112),#2116);
#2112 = LINE('',#2113,#2114);
#2113 = CARTESIAN_POINT('',(0.,-5.E-02));
#2114 = VECTOR('',#2115,1.);
#2115 = DIRECTION('',(1.,0.));
#2116 = ( GEOMETRIC_REPRESENTATION_CONTEXT(2) 
PARAMETRIC_REPRESENTATION_CONTEXT() REPRESENTATION_CONTEXT('2D SPACE',''
  ) );
#2117 = ORIENTED_EDGE('',*,*,#2118,.T.);
#2118 = EDGE_CURVE('',#2086,#2119,#2121,.T.);
#2119 = VERTEX_POINT('',#2120);
#2120 = CARTESIAN_POINT('',(-29.48384572681,47.467518801361,0.));
#2121 = SURFACE_CURVE('',#2122,(#2127,#2138),.PCURVE_S1.);
#2122 = CIRCLE('',#2123,3.85);
#2123 = AXIS2_PLACEMENT_3D('',#2124,#2125,#2126);
#2124 = CARTESIAN_POINT('',(-27.55884572681,44.133320996791,0.));
#2125 = DIRECTION('',(0.,-0.,-1.));
#2126 = DIRECTION('',(0.5,-0.866025403784,0.));
#2127 = PCURVE('',#45,#2128);
#2128 = DEFINITIONAL_REPRESENTATION('',(#2129),#2137);
#2129 = ( BOUNDED_CURVE() B_SPLINE_CURVE(2,(#2130,#2131,#2132,#2133,
#2134,#2135,#2136),.UNSPECIFIED.,.T.,.F.) B_SPLINE_CURVE_WITH_KNOTS((1,2
    ,2,2,2,1),(-2.094395102393,0.,2.094395102393,4.188790204786,
6.28318530718,8.377580409573),.UNSPECIFIED.) CURVE() 
GEOMETRIC_REPRESENTATION_ITEM() RATIONAL_B_SPLINE_CURVE((1.,0.5,1.,0.5,
1.,0.5,1.)) REPRESENTATION_ITEM('') );
#2130 = CARTESIAN_POINT('',(-25.63384572681,40.799123192221));
#2131 = CARTESIAN_POINT('',(-31.40884572681,37.464925387651));
#2132 = CARTESIAN_POINT('',(-31.40884572681,44.133320996791));
#2133 = CARTESIAN_POINT('',(-31.40884572681,50.801716605931));
#2134 = CARTESIAN_POINT('',(-25.63384572681,47.467518801361));
#2135 = CARTESIAN_POINT('',(-19.85884572681,44.133320996791));
#2136 = CARTESIAN_POINT('',(-25.63384572681,40.799123192221));
#2137 = ( GEOMETRIC_REPRESENTATION_CONTEXT(2) 
PARAMETRIC_REPRESENTATION_CONTEXT() REPRESENTATION_CONTEXT('2D SPACE',''
  ) );
#2138 = PCURVE('',#2139,#2144);
#2139 = CYLINDRICAL_SURFACE('',#2140,3.85);
#2140 = AXIS2_PLACEMENT_3D('',#2141,#2142,#2143);
#2141 = CARTESIAN_POINT('',(-27.55884572681,44.133320996791,-5.E-02));
#2142 = DIRECTION('',(0.,-0.,-1.));
#2143 = DIRECTION('',(0.5,-0.866025403784,0.));
#2144 = DEFINITIONAL_REPRESENTATION('',(#2145),#2149);
#2145 = LINE('',#2146,#2147);
#2146 = CARTESIAN_POINT('',(0.,-5.E-02));
#2147 = VECTOR('',#2148,1.);
#2148 = DIRECTION('',(1.,0.));
#2149 = ( GEOMETRIC_REPRESENTATION_CONTEXT(2) 
PARAMETRIC_REPRESENTATION_CONTEXT() REPRESENTATION_CONTEXT('2D SPACE',''
  ) );
#2150 = ORIENTED_EDGE('',*,*,#2151,.F.);
#2151 = EDGE_CURVE('',#2152,#2119,#2154,.T.);
#2152 = VERTEX_POINT('',#2153);
#2153 = CARTESIAN_POINT('',(-26.36615427318,49.267518801361,0.));
#2154 = SURFACE_CURVE('',#2155,(#2159,#2165),.PCURVE_S1.);
#2155 = LINE('',#2156,#2157);
#2156 = CARTESIAN_POINT('',(-28.7044228634,47.917518801361,0.));
#2157 = VECTOR('',#2158,1.);
#2158 = DIRECTION('',(-0.866025403784,-0.5,0.));
#2159 = PCURVE('',#45,#2160);
#2160 = DEFINITIONAL_REPRESENTATION('',(#2161),#2164);
#2161 = B_SPLINE_CURVE_WITH_KNOTS('',1,(#2162,#2163),.UNSPECIFIED.,.F.,
  .F.,(2,2),(-2.7,0.9),.PIECEWISE_BEZIER_KNOTS.);
#2162 = CARTESIAN_POINT('',(-26.36615427318,49.267518801361));
#2163 = CARTESIAN_POINT('',(-29.48384572681,47.467518801361));
#2164 = ( GEOMETRIC_REPRESENTATION_CONTEXT(2) 
PARAMETRIC_REPRESENTATION_CONTEXT() REPRESENTATION_CONTEXT('2D SPACE',''
  ) );
#2165 = PCURVE('',#2166,#2171);
#2166 = PLANE('',#2167);
#2167 = AXIS2_PLACEMENT_3D('',#2168,#2169,#2170);
#2168 = CARTESIAN_POINT('',(-29.48384572681,47.467518801361,-5.E-02));
#2169 = DIRECTION('',(-0.5,0.866025403784,0.));
#2170 = DIRECTION('',(0.866025403784,0.5,0.));
#2171 = DEFINITIONAL_REPRESENTATION('',(#2172),#2175);
#2172 = B_SPLINE_CURVE_WITH_KNOTS('',1,(#2173,#2174),.UNSPECIFIED.,.F.,
  .F.,(2,2),(-2.7,0.9),.PIECEWISE_BEZIER_KNOTS.);
#2173 = CARTESIAN_POINT('',(3.6,-5.E-02));
#2174 = CARTESIAN_POINT('',(0.,-5.E-02));
#2175 = ( GEOMETRIC_REPRESENTATION_CONTEXT(2) 
PARAMETRIC_REPRESENTATION_CONTEXT() REPRESENTATION_CONTEXT('2D SPACE',''
  ) );
#2176 = ORIENTED_EDGE('',*,*,#2177,.T.);
#2177 = EDGE_CURVE('',#2152,#2178,#2180,.T.);
#2178 = VERTEX_POINT('',#2179);
#2179 = CARTESIAN_POINT('',(-22.11371246094,49.000162142111,0.));
#2180 = SURFACE_CURVE('',#2181,(#2186,#2197),.PCURVE_S1.);
#2181 = CIRCLE('',#2182,3.85);
#2182 = AXIS2_PLACEMENT_3D('',#2183,#2184,#2185);
#2183 = CARTESIAN_POINT('',(-24.44115427318,45.933320996791,0.));
#2184 = DIRECTION('',(0.,0.,-1.));
#2185 = DIRECTION('',(-0.5,0.866025403784,0.));
#2186 = PCURVE('',#45,#2187);
#2187 = DEFINITIONAL_REPRESENTATION('',(#2188),#2196);
#2188 = ( BOUNDED_CURVE() B_SPLINE_CURVE(2,(#2189,#2190,#2191,#2192,
#2193,#2194,#2195),.UNSPECIFIED.,.T.,.F.) B_SPLINE_CURVE_WITH_KNOTS((1,2
    ,2,2,2,1),(-2.094395102393,0.,2.094395102393,4.188790204786,
6.28318530718,8.377580409573),.UNSPECIFIED.) CURVE() 
GEOMETRIC_REPRESENTATION_ITEM() RATIONAL_B_SPLINE_CURVE((1.,0.5,1.,0.5,
1.,0.5,1.)) REPRESENTATION_ITEM('') );
#2189 = CARTESIAN_POINT('',(-26.36615427318,49.267518801361));
#2190 = CARTESIAN_POINT('',(-20.59115427318,52.601716605931));
#2191 = CARTESIAN_POINT('',(-20.59115427318,45.933320996791));
#2192 = CARTESIAN_POINT('',(-20.59115427318,39.264925387651));
#2193 = CARTESIAN_POINT('',(-26.36615427318,42.599123192221));
#2194 = CARTESIAN_POINT('',(-32.14115427318,45.933320996791));
#2195 = CARTESIAN_POINT('',(-26.36615427318,49.267518801361));
#2196 = ( GEOMETRIC_REPRESENTATION_CONTEXT(2) 
PARAMETRIC_REPRESENTATION_CONTEXT() REPRESENTATION_CONTEXT('2D SPACE',''
  ) );
#2197 = PCURVE('',#2198,#2203);
#2198 = CYLINDRICAL_SURFACE('',#2199,3.85);
#2199 = AXIS2_PLACEMENT_3D('',#2200,#2201,#2202);
#2200 = CARTESIAN_POINT('',(-24.44115427318,45.933320996791,-5.E-02));
#2201 = DIRECTION('',(0.,0.,-1.));
#2202 = DIRECTION('',(-0.5,0.866025403784,-0.));
#2203 = DEFINITIONAL_REPRESENTATION('',(#2204),#2208);
#2204 = LINE('',#2205,#2206);
#2205 = CARTESIAN_POINT('',(0.,-5.E-02));
#2206 = VECTOR('',#2207,1.);
#2207 = DIRECTION('',(1.,0.));
#2208 = ( GEOMETRIC_REPRESENTATION_CONTEXT(2) 
PARAMETRIC_REPRESENTATION_CONTEXT() REPRESENTATION_CONTEXT('2D SPACE',''
  ) );
#2209 = ORIENTED_EDGE('',*,*,#2210,.T.);
#2210 = EDGE_CURVE('',#2178,#2211,#2213,.T.);
#2211 = VERTEX_POINT('',#2212);
#2212 = CARTESIAN_POINT('',(-20.62147102584,46.415524159362,0.));
#2213 = SURFACE_CURVE('',#2214,(#2219,#2230),.PCURVE_S1.);
#2214 = CIRCLE('',#2215,2.2);
#2215 = AXIS2_PLACEMENT_3D('',#2216,#2217,#2218);
#2216 = CARTESIAN_POINT('',(-22.76756018037,46.899570996791,0.));
#2217 = DIRECTION('',(0.,0.,-1.));
#2218 = DIRECTION('',(-0.5,0.866025403784,0.));
#2219 = PCURVE('',#45,#2220);
#2220 = DEFINITIONAL_REPRESENTATION('',(#2221),#2229);
#2221 = ( BOUNDED_CURVE() B_SPLINE_CURVE(2,(#2222,#2223,#2224,#2225,
#2226,#2227,#2228),.UNSPECIFIED.,.T.,.F.) B_SPLINE_CURVE_WITH_KNOTS((1,2
    ,2,2,2,1),(-2.094395102393,0.,2.094395102393,4.188790204786,
6.28318530718,8.377580409573),.UNSPECIFIED.) CURVE() 
GEOMETRIC_REPRESENTATION_ITEM() RATIONAL_B_SPLINE_CURVE((1.,0.5,1.,0.5,
1.,0.5,1.)) REPRESENTATION_ITEM('') );
#2222 = CARTESIAN_POINT('',(-23.86756018037,48.804826885117));
#2223 = CARTESIAN_POINT('',(-20.56756018037,50.710082773442));
#2224 = CARTESIAN_POINT('',(-20.56756018037,46.899570996791));
#2225 = CARTESIAN_POINT('',(-20.56756018037,43.089059220139));
#2226 = CARTESIAN_POINT('',(-23.86756018037,44.994315108465));
#2227 = CARTESIAN_POINT('',(-27.16756018037,46.899570996791));
#2228 = CARTESIAN_POINT('',(-23.86756018037,48.804826885117));
#2229 = ( GEOMETRIC_REPRESENTATION_CONTEXT(2) 
PARAMETRIC_REPRESENTATION_CONTEXT() REPRESENTATION_CONTEXT('2D SPACE',''
  ) );
#2230 = PCURVE('',#2231,#2236);
#2231 = CYLINDRICAL_SURFACE('',#2232,2.2);
#2232 = AXIS2_PLACEMENT_3D('',#2233,#2234,#2235);
#2233 = CARTESIAN_POINT('',(-22.76756018037,46.899570996791,-5.E-02));
#2234 = DIRECTION('',(0.,0.,-1.));
#2235 = DIRECTION('',(-0.5,0.866025403784,-0.));
#2236 = DEFINITIONAL_REPRESENTATION('',(#2237),#2241);
#2237 = LINE('',#2238,#2239);
#2238 = CARTESIAN_POINT('',(0.,-5.E-02));
#2239 = VECTOR('',#2240,1.);
#2240 = DIRECTION('',(1.,0.));
#2241 = ( GEOMETRIC_REPRESENTATION_CONTEXT(2) 
PARAMETRIC_REPRESENTATION_CONTEXT() REPRESENTATION_CONTEXT('2D SPACE',''
  ) );
#2242 = ORIENTED_EDGE('',*,*,#2243,.T.);
#2243 = EDGE_CURVE('',#2211,#2027,#2244,.T.);
#2244 = SURFACE_CURVE('',#2245,(#2250,#2261),.PCURVE_S1.);
#2245 = CIRCLE('',#2246,3.85);
#2246 = AXIS2_PLACEMENT_3D('',#2247,#2248,#2249);
#2247 = CARTESIAN_POINT('',(-24.44115427318,45.933320996791,0.));
#2248 = DIRECTION('',(0.,0.,-1.));
#2249 = DIRECTION('',(-0.5,0.866025403784,0.));
#2250 = PCURVE('',#45,#2251);
#2251 = DEFINITIONAL_REPRESENTATION('',(#2252),#2260);
#2252 = ( BOUNDED_CURVE() B_SPLINE_CURVE(2,(#2253,#2254,#2255,#2256,
#2257,#2258,#2259),.UNSPECIFIED.,.T.,.F.) B_SPLINE_CURVE_WITH_KNOTS((1,2
    ,2,2,2,1),(-2.094395102393,0.,2.094395102393,4.188790204786,
6.28318530718,8.377580409573),.UNSPECIFIED.) CURVE() 
GEOMETRIC_REPRESENTATION_ITEM() RATIONAL_B_SPLINE_CURVE((1.,0.5,1.,0.5,
1.,0.5,1.)) REPRESENTATION_ITEM('') );
#2253 = CARTESIAN_POINT('',(-26.36615427318,49.267518801361));
#2254 = CARTESIAN_POINT('',(-20.59115427318,52.601716605931));
#2255 = CARTESIAN_POINT('',(-20.59115427318,45.933320996791));
#2256 = CARTESIAN_POINT('',(-20.59115427318,39.264925387651));
#2257 = CARTESIAN_POINT('',(-26.36615427318,42.599123192221));
#2258 = CARTESIAN_POINT('',(-32.14115427318,45.933320996791));
#2259 = CARTESIAN_POINT('',(-26.36615427318,49.267518801361));
#2260 = ( GEOMETRIC_REPRESENTATION_CONTEXT(2) 
PARAMETRIC_REPRESENTATION_CONTEXT() REPRESENTATION_CONTEXT('2D SPACE',''
  ) );
#2261 = PCURVE('',#2262,#2267);
#2262 = CYLINDRICAL_SURFACE('',#2263,3.85);
#2263 = AXIS2_PLACEMENT_3D('',#2264,#2265,#2266);
#2264 = CARTESIAN_POINT('',(-24.44115427318,45.933320996791,-5.E-02));
#2265 = DIRECTION('',(0.,0.,-1.));
#2266 = DIRECTION('',(-0.5,0.866025403784,-0.));
#2267 = DEFINITIONAL_REPRESENTATION('',(#2268),#2272);
#2268 = LINE('',#2269,#2270);
#2269 = CARTESIAN_POINT('',(0.,-5.E-02));
#2270 = VECTOR('',#2271,1.);
#2271 = DIRECTION('',(1.,0.));
#2272 = ( GEOMETRIC_REPRESENTATION_CONTEXT(2) 
PARAMETRIC_REPRESENTATION_CONTEXT() REPRESENTATION_CONTEXT('2D SPACE',''
  ) );
#2273 = FACE_BOUND('',#2274,.F.);
#2274 = EDGE_LOOP('',(#2275,#2306,#2334,#2362,#2390,#2419,#2447,#2475,
    #2503,#2532,#2560,#2588,#2616,#2645,#2673,#2701));
#2275 = ORIENTED_EDGE('',*,*,#2276,.F.);
#2276 = EDGE_CURVE('',#2277,#2279,#2281,.T.);
#2277 = VERTEX_POINT('',#2278);
#2278 = CARTESIAN_POINT('',(13.674794331177,3.,0.));
#2279 = VERTEX_POINT('',#2280);
#2280 = CARTESIAN_POINT('',(3.,13.674794331177,0.));
#2281 = SURFACE_CURVE('',#2282,(#2287,#2294),.PCURVE_S1.);
#2282 = CIRCLE('',#2283,14.);
#2283 = AXIS2_PLACEMENT_3D('',#2284,#2285,#2286);
#2284 = CARTESIAN_POINT('',(1.007171764847E-15,0.,0.));
#2285 = DIRECTION('',(0.,0.,1.));
#2286 = DIRECTION('',(1.,2.449293598295E-16,-0.));
#2287 = PCURVE('',#45,#2288);
#2288 = DEFINITIONAL_REPRESENTATION('',(#2289),#2293);
#2289 = CIRCLE('',#2290,14.);
#2290 = AXIS2_PLACEMENT_2D('',#2291,#2292);
#2291 = CARTESIAN_POINT('',(3.50763372149E-15,-2.143414715277E-15));
#2292 = DIRECTION('',(1.,2.449293598295E-16));
#2293 = ( GEOMETRIC_REPRESENTATION_CONTEXT(2) 
PARAMETRIC_REPRESENTATION_CONTEXT() REPRESENTATION_CONTEXT('2D SPACE',''
  ) );
#2294 = PCURVE('',#2295,#2300);
#2295 = CYLINDRICAL_SURFACE('',#2296,14.);
#2296 = AXIS2_PLACEMENT_3D('',#2297,#2298,#2299);
#2297 = CARTESIAN_POINT('',(0.,0.,-134.0000002));
#2298 = DIRECTION('',(-0.,-0.,-1.));
#2299 = DIRECTION('',(1.,0.,0.));
#2300 = DEFINITIONAL_REPRESENTATION('',(#2301),#2305);
#2301 = LINE('',#2302,#2303);
#2302 = CARTESIAN_POINT('',(-0.,-134.0000002));
#2303 = VECTOR('',#2304,1.);
#2304 = DIRECTION('',(-1.,-0.));
#2305 = ( GEOMETRIC_REPRESENTATION_CONTEXT(2) 
PARAMETRIC_REPRESENTATION_CONTEXT() REPRESENTATION_CONTEXT('2D SPACE',''
  ) );
#2306 = ORIENTED_EDGE('',*,*,#2307,.F.);
#2307 = EDGE_CURVE('',#2308,#2277,#2310,.T.);
#2308 = VERTEX_POINT('',#2309);
#2309 = CARTESIAN_POINT('',(15.,3.,0.));
#2310 = SURFACE_CURVE('',#2311,(#2315,#2322),.PCURVE_S1.);
#2311 = LINE('',#2312,#2313);
#2312 = CARTESIAN_POINT('',(15.,3.,0.));
#2313 = VECTOR('',#2314,1.);
#2314 = DIRECTION('',(-1.,0.,0.));
#2315 = PCURVE('',#45,#2316);
#2316 = DEFINITIONAL_REPRESENTATION('',(#2317),#2321);
#2317 = LINE('',#2318,#2319);
#2318 = CARTESIAN_POINT('',(15.,3.));
#2319 = VECTOR('',#2320,1.);
#2320 = DIRECTION('',(-1.,0.));
#2321 = ( GEOMETRIC_REPRESENTATION_CONTEXT(2) 
PARAMETRIC_REPRESENTATION_CONTEXT() REPRESENTATION_CONTEXT('2D SPACE',''
  ) );
#2322 = PCURVE('',#2323,#2328);
#2323 = PLANE('',#2324);
#2324 = AXIS2_PLACEMENT_3D('',#2325,#2326,#2327);
#2325 = CARTESIAN_POINT('',(15.,3.,0.));
#2326 = DIRECTION('',(0.,-1.,0.));
#2327 = DIRECTION('',(-1.,0.,0.));
#2328 = DEFINITIONAL_REPRESENTATION('',(#2329),#2333);
#2329 = LINE('',#2330,#2331);
#2330 = CARTESIAN_POINT('',(0.,-0.));
#2331 = VECTOR('',#2332,1.);
#2332 = DIRECTION('',(1.,0.));
#2333 = ( GEOMETRIC_REPRESENTATION_CONTEXT(2) 
PARAMETRIC_REPRESENTATION_CONTEXT() REPRESENTATION_CONTEXT('2D SPACE',''
  ) );
#2334 = ORIENTED_EDGE('',*,*,#2335,.F.);
#2335 = EDGE_CURVE('',#2336,#2308,#2338,.T.);
#2336 = VERTEX_POINT('',#2337);
#2337 = CARTESIAN_POINT('',(15.,-3.,0.));
#2338 = SURFACE_CURVE('',#2339,(#2343,#2350),.PCURVE_S1.);
#2339 = LINE('',#2340,#2341);
#2340 = CARTESIAN_POINT('',(15.,-3.,0.));
#2341 = VECTOR('',#2342,1.);
#2342 = DIRECTION('',(0.,1.,0.));
#2343 = PCURVE('',#45,#2344);
#2344 = DEFINITIONAL_REPRESENTATION('',(#2345),#2349);
#2345 = LINE('',#2346,#2347);
#2346 = CARTESIAN_POINT('',(15.,-3.));
#2347 = VECTOR('',#2348,1.);
#2348 = DIRECTION('',(0.,1.));
#2349 = ( GEOMETRIC_REPRESENTATION_CONTEXT(2) 
PARAMETRIC_REPRESENTATION_CONTEXT() REPRESENTATION_CONTEXT('2D SPACE',''
  ) );
#2350 = PCURVE('',#2351,#2356);
#2351 = PLANE('',#2352);
#2352 = AXIS2_PLACEMENT_3D('',#2353,#2354,#2355);
#2353 = CARTESIAN_POINT('',(15.,-3.,0.));
#2354 = DIRECTION('',(-1.,0.,0.));
#2355 = DIRECTION('',(0.,1.,0.));
#2356 = DEFINITIONAL_REPRESENTATION('',(#2357),#2361);
#2357 = LINE('',#2358,#2359);
#2358 = CARTESIAN_POINT('',(0.,0.));
#2359 = VECTOR('',#2360,1.);
#2360 = DIRECTION('',(1.,0.));
#2361 = ( GEOMETRIC_REPRESENTATION_CONTEXT(2) 
PARAMETRIC_REPRESENTATION_CONTEXT() REPRESENTATION_CONTEXT('2D SPACE',''
  ) );
#2362 = ORIENTED_EDGE('',*,*,#2363,.F.);
#2363 = EDGE_CURVE('',#2364,#2336,#2366,.T.);
#2364 = VERTEX_POINT('',#2365);
#2365 = CARTESIAN_POINT('',(13.674794331177,-3.,0.));
#2366 = SURFACE_CURVE('',#2367,(#2371,#2378),.PCURVE_S1.);
#2367 = LINE('',#2368,#2369);
#2368 = CARTESIAN_POINT('',(11.,-3.,0.));
#2369 = VECTOR('',#2370,1.);
#2370 = DIRECTION('',(1.,0.,0.));
#2371 = PCURVE('',#45,#2372);
#2372 = DEFINITIONAL_REPRESENTATION('',(#2373),#2377);
#2373 = LINE('',#2374,#2375);
#2374 = CARTESIAN_POINT('',(11.,-3.));
#2375 = VECTOR('',#2376,1.);
#2376 = DIRECTION('',(1.,0.));
#2377 = ( GEOMETRIC_REPRESENTATION_CONTEXT(2) 
PARAMETRIC_REPRESENTATION_CONTEXT() REPRESENTATION_CONTEXT('2D SPACE',''
  ) );
#2378 = PCURVE('',#2379,#2384);
#2379 = PLANE('',#2380);
#2380 = AXIS2_PLACEMENT_3D('',#2381,#2382,#2383);
#2381 = CARTESIAN_POINT('',(11.,-3.,0.));
#2382 = DIRECTION('',(0.,1.,0.));
#2383 = DIRECTION('',(1.,0.,0.));
#2384 = DEFINITIONAL_REPRESENTATION('',(#2385),#2389);
#2385 = LINE('',#2386,#2387);
#2386 = CARTESIAN_POINT('',(0.,0.));
#2387 = VECTOR('',#2388,1.);
#2388 = DIRECTION('',(1.,0.));
#2389 = ( GEOMETRIC_REPRESENTATION_CONTEXT(2) 
PARAMETRIC_REPRESENTATION_CONTEXT() REPRESENTATION_CONTEXT('2D SPACE',''
  ) );
#2390 = ORIENTED_EDGE('',*,*,#2391,.F.);
#2391 = EDGE_CURVE('',#2392,#2364,#2394,.T.);
#2392 = VERTEX_POINT('',#2393);
#2393 = CARTESIAN_POINT('',(3.,-13.67479433117,0.));
#2394 = SURFACE_CURVE('',#2395,(#2400,#2407),.PCURVE_S1.);
#2395 = CIRCLE('',#2396,14.);
#2396 = AXIS2_PLACEMENT_3D('',#2397,#2398,#2399);
#2397 = CARTESIAN_POINT('',(1.007171764847E-15,0.,0.));
#2398 = DIRECTION('',(0.,0.,1.));
#2399 = DIRECTION('',(1.,2.449293598295E-16,-0.));
#2400 = PCURVE('',#45,#2401);
#2401 = DEFINITIONAL_REPRESENTATION('',(#2402),#2406);
#2402 = CIRCLE('',#2403,14.);
#2403 = AXIS2_PLACEMENT_2D('',#2404,#2405);
#2404 = CARTESIAN_POINT('',(3.50763372149E-15,-2.143414715277E-15));
#2405 = DIRECTION('',(1.,2.449293598295E-16));
#2406 = ( GEOMETRIC_REPRESENTATION_CONTEXT(2) 
PARAMETRIC_REPRESENTATION_CONTEXT() REPRESENTATION_CONTEXT('2D SPACE',''
  ) );
#2407 = PCURVE('',#2408,#2413);
#2408 = CYLINDRICAL_SURFACE('',#2409,14.);
#2409 = AXIS2_PLACEMENT_3D('',#2410,#2411,#2412);
#2410 = CARTESIAN_POINT('',(0.,0.,-134.0000002));
#2411 = DIRECTION('',(-0.,-0.,-1.));
#2412 = DIRECTION('',(1.,0.,0.));
#2413 = DEFINITIONAL_REPRESENTATION('',(#2414),#2418);
#2414 = LINE('',#2415,#2416);
#2415 = CARTESIAN_POINT('',(-0.,-134.0000002));
#2416 = VECTOR('',#2417,1.);
#2417 = DIRECTION('',(-1.,-0.));
#2418 = ( GEOMETRIC_REPRESENTATION_CONTEXT(2) 
PARAMETRIC_REPRESENTATION_CONTEXT() REPRESENTATION_CONTEXT('2D SPACE',''
  ) );
#2419 = ORIENTED_EDGE('',*,*,#2420,.F.);
#2420 = EDGE_CURVE('',#2421,#2392,#2423,.T.);
#2421 = VERTEX_POINT('',#2422);
#2422 = CARTESIAN_POINT('',(3.,-15.,0.));
#2423 = SURFACE_CURVE('',#2424,(#2428,#2435),.PCURVE_S1.);
#2424 = LINE('',#2425,#2426);
#2425 = CARTESIAN_POINT('',(3.,-15.,0.));
#2426 = VECTOR('',#2427,1.);
#2427 = DIRECTION('',(2.22044604925E-16,1.,0.));
#2428 = PCURVE('',#45,#2429);
#2429 = DEFINITIONAL_REPRESENTATION('',(#2430),#2434);
#2430 = LINE('',#2431,#2432);
#2431 = CARTESIAN_POINT('',(3.,-15.));
#2432 = VECTOR('',#2433,1.);
#2433 = DIRECTION('',(2.22044604925E-16,1.));
#2434 = ( GEOMETRIC_REPRESENTATION_CONTEXT(2) 
PARAMETRIC_REPRESENTATION_CONTEXT() REPRESENTATION_CONTEXT('2D SPACE',''
  ) );
#2435 = PCURVE('',#2436,#2441);
#2436 = PLANE('',#2437);
#2437 = AXIS2_PLACEMENT_3D('',#2438,#2439,#2440);
#2438 = CARTESIAN_POINT('',(3.,-15.,0.));
#2439 = DIRECTION('',(-1.,2.22044604925E-16,0.));
#2440 = DIRECTION('',(2.22044604925E-16,1.,0.));
#2441 = DEFINITIONAL_REPRESENTATION('',(#2442),#2446);
#2442 = LINE('',#2443,#2444);
#2443 = CARTESIAN_POINT('',(0.,0.));
#2444 = VECTOR('',#2445,1.);
#2445 = DIRECTION('',(1.,0.));
#2446 = ( GEOMETRIC_REPRESENTATION_CONTEXT(2) 
PARAMETRIC_REPRESENTATION_CONTEXT() REPRESENTATION_CONTEXT('2D SPACE',''
  ) );
#2447 = ORIENTED_EDGE('',*,*,#2448,.F.);
#2448 = EDGE_CURVE('',#2449,#2421,#2451,.T.);
#2449 = VERTEX_POINT('',#2450);
#2450 = CARTESIAN_POINT('',(-3.,-15.,0.));
#2451 = SURFACE_CURVE('',#2452,(#2456,#2463),.PCURVE_S1.);
#2452 = LINE('',#2453,#2454);
#2453 = CARTESIAN_POINT('',(-3.,-15.,0.));
#2454 = VECTOR('',#2455,1.);
#2455 = DIRECTION('',(1.,-2.22044604925E-16,0.));
#2456 = PCURVE('',#45,#2457);
#2457 = DEFINITIONAL_REPRESENTATION('',(#2458),#2462);
#2458 = LINE('',#2459,#2460);
#2459 = CARTESIAN_POINT('',(-3.,-15.));
#2460 = VECTOR('',#2461,1.);
#2461 = DIRECTION('',(1.,-2.22044604925E-16));
#2462 = ( GEOMETRIC_REPRESENTATION_CONTEXT(2) 
PARAMETRIC_REPRESENTATION_CONTEXT() REPRESENTATION_CONTEXT('2D SPACE',''
  ) );
#2463 = PCURVE('',#2464,#2469);
#2464 = PLANE('',#2465);
#2465 = AXIS2_PLACEMENT_3D('',#2466,#2467,#2468);
#2466 = CARTESIAN_POINT('',(-3.,-15.,0.));
#2467 = DIRECTION('',(2.22044604925E-16,1.,-0.));
#2468 = DIRECTION('',(1.,-2.22044604925E-16,0.));
#2469 = DEFINITIONAL_REPRESENTATION('',(#2470),#2474);
#2470 = LINE('',#2471,#2472);
#2471 = CARTESIAN_POINT('',(0.,0.));
#2472 = VECTOR('',#2473,1.);
#2473 = DIRECTION('',(1.,0.));
#2474 = ( GEOMETRIC_REPRESENTATION_CONTEXT(2) 
PARAMETRIC_REPRESENTATION_CONTEXT() REPRESENTATION_CONTEXT('2D SPACE',''
  ) );
#2475 = ORIENTED_EDGE('',*,*,#2476,.F.);
#2476 = EDGE_CURVE('',#2477,#2449,#2479,.T.);
#2477 = VERTEX_POINT('',#2478);
#2478 = CARTESIAN_POINT('',(-3.,-13.67479433117,0.));
#2479 = SURFACE_CURVE('',#2480,(#2484,#2491),.PCURVE_S1.);
#2480 = LINE('',#2481,#2482);
#2481 = CARTESIAN_POINT('',(-3.,-11.,0.));
#2482 = VECTOR('',#2483,1.);
#2483 = DIRECTION('',(-2.22044604925E-16,-1.,0.));
#2484 = PCURVE('',#45,#2485);
#2485 = DEFINITIONAL_REPRESENTATION('',(#2486),#2490);
#2486 = LINE('',#2487,#2488);
#2487 = CARTESIAN_POINT('',(-3.,-11.));
#2488 = VECTOR('',#2489,1.);
#2489 = DIRECTION('',(-2.22044604925E-16,-1.));
#2490 = ( GEOMETRIC_REPRESENTATION_CONTEXT(2) 
PARAMETRIC_REPRESENTATION_CONTEXT() REPRESENTATION_CONTEXT('2D SPACE',''
  ) );
#2491 = PCURVE('',#2492,#2497);
#2492 = PLANE('',#2493);
#2493 = AXIS2_PLACEMENT_3D('',#2494,#2495,#2496);
#2494 = CARTESIAN_POINT('',(-3.,-11.,0.));
#2495 = DIRECTION('',(1.,-2.22044604925E-16,0.));
#2496 = DIRECTION('',(-2.22044604925E-16,-1.,0.));
#2497 = DEFINITIONAL_REPRESENTATION('',(#2498),#2502);
#2498 = LINE('',#2499,#2500);
#2499 = CARTESIAN_POINT('',(0.,0.));
#2500 = VECTOR('',#2501,1.);
#2501 = DIRECTION('',(1.,0.));
#2502 = ( GEOMETRIC_REPRESENTATION_CONTEXT(2) 
PARAMETRIC_REPRESENTATION_CONTEXT() REPRESENTATION_CONTEXT('2D SPACE',''
  ) );
#2503 = ORIENTED_EDGE('',*,*,#2504,.F.);
#2504 = EDGE_CURVE('',#2505,#2477,#2507,.T.);
#2505 = VERTEX_POINT('',#2506);
#2506 = CARTESIAN_POINT('',(-13.67479433117,-3.,0.));
#2507 = SURFACE_CURVE('',#2508,(#2513,#2520),.PCURVE_S1.);
#2508 = CIRCLE('',#2509,14.);
#2509 = AXIS2_PLACEMENT_3D('',#2510,#2511,#2512);
#2510 = CARTESIAN_POINT('',(1.007171764847E-15,0.,0.));
#2511 = DIRECTION('',(0.,0.,1.));
#2512 = DIRECTION('',(1.,2.449293598295E-16,-0.));
#2513 = PCURVE('',#45,#2514);
#2514 = DEFINITIONAL_REPRESENTATION('',(#2515),#2519);
#2515 = CIRCLE('',#2516,14.);
#2516 = AXIS2_PLACEMENT_2D('',#2517,#2518);
#2517 = CARTESIAN_POINT('',(3.50763372149E-15,-2.143414715277E-15));
#2518 = DIRECTION('',(1.,2.449293598295E-16));
#2519 = ( GEOMETRIC_REPRESENTATION_CONTEXT(2) 
PARAMETRIC_REPRESENTATION_CONTEXT() REPRESENTATION_CONTEXT('2D SPACE',''
  ) );
#2520 = PCURVE('',#2521,#2526);
#2521 = CYLINDRICAL_SURFACE('',#2522,14.);
#2522 = AXIS2_PLACEMENT_3D('',#2523,#2524,#2525);
#2523 = CARTESIAN_POINT('',(0.,0.,-134.0000002));
#2524 = DIRECTION('',(-0.,-0.,-1.));
#2525 = DIRECTION('',(1.,0.,0.));
#2526 = DEFINITIONAL_REPRESENTATION('',(#2527),#2531);
#2527 = LINE('',#2528,#2529);
#2528 = CARTESIAN_POINT('',(-0.,-134.0000002));
#2529 = VECTOR('',#2530,1.);
#2530 = DIRECTION('',(-1.,-0.));
#2531 = ( GEOMETRIC_REPRESENTATION_CONTEXT(2) 
PARAMETRIC_REPRESENTATION_CONTEXT() REPRESENTATION_CONTEXT('2D SPACE',''
  ) );
#2532 = ORIENTED_EDGE('',*,*,#2533,.F.);
#2533 = EDGE_CURVE('',#2534,#2505,#2536,.T.);
#2534 = VERTEX_POINT('',#2535);
#2535 = CARTESIAN_POINT('',(-15.,-3.,0.));
#2536 = SURFACE_CURVE('',#2537,(#2541,#2548),.PCURVE_S1.);
#2537 = LINE('',#2538,#2539);
#2538 = CARTESIAN_POINT('',(-15.,-3.,0.));
#2539 = VECTOR('',#2540,1.);
#2540 = DIRECTION('',(1.,-1.224646799147E-16,0.));
#2541 = PCURVE('',#45,#2542);
#2542 = DEFINITIONAL_REPRESENTATION('',(#2543),#2547);
#2543 = LINE('',#2544,#2545);
#2544 = CARTESIAN_POINT('',(-15.,-3.));
#2545 = VECTOR('',#2546,1.);
#2546 = DIRECTION('',(1.,-1.224646799147E-16));
#2547 = ( GEOMETRIC_REPRESENTATION_CONTEXT(2) 
PARAMETRIC_REPRESENTATION_CONTEXT() REPRESENTATION_CONTEXT('2D SPACE',''
  ) );
#2548 = PCURVE('',#2549,#2554);
#2549 = PLANE('',#2550);
#2550 = AXIS2_PLACEMENT_3D('',#2551,#2552,#2553);
#2551 = CARTESIAN_POINT('',(-15.,-3.,0.));
#2552 = DIRECTION('',(1.224646799147E-16,1.,-0.));
#2553 = DIRECTION('',(1.,-1.224646799147E-16,0.));
#2554 = DEFINITIONAL_REPRESENTATION('',(#2555),#2559);
#2555 = LINE('',#2556,#2557);
#2556 = CARTESIAN_POINT('',(0.,0.));
#2557 = VECTOR('',#2558,1.);
#2558 = DIRECTION('',(1.,0.));
#2559 = ( GEOMETRIC_REPRESENTATION_CONTEXT(2) 
PARAMETRIC_REPRESENTATION_CONTEXT() REPRESENTATION_CONTEXT('2D SPACE',''
  ) );
#2560 = ORIENTED_EDGE('',*,*,#2561,.F.);
#2561 = EDGE_CURVE('',#2562,#2534,#2564,.T.);
#2562 = VERTEX_POINT('',#2563);
#2563 = CARTESIAN_POINT('',(-15.,3.,0.));
#2564 = SURFACE_CURVE('',#2565,(#2569,#2576),.PCURVE_S1.);
#2565 = LINE('',#2566,#2567);
#2566 = CARTESIAN_POINT('',(-15.,3.,0.));
#2567 = VECTOR('',#2568,1.);
#2568 = DIRECTION('',(-1.224646799147E-16,-1.,0.));
#2569 = PCURVE('',#45,#2570);
#2570 = DEFINITIONAL_REPRESENTATION('',(#2571),#2575);
#2571 = LINE('',#2572,#2573);
#2572 = CARTESIAN_POINT('',(-15.,3.));
#2573 = VECTOR('',#2574,1.);
#2574 = DIRECTION('',(-1.224646799147E-16,-1.));
#2575 = ( GEOMETRIC_REPRESENTATION_CONTEXT(2) 
PARAMETRIC_REPRESENTATION_CONTEXT() REPRESENTATION_CONTEXT('2D SPACE',''
  ) );
#2576 = PCURVE('',#2577,#2582);
#2577 = PLANE('',#2578);
#2578 = AXIS2_PLACEMENT_3D('',#2579,#2580,#2581);
#2579 = CARTESIAN_POINT('',(-15.,3.,0.));
#2580 = DIRECTION('',(1.,-1.224646799147E-16,0.));
#2581 = DIRECTION('',(-1.224646799147E-16,-1.,0.));
#2582 = DEFINITIONAL_REPRESENTATION('',(#2583),#2587);
#2583 = LINE('',#2584,#2585);
#2584 = CARTESIAN_POINT('',(0.,0.));
#2585 = VECTOR('',#2586,1.);
#2586 = DIRECTION('',(1.,0.));
#2587 = ( GEOMETRIC_REPRESENTATION_CONTEXT(2) 
PARAMETRIC_REPRESENTATION_CONTEXT() REPRESENTATION_CONTEXT('2D SPACE',''
  ) );
#2588 = ORIENTED_EDGE('',*,*,#2589,.F.);
#2589 = EDGE_CURVE('',#2590,#2562,#2592,.T.);
#2590 = VERTEX_POINT('',#2591);
#2591 = CARTESIAN_POINT('',(-13.67479433117,3.,0.));
#2592 = SURFACE_CURVE('',#2593,(#2597,#2604),.PCURVE_S1.);
#2593 = LINE('',#2594,#2595);
#2594 = CARTESIAN_POINT('',(-11.,3.,0.));
#2595 = VECTOR('',#2596,1.);
#2596 = DIRECTION('',(-1.,1.224646799147E-16,0.));
#2597 = PCURVE('',#45,#2598);
#2598 = DEFINITIONAL_REPRESENTATION('',(#2599),#2603);
#2599 = LINE('',#2600,#2601);
#2600 = CARTESIAN_POINT('',(-11.,3.));
#2601 = VECTOR('',#2602,1.);
#2602 = DIRECTION('',(-1.,1.224646799147E-16));
#2603 = ( GEOMETRIC_REPRESENTATION_CONTEXT(2) 
PARAMETRIC_REPRESENTATION_CONTEXT() REPRESENTATION_CONTEXT('2D SPACE',''
  ) );
#2604 = PCURVE('',#2605,#2610);
#2605 = PLANE('',#2606);
#2606 = AXIS2_PLACEMENT_3D('',#2607,#2608,#2609);
#2607 = CARTESIAN_POINT('',(-11.,3.,0.));
#2608 = DIRECTION('',(-1.224646799147E-16,-1.,0.));
#2609 = DIRECTION('',(-1.,1.224646799147E-16,0.));
#2610 = DEFINITIONAL_REPRESENTATION('',(#2611),#2615);
#2611 = LINE('',#2612,#2613);
#2612 = CARTESIAN_POINT('',(0.,0.));
#2613 = VECTOR('',#2614,1.);
#2614 = DIRECTION('',(1.,0.));
#2615 = ( GEOMETRIC_REPRESENTATION_CONTEXT(2) 
PARAMETRIC_REPRESENTATION_CONTEXT() REPRESENTATION_CONTEXT('2D SPACE',''
  ) );
#2616 = ORIENTED_EDGE('',*,*,#2617,.F.);
#2617 = EDGE_CURVE('',#2618,#2590,#2620,.T.);
#2618 = VERTEX_POINT('',#2619);
#2619 = CARTESIAN_POINT('',(-3.,13.674794331177,0.));
#2620 = SURFACE_CURVE('',#2621,(#2626,#2633),.PCURVE_S1.);
#2621 = CIRCLE('',#2622,14.);
#2622 = AXIS2_PLACEMENT_3D('',#2623,#2624,#2625);
#2623 = CARTESIAN_POINT('',(1.007171764847E-15,0.,0.));
#2624 = DIRECTION('',(0.,0.,1.));
#2625 = DIRECTION('',(1.,2.449293598295E-16,-0.));
#2626 = PCURVE('',#45,#2627);
#2627 = DEFINITIONAL_REPRESENTATION('',(#2628),#2632);
#2628 = CIRCLE('',#2629,14.);
#2629 = AXIS2_PLACEMENT_2D('',#2630,#2631);
#2630 = CARTESIAN_POINT('',(3.50763372149E-15,-2.143414715277E-15));
#2631 = DIRECTION('',(1.,2.449293598295E-16));
#2632 = ( GEOMETRIC_REPRESENTATION_CONTEXT(2) 
PARAMETRIC_REPRESENTATION_CONTEXT() REPRESENTATION_CONTEXT('2D SPACE',''
  ) );
#2633 = PCURVE('',#2634,#2639);
#2634 = CYLINDRICAL_SURFACE('',#2635,14.);
#2635 = AXIS2_PLACEMENT_3D('',#2636,#2637,#2638);
#2636 = CARTESIAN_POINT('',(0.,0.,-134.0000002));
#2637 = DIRECTION('',(-0.,-0.,-1.));
#2638 = DIRECTION('',(1.,0.,0.));
#2639 = DEFINITIONAL_REPRESENTATION('',(#2640),#2644);
#2640 = LINE('',#2641,#2642);
#2641 = CARTESIAN_POINT('',(-0.,-134.0000002));
#2642 = VECTOR('',#2643,1.);
#2643 = DIRECTION('',(-1.,-0.));
#2644 = ( GEOMETRIC_REPRESENTATION_CONTEXT(2) 
PARAMETRIC_REPRESENTATION_CONTEXT() REPRESENTATION_CONTEXT('2D SPACE',''
  ) );
#2645 = ORIENTED_EDGE('',*,*,#2646,.F.);
#2646 = EDGE_CURVE('',#2647,#2618,#2649,.T.);
#2647 = VERTEX_POINT('',#2648);
#2648 = CARTESIAN_POINT('',(-3.,15.,0.));
#2649 = SURFACE_CURVE('',#2650,(#2654,#2661),.PCURVE_S1.);
#2650 = LINE('',#2651,#2652);
#2651 = CARTESIAN_POINT('',(-3.,15.,0.));
#2652 = VECTOR('',#2653,1.);
#2653 = DIRECTION('',(-1.110223024625E-16,-1.,0.));
#2654 = PCURVE('',#45,#2655);
#2655 = DEFINITIONAL_REPRESENTATION('',(#2656),#2660);
#2656 = LINE('',#2657,#2658);
#2657 = CARTESIAN_POINT('',(-3.,15.));
#2658 = VECTOR('',#2659,1.);
#2659 = DIRECTION('',(-1.110223024625E-16,-1.));
#2660 = ( GEOMETRIC_REPRESENTATION_CONTEXT(2) 
PARAMETRIC_REPRESENTATION_CONTEXT() REPRESENTATION_CONTEXT('2D SPACE',''
  ) );
#2661 = PCURVE('',#2662,#2667);
#2662 = PLANE('',#2663);
#2663 = AXIS2_PLACEMENT_3D('',#2664,#2665,#2666);
#2664 = CARTESIAN_POINT('',(-3.,15.,0.));
#2665 = DIRECTION('',(1.,-1.110223024625E-16,0.));
#2666 = DIRECTION('',(-1.110223024625E-16,-1.,0.));
#2667 = DEFINITIONAL_REPRESENTATION('',(#2668),#2672);
#2668 = LINE('',#2669,#2670);
#2669 = CARTESIAN_POINT('',(0.,0.));
#2670 = VECTOR('',#2671,1.);
#2671 = DIRECTION('',(1.,0.));
#2672 = ( GEOMETRIC_REPRESENTATION_CONTEXT(2) 
PARAMETRIC_REPRESENTATION_CONTEXT() REPRESENTATION_CONTEXT('2D SPACE',''
  ) );
#2673 = ORIENTED_EDGE('',*,*,#2674,.F.);
#2674 = EDGE_CURVE('',#2675,#2647,#2677,.T.);
#2675 = VERTEX_POINT('',#2676);
#2676 = CARTESIAN_POINT('',(3.,15.,0.));
#2677 = SURFACE_CURVE('',#2678,(#2682,#2689),.PCURVE_S1.);
#2678 = LINE('',#2679,#2680);
#2679 = CARTESIAN_POINT('',(3.,15.,0.));
#2680 = VECTOR('',#2681,1.);
#2681 = DIRECTION('',(-1.,1.110223024625E-16,0.));
#2682 = PCURVE('',#45,#2683);
#2683 = DEFINITIONAL_REPRESENTATION('',(#2684),#2688);
#2684 = LINE('',#2685,#2686);
#2685 = CARTESIAN_POINT('',(3.,15.));
#2686 = VECTOR('',#2687,1.);
#2687 = DIRECTION('',(-1.,1.110223024625E-16));
#2688 = ( GEOMETRIC_REPRESENTATION_CONTEXT(2) 
PARAMETRIC_REPRESENTATION_CONTEXT() REPRESENTATION_CONTEXT('2D SPACE',''
  ) );
#2689 = PCURVE('',#2690,#2695);
#2690 = PLANE('',#2691);
#2691 = AXIS2_PLACEMENT_3D('',#2692,#2693,#2694);
#2692 = CARTESIAN_POINT('',(3.,15.,0.));
#2693 = DIRECTION('',(-1.110223024625E-16,-1.,0.));
#2694 = DIRECTION('',(-1.,1.110223024625E-16,0.));
#2695 = DEFINITIONAL_REPRESENTATION('',(#2696),#2700);
#2696 = LINE('',#2697,#2698);
#2697 = CARTESIAN_POINT('',(0.,0.));
#2698 = VECTOR('',#2699,1.);
#2699 = DIRECTION('',(1.,0.));
#2700 = ( GEOMETRIC_REPRESENTATION_CONTEXT(2) 
PARAMETRIC_REPRESENTATION_CONTEXT() REPRESENTATION_CONTEXT('2D SPACE',''
  ) );
#2701 = ORIENTED_EDGE('',*,*,#2702,.F.);
#2702 = EDGE_CURVE('',#2279,#2675,#2703,.T.);
#2703 = SURFACE_CURVE('',#2704,(#2708,#2715),.PCURVE_S1.);
#2704 = LINE('',#2705,#2706);
#2705 = CARTESIAN_POINT('',(3.,11.,0.));
#2706 = VECTOR('',#2707,1.);
#2707 = DIRECTION('',(1.110223024625E-16,1.,0.));
#2708 = PCURVE('',#45,#2709);
#2709 = DEFINITIONAL_REPRESENTATION('',(#2710),#2714);
#2710 = LINE('',#2711,#2712);
#2711 = CARTESIAN_POINT('',(3.,11.));
#2712 = VECTOR('',#2713,1.);
#2713 = DIRECTION('',(1.110223024625E-16,1.));
#2714 = ( GEOMETRIC_REPRESENTATION_CONTEXT(2) 
PARAMETRIC_REPRESENTATION_CONTEXT() REPRESENTATION_CONTEXT('2D SPACE',''
  ) );
#2715 = PCURVE('',#2716,#2721);
#2716 = PLANE('',#2717);
#2717 = AXIS2_PLACEMENT_3D('',#2718,#2719,#2720);
#2718 = CARTESIAN_POINT('',(3.,11.,0.));
#2719 = DIRECTION('',(-1.,1.110223024625E-16,0.));
#2720 = DIRECTION('',(1.110223024625E-16,1.,0.));
#2721 = DEFINITIONAL_REPRESENTATION('',(#2722),#2726);
#2722 = LINE('',#2723,#2724);
#2723 = CARTESIAN_POINT('',(0.,0.));
#2724 = VECTOR('',#2725,1.);
#2725 = DIRECTION('',(1.,0.));
#2726 = ( GEOMETRIC_REPRESENTATION_CONTEXT(2) 
PARAMETRIC_REPRESENTATION_CONTEXT() REPRESENTATION_CONTEXT('2D SPACE',''
  ) );
#2727 = FACE_BOUND('',#2728,.F.);
#2728 = EDGE_LOOP('',(#2729));
#2729 = ORIENTED_EDGE('',*,*,#2730,.T.);
#2730 = EDGE_CURVE('',#2731,#2731,#2733,.T.);
#2731 = VERTEX_POINT('',#2732);
#2732 = CARTESIAN_POINT('',(30.773329746406,9.317485623691,0.));
#2733 = SURFACE_CURVE('',#2734,(#2739,#2750),.PCURVE_S1.);
#2734 = CIRCLE('',#2735,4.);
#2735 = AXIS2_PLACEMENT_3D('',#2736,#2737,#2738);
#2736 = CARTESIAN_POINT('',(34.773329746406,9.317485623691,0.));
#2737 = DIRECTION('',(0.,0.,-1.));
#2738 = DIRECTION('',(-1.,0.,0.));
#2739 = PCURVE('',#45,#2740);
#2740 = DEFINITIONAL_REPRESENTATION('',(#2741),#2749);
#2741 = ( BOUNDED_CURVE() B_SPLINE_CURVE(2,(#2742,#2743,#2744,#2745,
#2746,#2747,#2748),.UNSPECIFIED.,.T.,.F.) B_SPLINE_CURVE_WITH_KNOTS((1,2
    ,2,2,2,1),(-2.094395102393,0.,2.094395102393,4.188790204786,
6.28318530718,8.377580409573),.UNSPECIFIED.) CURVE() 
GEOMETRIC_REPRESENTATION_ITEM() RATIONAL_B_SPLINE_CURVE((1.,0.5,1.,0.5,
1.,0.5,1.)) REPRESENTATION_ITEM('') );
#2742 = CARTESIAN_POINT('',(30.773329746406,9.317485623691));
#2743 = CARTESIAN_POINT('',(30.773329746406,16.245688853966));
#2744 = CARTESIAN_POINT('',(36.773329746406,12.781587238829));
#2745 = CARTESIAN_POINT('',(42.773329746406,9.317485623691));
#2746 = CARTESIAN_POINT('',(36.773329746406,5.853384008553));
#2747 = CARTESIAN_POINT('',(30.773329746406,2.389282393415));
#2748 = CARTESIAN_POINT('',(30.773329746406,9.317485623691));
#2749 = ( GEOMETRIC_REPRESENTATION_CONTEXT(2) 
PARAMETRIC_REPRESENTATION_CONTEXT() REPRESENTATION_CONTEXT('2D SPACE',''
  ) );
#2750 = PCURVE('',#2751,#2756);
#2751 = CYLINDRICAL_SURFACE('',#2752,4.);
#2752 = AXIS2_PLACEMENT_3D('',#2753,#2754,#2755);
#2753 = CARTESIAN_POINT('',(34.773329746406,9.317485623691,6.));
#2754 = DIRECTION('',(0.,0.,-1.));
#2755 = DIRECTION('',(-1.,0.,0.));
#2756 = DEFINITIONAL_REPRESENTATION('',(#2757),#2761);
#2757 = LINE('',#2758,#2759);
#2758 = CARTESIAN_POINT('',(0.,6.));
#2759 = VECTOR('',#2760,1.);
#2760 = DIRECTION('',(1.,0.));
#2761 = ( GEOMETRIC_REPRESENTATION_CONTEXT(2) 
PARAMETRIC_REPRESENTATION_CONTEXT() REPRESENTATION_CONTEXT('2D SPACE',''
  ) );
#2762 = FACE_BOUND('',#2763,.F.);
#2763 = EDGE_LOOP('',(#2764,#2792,#2825,#2858,#2891,#2917,#2950,#2983));
#2764 = ORIENTED_EDGE('',*,*,#2765,.F.);
#2765 = EDGE_CURVE('',#2766,#2768,#2770,.T.);
#2766 = VERTEX_POINT('',#2767);
#2767 = CARTESIAN_POINT('',(48.15,1.8,0.));
#2768 = VERTEX_POINT('',#2769);
#2769 = CARTESIAN_POINT('',(48.15,-1.8,0.));
#2770 = SURFACE_CURVE('',#2771,(#2775,#2781),.PCURVE_S1.);
#2771 = LINE('',#2772,#2773);
#2772 = CARTESIAN_POINT('',(48.15,-0.9,0.));
#2773 = VECTOR('',#2774,1.);
#2774 = DIRECTION('',(-1.110223024625E-16,-1.,0.));
#2775 = PCURVE('',#45,#2776);
#2776 = DEFINITIONAL_REPRESENTATION('',(#2777),#2780);
#2777 = B_SPLINE_CURVE_WITH_KNOTS('',1,(#2778,#2779),.UNSPECIFIED.,.F.,
  .F.,(2,2),(-2.7,0.9),.PIECEWISE_BEZIER_KNOTS.);
#2778 = CARTESIAN_POINT('',(48.15,1.8));
#2779 = CARTESIAN_POINT('',(48.15,-1.8));
#2780 = ( GEOMETRIC_REPRESENTATION_CONTEXT(2) 
PARAMETRIC_REPRESENTATION_CONTEXT() REPRESENTATION_CONTEXT('2D SPACE',''
  ) );
#2781 = PCURVE('',#2782,#2787);
#2782 = PLANE('',#2783);
#2783 = AXIS2_PLACEMENT_3D('',#2784,#2785,#2786);
#2784 = CARTESIAN_POINT('',(48.15,-1.8,-5.E-02));
#2785 = DIRECTION('',(-1.,1.110223024625E-16,0.));
#2786 = DIRECTION('',(1.110223024625E-16,1.,0.));
#2787 = DEFINITIONAL_REPRESENTATION('',(#2788),#2791);
#2788 = B_SPLINE_CURVE_WITH_KNOTS('',1,(#2789,#2790),.UNSPECIFIED.,.F.,
  .F.,(2,2),(-2.7,0.9),.PIECEWISE_BEZIER_KNOTS.);
#2789 = CARTESIAN_POINT('',(3.6,-5.E-02));
#2790 = CARTESIAN_POINT('',(0.,-5.E-02));
#2791 = ( GEOMETRIC_REPRESENTATION_CONTEXT(2) 
PARAMETRIC_REPRESENTATION_CONTEXT() REPRESENTATION_CONTEXT('2D SPACE',''
  ) );
#2792 = ORIENTED_EDGE('',*,*,#2793,.T.);
#2793 = EDGE_CURVE('',#2766,#2794,#2796,.T.);
#2794 = VERTEX_POINT('',#2795);
#2795 = CARTESIAN_POINT('',(50.507758564901,5.349044307891,0.));
#2796 = SURFACE_CURVE('',#2797,(#2802,#2813),.PCURVE_S1.);
#2797 = CIRCLE('',#2798,3.85);
#2798 = AXIS2_PLACEMENT_3D('',#2799,#2800,#2801);
#2799 = CARTESIAN_POINT('',(52.,1.8,0.));
#2800 = DIRECTION('',(0.,0.,-1.));
#2801 = DIRECTION('',(-1.,1.686962258197E-16,0.));
#2802 = PCURVE('',#45,#2803);
#2803 = DEFINITIONAL_REPRESENTATION('',(#2804),#2812);
#2804 = ( BOUNDED_CURVE() B_SPLINE_CURVE(2,(#2805,#2806,#2807,#2808,
#2809,#2810,#2811),.UNSPECIFIED.,.T.,.F.) B_SPLINE_CURVE_WITH_KNOTS((1,2
    ,2,2,2,1),(-2.094395102393,0.,2.094395102393,4.188790204786,
6.28318530718,8.377580409573),.UNSPECIFIED.) CURVE() 
GEOMETRIC_REPRESENTATION_ITEM() RATIONAL_B_SPLINE_CURVE((1.,0.5,1.,0.5,
1.,0.5,1.)) REPRESENTATION_ITEM('') );
#2805 = CARTESIAN_POINT('',(48.15,1.8));
#2806 = CARTESIAN_POINT('',(48.15,8.46839560914));
#2807 = CARTESIAN_POINT('',(53.925,5.13419780457));
#2808 = CARTESIAN_POINT('',(59.7,1.8));
#2809 = CARTESIAN_POINT('',(53.925,-1.53419780457));
#2810 = CARTESIAN_POINT('',(48.15,-4.86839560914));
#2811 = CARTESIAN_POINT('',(48.15,1.8));
#2812 = ( GEOMETRIC_REPRESENTATION_CONTEXT(2) 
PARAMETRIC_REPRESENTATION_CONTEXT() REPRESENTATION_CONTEXT('2D SPACE',''
  ) );
#2813 = PCURVE('',#2814,#2819);
#2814 = CYLINDRICAL_SURFACE('',#2815,3.85);
#2815 = AXIS2_PLACEMENT_3D('',#2816,#2817,#2818);
#2816 = CARTESIAN_POINT('',(52.,1.8,-5.E-02));
#2817 = DIRECTION('',(0.,0.,-1.));
#2818 = DIRECTION('',(-1.,1.686962258197E-16,0.));
#2819 = DEFINITIONAL_REPRESENTATION('',(#2820),#2824);
#2820 = LINE('',#2821,#2822);
#2821 = CARTESIAN_POINT('',(0.,-5.E-02));
#2822 = VECTOR('',#2823,1.);
#2823 = DIRECTION('',(1.,0.));
#2824 = ( GEOMETRIC_REPRESENTATION_CONTEXT(2) 
PARAMETRIC_REPRESENTATION_CONTEXT() REPRESENTATION_CONTEXT('2D SPACE',''
  ) );
#2825 = ORIENTED_EDGE('',*,*,#2826,.T.);
#2826 = EDGE_CURVE('',#2794,#2827,#2829,.T.);
#2827 = VERTEX_POINT('',#2828);
#2828 = CARTESIAN_POINT('',(53.492241435099,5.349044307891,0.));
#2829 = SURFACE_CURVE('',#2830,(#2835,#2846),.PCURVE_S1.);
#2830 = CIRCLE('',#2831,2.2);
#2831 = AXIS2_PLACEMENT_3D('',#2832,#2833,#2834);
#2832 = CARTESIAN_POINT('',(52.,3.7325,0.));
#2833 = DIRECTION('',(0.,0.,-1.));
#2834 = DIRECTION('',(-1.,5.147397659626E-16,0.));
#2835 = PCURVE('',#45,#2836);
#2836 = DEFINITIONAL_REPRESENTATION('',(#2837),#2845);
#2837 = ( BOUNDED_CURVE() B_SPLINE_CURVE(2,(#2838,#2839,#2840,#2841,
#2842,#2843,#2844),.UNSPECIFIED.,.T.,.F.) B_SPLINE_CURVE_WITH_KNOTS((1,2
    ,2,2,2,1),(-2.094395102393,0.,2.094395102393,4.188790204786,
6.28318530718,8.377580409573),.UNSPECIFIED.) CURVE() 
GEOMETRIC_REPRESENTATION_ITEM() RATIONAL_B_SPLINE_CURVE((1.,0.5,1.,0.5,
1.,0.5,1.)) REPRESENTATION_ITEM('') );
#2838 = CARTESIAN_POINT('',(49.8,3.7325));
#2839 = CARTESIAN_POINT('',(49.8,7.543011776652));
#2840 = CARTESIAN_POINT('',(53.1,5.637755888326));
#2841 = CARTESIAN_POINT('',(56.4,3.7325));
#2842 = CARTESIAN_POINT('',(53.1,1.827244111674));
#2843 = CARTESIAN_POINT('',(49.8,-7.801177665153E-02));
#2844 = CARTESIAN_POINT('',(49.8,3.7325));
#2845 = ( GEOMETRIC_REPRESENTATION_CONTEXT(2) 
PARAMETRIC_REPRESENTATION_CONTEXT() REPRESENTATION_CONTEXT('2D SPACE',''
  ) );
#2846 = PCURVE('',#2847,#2852);
#2847 = CYLINDRICAL_SURFACE('',#2848,2.2);
#2848 = AXIS2_PLACEMENT_3D('',#2849,#2850,#2851);
#2849 = CARTESIAN_POINT('',(52.,3.7325,-5.E-02));
#2850 = DIRECTION('',(0.,0.,-1.));
#2851 = DIRECTION('',(-1.,5.147397659626E-16,0.));
#2852 = DEFINITIONAL_REPRESENTATION('',(#2853),#2857);
#2853 = LINE('',#2854,#2855);
#2854 = CARTESIAN_POINT('',(0.,-5.E-02));
#2855 = VECTOR('',#2856,1.);
#2856 = DIRECTION('',(1.,0.));
#2857 = ( GEOMETRIC_REPRESENTATION_CONTEXT(2) 
PARAMETRIC_REPRESENTATION_CONTEXT() REPRESENTATION_CONTEXT('2D SPACE',''
  ) );
#2858 = ORIENTED_EDGE('',*,*,#2859,.T.);
#2859 = EDGE_CURVE('',#2827,#2860,#2862,.T.);
#2860 = VERTEX_POINT('',#2861);
#2861 = CARTESIAN_POINT('',(55.85,1.8,0.));
#2862 = SURFACE_CURVE('',#2863,(#2868,#2879),.PCURVE_S1.);
#2863 = CIRCLE('',#2864,3.85);
#2864 = AXIS2_PLACEMENT_3D('',#2865,#2866,#2867);
#2865 = CARTESIAN_POINT('',(52.,1.8,0.));
#2866 = DIRECTION('',(0.,0.,-1.));
#2867 = DIRECTION('',(-1.,1.686962258197E-16,0.));
#2868 = PCURVE('',#45,#2869);
#2869 = DEFINITIONAL_REPRESENTATION('',(#2870),#2878);
#2870 = ( BOUNDED_CURVE() B_SPLINE_CURVE(2,(#2871,#2872,#2873,#2874,
#2875,#2876,#2877),.UNSPECIFIED.,.T.,.F.) B_SPLINE_CURVE_WITH_KNOTS((1,2
    ,2,2,2,1),(-2.094395102393,0.,2.094395102393,4.188790204786,
6.28318530718,8.377580409573),.UNSPECIFIED.) CURVE() 
GEOMETRIC_REPRESENTATION_ITEM() RATIONAL_B_SPLINE_CURVE((1.,0.5,1.,0.5,
1.,0.5,1.)) REPRESENTATION_ITEM('') );
#2871 = CARTESIAN_POINT('',(48.15,1.8));
#2872 = CARTESIAN_POINT('',(48.15,8.46839560914));
#2873 = CARTESIAN_POINT('',(53.925,5.13419780457));
#2874 = CARTESIAN_POINT('',(59.7,1.8));
#2875 = CARTESIAN_POINT('',(53.925,-1.53419780457));
#2876 = CARTESIAN_POINT('',(48.15,-4.86839560914));
#2877 = CARTESIAN_POINT('',(48.15,1.8));
#2878 = ( GEOMETRIC_REPRESENTATION_CONTEXT(2) 
PARAMETRIC_REPRESENTATION_CONTEXT() REPRESENTATION_CONTEXT('2D SPACE',''
  ) );
#2879 = PCURVE('',#2880,#2885);
#2880 = CYLINDRICAL_SURFACE('',#2881,3.85);
#2881 = AXIS2_PLACEMENT_3D('',#2882,#2883,#2884);
#2882 = CARTESIAN_POINT('',(52.,1.8,-5.E-02));
#2883 = DIRECTION('',(0.,0.,-1.));
#2884 = DIRECTION('',(-1.,1.686962258197E-16,0.));
#2885 = DEFINITIONAL_REPRESENTATION('',(#2886),#2890);
#2886 = LINE('',#2887,#2888);
#2887 = CARTESIAN_POINT('',(0.,-5.E-02));
#2888 = VECTOR('',#2889,1.);
#2889 = DIRECTION('',(1.,0.));
#2890 = ( GEOMETRIC_REPRESENTATION_CONTEXT(2) 
PARAMETRIC_REPRESENTATION_CONTEXT() REPRESENTATION_CONTEXT('2D SPACE',''
  ) );
#2891 = ORIENTED_EDGE('',*,*,#2892,.F.);
#2892 = EDGE_CURVE('',#2893,#2860,#2895,.T.);
#2893 = VERTEX_POINT('',#2894);
#2894 = CARTESIAN_POINT('',(55.85,-1.8,0.));
#2895 = SURFACE_CURVE('',#2896,(#2900,#2906),.PCURVE_S1.);
#2896 = LINE('',#2897,#2898);
#2897 = CARTESIAN_POINT('',(55.85,0.9,0.));
#2898 = VECTOR('',#2899,1.);
#2899 = DIRECTION('',(1.110223024625E-16,1.,-0.));
#2900 = PCURVE('',#45,#2901);
#2901 = DEFINITIONAL_REPRESENTATION('',(#2902),#2905);
#2902 = B_SPLINE_CURVE_WITH_KNOTS('',1,(#2903,#2904),.UNSPECIFIED.,.F.,
  .F.,(2,2),(-2.7,0.9),.PIECEWISE_BEZIER_KNOTS.);
#2903 = CARTESIAN_POINT('',(55.85,-1.8));
#2904 = CARTESIAN_POINT('',(55.85,1.8));
#2905 = ( GEOMETRIC_REPRESENTATION_CONTEXT(2) 
PARAMETRIC_REPRESENTATION_CONTEXT() REPRESENTATION_CONTEXT('2D SPACE',''
  ) );
#2906 = PCURVE('',#2907,#2912);
#2907 = PLANE('',#2908);
#2908 = AXIS2_PLACEMENT_3D('',#2909,#2910,#2911);
#2909 = CARTESIAN_POINT('',(55.85,1.8,-5.E-02));
#2910 = DIRECTION('',(1.,-1.110223024625E-16,0.));
#2911 = DIRECTION('',(-1.110223024625E-16,-1.,0.));
#2912 = DEFINITIONAL_REPRESENTATION('',(#2913),#2916);
#2913 = B_SPLINE_CURVE_WITH_KNOTS('',1,(#2914,#2915),.UNSPECIFIED.,.F.,
  .F.,(2,2),(-2.7,0.9),.PIECEWISE_BEZIER_KNOTS.);
#2914 = CARTESIAN_POINT('',(3.6,-5.E-02));
#2915 = CARTESIAN_POINT('',(0.,-5.E-02));
#2916 = ( GEOMETRIC_REPRESENTATION_CONTEXT(2) 
PARAMETRIC_REPRESENTATION_CONTEXT() REPRESENTATION_CONTEXT('2D SPACE',''
  ) );
#2917 = ORIENTED_EDGE('',*,*,#2918,.T.);
#2918 = EDGE_CURVE('',#2893,#2919,#2921,.T.);
#2919 = VERTEX_POINT('',#2920);
#2920 = CARTESIAN_POINT('',(53.492241435099,-5.349044307891,0.));
#2921 = SURFACE_CURVE('',#2922,(#2927,#2938),.PCURVE_S1.);
#2922 = CIRCLE('',#2923,3.85);
#2923 = AXIS2_PLACEMENT_3D('',#2924,#2925,#2926);
#2924 = CARTESIAN_POINT('',(52.,-1.8,0.));
#2925 = DIRECTION('',(0.,-0.,-1.));
#2926 = DIRECTION('',(1.,-1.686962258197E-16,0.));
#2927 = PCURVE('',#45,#2928);
#2928 = DEFINITIONAL_REPRESENTATION('',(#2929),#2937);
#2929 = ( BOUNDED_CURVE() B_SPLINE_CURVE(2,(#2930,#2931,#2932,#2933,
#2934,#2935,#2936),.UNSPECIFIED.,.T.,.F.) B_SPLINE_CURVE_WITH_KNOTS((1,2
    ,2,2,2,1),(-2.094395102393,0.,2.094395102393,4.188790204786,
6.28318530718,8.377580409573),.UNSPECIFIED.) CURVE() 
GEOMETRIC_REPRESENTATION_ITEM() RATIONAL_B_SPLINE_CURVE((1.,0.5,1.,0.5,
1.,0.5,1.)) REPRESENTATION_ITEM('') );
#2930 = CARTESIAN_POINT('',(55.85,-1.8));
#2931 = CARTESIAN_POINT('',(55.85,-8.46839560914));
#2932 = CARTESIAN_POINT('',(50.075,-5.13419780457));
#2933 = CARTESIAN_POINT('',(44.3,-1.8));
#2934 = CARTESIAN_POINT('',(50.075,1.53419780457));
#2935 = CARTESIAN_POINT('',(55.85,4.86839560914));
#2936 = CARTESIAN_POINT('',(55.85,-1.8));
#2937 = ( GEOMETRIC_REPRESENTATION_CONTEXT(2) 
PARAMETRIC_REPRESENTATION_CONTEXT() REPRESENTATION_CONTEXT('2D SPACE',''
  ) );
#2938 = PCURVE('',#2939,#2944);
#2939 = CYLINDRICAL_SURFACE('',#2940,3.85);
#2940 = AXIS2_PLACEMENT_3D('',#2941,#2942,#2943);
#2941 = CARTESIAN_POINT('',(52.,-1.8,-5.E-02));
#2942 = DIRECTION('',(0.,-0.,-1.));
#2943 = DIRECTION('',(1.,-1.686962258197E-16,0.));
#2944 = DEFINITIONAL_REPRESENTATION('',(#2945),#2949);
#2945 = LINE('',#2946,#2947);
#2946 = CARTESIAN_POINT('',(0.,-5.E-02));
#2947 = VECTOR('',#2948,1.);
#2948 = DIRECTION('',(1.,0.));
#2949 = ( GEOMETRIC_REPRESENTATION_CONTEXT(2) 
PARAMETRIC_REPRESENTATION_CONTEXT() REPRESENTATION_CONTEXT('2D SPACE',''
  ) );
#2950 = ORIENTED_EDGE('',*,*,#2951,.T.);
#2951 = EDGE_CURVE('',#2919,#2952,#2954,.T.);
#2952 = VERTEX_POINT('',#2953);
#2953 = CARTESIAN_POINT('',(50.507758564901,-5.349044307891,0.));
#2954 = SURFACE_CURVE('',#2955,(#2960,#2971),.PCURVE_S1.);
#2955 = CIRCLE('',#2956,2.2);
#2956 = AXIS2_PLACEMENT_3D('',#2957,#2958,#2959);
#2957 = CARTESIAN_POINT('',(52.,-3.7325,0.));
#2958 = DIRECTION('',(0.,-0.,-1.));
#2959 = DIRECTION('',(1.,-5.147397659626E-16,0.));
#2960 = PCURVE('',#45,#2961);
#2961 = DEFINITIONAL_REPRESENTATION('',(#2962),#2970);
#2962 = ( BOUNDED_CURVE() B_SPLINE_CURVE(2,(#2963,#2964,#2965,#2966,
#2967,#2968,#2969),.UNSPECIFIED.,.T.,.F.) B_SPLINE_CURVE_WITH_KNOTS((1,2
    ,2,2,2,1),(-2.094395102393,0.,2.094395102393,4.188790204786,
6.28318530718,8.377580409573),.UNSPECIFIED.) CURVE() 
GEOMETRIC_REPRESENTATION_ITEM() RATIONAL_B_SPLINE_CURVE((1.,0.5,1.,0.5,
1.,0.5,1.)) REPRESENTATION_ITEM('') );
#2963 = CARTESIAN_POINT('',(54.2,-3.7325));
#2964 = CARTESIAN_POINT('',(54.2,-7.543011776652));
#2965 = CARTESIAN_POINT('',(50.9,-5.637755888326));
#2966 = CARTESIAN_POINT('',(47.6,-3.7325));
#2967 = CARTESIAN_POINT('',(50.9,-1.827244111674));
#2968 = CARTESIAN_POINT('',(54.2,7.801177665153E-02));
#2969 = CARTESIAN_POINT('',(54.2,-3.7325));
#2970 = ( GEOMETRIC_REPRESENTATION_CONTEXT(2) 
PARAMETRIC_REPRESENTATION_CONTEXT() REPRESENTATION_CONTEXT('2D SPACE',''
  ) );
#2971 = PCURVE('',#2972,#2977);
#2972 = CYLINDRICAL_SURFACE('',#2973,2.2);
#2973 = AXIS2_PLACEMENT_3D('',#2974,#2975,#2976);
#2974 = CARTESIAN_POINT('',(52.,-3.7325,-5.E-02));
#2975 = DIRECTION('',(0.,-0.,-1.));
#2976 = DIRECTION('',(1.,-5.147397659626E-16,0.));
#2977 = DEFINITIONAL_REPRESENTATION('',(#2978),#2982);
#2978 = LINE('',#2979,#2980);
#2979 = CARTESIAN_POINT('',(0.,-5.E-02));
#2980 = VECTOR('',#2981,1.);
#2981 = DIRECTION('',(1.,0.));
#2982 = ( GEOMETRIC_REPRESENTATION_CONTEXT(2) 
PARAMETRIC_REPRESENTATION_CONTEXT() REPRESENTATION_CONTEXT('2D SPACE',''
  ) );
#2983 = ORIENTED_EDGE('',*,*,#2984,.T.);
#2984 = EDGE_CURVE('',#2952,#2768,#2985,.T.);
#2985 = SURFACE_CURVE('',#2986,(#2991,#3002),.PCURVE_S1.);
#2986 = CIRCLE('',#2987,3.85);
#2987 = AXIS2_PLACEMENT_3D('',#2988,#2989,#2990);
#2988 = CARTESIAN_POINT('',(52.,-1.8,0.));
#2989 = DIRECTION('',(0.,-0.,-1.));
#2990 = DIRECTION('',(1.,-1.686962258197E-16,0.));
#2991 = PCURVE('',#45,#2992);
#2992 = DEFINITIONAL_REPRESENTATION('',(#2993),#3001);
#2993 = ( BOUNDED_CURVE() B_SPLINE_CURVE(2,(#2994,#2995,#2996,#2997,
#2998,#2999,#3000),.UNSPECIFIED.,.T.,.F.) B_SPLINE_CURVE_WITH_KNOTS((1,2
    ,2,2,2,1),(-2.094395102393,0.,2.094395102393,4.188790204786,
6.28318530718,8.377580409573),.UNSPECIFIED.) CURVE() 
GEOMETRIC_REPRESENTATION_ITEM() RATIONAL_B_SPLINE_CURVE((1.,0.5,1.,0.5,
1.,0.5,1.)) REPRESENTATION_ITEM('') );
#2994 = CARTESIAN_POINT('',(55.85,-1.8));
#2995 = CARTESIAN_POINT('',(55.85,-8.46839560914));
#2996 = CARTESIAN_POINT('',(50.075,-5.13419780457));
#2997 = CARTESIAN_POINT('',(44.3,-1.8));
#2998 = CARTESIAN_POINT('',(50.075,1.53419780457));
#2999 = CARTESIAN_POINT('',(55.85,4.86839560914));
#3000 = CARTESIAN_POINT('',(55.85,-1.8));
#3001 = ( GEOMETRIC_REPRESENTATION_CONTEXT(2) 
PARAMETRIC_REPRESENTATION_CONTEXT() REPRESENTATION_CONTEXT('2D SPACE',''
  ) );
#3002 = PCURVE('',#3003,#3008);
#3003 = CYLINDRICAL_SURFACE('',#3004,3.85);
#3004 = AXIS2_PLACEMENT_3D('',#3005,#3006,#3007);
#3005 = CARTESIAN_POINT('',(52.,-1.8,-5.E-02));
#3006 = DIRECTION('',(0.,-0.,-1.));
#3007 = DIRECTION('',(1.,-1.686962258197E-16,0.));
#3008 = DEFINITIONAL_REPRESENTATION('',(#3009),#3013);
#3009 = LINE('',#3010,#3011);
#3010 = CARTESIAN_POINT('',(0.,-5.E-02));
#3011 = VECTOR('',#3012,1.);
#3012 = DIRECTION('',(1.,0.));
#3013 = ( GEOMETRIC_REPRESENTATION_CONTEXT(2) 
PARAMETRIC_REPRESENTATION_CONTEXT() REPRESENTATION_CONTEXT('2D SPACE',''
  ) );
#3014 = FACE_BOUND('',#3015,.F.);
#3015 = EDGE_LOOP('',(#3016,#3044,#3077,#3110,#3143,#3169,#3202,#3235));
#3016 = ORIENTED_EDGE('',*,*,#3017,.F.);
#3017 = EDGE_CURVE('',#3018,#3020,#3022,.T.);
#3018 = VERTEX_POINT('',#3019);
#3019 = CARTESIAN_POINT('',(40.799123192221,25.633845726812,0.));
#3020 = VERTEX_POINT('',#3021);
#3021 = CARTESIAN_POINT('',(42.599123192221,22.516154273188,0.));
#3022 = SURFACE_CURVE('',#3023,(#3027,#3033),.PCURVE_S1.);
#3023 = LINE('',#3024,#3025);
#3024 = CARTESIAN_POINT('',(42.149123192221,23.295577136594,
    6.938893903907E-18));
#3025 = VECTOR('',#3026,1.);
#3026 = DIRECTION('',(0.5,-0.866025403784,0.));
#3027 = PCURVE('',#45,#3028);
#3028 = DEFINITIONAL_REPRESENTATION('',(#3029),#3032);
#3029 = B_SPLINE_CURVE_WITH_KNOTS('',1,(#3030,#3031),.UNSPECIFIED.,.F.,
  .F.,(2,2),(-2.7,0.9),.PIECEWISE_BEZIER_KNOTS.);
#3030 = CARTESIAN_POINT('',(40.799123192221,25.633845726812));
#3031 = CARTESIAN_POINT('',(42.599123192221,22.516154273188));
#3032 = ( GEOMETRIC_REPRESENTATION_CONTEXT(2) 
PARAMETRIC_REPRESENTATION_CONTEXT() REPRESENTATION_CONTEXT('2D SPACE',''
  ) );
#3033 = PCURVE('',#3034,#3039);
#3034 = PLANE('',#3035);
#3035 = AXIS2_PLACEMENT_3D('',#3036,#3037,#3038);
#3036 = CARTESIAN_POINT('',(42.599123192221,22.516154273188,-5.E-02));
#3037 = DIRECTION('',(-0.866025403784,-0.5,0.));
#3038 = DIRECTION('',(-0.5,0.866025403784,0.));
#3039 = DEFINITIONAL_REPRESENTATION('',(#3040),#3043);
#3040 = B_SPLINE_CURVE_WITH_KNOTS('',1,(#3041,#3042),.UNSPECIFIED.,.F.,
  .F.,(2,2),(-2.7,0.9),.PIECEWISE_BEZIER_KNOTS.);
#3041 = CARTESIAN_POINT('',(3.6,-5.E-02));
#3042 = CARTESIAN_POINT('',(0.,-5.E-02));
#3043 = ( GEOMETRIC_REPRESENTATION_CONTEXT(2) 
PARAMETRIC_REPRESENTATION_CONTEXT() REPRESENTATION_CONTEXT('2D SPACE',''
  ) );
#3044 = ORIENTED_EDGE('',*,*,#3045,.T.);
#3045 = EDGE_CURVE('',#3018,#3046,#3048,.T.);
#3046 = VERTEX_POINT('',#3047);
#3047 = CARTESIAN_POINT('',(41.06647985147,29.886287539053,0.));
#3048 = SURFACE_CURVE('',#3049,(#3054,#3065),.PCURVE_S1.);
#3049 = CIRCLE('',#3050,3.85);
#3050 = AXIS2_PLACEMENT_3D('',#3051,#3052,#3053);
#3051 = CARTESIAN_POINT('',(44.133320996791,27.558845726812,0.));
#3052 = DIRECTION('',(-0.,0.,-1.));
#3053 = DIRECTION('',(-0.866025403784,-0.5,0.));
#3054 = PCURVE('',#45,#3055);
#3055 = DEFINITIONAL_REPRESENTATION('',(#3056),#3064);
#3056 = ( BOUNDED_CURVE() B_SPLINE_CURVE(2,(#3057,#3058,#3059,#3060,
#3061,#3062,#3063),.UNSPECIFIED.,.T.,.F.) B_SPLINE_CURVE_WITH_KNOTS((1,2
    ,2,2,2,1),(-2.094395102393,0.,2.094395102393,4.188790204786,
6.28318530718,8.377580409573),.UNSPECIFIED.) CURVE() 
GEOMETRIC_REPRESENTATION_ITEM() RATIONAL_B_SPLINE_CURVE((1.,0.5,1.,0.5,
1.,0.5,1.)) REPRESENTATION_ITEM('') );
#3057 = CARTESIAN_POINT('',(40.799123192221,25.633845726812));
#3058 = CARTESIAN_POINT('',(37.464925387651,31.408845726812));
#3059 = CARTESIAN_POINT('',(44.133320996791,31.408845726812));
#3060 = CARTESIAN_POINT('',(50.801716605931,31.408845726812));
#3061 = CARTESIAN_POINT('',(47.467518801361,25.633845726812));
#3062 = CARTESIAN_POINT('',(44.133320996791,19.858845726812));
#3063 = CARTESIAN_POINT('',(40.799123192221,25.633845726812));
#3064 = ( GEOMETRIC_REPRESENTATION_CONTEXT(2) 
PARAMETRIC_REPRESENTATION_CONTEXT() REPRESENTATION_CONTEXT('2D SPACE',''
  ) );
#3065 = PCURVE('',#3066,#3071);
#3066 = CYLINDRICAL_SURFACE('',#3067,3.85);
#3067 = AXIS2_PLACEMENT_3D('',#3068,#3069,#3070);
#3068 = CARTESIAN_POINT('',(44.133320996791,27.558845726812,-5.E-02));
#3069 = DIRECTION('',(-0.,0.,-1.));
#3070 = DIRECTION('',(-0.866025403784,-0.5,0.));
#3071 = DEFINITIONAL_REPRESENTATION('',(#3072),#3076);
#3072 = LINE('',#3073,#3074);
#3073 = CARTESIAN_POINT('',(0.,-5.E-02));
#3074 = VECTOR('',#3075,1.);
#3075 = DIRECTION('',(1.,0.));
#3076 = ( GEOMETRIC_REPRESENTATION_CONTEXT(2) 
PARAMETRIC_REPRESENTATION_CONTEXT() REPRESENTATION_CONTEXT('2D SPACE',''
  ) );
#3077 = ORIENTED_EDGE('',*,*,#3078,.T.);
#3078 = EDGE_CURVE('',#3046,#3079,#3081,.T.);
#3079 = VERTEX_POINT('',#3080);
#3080 = CARTESIAN_POINT('',(43.65111783422,31.378528974152,0.));
#3081 = SURFACE_CURVE('',#3082,(#3087,#3098),.PCURVE_S1.);
#3082 = CIRCLE('',#3083,2.2);
#3083 = AXIS2_PLACEMENT_3D('',#3084,#3085,#3086);
#3084 = CARTESIAN_POINT('',(43.167070996791,29.232439819625,0.));
#3085 = DIRECTION('',(-0.,0.,-1.));
#3086 = DIRECTION('',(-0.866025403784,-0.5,0.));
#3087 = PCURVE('',#45,#3088);
#3088 = DEFINITIONAL_REPRESENTATION('',(#3089),#3097);
#3089 = ( BOUNDED_CURVE() B_SPLINE_CURVE(2,(#3090,#3091,#3092,#3093,
#3094,#3095,#3096),.UNSPECIFIED.,.T.,.F.) B_SPLINE_CURVE_WITH_KNOTS((1,2
    ,2,2,2,1),(-2.094395102393,0.,2.094395102393,4.188790204786,
6.28318530718,8.377580409573),.UNSPECIFIED.) CURVE() 
GEOMETRIC_REPRESENTATION_ITEM() RATIONAL_B_SPLINE_CURVE((1.,0.5,1.,0.5,
1.,0.5,1.)) REPRESENTATION_ITEM('') );
#3090 = CARTESIAN_POINT('',(41.261815108465,28.132439819625));
#3091 = CARTESIAN_POINT('',(39.356559220139,31.432439819625));
#3092 = CARTESIAN_POINT('',(43.167070996791,31.432439819625));
#3093 = CARTESIAN_POINT('',(46.977582773442,31.432439819625));
#3094 = CARTESIAN_POINT('',(45.072326885117,28.132439819625));
#3095 = CARTESIAN_POINT('',(43.167070996791,24.832439819625));
#3096 = CARTESIAN_POINT('',(41.261815108465,28.132439819625));
#3097 = ( GEOMETRIC_REPRESENTATION_CONTEXT(2) 
PARAMETRIC_REPRESENTATION_CONTEXT() REPRESENTATION_CONTEXT('2D SPACE',''
  ) );
#3098 = PCURVE('',#3099,#3104);
#3099 = CYLINDRICAL_SURFACE('',#3100,2.2);
#3100 = AXIS2_PLACEMENT_3D('',#3101,#3102,#3103);
#3101 = CARTESIAN_POINT('',(43.167070996791,29.232439819625,-5.E-02));
#3102 = DIRECTION('',(-0.,0.,-1.));
#3103 = DIRECTION('',(-0.866025403784,-0.5,0.));
#3104 = DEFINITIONAL_REPRESENTATION('',(#3105),#3109);
#3105 = LINE('',#3106,#3107);
#3106 = CARTESIAN_POINT('',(0.,-5.E-02));
#3107 = VECTOR('',#3108,1.);
#3108 = DIRECTION('',(1.,0.));
#3109 = ( GEOMETRIC_REPRESENTATION_CONTEXT(2) 
PARAMETRIC_REPRESENTATION_CONTEXT() REPRESENTATION_CONTEXT('2D SPACE',''
  ) );
#3110 = ORIENTED_EDGE('',*,*,#3111,.T.);
#3111 = EDGE_CURVE('',#3079,#3112,#3114,.T.);
#3112 = VERTEX_POINT('',#3113);
#3113 = CARTESIAN_POINT('',(47.467518801361,29.483845726812,0.));
#3114 = SURFACE_CURVE('',#3115,(#3120,#3131),.PCURVE_S1.);
#3115 = CIRCLE('',#3116,3.85);
#3116 = AXIS2_PLACEMENT_3D('',#3117,#3118,#3119);
#3117 = CARTESIAN_POINT('',(44.133320996791,27.558845726812,0.));
#3118 = DIRECTION('',(-0.,0.,-1.));
#3119 = DIRECTION('',(-0.866025403784,-0.5,0.));
#3120 = PCURVE('',#45,#3121);
#3121 = DEFINITIONAL_REPRESENTATION('',(#3122),#3130);
#3122 = ( BOUNDED_CURVE() B_SPLINE_CURVE(2,(#3123,#3124,#3125,#3126,
#3127,#3128,#3129),.UNSPECIFIED.,.T.,.F.) B_SPLINE_CURVE_WITH_KNOTS((1,2
    ,2,2,2,1),(-2.094395102393,0.,2.094395102393,4.188790204786,
6.28318530718,8.377580409573),.UNSPECIFIED.) CURVE() 
GEOMETRIC_REPRESENTATION_ITEM() RATIONAL_B_SPLINE_CURVE((1.,0.5,1.,0.5,
1.,0.5,1.)) REPRESENTATION_ITEM('') );
#3123 = CARTESIAN_POINT('',(40.799123192221,25.633845726812));
#3124 = CARTESIAN_POINT('',(37.464925387651,31.408845726812));
#3125 = CARTESIAN_POINT('',(44.133320996791,31.408845726812));
#3126 = CARTESIAN_POINT('',(50.801716605931,31.408845726812));
#3127 = CARTESIAN_POINT('',(47.467518801361,25.633845726812));
#3128 = CARTESIAN_POINT('',(44.133320996791,19.858845726812));
#3129 = CARTESIAN_POINT('',(40.799123192221,25.633845726812));
#3130 = ( GEOMETRIC_REPRESENTATION_CONTEXT(2) 
PARAMETRIC_REPRESENTATION_CONTEXT() REPRESENTATION_CONTEXT('2D SPACE',''
  ) );
#3131 = PCURVE('',#3132,#3137);
#3132 = CYLINDRICAL_SURFACE('',#3133,3.85);
#3133 = AXIS2_PLACEMENT_3D('',#3134,#3135,#3136);
#3134 = CARTESIAN_POINT('',(44.133320996791,27.558845726812,-5.E-02));
#3135 = DIRECTION('',(-0.,0.,-1.));
#3136 = DIRECTION('',(-0.866025403784,-0.5,0.));
#3137 = DEFINITIONAL_REPRESENTATION('',(#3138),#3142);
#3138 = LINE('',#3139,#3140);
#3139 = CARTESIAN_POINT('',(0.,-5.E-02));
#3140 = VECTOR('',#3141,1.);
#3141 = DIRECTION('',(1.,0.));
#3142 = ( GEOMETRIC_REPRESENTATION_CONTEXT(2) 
PARAMETRIC_REPRESENTATION_CONTEXT() REPRESENTATION_CONTEXT('2D SPACE',''
  ) );
#3143 = ORIENTED_EDGE('',*,*,#3144,.F.);
#3144 = EDGE_CURVE('',#3145,#3112,#3147,.T.);
#3145 = VERTEX_POINT('',#3146);
#3146 = CARTESIAN_POINT('',(49.267518801361,26.366154273188,0.));
#3147 = SURFACE_CURVE('',#3148,(#3152,#3158),.PCURVE_S1.);
#3148 = LINE('',#3149,#3150);
#3149 = CARTESIAN_POINT('',(47.917518801361,28.704422863406,
    6.938893903907E-18));
#3150 = VECTOR('',#3151,1.);
#3151 = DIRECTION('',(-0.5,0.866025403784,0.));
#3152 = PCURVE('',#45,#3153);
#3153 = DEFINITIONAL_REPRESENTATION('',(#3154),#3157);
#3154 = B_SPLINE_CURVE_WITH_KNOTS('',1,(#3155,#3156),.UNSPECIFIED.,.F.,
  .F.,(2,2),(-2.7,0.9),.PIECEWISE_BEZIER_KNOTS.);
#3155 = CARTESIAN_POINT('',(49.267518801361,26.366154273188));
#3156 = CARTESIAN_POINT('',(47.467518801361,29.483845726812));
#3157 = ( GEOMETRIC_REPRESENTATION_CONTEXT(2) 
PARAMETRIC_REPRESENTATION_CONTEXT() REPRESENTATION_CONTEXT('2D SPACE',''
  ) );
#3158 = PCURVE('',#3159,#3164);
#3159 = PLANE('',#3160);
#3160 = AXIS2_PLACEMENT_3D('',#3161,#3162,#3163);
#3161 = CARTESIAN_POINT('',(47.467518801361,29.483845726812,-5.E-02));
#3162 = DIRECTION('',(0.866025403784,0.5,-0.));
#3163 = DIRECTION('',(0.5,-0.866025403784,0.));
#3164 = DEFINITIONAL_REPRESENTATION('',(#3165),#3168);
#3165 = B_SPLINE_CURVE_WITH_KNOTS('',1,(#3166,#3167),.UNSPECIFIED.,.F.,
  .F.,(2,2),(-2.7,0.9),.PIECEWISE_BEZIER_KNOTS.);
#3166 = CARTESIAN_POINT('',(3.6,-5.E-02));
#3167 = CARTESIAN_POINT('',(0.,-5.E-02));
#3168 = ( GEOMETRIC_REPRESENTATION_CONTEXT(2) 
PARAMETRIC_REPRESENTATION_CONTEXT() REPRESENTATION_CONTEXT('2D SPACE',''
  ) );
#3169 = ORIENTED_EDGE('',*,*,#3170,.T.);
#3170 = EDGE_CURVE('',#3145,#3171,#3173,.T.);
#3171 = VERTEX_POINT('',#3172);
#3172 = CARTESIAN_POINT('',(49.000162142111,22.113712460947,0.));
#3173 = SURFACE_CURVE('',#3174,(#3179,#3190),.PCURVE_S1.);
#3174 = CIRCLE('',#3175,3.85);
#3175 = AXIS2_PLACEMENT_3D('',#3176,#3177,#3178);
#3176 = CARTESIAN_POINT('',(45.933320996791,24.441154273188,0.));
#3177 = DIRECTION('',(0.,0.,-1.));
#3178 = DIRECTION('',(0.866025403784,0.5,0.));
#3179 = PCURVE('',#45,#3180);
#3180 = DEFINITIONAL_REPRESENTATION('',(#3181),#3189);
#3181 = ( BOUNDED_CURVE() B_SPLINE_CURVE(2,(#3182,#3183,#3184,#3185,
#3186,#3187,#3188),.UNSPECIFIED.,.T.,.F.) B_SPLINE_CURVE_WITH_KNOTS((1,2
    ,2,2,2,1),(-2.094395102393,0.,2.094395102393,4.188790204786,
6.28318530718,8.377580409573),.UNSPECIFIED.) CURVE() 
GEOMETRIC_REPRESENTATION_ITEM() RATIONAL_B_SPLINE_CURVE((1.,0.5,1.,0.5,
1.,0.5,1.)) REPRESENTATION_ITEM('') );
#3182 = CARTESIAN_POINT('',(49.267518801361,26.366154273188));
#3183 = CARTESIAN_POINT('',(52.601716605931,20.591154273188));
#3184 = CARTESIAN_POINT('',(45.933320996791,20.591154273188));
#3185 = CARTESIAN_POINT('',(39.264925387651,20.591154273188));
#3186 = CARTESIAN_POINT('',(42.599123192221,26.366154273188));
#3187 = CARTESIAN_POINT('',(45.933320996791,32.141154273188));
#3188 = CARTESIAN_POINT('',(49.267518801361,26.366154273188));
#3189 = ( GEOMETRIC_REPRESENTATION_CONTEXT(2) 
PARAMETRIC_REPRESENTATION_CONTEXT() REPRESENTATION_CONTEXT('2D SPACE',''
  ) );
#3190 = PCURVE('',#3191,#3196);
#3191 = CYLINDRICAL_SURFACE('',#3192,3.85);
#3192 = AXIS2_PLACEMENT_3D('',#3193,#3194,#3195);
#3193 = CARTESIAN_POINT('',(45.933320996791,24.441154273188,-5.E-02));
#3194 = DIRECTION('',(0.,-0.,-1.));
#3195 = DIRECTION('',(0.866025403784,0.5,-0.));
#3196 = DEFINITIONAL_REPRESENTATION('',(#3197),#3201);
#3197 = LINE('',#3198,#3199);
#3198 = CARTESIAN_POINT('',(0.,-5.E-02));
#3199 = VECTOR('',#3200,1.);
#3200 = DIRECTION('',(1.,0.));
#3201 = ( GEOMETRIC_REPRESENTATION_CONTEXT(2) 
PARAMETRIC_REPRESENTATION_CONTEXT() REPRESENTATION_CONTEXT('2D SPACE',''
  ) );
#3202 = ORIENTED_EDGE('',*,*,#3203,.T.);
#3203 = EDGE_CURVE('',#3171,#3204,#3206,.T.);
#3204 = VERTEX_POINT('',#3205);
#3205 = CARTESIAN_POINT('',(46.415524159362,20.621471025848,0.));
#3206 = SURFACE_CURVE('',#3207,(#3212,#3223),.PCURVE_S1.);
#3207 = CIRCLE('',#3208,2.2);
#3208 = AXIS2_PLACEMENT_3D('',#3209,#3210,#3211);
#3209 = CARTESIAN_POINT('',(46.899570996791,22.767560180375,0.));
#3210 = DIRECTION('',(0.,0.,-1.));
#3211 = DIRECTION('',(0.866025403784,0.5,0.));
#3212 = PCURVE('',#45,#3213);
#3213 = DEFINITIONAL_REPRESENTATION('',(#3214),#3222);
#3214 = ( BOUNDED_CURVE() B_SPLINE_CURVE(2,(#3215,#3216,#3217,#3218,
#3219,#3220,#3221),.UNSPECIFIED.,.T.,.F.) B_SPLINE_CURVE_WITH_KNOTS((1,2
    ,2,2,2,1),(-2.094395102393,0.,2.094395102393,4.188790204786,
6.28318530718,8.377580409573),.UNSPECIFIED.) CURVE() 
GEOMETRIC_REPRESENTATION_ITEM() RATIONAL_B_SPLINE_CURVE((1.,0.5,1.,0.5,
1.,0.5,1.)) REPRESENTATION_ITEM('') );
#3215 = CARTESIAN_POINT('',(48.804826885117,23.867560180375));
#3216 = CARTESIAN_POINT('',(50.710082773442,20.567560180375));
#3217 = CARTESIAN_POINT('',(46.899570996791,20.567560180375));
#3218 = CARTESIAN_POINT('',(43.089059220139,20.567560180375));
#3219 = CARTESIAN_POINT('',(44.994315108465,23.867560180375));
#3220 = CARTESIAN_POINT('',(46.899570996791,27.167560180375));
#3221 = CARTESIAN_POINT('',(48.804826885117,23.867560180375));
#3222 = ( GEOMETRIC_REPRESENTATION_CONTEXT(2) 
PARAMETRIC_REPRESENTATION_CONTEXT() REPRESENTATION_CONTEXT('2D SPACE',''
  ) );
#3223 = PCURVE('',#3224,#3229);
#3224 = CYLINDRICAL_SURFACE('',#3225,2.2);
#3225 = AXIS2_PLACEMENT_3D('',#3226,#3227,#3228);
#3226 = CARTESIAN_POINT('',(46.899570996791,22.767560180375,-5.E-02));
#3227 = DIRECTION('',(0.,-0.,-1.));
#3228 = DIRECTION('',(0.866025403784,0.5,-0.));
#3229 = DEFINITIONAL_REPRESENTATION('',(#3230),#3234);
#3230 = LINE('',#3231,#3232);
#3231 = CARTESIAN_POINT('',(0.,-5.E-02));
#3232 = VECTOR('',#3233,1.);
#3233 = DIRECTION('',(1.,0.));
#3234 = ( GEOMETRIC_REPRESENTATION_CONTEXT(2) 
PARAMETRIC_REPRESENTATION_CONTEXT() REPRESENTATION_CONTEXT('2D SPACE',''
  ) );
#3235 = ORIENTED_EDGE('',*,*,#3236,.T.);
#3236 = EDGE_CURVE('',#3204,#3020,#3237,.T.);
#3237 = SURFACE_CURVE('',#3238,(#3243,#3254),.PCURVE_S1.);
#3238 = CIRCLE('',#3239,3.85);
#3239 = AXIS2_PLACEMENT_3D('',#3240,#3241,#3242);
#3240 = CARTESIAN_POINT('',(45.933320996791,24.441154273188,0.));
#3241 = DIRECTION('',(0.,0.,-1.));
#3242 = DIRECTION('',(0.866025403784,0.5,0.));
#3243 = PCURVE('',#45,#3244);
#3244 = DEFINITIONAL_REPRESENTATION('',(#3245),#3253);
#3245 = ( BOUNDED_CURVE() B_SPLINE_CURVE(2,(#3246,#3247,#3248,#3249,
#3250,#3251,#3252),.UNSPECIFIED.,.T.,.F.) B_SPLINE_CURVE_WITH_KNOTS((1,2
    ,2,2,2,1),(-2.094395102393,0.,2.094395102393,4.188790204786,
6.28318530718,8.377580409573),.UNSPECIFIED.) CURVE() 
GEOMETRIC_REPRESENTATION_ITEM() RATIONAL_B_SPLINE_CURVE((1.,0.5,1.,0.5,
1.,0.5,1.)) REPRESENTATION_ITEM('') );
#3246 = CARTESIAN_POINT('',(49.267518801361,26.366154273188));
#3247 = CARTESIAN_POINT('',(52.601716605931,20.591154273188));
#3248 = CARTESIAN_POINT('',(45.933320996791,20.591154273188));
#3249 = CARTESIAN_POINT('',(39.264925387651,20.591154273188));
#3250 = CARTESIAN_POINT('',(42.599123192221,26.366154273188));
#3251 = CARTESIAN_POINT('',(45.933320996791,32.141154273188));
#3252 = CARTESIAN_POINT('',(49.267518801361,26.366154273188));
#3253 = ( GEOMETRIC_REPRESENTATION_CONTEXT(2) 
PARAMETRIC_REPRESENTATION_CONTEXT() REPRESENTATION_CONTEXT('2D SPACE',''
  ) );
#3254 = PCURVE('',#3255,#3260);
#3255 = CYLINDRICAL_SURFACE('',#3256,3.85);
#3256 = AXIS2_PLACEMENT_3D('',#3257,#3258,#3259);
#3257 = CARTESIAN_POINT('',(45.933320996791,24.441154273188,-5.E-02));
#3258 = DIRECTION('',(0.,-0.,-1.));
#3259 = DIRECTION('',(0.866025403784,0.5,-0.));
#3260 = DEFINITIONAL_REPRESENTATION('',(#3261),#3265);
#3261 = LINE('',#3262,#3263);
#3262 = CARTESIAN_POINT('',(0.,-5.E-02));
#3263 = VECTOR('',#3264,1.);
#3264 = DIRECTION('',(1.,0.));
#3265 = ( GEOMETRIC_REPRESENTATION_CONTEXT(2) 
PARAMETRIC_REPRESENTATION_CONTEXT() REPRESENTATION_CONTEXT('2D SPACE',''
  ) );
#3266 = FACE_BOUND('',#3267,.F.);
#3267 = EDGE_LOOP('',(#3268,#3296,#3329,#3362,#3395,#3421,#3454,#3487));
#3268 = ORIENTED_EDGE('',*,*,#3269,.F.);
#3269 = EDGE_CURVE('',#3270,#3272,#3274,.T.);
#3270 = VERTEX_POINT('',#3271);
#3271 = CARTESIAN_POINT('',(-1.8,48.15,0.));
#3272 = VERTEX_POINT('',#3273);
#3273 = CARTESIAN_POINT('',(1.8,48.15,0.));
#3274 = SURFACE_CURVE('',#3275,(#3279,#3285),.PCURVE_S1.);
#3275 = LINE('',#3276,#3277);
#3276 = CARTESIAN_POINT('',(0.9,48.15,0.));
#3277 = VECTOR('',#3278,1.);
#3278 = DIRECTION('',(1.,-1.224646799147E-16,0.));
#3279 = PCURVE('',#45,#3280);
#3280 = DEFINITIONAL_REPRESENTATION('',(#3281),#3284);
#3281 = B_SPLINE_CURVE_WITH_KNOTS('',1,(#3282,#3283),.UNSPECIFIED.,.F.,
  .F.,(2,2),(-2.7,0.9),.PIECEWISE_BEZIER_KNOTS.);
#3282 = CARTESIAN_POINT('',(-1.8,48.15));
#3283 = CARTESIAN_POINT('',(1.8,48.15));
#3284 = ( GEOMETRIC_REPRESENTATION_CONTEXT(2) 
PARAMETRIC_REPRESENTATION_CONTEXT() REPRESENTATION_CONTEXT('2D SPACE',''
  ) );
#3285 = PCURVE('',#3286,#3291);
#3286 = PLANE('',#3287);
#3287 = AXIS2_PLACEMENT_3D('',#3288,#3289,#3290);
#3288 = CARTESIAN_POINT('',(1.8,48.15,-5.E-02));
#3289 = DIRECTION('',(-1.224646799147E-16,-1.,0.));
#3290 = DIRECTION('',(-1.,1.224646799147E-16,0.));
#3291 = DEFINITIONAL_REPRESENTATION('',(#3292),#3295);
#3292 = B_SPLINE_CURVE_WITH_KNOTS('',1,(#3293,#3294),.UNSPECIFIED.,.F.,
  .F.,(2,2),(-2.7,0.9),.PIECEWISE_BEZIER_KNOTS.);
#3293 = CARTESIAN_POINT('',(3.6,-5.E-02));
#3294 = CARTESIAN_POINT('',(0.,-5.E-02));
#3295 = ( GEOMETRIC_REPRESENTATION_CONTEXT(2) 
PARAMETRIC_REPRESENTATION_CONTEXT() REPRESENTATION_CONTEXT('2D SPACE',''
  ) );
#3296 = ORIENTED_EDGE('',*,*,#3297,.T.);
#3297 = EDGE_CURVE('',#3270,#3298,#3300,.T.);
#3298 = VERTEX_POINT('',#3299);
#3299 = CARTESIAN_POINT('',(-5.349044307891,50.507758564901,0.));
#3300 = SURFACE_CURVE('',#3301,(#3306,#3317),.PCURVE_S1.);
#3301 = CIRCLE('',#3302,3.85);
#3302 = AXIS2_PLACEMENT_3D('',#3303,#3304,#3305);
#3303 = CARTESIAN_POINT('',(-1.8,52.,0.));
#3304 = DIRECTION('',(-0.,0.,-1.));
#3305 = DIRECTION('',(-1.801386032719E-16,-1.,0.));
#3306 = PCURVE('',#45,#3307);
#3307 = DEFINITIONAL_REPRESENTATION('',(#3308),#3316);
#3308 = ( BOUNDED_CURVE() B_SPLINE_CURVE(2,(#3309,#3310,#3311,#3312,
#3313,#3314,#3315),.UNSPECIFIED.,.T.,.F.) B_SPLINE_CURVE_WITH_KNOTS((1,2
    ,2,2,2,1),(-2.094395102393,0.,2.094395102393,4.188790204786,
6.28318530718,8.377580409573),.UNSPECIFIED.) CURVE() 
GEOMETRIC_REPRESENTATION_ITEM() RATIONAL_B_SPLINE_CURVE((1.,0.5,1.,0.5,
1.,0.5,1.)) REPRESENTATION_ITEM('') );
#3309 = CARTESIAN_POINT('',(-1.8,48.15));
#3310 = CARTESIAN_POINT('',(-8.46839560914,48.15));
#3311 = CARTESIAN_POINT('',(-5.13419780457,53.925));
#3312 = CARTESIAN_POINT('',(-1.8,59.7));
#3313 = CARTESIAN_POINT('',(1.53419780457,53.925));
#3314 = CARTESIAN_POINT('',(4.86839560914,48.15));
#3315 = CARTESIAN_POINT('',(-1.8,48.15));
#3316 = ( GEOMETRIC_REPRESENTATION_CONTEXT(2) 
PARAMETRIC_REPRESENTATION_CONTEXT() REPRESENTATION_CONTEXT('2D SPACE',''
  ) );
#3317 = PCURVE('',#3318,#3323);
#3318 = CYLINDRICAL_SURFACE('',#3319,3.85);
#3319 = AXIS2_PLACEMENT_3D('',#3320,#3321,#3322);
#3320 = CARTESIAN_POINT('',(-1.8,52.,-5.E-02));
#3321 = DIRECTION('',(-0.,0.,-1.));
#3322 = DIRECTION('',(-1.801386032719E-16,-1.,0.));
#3323 = DEFINITIONAL_REPRESENTATION('',(#3324),#3328);
#3324 = LINE('',#3325,#3326);
#3325 = CARTESIAN_POINT('',(0.,-5.E-02));
#3326 = VECTOR('',#3327,1.);
#3327 = DIRECTION('',(1.,0.));
#3328 = ( GEOMETRIC_REPRESENTATION_CONTEXT(2) 
PARAMETRIC_REPRESENTATION_CONTEXT() REPRESENTATION_CONTEXT('2D SPACE',''
  ) );
#3329 = ORIENTED_EDGE('',*,*,#3330,.T.);
#3330 = EDGE_CURVE('',#3298,#3331,#3333,.T.);
#3331 = VERTEX_POINT('',#3332);
#3332 = CARTESIAN_POINT('',(-5.349044307891,53.492241435099,0.));
#3333 = SURFACE_CURVE('',#3334,(#3339,#3350),.PCURVE_S1.);
#3334 = CIRCLE('',#3335,2.2);
#3335 = AXIS2_PLACEMENT_3D('',#3336,#3337,#3338);
#3336 = CARTESIAN_POINT('',(-3.7325,52.,0.));
#3337 = DIRECTION('',(-0.,0.,-1.));
#3338 = DIRECTION('',(-5.261821434148E-16,-1.,0.));
#3339 = PCURVE('',#45,#3340);
#3340 = DEFINITIONAL_REPRESENTATION('',(#3341),#3349);
#3341 = ( BOUNDED_CURVE() B_SPLINE_CURVE(2,(#3342,#3343,#3344,#3345,
#3346,#3347,#3348),.UNSPECIFIED.,.T.,.F.) B_SPLINE_CURVE_WITH_KNOTS((1,2
    ,2,2,2,1),(-2.094395102393,0.,2.094395102393,4.188790204786,
6.28318530718,8.377580409573),.UNSPECIFIED.) CURVE() 
GEOMETRIC_REPRESENTATION_ITEM() RATIONAL_B_SPLINE_CURVE((1.,0.5,1.,0.5,
1.,0.5,1.)) REPRESENTATION_ITEM('') );
#3342 = CARTESIAN_POINT('',(-3.7325,49.8));
#3343 = CARTESIAN_POINT('',(-7.543011776652,49.8));
#3344 = CARTESIAN_POINT('',(-5.637755888326,53.1));
#3345 = CARTESIAN_POINT('',(-3.7325,56.4));
#3346 = CARTESIAN_POINT('',(-1.827244111674,53.1));
#3347 = CARTESIAN_POINT('',(7.801177665154E-02,49.8));
#3348 = CARTESIAN_POINT('',(-3.7325,49.8));
#3349 = ( GEOMETRIC_REPRESENTATION_CONTEXT(2) 
PARAMETRIC_REPRESENTATION_CONTEXT() REPRESENTATION_CONTEXT('2D SPACE',''
  ) );
#3350 = PCURVE('',#3351,#3356);
#3351 = CYLINDRICAL_SURFACE('',#3352,2.2);
#3352 = AXIS2_PLACEMENT_3D('',#3353,#3354,#3355);
#3353 = CARTESIAN_POINT('',(-3.7325,52.,-5.E-02));
#3354 = DIRECTION('',(-0.,0.,-1.));
#3355 = DIRECTION('',(-5.261821434148E-16,-1.,0.));
#3356 = DEFINITIONAL_REPRESENTATION('',(#3357),#3361);
#3357 = LINE('',#3358,#3359);
#3358 = CARTESIAN_POINT('',(0.,-5.E-02));
#3359 = VECTOR('',#3360,1.);
#3360 = DIRECTION('',(1.,0.));
#3361 = ( GEOMETRIC_REPRESENTATION_CONTEXT(2) 
PARAMETRIC_REPRESENTATION_CONTEXT() REPRESENTATION_CONTEXT('2D SPACE',''
  ) );
#3362 = ORIENTED_EDGE('',*,*,#3363,.T.);
#3363 = EDGE_CURVE('',#3331,#3364,#3366,.T.);
#3364 = VERTEX_POINT('',#3365);
#3365 = CARTESIAN_POINT('',(-1.8,55.85,0.));
#3366 = SURFACE_CURVE('',#3367,(#3372,#3383),.PCURVE_S1.);
#3367 = CIRCLE('',#3368,3.85);
#3368 = AXIS2_PLACEMENT_3D('',#3369,#3370,#3371);
#3369 = CARTESIAN_POINT('',(-1.8,52.,0.));
#3370 = DIRECTION('',(-0.,0.,-1.));
#3371 = DIRECTION('',(-1.801386032719E-16,-1.,0.));
#3372 = PCURVE('',#45,#3373);
#3373 = DEFINITIONAL_REPRESENTATION('',(#3374),#3382);
#3374 = ( BOUNDED_CURVE() B_SPLINE_CURVE(2,(#3375,#3376,#3377,#3378,
#3379,#3380,#3381),.UNSPECIFIED.,.T.,.F.) B_SPLINE_CURVE_WITH_KNOTS((1,2
    ,2,2,2,1),(-2.094395102393,0.,2.094395102393,4.188790204786,
6.28318530718,8.377580409573),.UNSPECIFIED.) CURVE() 
GEOMETRIC_REPRESENTATION_ITEM() RATIONAL_B_SPLINE_CURVE((1.,0.5,1.,0.5,
1.,0.5,1.)) REPRESENTATION_ITEM('') );
#3375 = CARTESIAN_POINT('',(-1.8,48.15));
#3376 = CARTESIAN_POINT('',(-8.46839560914,48.15));
#3377 = CARTESIAN_POINT('',(-5.13419780457,53.925));
#3378 = CARTESIAN_POINT('',(-1.8,59.7));
#3379 = CARTESIAN_POINT('',(1.53419780457,53.925));
#3380 = CARTESIAN_POINT('',(4.86839560914,48.15));
#3381 = CARTESIAN_POINT('',(-1.8,48.15));
#3382 = ( GEOMETRIC_REPRESENTATION_CONTEXT(2) 
PARAMETRIC_REPRESENTATION_CONTEXT() REPRESENTATION_CONTEXT('2D SPACE',''
  ) );
#3383 = PCURVE('',#3384,#3389);
#3384 = CYLINDRICAL_SURFACE('',#3385,3.85);
#3385 = AXIS2_PLACEMENT_3D('',#3386,#3387,#3388);
#3386 = CARTESIAN_POINT('',(-1.8,52.,-5.E-02));
#3387 = DIRECTION('',(-0.,0.,-1.));
#3388 = DIRECTION('',(-1.801386032719E-16,-1.,0.));
#3389 = DEFINITIONAL_REPRESENTATION('',(#3390),#3394);
#3390 = LINE('',#3391,#3392);
#3391 = CARTESIAN_POINT('',(0.,-5.E-02));
#3392 = VECTOR('',#3393,1.);
#3393 = DIRECTION('',(1.,0.));
#3394 = ( GEOMETRIC_REPRESENTATION_CONTEXT(2) 
PARAMETRIC_REPRESENTATION_CONTEXT() REPRESENTATION_CONTEXT('2D SPACE',''
  ) );
#3395 = ORIENTED_EDGE('',*,*,#3396,.F.);
#3396 = EDGE_CURVE('',#3397,#3364,#3399,.T.);
#3397 = VERTEX_POINT('',#3398);
#3398 = CARTESIAN_POINT('',(1.8,55.85,0.));
#3399 = SURFACE_CURVE('',#3400,(#3404,#3410),.PCURVE_S1.);
#3400 = LINE('',#3401,#3402);
#3401 = CARTESIAN_POINT('',(-0.9,55.85,0.));
#3402 = VECTOR('',#3403,1.);
#3403 = DIRECTION('',(-1.,1.224646799147E-16,0.));
#3404 = PCURVE('',#45,#3405);
#3405 = DEFINITIONAL_REPRESENTATION('',(#3406),#3409);
#3406 = B_SPLINE_CURVE_WITH_KNOTS('',1,(#3407,#3408),.UNSPECIFIED.,.F.,
  .F.,(2,2),(-2.7,0.9),.PIECEWISE_BEZIER_KNOTS.);
#3407 = CARTESIAN_POINT('',(1.8,55.85));
#3408 = CARTESIAN_POINT('',(-1.8,55.85));
#3409 = ( GEOMETRIC_REPRESENTATION_CONTEXT(2) 
PARAMETRIC_REPRESENTATION_CONTEXT() REPRESENTATION_CONTEXT('2D SPACE',''
  ) );
#3410 = PCURVE('',#3411,#3416);
#3411 = PLANE('',#3412);
#3412 = AXIS2_PLACEMENT_3D('',#3413,#3414,#3415);
#3413 = CARTESIAN_POINT('',(-1.8,55.85,-5.E-02));
#3414 = DIRECTION('',(1.224646799147E-16,1.,-0.));
#3415 = DIRECTION('',(1.,-1.224646799147E-16,0.));
#3416 = DEFINITIONAL_REPRESENTATION('',(#3417),#3420);
#3417 = B_SPLINE_CURVE_WITH_KNOTS('',1,(#3418,#3419),.UNSPECIFIED.,.F.,
  .F.,(2,2),(-2.7,0.9),.PIECEWISE_BEZIER_KNOTS.);
#3418 = CARTESIAN_POINT('',(3.6,-5.E-02));
#3419 = CARTESIAN_POINT('',(0.,-5.E-02));
#3420 = ( GEOMETRIC_REPRESENTATION_CONTEXT(2) 
PARAMETRIC_REPRESENTATION_CONTEXT() REPRESENTATION_CONTEXT('2D SPACE',''
  ) );
#3421 = ORIENTED_EDGE('',*,*,#3422,.T.);
#3422 = EDGE_CURVE('',#3397,#3423,#3425,.T.);
#3423 = VERTEX_POINT('',#3424);
#3424 = CARTESIAN_POINT('',(5.349044307891,53.492241435099,0.));
#3425 = SURFACE_CURVE('',#3426,(#3431,#3442),.PCURVE_S1.);
#3426 = CIRCLE('',#3427,3.85);
#3427 = AXIS2_PLACEMENT_3D('',#3428,#3429,#3430);
#3428 = CARTESIAN_POINT('',(1.8,52.,0.));
#3429 = DIRECTION('',(0.,0.,-1.));
#3430 = DIRECTION('',(1.801386032719E-16,1.,0.));
#3431 = PCURVE('',#45,#3432);
#3432 = DEFINITIONAL_REPRESENTATION('',(#3433),#3441);
#3433 = ( BOUNDED_CURVE() B_SPLINE_CURVE(2,(#3434,#3435,#3436,#3437,
#3438,#3439,#3440),.UNSPECIFIED.,.T.,.F.) B_SPLINE_CURVE_WITH_KNOTS((1,2
    ,2,2,2,1),(-2.094395102393,0.,2.094395102393,4.188790204786,
6.28318530718,8.377580409573),.UNSPECIFIED.) CURVE() 
GEOMETRIC_REPRESENTATION_ITEM() RATIONAL_B_SPLINE_CURVE((1.,0.5,1.,0.5,
1.,0.5,1.)) REPRESENTATION_ITEM('') );
#3434 = CARTESIAN_POINT('',(1.8,55.85));
#3435 = CARTESIAN_POINT('',(8.46839560914,55.85));
#3436 = CARTESIAN_POINT('',(5.13419780457,50.075));
#3437 = CARTESIAN_POINT('',(1.8,44.3));
#3438 = CARTESIAN_POINT('',(-1.53419780457,50.075));
#3439 = CARTESIAN_POINT('',(-4.86839560914,55.85));
#3440 = CARTESIAN_POINT('',(1.8,55.85));
#3441 = ( GEOMETRIC_REPRESENTATION_CONTEXT(2) 
PARAMETRIC_REPRESENTATION_CONTEXT() REPRESENTATION_CONTEXT('2D SPACE',''
  ) );
#3442 = PCURVE('',#3443,#3448);
#3443 = CYLINDRICAL_SURFACE('',#3444,3.85);
#3444 = AXIS2_PLACEMENT_3D('',#3445,#3446,#3447);
#3445 = CARTESIAN_POINT('',(1.8,52.,-5.E-02));
#3446 = DIRECTION('',(0.,-0.,-1.));
#3447 = DIRECTION('',(1.801386032719E-16,1.,-0.));
#3448 = DEFINITIONAL_REPRESENTATION('',(#3449),#3453);
#3449 = LINE('',#3450,#3451);
#3450 = CARTESIAN_POINT('',(0.,-5.E-02));
#3451 = VECTOR('',#3452,1.);
#3452 = DIRECTION('',(1.,0.));
#3453 = ( GEOMETRIC_REPRESENTATION_CONTEXT(2) 
PARAMETRIC_REPRESENTATION_CONTEXT() REPRESENTATION_CONTEXT('2D SPACE',''
  ) );
#3454 = ORIENTED_EDGE('',*,*,#3455,.T.);
#3455 = EDGE_CURVE('',#3423,#3456,#3458,.T.);
#3456 = VERTEX_POINT('',#3457);
#3457 = CARTESIAN_POINT('',(5.349044307891,50.507758564901,0.));
#3458 = SURFACE_CURVE('',#3459,(#3464,#3475),.PCURVE_S1.);
#3459 = CIRCLE('',#3460,2.2);
#3460 = AXIS2_PLACEMENT_3D('',#3461,#3462,#3463);
#3461 = CARTESIAN_POINT('',(3.7325,52.,0.));
#3462 = DIRECTION('',(0.,0.,-1.));
#3463 = DIRECTION('',(5.261821434148E-16,1.,0.));
#3464 = PCURVE('',#45,#3465);
#3465 = DEFINITIONAL_REPRESENTATION('',(#3466),#3474);
#3466 = ( BOUNDED_CURVE() B_SPLINE_CURVE(2,(#3467,#3468,#3469,#3470,
#3471,#3472,#3473),.UNSPECIFIED.,.T.,.F.) B_SPLINE_CURVE_WITH_KNOTS((1,2
    ,2,2,2,1),(-2.094395102393,0.,2.094395102393,4.188790204786,
6.28318530718,8.377580409573),.UNSPECIFIED.) CURVE() 
GEOMETRIC_REPRESENTATION_ITEM() RATIONAL_B_SPLINE_CURVE((1.,0.5,1.,0.5,
1.,0.5,1.)) REPRESENTATION_ITEM('') );
#3467 = CARTESIAN_POINT('',(3.7325,54.2));
#3468 = CARTESIAN_POINT('',(7.543011776652,54.2));
#3469 = CARTESIAN_POINT('',(5.637755888326,50.9));
#3470 = CARTESIAN_POINT('',(3.7325,47.6));
#3471 = CARTESIAN_POINT('',(1.827244111674,50.9));
#3472 = CARTESIAN_POINT('',(-7.801177665153E-02,54.2));
#3473 = CARTESIAN_POINT('',(3.7325,54.2));
#3474 = ( GEOMETRIC_REPRESENTATION_CONTEXT(2) 
PARAMETRIC_REPRESENTATION_CONTEXT() REPRESENTATION_CONTEXT('2D SPACE',''
  ) );
#3475 = PCURVE('',#3476,#3481);
#3476 = CYLINDRICAL_SURFACE('',#3477,2.2);
#3477 = AXIS2_PLACEMENT_3D('',#3478,#3479,#3480);
#3478 = CARTESIAN_POINT('',(3.7325,52.,-5.E-02));
#3479 = DIRECTION('',(0.,-0.,-1.));
#3480 = DIRECTION('',(5.261821434148E-16,1.,-0.));
#3481 = DEFINITIONAL_REPRESENTATION('',(#3482),#3486);
#3482 = LINE('',#3483,#3484);
#3483 = CARTESIAN_POINT('',(0.,-5.E-02));
#3484 = VECTOR('',#3485,1.);
#3485 = DIRECTION('',(1.,0.));
#3486 = ( GEOMETRIC_REPRESENTATION_CONTEXT(2) 
PARAMETRIC_REPRESENTATION_CONTEXT() REPRESENTATION_CONTEXT('2D SPACE',''
  ) );
#3487 = ORIENTED_EDGE('',*,*,#3488,.T.);
#3488 = EDGE_CURVE('',#3456,#3272,#3489,.T.);
#3489 = SURFACE_CURVE('',#3490,(#3495,#3506),.PCURVE_S1.);
#3490 = CIRCLE('',#3491,3.85);
#3491 = AXIS2_PLACEMENT_3D('',#3492,#3493,#3494);
#3492 = CARTESIAN_POINT('',(1.8,52.,0.));
#3493 = DIRECTION('',(0.,0.,-1.));
#3494 = DIRECTION('',(1.801386032719E-16,1.,0.));
#3495 = PCURVE('',#45,#3496);
#3496 = DEFINITIONAL_REPRESENTATION('',(#3497),#3505);
#3497 = ( BOUNDED_CURVE() B_SPLINE_CURVE(2,(#3498,#3499,#3500,#3501,
#3502,#3503,#3504),.UNSPECIFIED.,.T.,.F.) B_SPLINE_CURVE_WITH_KNOTS((1,2
    ,2,2,2,1),(-2.094395102393,0.,2.094395102393,4.188790204786,
6.28318530718,8.377580409573),.UNSPECIFIED.) CURVE() 
GEOMETRIC_REPRESENTATION_ITEM() RATIONAL_B_SPLINE_CURVE((1.,0.5,1.,0.5,
1.,0.5,1.)) REPRESENTATION_ITEM('') );
#3498 = CARTESIAN_POINT('',(1.8,55.85));
#3499 = CARTESIAN_POINT('',(8.46839560914,55.85));
#3500 = CARTESIAN_POINT('',(5.13419780457,50.075));
#3501 = CARTESIAN_POINT('',(1.8,44.3));
#3502 = CARTESIAN_POINT('',(-1.53419780457,50.075));
#3503 = CARTESIAN_POINT('',(-4.86839560914,55.85));
#3504 = CARTESIAN_POINT('',(1.8,55.85));
#3505 = ( GEOMETRIC_REPRESENTATION_CONTEXT(2) 
PARAMETRIC_REPRESENTATION_CONTEXT() REPRESENTATION_CONTEXT('2D SPACE',''
  ) );
#3506 = PCURVE('',#3507,#3512);
#3507 = CYLINDRICAL_SURFACE('',#3508,3.85);
#3508 = AXIS2_PLACEMENT_3D('',#3509,#3510,#3511);
#3509 = CARTESIAN_POINT('',(1.8,52.,-5.E-02));
#3510 = DIRECTION('',(0.,-0.,-1.));
#3511 = DIRECTION('',(1.801386032719E-16,1.,-0.));
#3512 = DEFINITIONAL_REPRESENTATION('',(#3513),#3517);
#3513 = LINE('',#3514,#3515);
#3514 = CARTESIAN_POINT('',(0.,-5.E-02));
#3515 = VECTOR('',#3516,1.);
#3516 = DIRECTION('',(1.,0.));
#3517 = ( GEOMETRIC_REPRESENTATION_CONTEXT(2) 
PARAMETRIC_REPRESENTATION_CONTEXT() REPRESENTATION_CONTEXT('2D SPACE',''
  ) );
#3518 = FACE_BOUND('',#3519,.F.);
#3519 = EDGE_LOOP('',(#3520,#3548,#3581,#3614,#3647,#3673,#3706,#3739));
#3520 = ORIENTED_EDGE('',*,*,#3521,.F.);
#3521 = EDGE_CURVE('',#3522,#3524,#3526,.T.);
#3522 = VERTEX_POINT('',#3523);
#3523 = CARTESIAN_POINT('',(22.516154273188,42.599123192221,0.));
#3524 = VERTEX_POINT('',#3525);
#3525 = CARTESIAN_POINT('',(25.633845726812,40.799123192221,0.));
#3526 = SURFACE_CURVE('',#3527,(#3531,#3537),.PCURVE_S1.);
#3527 = LINE('',#3528,#3529);
#3528 = CARTESIAN_POINT('',(24.854422863406,41.249123192221,
    6.938893903907E-18));
#3529 = VECTOR('',#3530,1.);
#3530 = DIRECTION('',(0.866025403784,-0.5,0.));
#3531 = PCURVE('',#45,#3532);
#3532 = DEFINITIONAL_REPRESENTATION('',(#3533),#3536);
#3533 = B_SPLINE_CURVE_WITH_KNOTS('',1,(#3534,#3535),.UNSPECIFIED.,.F.,
  .F.,(2,2),(-2.7,0.9),.PIECEWISE_BEZIER_KNOTS.);
#3534 = CARTESIAN_POINT('',(22.516154273188,42.599123192221));
#3535 = CARTESIAN_POINT('',(25.633845726812,40.799123192221));
#3536 = ( GEOMETRIC_REPRESENTATION_CONTEXT(2) 
PARAMETRIC_REPRESENTATION_CONTEXT() REPRESENTATION_CONTEXT('2D SPACE',''
  ) );
#3537 = PCURVE('',#3538,#3543);
#3538 = PLANE('',#3539);
#3539 = AXIS2_PLACEMENT_3D('',#3540,#3541,#3542);
#3540 = CARTESIAN_POINT('',(25.633845726812,40.799123192221,-5.E-02));
#3541 = DIRECTION('',(-0.5,-0.866025403784,0.));
#3542 = DIRECTION('',(-0.866025403784,0.5,0.));
#3543 = DEFINITIONAL_REPRESENTATION('',(#3544),#3547);
#3544 = B_SPLINE_CURVE_WITH_KNOTS('',1,(#3545,#3546),.UNSPECIFIED.,.F.,
  .F.,(2,2),(-2.7,0.9),.PIECEWISE_BEZIER_KNOTS.);
#3545 = CARTESIAN_POINT('',(3.6,-5.E-02));
#3546 = CARTESIAN_POINT('',(0.,-5.E-02));
#3547 = ( GEOMETRIC_REPRESENTATION_CONTEXT(2) 
PARAMETRIC_REPRESENTATION_CONTEXT() REPRESENTATION_CONTEXT('2D SPACE',''
  ) );
#3548 = ORIENTED_EDGE('',*,*,#3549,.T.);
#3549 = EDGE_CURVE('',#3522,#3550,#3552,.T.);
#3550 = VERTEX_POINT('',#3551);
#3551 = CARTESIAN_POINT('',(20.621471025848,46.415524159361,0.));
#3552 = SURFACE_CURVE('',#3553,(#3558,#3569),.PCURVE_S1.);
#3553 = CIRCLE('',#3554,3.85);
#3554 = AXIS2_PLACEMENT_3D('',#3555,#3556,#3557);
#3555 = CARTESIAN_POINT('',(24.441154273188,45.933320996791,0.));
#3556 = DIRECTION('',(-0.,0.,-1.));
#3557 = DIRECTION('',(-0.5,-0.866025403784,0.));
#3558 = PCURVE('',#45,#3559);
#3559 = DEFINITIONAL_REPRESENTATION('',(#3560),#3568);
#3560 = ( BOUNDED_CURVE() B_SPLINE_CURVE(2,(#3561,#3562,#3563,#3564,
#3565,#3566,#3567),.UNSPECIFIED.,.T.,.F.) B_SPLINE_CURVE_WITH_KNOTS((1,2
    ,2,2,2,1),(-2.094395102393,0.,2.094395102393,4.188790204786,
6.28318530718,8.377580409573),.UNSPECIFIED.) CURVE() 
GEOMETRIC_REPRESENTATION_ITEM() RATIONAL_B_SPLINE_CURVE((1.,0.5,1.,0.5,
1.,0.5,1.)) REPRESENTATION_ITEM('') );
#3561 = CARTESIAN_POINT('',(22.516154273188,42.599123192221));
#3562 = CARTESIAN_POINT('',(16.741154273188,45.933320996791));
#3563 = CARTESIAN_POINT('',(22.516154273188,49.267518801361));
#3564 = CARTESIAN_POINT('',(28.291154273188,52.601716605931));
#3565 = CARTESIAN_POINT('',(28.291154273188,45.933320996791));
#3566 = CARTESIAN_POINT('',(28.291154273188,39.264925387651));
#3567 = CARTESIAN_POINT('',(22.516154273188,42.599123192221));
#3568 = ( GEOMETRIC_REPRESENTATION_CONTEXT(2) 
PARAMETRIC_REPRESENTATION_CONTEXT() REPRESENTATION_CONTEXT('2D SPACE',''
  ) );
#3569 = PCURVE('',#3570,#3575);
#3570 = CYLINDRICAL_SURFACE('',#3571,3.85);
#3571 = AXIS2_PLACEMENT_3D('',#3572,#3573,#3574);
#3572 = CARTESIAN_POINT('',(24.441154273188,45.933320996791,-5.E-02));
#3573 = DIRECTION('',(-0.,0.,-1.));
#3574 = DIRECTION('',(-0.5,-0.866025403784,0.));
#3575 = DEFINITIONAL_REPRESENTATION('',(#3576),#3580);
#3576 = LINE('',#3577,#3578);
#3577 = CARTESIAN_POINT('',(0.,-5.E-02));
#3578 = VECTOR('',#3579,1.);
#3579 = DIRECTION('',(1.,0.));
#3580 = ( GEOMETRIC_REPRESENTATION_CONTEXT(2) 
PARAMETRIC_REPRESENTATION_CONTEXT() REPRESENTATION_CONTEXT('2D SPACE',''
  ) );
#3581 = ORIENTED_EDGE('',*,*,#3582,.T.);
#3582 = EDGE_CURVE('',#3550,#3583,#3585,.T.);
#3583 = VERTEX_POINT('',#3584);
#3584 = CARTESIAN_POINT('',(22.113712460947,49.000162142112,0.));
#3585 = SURFACE_CURVE('',#3586,(#3591,#3602),.PCURVE_S1.);
#3586 = CIRCLE('',#3587,2.2);
#3587 = AXIS2_PLACEMENT_3D('',#3588,#3589,#3590);
#3588 = CARTESIAN_POINT('',(22.767560180375,46.899570996791,0.));
#3589 = DIRECTION('',(-0.,0.,-1.));
#3590 = DIRECTION('',(-0.5,-0.866025403784,0.));
#3591 = PCURVE('',#45,#3592);
#3592 = DEFINITIONAL_REPRESENTATION('',(#3593),#3601);
#3593 = ( BOUNDED_CURVE() B_SPLINE_CURVE(2,(#3594,#3595,#3596,#3597,
#3598,#3599,#3600),.UNSPECIFIED.,.T.,.F.) B_SPLINE_CURVE_WITH_KNOTS((1,2
    ,2,2,2,1),(-2.094395102393,0.,2.094395102393,4.188790204786,
6.28318530718,8.377580409573),.UNSPECIFIED.) CURVE() 
GEOMETRIC_REPRESENTATION_ITEM() RATIONAL_B_SPLINE_CURVE((1.,0.5,1.,0.5,
1.,0.5,1.)) REPRESENTATION_ITEM('') );
#3594 = CARTESIAN_POINT('',(21.667560180375,44.994315108465));
#3595 = CARTESIAN_POINT('',(18.367560180375,46.899570996791));
#3596 = CARTESIAN_POINT('',(21.667560180375,48.804826885117));
#3597 = CARTESIAN_POINT('',(24.967560180375,50.710082773442));
#3598 = CARTESIAN_POINT('',(24.967560180375,46.899570996791));
#3599 = CARTESIAN_POINT('',(24.967560180375,43.089059220139));
#3600 = CARTESIAN_POINT('',(21.667560180375,44.994315108465));
#3601 = ( GEOMETRIC_REPRESENTATION_CONTEXT(2) 
PARAMETRIC_REPRESENTATION_CONTEXT() REPRESENTATION_CONTEXT('2D SPACE',''
  ) );
#3602 = PCURVE('',#3603,#3608);
#3603 = CYLINDRICAL_SURFACE('',#3604,2.2);
#3604 = AXIS2_PLACEMENT_3D('',#3605,#3606,#3607);
#3605 = CARTESIAN_POINT('',(22.767560180375,46.899570996791,-5.E-02));
#3606 = DIRECTION('',(-0.,0.,-1.));
#3607 = DIRECTION('',(-0.5,-0.866025403784,0.));
#3608 = DEFINITIONAL_REPRESENTATION('',(#3609),#3613);
#3609 = LINE('',#3610,#3611);
#3610 = CARTESIAN_POINT('',(0.,-5.E-02));
#3611 = VECTOR('',#3612,1.);
#3612 = DIRECTION('',(1.,0.));
#3613 = ( GEOMETRIC_REPRESENTATION_CONTEXT(2) 
PARAMETRIC_REPRESENTATION_CONTEXT() REPRESENTATION_CONTEXT('2D SPACE',''
  ) );
#3614 = ORIENTED_EDGE('',*,*,#3615,.T.);
#3615 = EDGE_CURVE('',#3583,#3616,#3618,.T.);
#3616 = VERTEX_POINT('',#3617);
#3617 = CARTESIAN_POINT('',(26.366154273188,49.267518801361,0.));
#3618 = SURFACE_CURVE('',#3619,(#3624,#3635),.PCURVE_S1.);
#3619 = CIRCLE('',#3620,3.85);
#3620 = AXIS2_PLACEMENT_3D('',#3621,#3622,#3623);
#3621 = CARTESIAN_POINT('',(24.441154273188,45.933320996791,0.));
#3622 = DIRECTION('',(-0.,0.,-1.));
#3623 = DIRECTION('',(-0.5,-0.866025403784,0.));
#3624 = PCURVE('',#45,#3625);
#3625 = DEFINITIONAL_REPRESENTATION('',(#3626),#3634);
#3626 = ( BOUNDED_CURVE() B_SPLINE_CURVE(2,(#3627,#3628,#3629,#3630,
#3631,#3632,#3633),.UNSPECIFIED.,.T.,.F.) B_SPLINE_CURVE_WITH_KNOTS((1,2
    ,2,2,2,1),(-2.094395102393,0.,2.094395102393,4.188790204786,
6.28318530718,8.377580409573),.UNSPECIFIED.) CURVE() 
GEOMETRIC_REPRESENTATION_ITEM() RATIONAL_B_SPLINE_CURVE((1.,0.5,1.,0.5,
1.,0.5,1.)) REPRESENTATION_ITEM('') );
#3627 = CARTESIAN_POINT('',(22.516154273188,42.599123192221));
#3628 = CARTESIAN_POINT('',(16.741154273188,45.933320996791));
#3629 = CARTESIAN_POINT('',(22.516154273188,49.267518801361));
#3630 = CARTESIAN_POINT('',(28.291154273188,52.601716605931));
#3631 = CARTESIAN_POINT('',(28.291154273188,45.933320996791));
#3632 = CARTESIAN_POINT('',(28.291154273188,39.264925387651));
#3633 = CARTESIAN_POINT('',(22.516154273188,42.599123192221));
#3634 = ( GEOMETRIC_REPRESENTATION_CONTEXT(2) 
PARAMETRIC_REPRESENTATION_CONTEXT() REPRESENTATION_CONTEXT('2D SPACE',''
  ) );
#3635 = PCURVE('',#3636,#3641);
#3636 = CYLINDRICAL_SURFACE('',#3637,3.85);
#3637 = AXIS2_PLACEMENT_3D('',#3638,#3639,#3640);
#3638 = CARTESIAN_POINT('',(24.441154273188,45.933320996791,-5.E-02));
#3639 = DIRECTION('',(-0.,0.,-1.));
#3640 = DIRECTION('',(-0.5,-0.866025403784,0.));
#3641 = DEFINITIONAL_REPRESENTATION('',(#3642),#3646);
#3642 = LINE('',#3643,#3644);
#3643 = CARTESIAN_POINT('',(0.,-5.E-02));
#3644 = VECTOR('',#3645,1.);
#3645 = DIRECTION('',(1.,0.));
#3646 = ( GEOMETRIC_REPRESENTATION_CONTEXT(2) 
PARAMETRIC_REPRESENTATION_CONTEXT() REPRESENTATION_CONTEXT('2D SPACE',''
  ) );
#3647 = ORIENTED_EDGE('',*,*,#3648,.F.);
#3648 = EDGE_CURVE('',#3649,#3616,#3651,.T.);
#3649 = VERTEX_POINT('',#3650);
#3650 = CARTESIAN_POINT('',(29.483845726812,47.467518801361,0.));
#3651 = SURFACE_CURVE('',#3652,(#3656,#3662),.PCURVE_S1.);
#3652 = LINE('',#3653,#3654);
#3653 = CARTESIAN_POINT('',(27.145577136594,48.817518801361,
    6.938893903907E-18));
#3654 = VECTOR('',#3655,1.);
#3655 = DIRECTION('',(-0.866025403784,0.5,0.));
#3656 = PCURVE('',#45,#3657);
#3657 = DEFINITIONAL_REPRESENTATION('',(#3658),#3661);
#3658 = B_SPLINE_CURVE_WITH_KNOTS('',1,(#3659,#3660),.UNSPECIFIED.,.F.,
  .F.,(2,2),(-2.7,0.9),.PIECEWISE_BEZIER_KNOTS.);
#3659 = CARTESIAN_POINT('',(29.483845726812,47.467518801361));
#3660 = CARTESIAN_POINT('',(26.366154273188,49.267518801361));
#3661 = ( GEOMETRIC_REPRESENTATION_CONTEXT(2) 
PARAMETRIC_REPRESENTATION_CONTEXT() REPRESENTATION_CONTEXT('2D SPACE',''
  ) );
#3662 = PCURVE('',#3663,#3668);
#3663 = PLANE('',#3664);
#3664 = AXIS2_PLACEMENT_3D('',#3665,#3666,#3667);
#3665 = CARTESIAN_POINT('',(26.366154273188,49.267518801361,-5.E-02));
#3666 = DIRECTION('',(0.5,0.866025403784,-0.));
#3667 = DIRECTION('',(0.866025403784,-0.5,0.));
#3668 = DEFINITIONAL_REPRESENTATION('',(#3669),#3672);
#3669 = B_SPLINE_CURVE_WITH_KNOTS('',1,(#3670,#3671),.UNSPECIFIED.,.F.,
  .F.,(2,2),(-2.7,0.9),.PIECEWISE_BEZIER_KNOTS.);
#3670 = CARTESIAN_POINT('',(3.6,-5.E-02));
#3671 = CARTESIAN_POINT('',(0.,-5.E-02));
#3672 = ( GEOMETRIC_REPRESENTATION_CONTEXT(2) 
PARAMETRIC_REPRESENTATION_CONTEXT() REPRESENTATION_CONTEXT('2D SPACE',''
  ) );
#3673 = ORIENTED_EDGE('',*,*,#3674,.T.);
#3674 = EDGE_CURVE('',#3649,#3675,#3677,.T.);
#3675 = VERTEX_POINT('',#3676);
#3676 = CARTESIAN_POINT('',(31.378528974152,43.65111783422,0.));
#3677 = SURFACE_CURVE('',#3678,(#3683,#3694),.PCURVE_S1.);
#3678 = CIRCLE('',#3679,3.85);
#3679 = AXIS2_PLACEMENT_3D('',#3680,#3681,#3682);
#3680 = CARTESIAN_POINT('',(27.558845726812,44.133320996791,0.));
#3681 = DIRECTION('',(0.,0.,-1.));
#3682 = DIRECTION('',(0.5,0.866025403784,0.));
#3683 = PCURVE('',#45,#3684);
#3684 = DEFINITIONAL_REPRESENTATION('',(#3685),#3693);
#3685 = ( BOUNDED_CURVE() B_SPLINE_CURVE(2,(#3686,#3687,#3688,#3689,
#3690,#3691,#3692),.UNSPECIFIED.,.T.,.F.) B_SPLINE_CURVE_WITH_KNOTS((1,2
    ,2,2,2,1),(-2.094395102393,0.,2.094395102393,4.188790204786,
6.28318530718,8.377580409573),.UNSPECIFIED.) CURVE() 
GEOMETRIC_REPRESENTATION_ITEM() RATIONAL_B_SPLINE_CURVE((1.,0.5,1.,0.5,
1.,0.5,1.)) REPRESENTATION_ITEM('') );
#3686 = CARTESIAN_POINT('',(29.483845726812,47.467518801361));
#3687 = CARTESIAN_POINT('',(35.258845726812,44.133320996791));
#3688 = CARTESIAN_POINT('',(29.483845726812,40.799123192221));
#3689 = CARTESIAN_POINT('',(23.708845726812,37.464925387651));
#3690 = CARTESIAN_POINT('',(23.708845726812,44.133320996791));
#3691 = CARTESIAN_POINT('',(23.708845726812,50.801716605931));
#3692 = CARTESIAN_POINT('',(29.483845726812,47.467518801361));
#3693 = ( GEOMETRIC_REPRESENTATION_CONTEXT(2) 
PARAMETRIC_REPRESENTATION_CONTEXT() REPRESENTATION_CONTEXT('2D SPACE',''
  ) );
#3694 = PCURVE('',#3695,#3700);
#3695 = CYLINDRICAL_SURFACE('',#3696,3.85);
#3696 = AXIS2_PLACEMENT_3D('',#3697,#3698,#3699);
#3697 = CARTESIAN_POINT('',(27.558845726812,44.133320996791,-5.E-02));
#3698 = DIRECTION('',(0.,-0.,-1.));
#3699 = DIRECTION('',(0.5,0.866025403784,-0.));
#3700 = DEFINITIONAL_REPRESENTATION('',(#3701),#3705);
#3701 = LINE('',#3702,#3703);
#3702 = CARTESIAN_POINT('',(0.,-5.E-02));
#3703 = VECTOR('',#3704,1.);
#3704 = DIRECTION('',(1.,0.));
#3705 = ( GEOMETRIC_REPRESENTATION_CONTEXT(2) 
PARAMETRIC_REPRESENTATION_CONTEXT() REPRESENTATION_CONTEXT('2D SPACE',''
  ) );
#3706 = ORIENTED_EDGE('',*,*,#3707,.T.);
#3707 = EDGE_CURVE('',#3675,#3708,#3710,.T.);
#3708 = VERTEX_POINT('',#3709);
#3709 = CARTESIAN_POINT('',(29.886287539053,41.06647985147,0.));
#3710 = SURFACE_CURVE('',#3711,(#3716,#3727),.PCURVE_S1.);
#3711 = CIRCLE('',#3712,2.2);
#3712 = AXIS2_PLACEMENT_3D('',#3713,#3714,#3715);
#3713 = CARTESIAN_POINT('',(29.232439819625,43.167070996791,0.));
#3714 = DIRECTION('',(0.,0.,-1.));
#3715 = DIRECTION('',(0.5,0.866025403784,0.));
#3716 = PCURVE('',#45,#3717);
#3717 = DEFINITIONAL_REPRESENTATION('',(#3718),#3726);
#3718 = ( BOUNDED_CURVE() B_SPLINE_CURVE(2,(#3719,#3720,#3721,#3722,
#3723,#3724,#3725),.UNSPECIFIED.,.T.,.F.) B_SPLINE_CURVE_WITH_KNOTS((1,2
    ,2,2,2,1),(-2.094395102393,0.,2.094395102393,4.188790204786,
6.28318530718,8.377580409573),.UNSPECIFIED.) CURVE() 
GEOMETRIC_REPRESENTATION_ITEM() RATIONAL_B_SPLINE_CURVE((1.,0.5,1.,0.5,
1.,0.5,1.)) REPRESENTATION_ITEM('') );
#3719 = CARTESIAN_POINT('',(30.332439819625,45.072326885117));
#3720 = CARTESIAN_POINT('',(33.632439819625,43.167070996791));
#3721 = CARTESIAN_POINT('',(30.332439819625,41.261815108465));
#3722 = CARTESIAN_POINT('',(27.032439819625,39.356559220139));
#3723 = CARTESIAN_POINT('',(27.032439819625,43.167070996791));
#3724 = CARTESIAN_POINT('',(27.032439819625,46.977582773442));
#3725 = CARTESIAN_POINT('',(30.332439819625,45.072326885117));
#3726 = ( GEOMETRIC_REPRESENTATION_CONTEXT(2) 
PARAMETRIC_REPRESENTATION_CONTEXT() REPRESENTATION_CONTEXT('2D SPACE',''
  ) );
#3727 = PCURVE('',#3728,#3733);
#3728 = CYLINDRICAL_SURFACE('',#3729,2.2);
#3729 = AXIS2_PLACEMENT_3D('',#3730,#3731,#3732);
#3730 = CARTESIAN_POINT('',(29.232439819625,43.167070996791,-5.E-02));
#3731 = DIRECTION('',(0.,-0.,-1.));
#3732 = DIRECTION('',(0.5,0.866025403784,-0.));
#3733 = DEFINITIONAL_REPRESENTATION('',(#3734),#3738);
#3734 = LINE('',#3735,#3736);
#3735 = CARTESIAN_POINT('',(0.,-5.E-02));
#3736 = VECTOR('',#3737,1.);
#3737 = DIRECTION('',(1.,0.));
#3738 = ( GEOMETRIC_REPRESENTATION_CONTEXT(2) 
PARAMETRIC_REPRESENTATION_CONTEXT() REPRESENTATION_CONTEXT('2D SPACE',''
  ) );
#3739 = ORIENTED_EDGE('',*,*,#3740,.T.);
#3740 = EDGE_CURVE('',#3708,#3524,#3741,.T.);
#3741 = SURFACE_CURVE('',#3742,(#3747,#3758),.PCURVE_S1.);
#3742 = CIRCLE('',#3743,3.85);
#3743 = AXIS2_PLACEMENT_3D('',#3744,#3745,#3746);
#3744 = CARTESIAN_POINT('',(27.558845726812,44.133320996791,0.));
#3745 = DIRECTION('',(0.,0.,-1.));
#3746 = DIRECTION('',(0.5,0.866025403784,0.));
#3747 = PCURVE('',#45,#3748);
#3748 = DEFINITIONAL_REPRESENTATION('',(#3749),#3757);
#3749 = ( BOUNDED_CURVE() B_SPLINE_CURVE(2,(#3750,#3751,#3752,#3753,
#3754,#3755,#3756),.UNSPECIFIED.,.T.,.F.) B_SPLINE_CURVE_WITH_KNOTS((1,2
    ,2,2,2,1),(-2.094395102393,0.,2.094395102393,4.188790204786,
6.28318530718,8.377580409573),.UNSPECIFIED.) CURVE() 
GEOMETRIC_REPRESENTATION_ITEM() RATIONAL_B_SPLINE_CURVE((1.,0.5,1.,0.5,
1.,0.5,1.)) REPRESENTATION_ITEM('') );
#3750 = CARTESIAN_POINT('',(29.483845726812,47.467518801361));
#3751 = CARTESIAN_POINT('',(35.258845726812,44.133320996791));
#3752 = CARTESIAN_POINT('',(29.483845726812,40.799123192221));
#3753 = CARTESIAN_POINT('',(23.708845726812,37.464925387651));
#3754 = CARTESIAN_POINT('',(23.708845726812,44.133320996791));
#3755 = CARTESIAN_POINT('',(23.708845726812,50.801716605931));
#3756 = CARTESIAN_POINT('',(29.483845726812,47.467518801361));
#3757 = ( GEOMETRIC_REPRESENTATION_CONTEXT(2) 
PARAMETRIC_REPRESENTATION_CONTEXT() REPRESENTATION_CONTEXT('2D SPACE',''
  ) );
#3758 = PCURVE('',#3759,#3764);
#3759 = CYLINDRICAL_SURFACE('',#3760,3.85);
#3760 = AXIS2_PLACEMENT_3D('',#3761,#3762,#3763);
#3761 = CARTESIAN_POINT('',(27.558845726812,44.133320996791,-5.E-02));
#3762 = DIRECTION('',(0.,-0.,-1.));
#3763 = DIRECTION('',(0.5,0.866025403784,-0.));
#3764 = DEFINITIONAL_REPRESENTATION('',(#3765),#3769);
#3765 = LINE('',#3766,#3767);
#3766 = CARTESIAN_POINT('',(0.,-5.E-02));
#3767 = VECTOR('',#3768,1.);
#3768 = DIRECTION('',(1.,0.));
#3769 = ( GEOMETRIC_REPRESENTATION_CONTEXT(2) 
PARAMETRIC_REPRESENTATION_CONTEXT() REPRESENTATION_CONTEXT('2D SPACE',''
  ) );
#3770 = ADVANCED_FACE('',(#3771),#129,.F.);
#3771 = FACE_BOUND('',#3772,.F.);
#3772 = EDGE_LOOP('',(#3773,#3774,#3802,#3821));
#3773 = ORIENTED_EDGE('',*,*,#116,.F.);
#3774 = ORIENTED_EDGE('',*,*,#3775,.T.);
#3775 = EDGE_CURVE('',#84,#3776,#3778,.T.);
#3776 = VERTEX_POINT('',#3777);
#3777 = CARTESIAN_POINT('',(-62.51620933471,31.491642866291,6.));
#3778 = SURFACE_CURVE('',#3779,(#3784,#3791),.PCURVE_S1.);
#3779 = CIRCLE('',#3780,4.);
#3780 = AXIS2_PLACEMENT_3D('',#3781,#3782,#3783);
#3781 = CARTESIAN_POINT('',(-60.22917386912,34.773329746406,6.));
#3782 = DIRECTION('',(0.,0.,-1.));
#3783 = DIRECTION('',(-1.,0.,0.));
#3784 = PCURVE('',#129,#3785);
#3785 = DEFINITIONAL_REPRESENTATION('',(#3786),#3790);
#3786 = LINE('',#3787,#3788);
#3787 = CARTESIAN_POINT('',(0.,0.));
#3788 = VECTOR('',#3789,1.);
#3789 = DIRECTION('',(1.,0.));
#3790 = ( GEOMETRIC_REPRESENTATION_CONTEXT(2) 
PARAMETRIC_REPRESENTATION_CONTEXT() REPRESENTATION_CONTEXT('2D SPACE',''
  ) );
#3791 = PCURVE('',#100,#3792);
#3792 = DEFINITIONAL_REPRESENTATION('',(#3793),#3801);
#3793 = ( BOUNDED_CURVE() B_SPLINE_CURVE(2,(#3794,#3795,#3796,#3797,
#3798,#3799,#3800),.UNSPECIFIED.,.T.,.F.) B_SPLINE_CURVE_WITH_KNOTS((1,2
    ,2,2,2,1),(-2.094395102393,0.,2.094395102393,4.188790204786,
6.28318530718,8.377580409573),.UNSPECIFIED.) CURVE() 
GEOMETRIC_REPRESENTATION_ITEM() RATIONAL_B_SPLINE_CURVE((1.,0.5,1.,0.5,
1.,0.5,1.)) REPRESENTATION_ITEM('') );
#3794 = CARTESIAN_POINT('',(-64.22917386912,34.773329746406));
#3795 = CARTESIAN_POINT('',(-64.22917386912,41.701532976682));
#3796 = CARTESIAN_POINT('',(-58.22917386912,38.237431361544));
#3797 = CARTESIAN_POINT('',(-52.22917386912,34.773329746406));
#3798 = CARTESIAN_POINT('',(-58.22917386912,31.309228131269));
#3799 = CARTESIAN_POINT('',(-64.22917386912,27.845126516131));
#3800 = CARTESIAN_POINT('',(-64.22917386912,34.773329746406));
#3801 = ( GEOMETRIC_REPRESENTATION_CONTEXT(2) 
PARAMETRIC_REPRESENTATION_CONTEXT() REPRESENTATION_CONTEXT('2D SPACE',''
  ) );
#3802 = ORIENTED_EDGE('',*,*,#3803,.T.);
#3803 = EDGE_CURVE('',#3776,#169,#3804,.T.);
#3804 = SURFACE_CURVE('',#3805,(#3809,#3815),.PCURVE_S1.);
#3805 = LINE('',#3806,#3807);
#3806 = CARTESIAN_POINT('',(-62.51620933471,31.491642866291,0.));
#3807 = VECTOR('',#3808,1.);
#3808 = DIRECTION('',(-0.,-0.,-1.));
#3809 = PCURVE('',#129,#3810);
#3810 = DEFINITIONAL_REPRESENTATION('',(#3811),#3814);
#3811 = B_SPLINE_CURVE_WITH_KNOTS('',1,(#3812,#3813),.UNSPECIFIED.,.F.,
  .F.,(2,2),(-6.0000006,6.E-07),.PIECEWISE_BEZIER_KNOTS.);
#3812 = CARTESIAN_POINT('',(5.321037094538,-5.999999990181E-07));
#3813 = CARTESIAN_POINT('',(5.321037094538,6.0000006));
#3814 = ( GEOMETRIC_REPRESENTATION_CONTEXT(2) 
PARAMETRIC_REPRESENTATION_CONTEXT() REPRESENTATION_CONTEXT('2D SPACE',''
  ) );
#3815 = PCURVE('',#211,#3816);
#3816 = DEFINITIONAL_REPRESENTATION('',(#3817),#3820);
#3817 = B_SPLINE_CURVE_WITH_KNOTS('',1,(#3818,#3819),.UNSPECIFIED.,.F.,
  .F.,(2,2),(-6.0000006,6.E-07),.PIECEWISE_BEZIER_KNOTS.);
#3818 = CARTESIAN_POINT('',(-2.674960998514,-6.0000006));
#3819 = CARTESIAN_POINT('',(-2.674960998514,6.E-07));
#3820 = ( GEOMETRIC_REPRESENTATION_CONTEXT(2) 
PARAMETRIC_REPRESENTATION_CONTEXT() REPRESENTATION_CONTEXT('2D SPACE',''
  ) );
#3821 = ORIENTED_EDGE('',*,*,#168,.F.);
#3822 = ADVANCED_FACE('',(#3823,#3877,#4289,#4501,#4913,#5125,#5537,
    #5903,#6115,#6527,#6557,#6769,#7181,#7211,#7423,#7835),#100,.T.);
#3823 = FACE_BOUND('',#3824,.T.);
#3824 = EDGE_LOOP('',(#3825,#3849,#3850,#3851));
#3825 = ORIENTED_EDGE('',*,*,#3826,.F.);
#3826 = EDGE_CURVE('',#58,#3827,#3829,.T.);
#3827 = VERTEX_POINT('',#3828);
#3828 = CARTESIAN_POINT('',(62.516209334715,31.491642866292,6.));
#3829 = SURFACE_CURVE('',#3830,(#3835,#3842),.PCURVE_S1.);
#3830 = CIRCLE('',#3831,4.);
#3831 = AXIS2_PLACEMENT_3D('',#3832,#3833,#3834);
#3832 = CARTESIAN_POINT('',(60.229173869122,34.773329746406,6.));
#3833 = DIRECTION('',(0.,0.,1.));
#3834 = DIRECTION('',(-0.424626618162,0.905368563154,0.));
#3835 = PCURVE('',#100,#3836);
#3836 = DEFINITIONAL_REPRESENTATION('',(#3837),#3841);
#3837 = CIRCLE('',#3838,4.);
#3838 = AXIS2_PLACEMENT_2D('',#3839,#3840);
#3839 = CARTESIAN_POINT('',(60.229173869122,34.773329746406));
#3840 = DIRECTION('',(-0.424626618162,0.905368563154));
#3841 = ( GEOMETRIC_REPRESENTATION_CONTEXT(2) 
PARAMETRIC_REPRESENTATION_CONTEXT() REPRESENTATION_CONTEXT('2D SPACE',''
  ) );
#3842 = PCURVE('',#72,#3843);
#3843 = DEFINITIONAL_REPRESENTATION('',(#3844),#3848);
#3844 = LINE('',#3845,#3846);
#3845 = CARTESIAN_POINT('',(7.415432196931,0.));
#3846 = VECTOR('',#3847,1.);
#3847 = DIRECTION('',(-1.,-0.));
#3848 = ( GEOMETRIC_REPRESENTATION_CONTEXT(2) 
PARAMETRIC_REPRESENTATION_CONTEXT() REPRESENTATION_CONTEXT('2D SPACE',''
  ) );
#3849 = ORIENTED_EDGE('',*,*,#83,.F.);
#3850 = ORIENTED_EDGE('',*,*,#3775,.T.);
#3851 = ORIENTED_EDGE('',*,*,#3852,.F.);
#3852 = EDGE_CURVE('',#3827,#3776,#3853,.T.);
#3853 = SURFACE_CURVE('',#3854,(#3859,#3870),.PCURVE_S1.);
#3854 = CIRCLE('',#3855,70.);
#3855 = AXIS2_PLACEMENT_3D('',#3856,#3857,#3858);
#3856 = CARTESIAN_POINT('',(0.,0.,6.));
#3857 = DIRECTION('',(0.,0.,-1.));
#3858 = DIRECTION('',(0.893088704782,0.449880612376,0.));
#3859 = PCURVE('',#100,#3860);
#3860 = DEFINITIONAL_REPRESENTATION('',(#3861),#3869);
#3861 = ( BOUNDED_CURVE() B_SPLINE_CURVE(2,(#3862,#3863,#3864,#3865,
#3866,#3867,#3868),.UNSPECIFIED.,.T.,.F.) B_SPLINE_CURVE_WITH_KNOTS((1,2
    ,2,2,2,1),(-2.094395102393,0.,2.094395102393,4.188790204786,
6.28318530718,8.377580409573),.UNSPECIFIED.) CURVE() 
GEOMETRIC_REPRESENTATION_ITEM() RATIONAL_B_SPLINE_CURVE((1.,0.5,1.,0.5,
1.,0.5,1.)) REPRESENTATION_ITEM('') );
#3862 = CARTESIAN_POINT('',(62.516209334715,31.491642866292));
#3863 = CARTESIAN_POINT('',(117.06133479294,-76.78960799804));
#3864 = CARTESIAN_POINT('',(-3.985541938242,-69.88644686531));
#3865 = CARTESIAN_POINT('',(-125.0324186694,-62.98328573258));
#3866 = CARTESIAN_POINT('',(-58.53066739647,38.394803999023));
#3867 = CARTESIAN_POINT('',(7.971083876483,139.77289373063));
#3868 = CARTESIAN_POINT('',(62.516209334715,31.491642866292));
#3869 = ( GEOMETRIC_REPRESENTATION_CONTEXT(2) 
PARAMETRIC_REPRESENTATION_CONTEXT() REPRESENTATION_CONTEXT('2D SPACE',''
  ) );
#3870 = PCURVE('',#211,#3871);
#3871 = DEFINITIONAL_REPRESENTATION('',(#3872),#3876);
#3872 = LINE('',#3873,#3874);
#3873 = CARTESIAN_POINT('',(-6.749816962256,-6.));
#3874 = VECTOR('',#3875,1.);
#3875 = DIRECTION('',(1.,-0.));
#3876 = ( GEOMETRIC_REPRESENTATION_CONTEXT(2) 
PARAMETRIC_REPRESENTATION_CONTEXT() REPRESENTATION_CONTEXT('2D SPACE',''
  ) );
#3877 = FACE_BOUND('',#3878,.T.);
#3878 = EDGE_LOOP('',(#3879,#3902,#3930,#3958,#3986,#4007,#4035,#4063,
    #4091,#4112,#4140,#4168,#4196,#4217,#4240,#4268));
#3879 = ORIENTED_EDGE('',*,*,#3880,.F.);
#3880 = EDGE_CURVE('',#3881,#3883,#3885,.T.);
#3881 = VERTEX_POINT('',#3882);
#3882 = CARTESIAN_POINT('',(-22.51615427318,-42.59912319222,6.));
#3883 = VERTEX_POINT('',#3884);
#3884 = CARTESIAN_POINT('',(-23.03576951545,-42.29912319222,6.));
#3885 = SURFACE_CURVE('',#3886,(#3890,#3896),.PCURVE_S1.);
#3886 = LINE('',#3887,#3888);
#3887 = CARTESIAN_POINT('',(-24.8544228634,-41.24912319222,6.));
#3888 = VECTOR('',#3889,1.);
#3889 = DIRECTION('',(-0.866025403784,0.5,0.));
#3890 = PCURVE('',#100,#3891);
#3891 = DEFINITIONAL_REPRESENTATION('',(#3892),#3895);
#3892 = B_SPLINE_CURVE_WITH_KNOTS('',1,(#3893,#3894),.UNSPECIFIED.,.F.,
  .F.,(2,2),(-2.7,0.9),.PIECEWISE_BEZIER_KNOTS.);
#3893 = CARTESIAN_POINT('',(-22.51615427318,-42.59912319222));
#3894 = CARTESIAN_POINT('',(-25.63384572681,-40.79912319222));
#3895 = ( GEOMETRIC_REPRESENTATION_CONTEXT(2) 
PARAMETRIC_REPRESENTATION_CONTEXT() REPRESENTATION_CONTEXT('2D SPACE',''
  ) );
#3896 = PCURVE('',#242,#3897);
#3897 = DEFINITIONAL_REPRESENTATION('',(#3898),#3901);
#3898 = B_SPLINE_CURVE_WITH_KNOTS('',1,(#3899,#3900),.UNSPECIFIED.,.F.,
  .F.,(2,2),(-2.7,0.9),.PIECEWISE_BEZIER_KNOTS.);
#3899 = CARTESIAN_POINT('',(3.6,-6.05));
#3900 = CARTESIAN_POINT('',(0.,-6.05));
#3901 = ( GEOMETRIC_REPRESENTATION_CONTEXT(2) 
PARAMETRIC_REPRESENTATION_CONTEXT() REPRESENTATION_CONTEXT('2D SPACE',''
  ) );
#3902 = ORIENTED_EDGE('',*,*,#3903,.T.);
#3903 = EDGE_CURVE('',#3881,#3904,#3906,.T.);
#3904 = VERTEX_POINT('',#3905);
#3905 = CARTESIAN_POINT('',(-20.62147102584,-46.41552415936,6.));
#3906 = SURFACE_CURVE('',#3907,(#3912,#3923),.PCURVE_S1.);
#3907 = CIRCLE('',#3908,3.85);
#3908 = AXIS2_PLACEMENT_3D('',#3909,#3910,#3911);
#3909 = CARTESIAN_POINT('',(-24.44115427318,-45.93332099679,6.));
#3910 = DIRECTION('',(0.,0.,-1.));
#3911 = DIRECTION('',(0.5,0.866025403784,0.));
#3912 = PCURVE('',#100,#3913);
#3913 = DEFINITIONAL_REPRESENTATION('',(#3914),#3922);
#3914 = ( BOUNDED_CURVE() B_SPLINE_CURVE(2,(#3915,#3916,#3917,#3918,
#3919,#3920,#3921),.UNSPECIFIED.,.T.,.F.) B_SPLINE_CURVE_WITH_KNOTS((1,2
    ,2,2,2,1),(-2.094395102393,0.,2.094395102393,4.188790204786,
6.28318530718,8.377580409573),.UNSPECIFIED.) CURVE() 
GEOMETRIC_REPRESENTATION_ITEM() RATIONAL_B_SPLINE_CURVE((1.,0.5,1.,0.5,
1.,0.5,1.)) REPRESENTATION_ITEM('') );
#3915 = CARTESIAN_POINT('',(-22.51615427318,-42.59912319222));
#3916 = CARTESIAN_POINT('',(-16.74115427318,-45.93332099679));
#3917 = CARTESIAN_POINT('',(-22.51615427318,-49.26751880136));
#3918 = CARTESIAN_POINT('',(-28.29115427318,-52.60171660593));
#3919 = CARTESIAN_POINT('',(-28.29115427318,-45.93332099679));
#3920 = CARTESIAN_POINT('',(-28.29115427318,-39.26492538765));
#3921 = CARTESIAN_POINT('',(-22.51615427318,-42.59912319222));
#3922 = ( GEOMETRIC_REPRESENTATION_CONTEXT(2) 
PARAMETRIC_REPRESENTATION_CONTEXT() REPRESENTATION_CONTEXT('2D SPACE',''
  ) );
#3923 = PCURVE('',#274,#3924);
#3924 = DEFINITIONAL_REPRESENTATION('',(#3925),#3929);
#3925 = LINE('',#3926,#3927);
#3926 = CARTESIAN_POINT('',(0.,-6.05));
#3927 = VECTOR('',#3928,1.);
#3928 = DIRECTION('',(1.,0.));
#3929 = ( GEOMETRIC_REPRESENTATION_CONTEXT(2) 
PARAMETRIC_REPRESENTATION_CONTEXT() REPRESENTATION_CONTEXT('2D SPACE',''
  ) );
#3930 = ORIENTED_EDGE('',*,*,#3931,.T.);
#3931 = EDGE_CURVE('',#3904,#3932,#3934,.T.);
#3932 = VERTEX_POINT('',#3933);
#3933 = CARTESIAN_POINT('',(-22.11371246094,-49.00016214211,6.));
#3934 = SURFACE_CURVE('',#3935,(#3940,#3951),.PCURVE_S1.);
#3935 = CIRCLE('',#3936,2.2);
#3936 = AXIS2_PLACEMENT_3D('',#3937,#3938,#3939);
#3937 = CARTESIAN_POINT('',(-22.76756018037,-46.89957099679,6.));
#3938 = DIRECTION('',(0.,0.,-1.));
#3939 = DIRECTION('',(0.5,0.866025403784,0.));
#3940 = PCURVE('',#100,#3941);
#3941 = DEFINITIONAL_REPRESENTATION('',(#3942),#3950);
#3942 = ( BOUNDED_CURVE() B_SPLINE_CURVE(2,(#3943,#3944,#3945,#3946,
#3947,#3948,#3949),.UNSPECIFIED.,.T.,.F.) B_SPLINE_CURVE_WITH_KNOTS((1,2
    ,2,2,2,1),(-2.094395102393,0.,2.094395102393,4.188790204786,
6.28318530718,8.377580409573),.UNSPECIFIED.) CURVE() 
GEOMETRIC_REPRESENTATION_ITEM() RATIONAL_B_SPLINE_CURVE((1.,0.5,1.,0.5,
1.,0.5,1.)) REPRESENTATION_ITEM('') );
#3943 = CARTESIAN_POINT('',(-21.66756018037,-44.99431510846));
#3944 = CARTESIAN_POINT('',(-18.36756018037,-46.89957099679));
#3945 = CARTESIAN_POINT('',(-21.66756018037,-48.80482688511));
#3946 = CARTESIAN_POINT('',(-24.96756018037,-50.71008277344));
#3947 = CARTESIAN_POINT('',(-24.96756018037,-46.89957099679));
#3948 = CARTESIAN_POINT('',(-24.96756018037,-43.08905922013));
#3949 = CARTESIAN_POINT('',(-21.66756018037,-44.99431510846));
#3950 = ( GEOMETRIC_REPRESENTATION_CONTEXT(2) 
PARAMETRIC_REPRESENTATION_CONTEXT() REPRESENTATION_CONTEXT('2D SPACE',''
  ) );
#3951 = PCURVE('',#307,#3952);
#3952 = DEFINITIONAL_REPRESENTATION('',(#3953),#3957);
#3953 = LINE('',#3954,#3955);
#3954 = CARTESIAN_POINT('',(0.,-6.05));
#3955 = VECTOR('',#3956,1.);
#3956 = DIRECTION('',(1.,0.));
#3957 = ( GEOMETRIC_REPRESENTATION_CONTEXT(2) 
PARAMETRIC_REPRESENTATION_CONTEXT() REPRESENTATION_CONTEXT('2D SPACE',''
  ) );
#3958 = ORIENTED_EDGE('',*,*,#3959,.T.);
#3959 = EDGE_CURVE('',#3932,#3960,#3962,.T.);
#3960 = VERTEX_POINT('',#3961);
#3961 = CARTESIAN_POINT('',(-26.36615427318,-49.26751880136,6.));
#3962 = SURFACE_CURVE('',#3963,(#3968,#3979),.PCURVE_S1.);
#3963 = CIRCLE('',#3964,3.85);
#3964 = AXIS2_PLACEMENT_3D('',#3965,#3966,#3967);
#3965 = CARTESIAN_POINT('',(-24.44115427318,-45.93332099679,6.));
#3966 = DIRECTION('',(0.,0.,-1.));
#3967 = DIRECTION('',(0.5,0.866025403784,0.));
#3968 = PCURVE('',#100,#3969);
#3969 = DEFINITIONAL_REPRESENTATION('',(#3970),#3978);
#3970 = ( BOUNDED_CURVE() B_SPLINE_CURVE(2,(#3971,#3972,#3973,#3974,
#3975,#3976,#3977),.UNSPECIFIED.,.T.,.F.) B_SPLINE_CURVE_WITH_KNOTS((1,2
    ,2,2,2,1),(-2.094395102393,0.,2.094395102393,4.188790204786,
6.28318530718,8.377580409573),.UNSPECIFIED.) CURVE() 
GEOMETRIC_REPRESENTATION_ITEM() RATIONAL_B_SPLINE_CURVE((1.,0.5,1.,0.5,
1.,0.5,1.)) REPRESENTATION_ITEM('') );
#3971 = CARTESIAN_POINT('',(-22.51615427318,-42.59912319222));
#3972 = CARTESIAN_POINT('',(-16.74115427318,-45.93332099679));
#3973 = CARTESIAN_POINT('',(-22.51615427318,-49.26751880136));
#3974 = CARTESIAN_POINT('',(-28.29115427318,-52.60171660593));
#3975 = CARTESIAN_POINT('',(-28.29115427318,-45.93332099679));
#3976 = CARTESIAN_POINT('',(-28.29115427318,-39.26492538765));
#3977 = CARTESIAN_POINT('',(-22.51615427318,-42.59912319222));
#3978 = ( GEOMETRIC_REPRESENTATION_CONTEXT(2) 
PARAMETRIC_REPRESENTATION_CONTEXT() REPRESENTATION_CONTEXT('2D SPACE',''
  ) );
#3979 = PCURVE('',#340,#3980);
#3980 = DEFINITIONAL_REPRESENTATION('',(#3981),#3985);
#3981 = LINE('',#3982,#3983);
#3982 = CARTESIAN_POINT('',(0.,-6.05));
#3983 = VECTOR('',#3984,1.);
#3984 = DIRECTION('',(1.,0.));
#3985 = ( GEOMETRIC_REPRESENTATION_CONTEXT(2) 
PARAMETRIC_REPRESENTATION_CONTEXT() REPRESENTATION_CONTEXT('2D SPACE',''
  ) );
#3986 = ORIENTED_EDGE('',*,*,#3987,.F.);
#3987 = EDGE_CURVE('',#3988,#3960,#3990,.T.);
#3988 = VERTEX_POINT('',#3989);
#3989 = CARTESIAN_POINT('',(-26.88576951545,-48.96751880136,6.));
#3990 = SURFACE_CURVE('',#3991,(#3995,#4001),.PCURVE_S1.);
#3991 = LINE('',#3992,#3993);
#3992 = CARTESIAN_POINT('',(-27.14557713659,-48.81751880136,6.));
#3993 = VECTOR('',#3994,1.);
#3994 = DIRECTION('',(0.866025403784,-0.5,0.));
#3995 = PCURVE('',#100,#3996);
#3996 = DEFINITIONAL_REPRESENTATION('',(#3997),#4000);
#3997 = B_SPLINE_CURVE_WITH_KNOTS('',1,(#3998,#3999),.UNSPECIFIED.,.F.,
  .F.,(2,2),(-2.7,0.9),.PIECEWISE_BEZIER_KNOTS.);
#3998 = CARTESIAN_POINT('',(-29.48384572681,-47.46751880136));
#3999 = CARTESIAN_POINT('',(-26.36615427318,-49.26751880136));
#4000 = ( GEOMETRIC_REPRESENTATION_CONTEXT(2) 
PARAMETRIC_REPRESENTATION_CONTEXT() REPRESENTATION_CONTEXT('2D SPACE',''
  ) );
#4001 = PCURVE('',#367,#4002);
#4002 = DEFINITIONAL_REPRESENTATION('',(#4003),#4006);
#4003 = B_SPLINE_CURVE_WITH_KNOTS('',1,(#4004,#4005),.UNSPECIFIED.,.F.,
  .F.,(2,2),(-2.7,0.9),.PIECEWISE_BEZIER_KNOTS.);
#4004 = CARTESIAN_POINT('',(3.6,-6.05));
#4005 = CARTESIAN_POINT('',(0.,-6.05));
#4006 = ( GEOMETRIC_REPRESENTATION_CONTEXT(2) 
PARAMETRIC_REPRESENTATION_CONTEXT() REPRESENTATION_CONTEXT('2D SPACE',''
  ) );
#4007 = ORIENTED_EDGE('',*,*,#4008,.F.);
#4008 = EDGE_CURVE('',#4009,#3988,#4011,.T.);
#4009 = VERTEX_POINT('',#4010);
#4010 = CARTESIAN_POINT('',(-32.96076951545,-59.48972745734,6.));
#4011 = SURFACE_CURVE('',#4012,(#4016,#4023),.PCURVE_S1.);
#4012 = LINE('',#4013,#4014);
#4013 = CARTESIAN_POINT('',(-32.96076951545,-59.48972745734,6.));
#4014 = VECTOR('',#4015,1.);
#4015 = DIRECTION('',(0.5,0.866025403784,0.));
#4016 = PCURVE('',#100,#4017);
#4017 = DEFINITIONAL_REPRESENTATION('',(#4018),#4022);
#4018 = LINE('',#4019,#4020);
#4019 = CARTESIAN_POINT('',(-32.96076951545,-59.48972745734));
#4020 = VECTOR('',#4021,1.);
#4021 = DIRECTION('',(0.5,0.866025403784));
#4022 = ( GEOMETRIC_REPRESENTATION_CONTEXT(2) 
PARAMETRIC_REPRESENTATION_CONTEXT() REPRESENTATION_CONTEXT('2D SPACE',''
  ) );
#4023 = PCURVE('',#4024,#4029);
#4024 = PLANE('',#4025);
#4025 = AXIS2_PLACEMENT_3D('',#4026,#4027,#4028);
#4026 = CARTESIAN_POINT('',(-32.96076951545,-59.48972745734,6.));
#4027 = DIRECTION('',(-0.866025403784,0.5,0.));
#4028 = DIRECTION('',(0.5,0.866025403784,0.));
#4029 = DEFINITIONAL_REPRESENTATION('',(#4030),#4034);
#4030 = LINE('',#4031,#4032);
#4031 = CARTESIAN_POINT('',(0.,0.));
#4032 = VECTOR('',#4033,1.);
#4033 = DIRECTION('',(1.,0.));
#4034 = ( GEOMETRIC_REPRESENTATION_CONTEXT(2) 
PARAMETRIC_REPRESENTATION_CONTEXT() REPRESENTATION_CONTEXT('2D SPACE',''
  ) );
#4035 = ORIENTED_EDGE('',*,*,#4036,.F.);
#4036 = EDGE_CURVE('',#4037,#4009,#4039,.T.);
#4037 = VERTEX_POINT('',#4038);
#4038 = CARTESIAN_POINT('',(-35.03923048454,-58.28972745734,6.));
#4039 = SURFACE_CURVE('',#4040,(#4044,#4051),.PCURVE_S1.);
#4040 = LINE('',#4041,#4042);
#4041 = CARTESIAN_POINT('',(-35.03923048454,-58.28972745734,6.));
#4042 = VECTOR('',#4043,1.);
#4043 = DIRECTION('',(0.866025403784,-0.5,0.));
#4044 = PCURVE('',#100,#4045);
#4045 = DEFINITIONAL_REPRESENTATION('',(#4046),#4050);
#4046 = LINE('',#4047,#4048);
#4047 = CARTESIAN_POINT('',(-35.03923048454,-58.28972745734));
#4048 = VECTOR('',#4049,1.);
#4049 = DIRECTION('',(0.866025403784,-0.5));
#4050 = ( GEOMETRIC_REPRESENTATION_CONTEXT(2) 
PARAMETRIC_REPRESENTATION_CONTEXT() REPRESENTATION_CONTEXT('2D SPACE',''
  ) );
#4051 = PCURVE('',#4052,#4057);
#4052 = PLANE('',#4053);
#4053 = AXIS2_PLACEMENT_3D('',#4054,#4055,#4056);
#4054 = CARTESIAN_POINT('',(-35.03923048454,-58.28972745734,6.));
#4055 = DIRECTION('',(0.5,0.866025403784,-0.));
#4056 = DIRECTION('',(0.866025403784,-0.5,0.));
#4057 = DEFINITIONAL_REPRESENTATION('',(#4058),#4062);
#4058 = LINE('',#4059,#4060);
#4059 = CARTESIAN_POINT('',(0.,0.));
#4060 = VECTOR('',#4061,1.);
#4061 = DIRECTION('',(1.,0.));
#4062 = ( GEOMETRIC_REPRESENTATION_CONTEXT(2) 
PARAMETRIC_REPRESENTATION_CONTEXT() REPRESENTATION_CONTEXT('2D SPACE',''
  ) );
#4063 = ORIENTED_EDGE('',*,*,#4064,.F.);
#4064 = EDGE_CURVE('',#4065,#4037,#4067,.T.);
#4065 = VERTEX_POINT('',#4066);
#4066 = CARTESIAN_POINT('',(-28.96423048454,-47.76751880136,6.));
#4067 = SURFACE_CURVE('',#4068,(#4072,#4079),.PCURVE_S1.);
#4068 = LINE('',#4069,#4070);
#4069 = CARTESIAN_POINT('',(-9.039230484541,-13.25640646055,6.));
#4070 = VECTOR('',#4071,1.);
#4071 = DIRECTION('',(-0.5,-0.866025403784,0.));
#4072 = PCURVE('',#100,#4073);
#4073 = DEFINITIONAL_REPRESENTATION('',(#4074),#4078);
#4074 = LINE('',#4075,#4076);
#4075 = CARTESIAN_POINT('',(-9.039230484541,-13.25640646055));
#4076 = VECTOR('',#4077,1.);
#4077 = DIRECTION('',(-0.5,-0.866025403784));
#4078 = ( GEOMETRIC_REPRESENTATION_CONTEXT(2) 
PARAMETRIC_REPRESENTATION_CONTEXT() REPRESENTATION_CONTEXT('2D SPACE',''
  ) );
#4079 = PCURVE('',#4080,#4085);
#4080 = PLANE('',#4081);
#4081 = AXIS2_PLACEMENT_3D('',#4082,#4083,#4084);
#4082 = CARTESIAN_POINT('',(-9.039230484541,-13.25640646055,6.));
#4083 = DIRECTION('',(0.866025403784,-0.5,0.));
#4084 = DIRECTION('',(-0.5,-0.866025403784,0.));
#4085 = DEFINITIONAL_REPRESENTATION('',(#4086),#4090);
#4086 = LINE('',#4087,#4088);
#4087 = CARTESIAN_POINT('',(0.,0.));
#4088 = VECTOR('',#4089,1.);
#4089 = DIRECTION('',(1.,0.));
#4090 = ( GEOMETRIC_REPRESENTATION_CONTEXT(2) 
PARAMETRIC_REPRESENTATION_CONTEXT() REPRESENTATION_CONTEXT('2D SPACE',''
  ) );
#4091 = ORIENTED_EDGE('',*,*,#4092,.F.);
#4092 = EDGE_CURVE('',#4093,#4065,#4095,.T.);
#4093 = VERTEX_POINT('',#4094);
#4094 = CARTESIAN_POINT('',(-29.48384572681,-47.46751880136,6.));
#4095 = SURFACE_CURVE('',#4096,(#4100,#4106),.PCURVE_S1.);
#4096 = LINE('',#4097,#4098);
#4097 = CARTESIAN_POINT('',(-27.14557713659,-48.81751880136,6.));
#4098 = VECTOR('',#4099,1.);
#4099 = DIRECTION('',(0.866025403784,-0.5,0.));
#4100 = PCURVE('',#100,#4101);
#4101 = DEFINITIONAL_REPRESENTATION('',(#4102),#4105);
#4102 = B_SPLINE_CURVE_WITH_KNOTS('',1,(#4103,#4104),.UNSPECIFIED.,.F.,
  .F.,(2,2),(-2.7,0.9),.PIECEWISE_BEZIER_KNOTS.);
#4103 = CARTESIAN_POINT('',(-29.48384572681,-47.46751880136));
#4104 = CARTESIAN_POINT('',(-26.36615427318,-49.26751880136));
#4105 = ( GEOMETRIC_REPRESENTATION_CONTEXT(2) 
PARAMETRIC_REPRESENTATION_CONTEXT() REPRESENTATION_CONTEXT('2D SPACE',''
  ) );
#4106 = PCURVE('',#367,#4107);
#4107 = DEFINITIONAL_REPRESENTATION('',(#4108),#4111);
#4108 = B_SPLINE_CURVE_WITH_KNOTS('',1,(#4109,#4110),.UNSPECIFIED.,.F.,
  .F.,(2,2),(-2.7,0.9),.PIECEWISE_BEZIER_KNOTS.);
#4109 = CARTESIAN_POINT('',(3.6,-6.05));
#4110 = CARTESIAN_POINT('',(0.,-6.05));
#4111 = ( GEOMETRIC_REPRESENTATION_CONTEXT(2) 
PARAMETRIC_REPRESENTATION_CONTEXT() REPRESENTATION_CONTEXT('2D SPACE',''
  ) );
#4112 = ORIENTED_EDGE('',*,*,#4113,.T.);
#4113 = EDGE_CURVE('',#4093,#4114,#4116,.T.);
#4114 = VERTEX_POINT('',#4115);
#4115 = CARTESIAN_POINT('',(-31.37852897415,-43.65111783422,6.));
#4116 = SURFACE_CURVE('',#4117,(#4122,#4133),.PCURVE_S1.);
#4117 = CIRCLE('',#4118,3.85);
#4118 = AXIS2_PLACEMENT_3D('',#4119,#4120,#4121);
#4119 = CARTESIAN_POINT('',(-27.55884572681,-44.13332099679,6.));
#4120 = DIRECTION('',(-0.,0.,-1.));
#4121 = DIRECTION('',(-0.5,-0.866025403784,0.));
#4122 = PCURVE('',#100,#4123);
#4123 = DEFINITIONAL_REPRESENTATION('',(#4124),#4132);
#4124 = ( BOUNDED_CURVE() B_SPLINE_CURVE(2,(#4125,#4126,#4127,#4128,
#4129,#4130,#4131),.UNSPECIFIED.,.T.,.F.) B_SPLINE_CURVE_WITH_KNOTS((1,2
    ,2,2,2,1),(-2.094395102393,0.,2.094395102393,4.188790204786,
6.28318530718,8.377580409573),.UNSPECIFIED.) CURVE() 
GEOMETRIC_REPRESENTATION_ITEM() RATIONAL_B_SPLINE_CURVE((1.,0.5,1.,0.5,
1.,0.5,1.)) REPRESENTATION_ITEM('') );
#4125 = CARTESIAN_POINT('',(-29.48384572681,-47.46751880136));
#4126 = CARTESIAN_POINT('',(-35.25884572681,-44.13332099679));
#4127 = CARTESIAN_POINT('',(-29.48384572681,-40.79912319222));
#4128 = CARTESIAN_POINT('',(-23.70884572681,-37.46492538765));
#4129 = CARTESIAN_POINT('',(-23.70884572681,-44.13332099679));
#4130 = CARTESIAN_POINT('',(-23.70884572681,-50.80171660593));
#4131 = CARTESIAN_POINT('',(-29.48384572681,-47.46751880136));
#4132 = ( GEOMETRIC_REPRESENTATION_CONTEXT(2) 
PARAMETRIC_REPRESENTATION_CONTEXT() REPRESENTATION_CONTEXT('2D SPACE',''
  ) );
#4133 = PCURVE('',#399,#4134);
#4134 = DEFINITIONAL_REPRESENTATION('',(#4135),#4139);
#4135 = LINE('',#4136,#4137);
#4136 = CARTESIAN_POINT('',(0.,-6.05));
#4137 = VECTOR('',#4138,1.);
#4138 = DIRECTION('',(1.,0.));
#4139 = ( GEOMETRIC_REPRESENTATION_CONTEXT(2) 
PARAMETRIC_REPRESENTATION_CONTEXT() REPRESENTATION_CONTEXT('2D SPACE',''
  ) );
#4140 = ORIENTED_EDGE('',*,*,#4141,.T.);
#4141 = EDGE_CURVE('',#4114,#4142,#4144,.T.);
#4142 = VERTEX_POINT('',#4143);
#4143 = CARTESIAN_POINT('',(-29.88628753905,-41.06647985147,6.));
#4144 = SURFACE_CURVE('',#4145,(#4150,#4161),.PCURVE_S1.);
#4145 = CIRCLE('',#4146,2.2);
#4146 = AXIS2_PLACEMENT_3D('',#4147,#4148,#4149);
#4147 = CARTESIAN_POINT('',(-29.23243981962,-43.16707099679,6.));
#4148 = DIRECTION('',(-0.,0.,-1.));
#4149 = DIRECTION('',(-0.5,-0.866025403784,0.));
#4150 = PCURVE('',#100,#4151);
#4151 = DEFINITIONAL_REPRESENTATION('',(#4152),#4160);
#4152 = ( BOUNDED_CURVE() B_SPLINE_CURVE(2,(#4153,#4154,#4155,#4156,
#4157,#4158,#4159),.UNSPECIFIED.,.T.,.F.) B_SPLINE_CURVE_WITH_KNOTS((1,2
    ,2,2,2,1),(-2.094395102393,0.,2.094395102393,4.188790204786,
6.28318530718,8.377580409573),.UNSPECIFIED.) CURVE() 
GEOMETRIC_REPRESENTATION_ITEM() RATIONAL_B_SPLINE_CURVE((1.,0.5,1.,0.5,
1.,0.5,1.)) REPRESENTATION_ITEM('') );
#4153 = CARTESIAN_POINT('',(-30.33243981962,-45.07232688511));
#4154 = CARTESIAN_POINT('',(-33.63243981962,-43.16707099679));
#4155 = CARTESIAN_POINT('',(-30.33243981962,-41.26181510846));
#4156 = CARTESIAN_POINT('',(-27.03243981962,-39.35655922013));
#4157 = CARTESIAN_POINT('',(-27.03243981962,-43.16707099679));
#4158 = CARTESIAN_POINT('',(-27.03243981962,-46.97758277344));
#4159 = CARTESIAN_POINT('',(-30.33243981962,-45.07232688511));
#4160 = ( GEOMETRIC_REPRESENTATION_CONTEXT(2) 
PARAMETRIC_REPRESENTATION_CONTEXT() REPRESENTATION_CONTEXT('2D SPACE',''
  ) );
#4161 = PCURVE('',#432,#4162);
#4162 = DEFINITIONAL_REPRESENTATION('',(#4163),#4167);
#4163 = LINE('',#4164,#4165);
#4164 = CARTESIAN_POINT('',(0.,-6.05));
#4165 = VECTOR('',#4166,1.);
#4166 = DIRECTION('',(1.,0.));
#4167 = ( GEOMETRIC_REPRESENTATION_CONTEXT(2) 
PARAMETRIC_REPRESENTATION_CONTEXT() REPRESENTATION_CONTEXT('2D SPACE',''
  ) );
#4168 = ORIENTED_EDGE('',*,*,#4169,.T.);
#4169 = EDGE_CURVE('',#4142,#4170,#4172,.T.);
#4170 = VERTEX_POINT('',#4171);
#4171 = CARTESIAN_POINT('',(-25.63384572681,-40.79912319222,6.));
#4172 = SURFACE_CURVE('',#4173,(#4178,#4189),.PCURVE_S1.);
#4173 = CIRCLE('',#4174,3.85);
#4174 = AXIS2_PLACEMENT_3D('',#4175,#4176,#4177);
#4175 = CARTESIAN_POINT('',(-27.55884572681,-44.13332099679,6.));
#4176 = DIRECTION('',(-0.,0.,-1.));
#4177 = DIRECTION('',(-0.5,-0.866025403784,0.));
#4178 = PCURVE('',#100,#4179);
#4179 = DEFINITIONAL_REPRESENTATION('',(#4180),#4188);
#4180 = ( BOUNDED_CURVE() B_SPLINE_CURVE(2,(#4181,#4182,#4183,#4184,
#4185,#4186,#4187),.UNSPECIFIED.,.T.,.F.) B_SPLINE_CURVE_WITH_KNOTS((1,2
    ,2,2,2,1),(-2.094395102393,0.,2.094395102393,4.188790204786,
6.28318530718,8.377580409573),.UNSPECIFIED.) CURVE() 
GEOMETRIC_REPRESENTATION_ITEM() RATIONAL_B_SPLINE_CURVE((1.,0.5,1.,0.5,
1.,0.5,1.)) REPRESENTATION_ITEM('') );
#4181 = CARTESIAN_POINT('',(-29.48384572681,-47.46751880136));
#4182 = CARTESIAN_POINT('',(-35.25884572681,-44.13332099679));
#4183 = CARTESIAN_POINT('',(-29.48384572681,-40.79912319222));
#4184 = CARTESIAN_POINT('',(-23.70884572681,-37.46492538765));
#4185 = CARTESIAN_POINT('',(-23.70884572681,-44.13332099679));
#4186 = CARTESIAN_POINT('',(-23.70884572681,-50.80171660593));
#4187 = CARTESIAN_POINT('',(-29.48384572681,-47.46751880136));
#4188 = ( GEOMETRIC_REPRESENTATION_CONTEXT(2) 
PARAMETRIC_REPRESENTATION_CONTEXT() REPRESENTATION_CONTEXT('2D SPACE',''
  ) );
#4189 = PCURVE('',#463,#4190);
#4190 = DEFINITIONAL_REPRESENTATION('',(#4191),#4195);
#4191 = LINE('',#4192,#4193);
#4192 = CARTESIAN_POINT('',(0.,-6.05));
#4193 = VECTOR('',#4194,1.);
#4194 = DIRECTION('',(1.,0.));
#4195 = ( GEOMETRIC_REPRESENTATION_CONTEXT(2) 
PARAMETRIC_REPRESENTATION_CONTEXT() REPRESENTATION_CONTEXT('2D SPACE',''
  ) );
#4196 = ORIENTED_EDGE('',*,*,#4197,.F.);
#4197 = EDGE_CURVE('',#4198,#4170,#4200,.T.);
#4198 = VERTEX_POINT('',#4199);
#4199 = CARTESIAN_POINT('',(-25.11423048454,-41.09912319222,6.));
#4200 = SURFACE_CURVE('',#4201,(#4205,#4211),.PCURVE_S1.);
#4201 = LINE('',#4202,#4203);
#4202 = CARTESIAN_POINT('',(-24.8544228634,-41.24912319222,6.));
#4203 = VECTOR('',#4204,1.);
#4204 = DIRECTION('',(-0.866025403784,0.5,0.));
#4205 = PCURVE('',#100,#4206);
#4206 = DEFINITIONAL_REPRESENTATION('',(#4207),#4210);
#4207 = B_SPLINE_CURVE_WITH_KNOTS('',1,(#4208,#4209),.UNSPECIFIED.,.F.,
  .F.,(2,2),(-2.7,0.9),.PIECEWISE_BEZIER_KNOTS.);
#4208 = CARTESIAN_POINT('',(-22.51615427318,-42.59912319222));
#4209 = CARTESIAN_POINT('',(-25.63384572681,-40.79912319222));
#4210 = ( GEOMETRIC_REPRESENTATION_CONTEXT(2) 
PARAMETRIC_REPRESENTATION_CONTEXT() REPRESENTATION_CONTEXT('2D SPACE',''
  ) );
#4211 = PCURVE('',#242,#4212);
#4212 = DEFINITIONAL_REPRESENTATION('',(#4213),#4216);
#4213 = B_SPLINE_CURVE_WITH_KNOTS('',1,(#4214,#4215),.UNSPECIFIED.,.F.,
  .F.,(2,2),(-2.7,0.9),.PIECEWISE_BEZIER_KNOTS.);
#4214 = CARTESIAN_POINT('',(3.6,-6.05));
#4215 = CARTESIAN_POINT('',(0.,-6.05));
#4216 = ( GEOMETRIC_REPRESENTATION_CONTEXT(2) 
PARAMETRIC_REPRESENTATION_CONTEXT() REPRESENTATION_CONTEXT('2D SPACE',''
  ) );
#4217 = ORIENTED_EDGE('',*,*,#4218,.F.);
#4218 = EDGE_CURVE('',#4219,#4198,#4221,.T.);
#4219 = VERTEX_POINT('',#4220);
#4220 = CARTESIAN_POINT('',(-9.039230484541,-13.25640646055,6.));
#4221 = SURFACE_CURVE('',#4222,(#4226,#4233),.PCURVE_S1.);
#4222 = LINE('',#4223,#4224);
#4223 = CARTESIAN_POINT('',(-9.039230484541,-13.25640646055,6.));
#4224 = VECTOR('',#4225,1.);
#4225 = DIRECTION('',(-0.5,-0.866025403784,0.));
#4226 = PCURVE('',#100,#4227);
#4227 = DEFINITIONAL_REPRESENTATION('',(#4228),#4232);
#4228 = LINE('',#4229,#4230);
#4229 = CARTESIAN_POINT('',(-9.039230484541,-13.25640646055));
#4230 = VECTOR('',#4231,1.);
#4231 = DIRECTION('',(-0.5,-0.866025403784));
#4232 = ( GEOMETRIC_REPRESENTATION_CONTEXT(2) 
PARAMETRIC_REPRESENTATION_CONTEXT() REPRESENTATION_CONTEXT('2D SPACE',''
  ) );
#4233 = PCURVE('',#4080,#4234);
#4234 = DEFINITIONAL_REPRESENTATION('',(#4235),#4239);
#4235 = LINE('',#4236,#4237);
#4236 = CARTESIAN_POINT('',(0.,0.));
#4237 = VECTOR('',#4238,1.);
#4238 = DIRECTION('',(1.,0.));
#4239 = ( GEOMETRIC_REPRESENTATION_CONTEXT(2) 
PARAMETRIC_REPRESENTATION_CONTEXT() REPRESENTATION_CONTEXT('2D SPACE',''
  ) );
#4240 = ORIENTED_EDGE('',*,*,#4241,.F.);
#4241 = EDGE_CURVE('',#4242,#4219,#4244,.T.);
#4242 = VERTEX_POINT('',#4243);
#4243 = CARTESIAN_POINT('',(-6.960769515459,-14.45640646055,6.));
#4244 = SURFACE_CURVE('',#4245,(#4249,#4256),.PCURVE_S1.);
#4245 = LINE('',#4246,#4247);
#4246 = CARTESIAN_POINT('',(-6.960769515459,-14.45640646055,6.));
#4247 = VECTOR('',#4248,1.);
#4248 = DIRECTION('',(-0.866025403784,0.5,0.));
#4249 = PCURVE('',#100,#4250);
#4250 = DEFINITIONAL_REPRESENTATION('',(#4251),#4255);
#4251 = LINE('',#4252,#4253);
#4252 = CARTESIAN_POINT('',(-6.960769515459,-14.45640646055));
#4253 = VECTOR('',#4254,1.);
#4254 = DIRECTION('',(-0.866025403784,0.5));
#4255 = ( GEOMETRIC_REPRESENTATION_CONTEXT(2) 
PARAMETRIC_REPRESENTATION_CONTEXT() REPRESENTATION_CONTEXT('2D SPACE',''
  ) );
#4256 = PCURVE('',#4257,#4262);
#4257 = PLANE('',#4258);
#4258 = AXIS2_PLACEMENT_3D('',#4259,#4260,#4261);
#4259 = CARTESIAN_POINT('',(-6.960769515459,-14.45640646055,6.));
#4260 = DIRECTION('',(-0.5,-0.866025403784,0.));
#4261 = DIRECTION('',(-0.866025403784,0.5,0.));
#4262 = DEFINITIONAL_REPRESENTATION('',(#4263),#4267);
#4263 = LINE('',#4264,#4265);
#4264 = CARTESIAN_POINT('',(0.,0.));
#4265 = VECTOR('',#4266,1.);
#4266 = DIRECTION('',(1.,0.));
#4267 = ( GEOMETRIC_REPRESENTATION_CONTEXT(2) 
PARAMETRIC_REPRESENTATION_CONTEXT() REPRESENTATION_CONTEXT('2D SPACE',''
  ) );
#4268 = ORIENTED_EDGE('',*,*,#4269,.F.);
#4269 = EDGE_CURVE('',#3883,#4242,#4270,.T.);
#4270 = SURFACE_CURVE('',#4271,(#4275,#4282),.PCURVE_S1.);
#4271 = LINE('',#4272,#4273);
#4272 = CARTESIAN_POINT('',(-32.96076951545,-59.48972745734,6.));
#4273 = VECTOR('',#4274,1.);
#4274 = DIRECTION('',(0.5,0.866025403784,0.));
#4275 = PCURVE('',#100,#4276);
#4276 = DEFINITIONAL_REPRESENTATION('',(#4277),#4281);
#4277 = LINE('',#4278,#4279);
#4278 = CARTESIAN_POINT('',(-32.96076951545,-59.48972745734));
#4279 = VECTOR('',#4280,1.);
#4280 = DIRECTION('',(0.5,0.866025403784));
#4281 = ( GEOMETRIC_REPRESENTATION_CONTEXT(2) 
PARAMETRIC_REPRESENTATION_CONTEXT() REPRESENTATION_CONTEXT('2D SPACE',''
  ) );
#4282 = PCURVE('',#4024,#4283);
#4283 = DEFINITIONAL_REPRESENTATION('',(#4284),#4288);
#4284 = LINE('',#4285,#4286);
#4285 = CARTESIAN_POINT('',(0.,0.));
#4286 = VECTOR('',#4287,1.);
#4287 = DIRECTION('',(1.,0.));
#4288 = ( GEOMETRIC_REPRESENTATION_CONTEXT(2) 
PARAMETRIC_REPRESENTATION_CONTEXT() REPRESENTATION_CONTEXT('2D SPACE',''
  ) );
#4289 = FACE_BOUND('',#4290,.T.);
#4290 = EDGE_LOOP('',(#4291,#4314,#4342,#4370,#4398,#4419,#4447,#4475));
#4291 = ORIENTED_EDGE('',*,*,#4292,.F.);
#4292 = EDGE_CURVE('',#4293,#4295,#4297,.T.);
#4293 = VERTEX_POINT('',#4294);
#4294 = CARTESIAN_POINT('',(-40.79912319222,-25.63384572681,6.));
#4295 = VERTEX_POINT('',#4296);
#4296 = CARTESIAN_POINT('',(-42.59912319222,-22.51615427318,6.));
#4297 = SURFACE_CURVE('',#4298,(#4302,#4308),.PCURVE_S1.);
#4298 = LINE('',#4299,#4300);
#4299 = CARTESIAN_POINT('',(-42.14912319222,-23.29557713659,6.));
#4300 = VECTOR('',#4301,1.);
#4301 = DIRECTION('',(-0.5,0.866025403784,0.));
#4302 = PCURVE('',#100,#4303);
#4303 = DEFINITIONAL_REPRESENTATION('',(#4304),#4307);
#4304 = B_SPLINE_CURVE_WITH_KNOTS('',1,(#4305,#4306),.UNSPECIFIED.,.F.,
  .F.,(2,2),(-2.7,0.9),.PIECEWISE_BEZIER_KNOTS.);
#4305 = CARTESIAN_POINT('',(-40.79912319222,-25.63384572681));
#4306 = CARTESIAN_POINT('',(-42.59912319222,-22.51615427318));
#4307 = ( GEOMETRIC_REPRESENTATION_CONTEXT(2) 
PARAMETRIC_REPRESENTATION_CONTEXT() REPRESENTATION_CONTEXT('2D SPACE',''
  ) );
#4308 = PCURVE('',#746,#4309);
#4309 = DEFINITIONAL_REPRESENTATION('',(#4310),#4313);
#4310 = B_SPLINE_CURVE_WITH_KNOTS('',1,(#4311,#4312),.UNSPECIFIED.,.F.,
  .F.,(2,2),(-2.7,0.9),.PIECEWISE_BEZIER_KNOTS.);
#4311 = CARTESIAN_POINT('',(3.6,-6.05));
#4312 = CARTESIAN_POINT('',(0.,-6.05));
#4313 = ( GEOMETRIC_REPRESENTATION_CONTEXT(2) 
PARAMETRIC_REPRESENTATION_CONTEXT() REPRESENTATION_CONTEXT('2D SPACE',''
  ) );
#4314 = ORIENTED_EDGE('',*,*,#4315,.T.);
#4315 = EDGE_CURVE('',#4293,#4316,#4318,.T.);
#4316 = VERTEX_POINT('',#4317);
#4317 = CARTESIAN_POINT('',(-41.06647985147,-29.88628753905,6.));
#4318 = SURFACE_CURVE('',#4319,(#4324,#4335),.PCURVE_S1.);
#4319 = CIRCLE('',#4320,3.85);
#4320 = AXIS2_PLACEMENT_3D('',#4321,#4322,#4323);
#4321 = CARTESIAN_POINT('',(-44.13332099679,-27.55884572681,6.));
#4322 = DIRECTION('',(0.,0.,-1.));
#4323 = DIRECTION('',(0.866025403784,0.5,0.));
#4324 = PCURVE('',#100,#4325);
#4325 = DEFINITIONAL_REPRESENTATION('',(#4326),#4334);
#4326 = ( BOUNDED_CURVE() B_SPLINE_CURVE(2,(#4327,#4328,#4329,#4330,
#4331,#4332,#4333),.UNSPECIFIED.,.T.,.F.) B_SPLINE_CURVE_WITH_KNOTS((1,2
    ,2,2,2,1),(-2.094395102393,0.,2.094395102393,4.188790204786,
6.28318530718,8.377580409573),.UNSPECIFIED.) CURVE() 
GEOMETRIC_REPRESENTATION_ITEM() RATIONAL_B_SPLINE_CURVE((1.,0.5,1.,0.5,
1.,0.5,1.)) REPRESENTATION_ITEM('') );
#4327 = CARTESIAN_POINT('',(-40.79912319222,-25.63384572681));
#4328 = CARTESIAN_POINT('',(-37.46492538765,-31.40884572681));
#4329 = CARTESIAN_POINT('',(-44.13332099679,-31.40884572681));
#4330 = CARTESIAN_POINT('',(-50.80171660593,-31.40884572681));
#4331 = CARTESIAN_POINT('',(-47.46751880136,-25.63384572681));
#4332 = CARTESIAN_POINT('',(-44.13332099679,-19.85884572681));
#4333 = CARTESIAN_POINT('',(-40.79912319222,-25.63384572681));
#4334 = ( GEOMETRIC_REPRESENTATION_CONTEXT(2) 
PARAMETRIC_REPRESENTATION_CONTEXT() REPRESENTATION_CONTEXT('2D SPACE',''
  ) );
#4335 = PCURVE('',#778,#4336);
#4336 = DEFINITIONAL_REPRESENTATION('',(#4337),#4341);
#4337 = LINE('',#4338,#4339);
#4338 = CARTESIAN_POINT('',(0.,-6.05));
#4339 = VECTOR('',#4340,1.);
#4340 = DIRECTION('',(1.,0.));
#4341 = ( GEOMETRIC_REPRESENTATION_CONTEXT(2) 
PARAMETRIC_REPRESENTATION_CONTEXT() REPRESENTATION_CONTEXT('2D SPACE',''
  ) );
#4342 = ORIENTED_EDGE('',*,*,#4343,.T.);
#4343 = EDGE_CURVE('',#4316,#4344,#4346,.T.);
#4344 = VERTEX_POINT('',#4345);
#4345 = CARTESIAN_POINT('',(-43.65111783422,-31.37852897415,6.));
#4346 = SURFACE_CURVE('',#4347,(#4352,#4363),.PCURVE_S1.);
#4347 = CIRCLE('',#4348,2.2);
#4348 = AXIS2_PLACEMENT_3D('',#4349,#4350,#4351);
#4349 = CARTESIAN_POINT('',(-43.16707099679,-29.23243981962,6.));
#4350 = DIRECTION('',(0.,0.,-1.));
#4351 = DIRECTION('',(0.866025403784,0.5,0.));
#4352 = PCURVE('',#100,#4353);
#4353 = DEFINITIONAL_REPRESENTATION('',(#4354),#4362);
#4354 = ( BOUNDED_CURVE() B_SPLINE_CURVE(2,(#4355,#4356,#4357,#4358,
#4359,#4360,#4361),.UNSPECIFIED.,.T.,.F.) B_SPLINE_CURVE_WITH_KNOTS((1,2
    ,2,2,2,1),(-2.094395102393,0.,2.094395102393,4.188790204786,
6.28318530718,8.377580409573),.UNSPECIFIED.) CURVE() 
GEOMETRIC_REPRESENTATION_ITEM() RATIONAL_B_SPLINE_CURVE((1.,0.5,1.,0.5,
1.,0.5,1.)) REPRESENTATION_ITEM('') );
#4355 = CARTESIAN_POINT('',(-41.26181510846,-28.13243981962));
#4356 = CARTESIAN_POINT('',(-39.35655922013,-31.43243981962));
#4357 = CARTESIAN_POINT('',(-43.16707099679,-31.43243981962));
#4358 = CARTESIAN_POINT('',(-46.97758277344,-31.43243981962));
#4359 = CARTESIAN_POINT('',(-45.07232688511,-28.13243981962));
#4360 = CARTESIAN_POINT('',(-43.16707099679,-24.83243981962));
#4361 = CARTESIAN_POINT('',(-41.26181510846,-28.13243981962));
#4362 = ( GEOMETRIC_REPRESENTATION_CONTEXT(2) 
PARAMETRIC_REPRESENTATION_CONTEXT() REPRESENTATION_CONTEXT('2D SPACE',''
  ) );
#4363 = PCURVE('',#811,#4364);
#4364 = DEFINITIONAL_REPRESENTATION('',(#4365),#4369);
#4365 = LINE('',#4366,#4367);
#4366 = CARTESIAN_POINT('',(0.,-6.05));
#4367 = VECTOR('',#4368,1.);
#4368 = DIRECTION('',(1.,0.));
#4369 = ( GEOMETRIC_REPRESENTATION_CONTEXT(2) 
PARAMETRIC_REPRESENTATION_CONTEXT() REPRESENTATION_CONTEXT('2D SPACE',''
  ) );
#4370 = ORIENTED_EDGE('',*,*,#4371,.T.);
#4371 = EDGE_CURVE('',#4344,#4372,#4374,.T.);
#4372 = VERTEX_POINT('',#4373);
#4373 = CARTESIAN_POINT('',(-47.46751880136,-29.48384572681,6.));
#4374 = SURFACE_CURVE('',#4375,(#4380,#4391),.PCURVE_S1.);
#4375 = CIRCLE('',#4376,3.85);
#4376 = AXIS2_PLACEMENT_3D('',#4377,#4378,#4379);
#4377 = CARTESIAN_POINT('',(-44.13332099679,-27.55884572681,6.));
#4378 = DIRECTION('',(0.,0.,-1.));
#4379 = DIRECTION('',(0.866025403784,0.5,0.));
#4380 = PCURVE('',#100,#4381);
#4381 = DEFINITIONAL_REPRESENTATION('',(#4382),#4390);
#4382 = ( BOUNDED_CURVE() B_SPLINE_CURVE(2,(#4383,#4384,#4385,#4386,
#4387,#4388,#4389),.UNSPECIFIED.,.T.,.F.) B_SPLINE_CURVE_WITH_KNOTS((1,2
    ,2,2,2,1),(-2.094395102393,0.,2.094395102393,4.188790204786,
6.28318530718,8.377580409573),.UNSPECIFIED.) CURVE() 
GEOMETRIC_REPRESENTATION_ITEM() RATIONAL_B_SPLINE_CURVE((1.,0.5,1.,0.5,
1.,0.5,1.)) REPRESENTATION_ITEM('') );
#4383 = CARTESIAN_POINT('',(-40.79912319222,-25.63384572681));
#4384 = CARTESIAN_POINT('',(-37.46492538765,-31.40884572681));
#4385 = CARTESIAN_POINT('',(-44.13332099679,-31.40884572681));
#4386 = CARTESIAN_POINT('',(-50.80171660593,-31.40884572681));
#4387 = CARTESIAN_POINT('',(-47.46751880136,-25.63384572681));
#4388 = CARTESIAN_POINT('',(-44.13332099679,-19.85884572681));
#4389 = CARTESIAN_POINT('',(-40.79912319222,-25.63384572681));
#4390 = ( GEOMETRIC_REPRESENTATION_CONTEXT(2) 
PARAMETRIC_REPRESENTATION_CONTEXT() REPRESENTATION_CONTEXT('2D SPACE',''
  ) );
#4391 = PCURVE('',#844,#4392);
#4392 = DEFINITIONAL_REPRESENTATION('',(#4393),#4397);
#4393 = LINE('',#4394,#4395);
#4394 = CARTESIAN_POINT('',(0.,-6.05));
#4395 = VECTOR('',#4396,1.);
#4396 = DIRECTION('',(1.,0.));
#4397 = ( GEOMETRIC_REPRESENTATION_CONTEXT(2) 
PARAMETRIC_REPRESENTATION_CONTEXT() REPRESENTATION_CONTEXT('2D SPACE',''
  ) );
#4398 = ORIENTED_EDGE('',*,*,#4399,.F.);
#4399 = EDGE_CURVE('',#4400,#4372,#4402,.T.);
#4400 = VERTEX_POINT('',#4401);
#4401 = CARTESIAN_POINT('',(-49.26751880136,-26.36615427318,6.));
#4402 = SURFACE_CURVE('',#4403,(#4407,#4413),.PCURVE_S1.);
#4403 = LINE('',#4404,#4405);
#4404 = CARTESIAN_POINT('',(-47.91751880136,-28.7044228634,6.));
#4405 = VECTOR('',#4406,1.);
#4406 = DIRECTION('',(0.5,-0.866025403784,0.));
#4407 = PCURVE('',#100,#4408);
#4408 = DEFINITIONAL_REPRESENTATION('',(#4409),#4412);
#4409 = B_SPLINE_CURVE_WITH_KNOTS('',1,(#4410,#4411),.UNSPECIFIED.,.F.,
  .F.,(2,2),(-2.7,0.9),.PIECEWISE_BEZIER_KNOTS.);
#4410 = CARTESIAN_POINT('',(-49.26751880136,-26.36615427318));
#4411 = CARTESIAN_POINT('',(-47.46751880136,-29.48384572681));
#4412 = ( GEOMETRIC_REPRESENTATION_CONTEXT(2) 
PARAMETRIC_REPRESENTATION_CONTEXT() REPRESENTATION_CONTEXT('2D SPACE',''
  ) );
#4413 = PCURVE('',#871,#4414);
#4414 = DEFINITIONAL_REPRESENTATION('',(#4415),#4418);
#4415 = B_SPLINE_CURVE_WITH_KNOTS('',1,(#4416,#4417),.UNSPECIFIED.,.F.,
  .F.,(2,2),(-2.7,0.9),.PIECEWISE_BEZIER_KNOTS.);
#4416 = CARTESIAN_POINT('',(3.6,-6.05));
#4417 = CARTESIAN_POINT('',(0.,-6.05));
#4418 = ( GEOMETRIC_REPRESENTATION_CONTEXT(2) 
PARAMETRIC_REPRESENTATION_CONTEXT() REPRESENTATION_CONTEXT('2D SPACE',''
  ) );
#4419 = ORIENTED_EDGE('',*,*,#4420,.T.);
#4420 = EDGE_CURVE('',#4400,#4421,#4423,.T.);
#4421 = VERTEX_POINT('',#4422);
#4422 = CARTESIAN_POINT('',(-49.00016214211,-22.11371246094,6.));
#4423 = SURFACE_CURVE('',#4424,(#4429,#4440),.PCURVE_S1.);
#4424 = CIRCLE('',#4425,3.85);
#4425 = AXIS2_PLACEMENT_3D('',#4426,#4427,#4428);
#4426 = CARTESIAN_POINT('',(-45.93332099679,-24.44115427318,6.));
#4427 = DIRECTION('',(-0.,0.,-1.));
#4428 = DIRECTION('',(-0.866025403784,-0.5,0.));
#4429 = PCURVE('',#100,#4430);
#4430 = DEFINITIONAL_REPRESENTATION('',(#4431),#4439);
#4431 = ( BOUNDED_CURVE() B_SPLINE_CURVE(2,(#4432,#4433,#4434,#4435,
#4436,#4437,#4438),.UNSPECIFIED.,.T.,.F.) B_SPLINE_CURVE_WITH_KNOTS((1,2
    ,2,2,2,1),(-2.094395102393,0.,2.094395102393,4.188790204786,
6.28318530718,8.377580409573),.UNSPECIFIED.) CURVE() 
GEOMETRIC_REPRESENTATION_ITEM() RATIONAL_B_SPLINE_CURVE((1.,0.5,1.,0.5,
1.,0.5,1.)) REPRESENTATION_ITEM('') );
#4432 = CARTESIAN_POINT('',(-49.26751880136,-26.36615427318));
#4433 = CARTESIAN_POINT('',(-52.60171660593,-20.59115427318));
#4434 = CARTESIAN_POINT('',(-45.93332099679,-20.59115427318));
#4435 = CARTESIAN_POINT('',(-39.26492538765,-20.59115427318));
#4436 = CARTESIAN_POINT('',(-42.59912319222,-26.36615427318));
#4437 = CARTESIAN_POINT('',(-45.93332099679,-32.14115427318));
#4438 = CARTESIAN_POINT('',(-49.26751880136,-26.36615427318));
#4439 = ( GEOMETRIC_REPRESENTATION_CONTEXT(2) 
PARAMETRIC_REPRESENTATION_CONTEXT() REPRESENTATION_CONTEXT('2D SPACE',''
  ) );
#4440 = PCURVE('',#903,#4441);
#4441 = DEFINITIONAL_REPRESENTATION('',(#4442),#4446);
#4442 = LINE('',#4443,#4444);
#4443 = CARTESIAN_POINT('',(0.,-6.05));
#4444 = VECTOR('',#4445,1.);
#4445 = DIRECTION('',(1.,0.));
#4446 = ( GEOMETRIC_REPRESENTATION_CONTEXT(2) 
PARAMETRIC_REPRESENTATION_CONTEXT() REPRESENTATION_CONTEXT('2D SPACE',''
  ) );
#4447 = ORIENTED_EDGE('',*,*,#4448,.T.);
#4448 = EDGE_CURVE('',#4421,#4449,#4451,.T.);
#4449 = VERTEX_POINT('',#4450);
#4450 = CARTESIAN_POINT('',(-46.41552415936,-20.62147102584,6.));
#4451 = SURFACE_CURVE('',#4452,(#4457,#4468),.PCURVE_S1.);
#4452 = CIRCLE('',#4453,2.2);
#4453 = AXIS2_PLACEMENT_3D('',#4454,#4455,#4456);
#4454 = CARTESIAN_POINT('',(-46.89957099679,-22.76756018037,6.));
#4455 = DIRECTION('',(-0.,0.,-1.));
#4456 = DIRECTION('',(-0.866025403784,-0.5,0.));
#4457 = PCURVE('',#100,#4458);
#4458 = DEFINITIONAL_REPRESENTATION('',(#4459),#4467);
#4459 = ( BOUNDED_CURVE() B_SPLINE_CURVE(2,(#4460,#4461,#4462,#4463,
#4464,#4465,#4466),.UNSPECIFIED.,.T.,.F.) B_SPLINE_CURVE_WITH_KNOTS((1,2
    ,2,2,2,1),(-2.094395102393,0.,2.094395102393,4.188790204786,
6.28318530718,8.377580409573),.UNSPECIFIED.) CURVE() 
GEOMETRIC_REPRESENTATION_ITEM() RATIONAL_B_SPLINE_CURVE((1.,0.5,1.,0.5,
1.,0.5,1.)) REPRESENTATION_ITEM('') );
#4460 = CARTESIAN_POINT('',(-48.80482688511,-23.86756018037));
#4461 = CARTESIAN_POINT('',(-50.71008277344,-20.56756018037));
#4462 = CARTESIAN_POINT('',(-46.89957099679,-20.56756018037));
#4463 = CARTESIAN_POINT('',(-43.08905922013,-20.56756018037));
#4464 = CARTESIAN_POINT('',(-44.99431510846,-23.86756018037));
#4465 = CARTESIAN_POINT('',(-46.89957099679,-27.16756018037));
#4466 = CARTESIAN_POINT('',(-48.80482688511,-23.86756018037));
#4467 = ( GEOMETRIC_REPRESENTATION_CONTEXT(2) 
PARAMETRIC_REPRESENTATION_CONTEXT() REPRESENTATION_CONTEXT('2D SPACE',''
  ) );
#4468 = PCURVE('',#936,#4469);
#4469 = DEFINITIONAL_REPRESENTATION('',(#4470),#4474);
#4470 = LINE('',#4471,#4472);
#4471 = CARTESIAN_POINT('',(0.,-6.05));
#4472 = VECTOR('',#4473,1.);
#4473 = DIRECTION('',(1.,0.));
#4474 = ( GEOMETRIC_REPRESENTATION_CONTEXT(2) 
PARAMETRIC_REPRESENTATION_CONTEXT() REPRESENTATION_CONTEXT('2D SPACE',''
  ) );
#4475 = ORIENTED_EDGE('',*,*,#4476,.T.);
#4476 = EDGE_CURVE('',#4449,#4295,#4477,.T.);
#4477 = SURFACE_CURVE('',#4478,(#4483,#4494),.PCURVE_S1.);
#4478 = CIRCLE('',#4479,3.85);
#4479 = AXIS2_PLACEMENT_3D('',#4480,#4481,#4482);
#4480 = CARTESIAN_POINT('',(-45.93332099679,-24.44115427318,6.));
#4481 = DIRECTION('',(-0.,0.,-1.));
#4482 = DIRECTION('',(-0.866025403784,-0.5,0.));
#4483 = PCURVE('',#100,#4484);
#4484 = DEFINITIONAL_REPRESENTATION('',(#4485),#4493);
#4485 = ( BOUNDED_CURVE() B_SPLINE_CURVE(2,(#4486,#4487,#4488,#4489,
#4490,#4491,#4492),.UNSPECIFIED.,.T.,.F.) B_SPLINE_CURVE_WITH_KNOTS((1,2
    ,2,2,2,1),(-2.094395102393,0.,2.094395102393,4.188790204786,
6.28318530718,8.377580409573),.UNSPECIFIED.) CURVE() 
GEOMETRIC_REPRESENTATION_ITEM() RATIONAL_B_SPLINE_CURVE((1.,0.5,1.,0.5,
1.,0.5,1.)) REPRESENTATION_ITEM('') );
#4486 = CARTESIAN_POINT('',(-49.26751880136,-26.36615427318));
#4487 = CARTESIAN_POINT('',(-52.60171660593,-20.59115427318));
#4488 = CARTESIAN_POINT('',(-45.93332099679,-20.59115427318));
#4489 = CARTESIAN_POINT('',(-39.26492538765,-20.59115427318));
#4490 = CARTESIAN_POINT('',(-42.59912319222,-26.36615427318));
#4491 = CARTESIAN_POINT('',(-45.93332099679,-32.14115427318));
#4492 = CARTESIAN_POINT('',(-49.26751880136,-26.36615427318));
#4493 = ( GEOMETRIC_REPRESENTATION_CONTEXT(2) 
PARAMETRIC_REPRESENTATION_CONTEXT() REPRESENTATION_CONTEXT('2D SPACE',''
  ) );
#4494 = PCURVE('',#967,#4495);
#4495 = DEFINITIONAL_REPRESENTATION('',(#4496),#4500);
#4496 = LINE('',#4497,#4498);
#4497 = CARTESIAN_POINT('',(0.,-6.05));
#4498 = VECTOR('',#4499,1.);
#4499 = DIRECTION('',(1.,0.));
#4500 = ( GEOMETRIC_REPRESENTATION_CONTEXT(2) 
PARAMETRIC_REPRESENTATION_CONTEXT() REPRESENTATION_CONTEXT('2D SPACE',''
  ) );
#4501 = FACE_BOUND('',#4502,.T.);
#4502 = EDGE_LOOP('',(#4503,#4526,#4554,#4582,#4610,#4631,#4659,#4687,
    #4715,#4736,#4764,#4792,#4820,#4841,#4864,#4892));
#4503 = ORIENTED_EDGE('',*,*,#4504,.F.);
#4504 = EDGE_CURVE('',#4505,#4507,#4509,.T.);
#4505 = VERTEX_POINT('',#4506);
#4506 = CARTESIAN_POINT('',(-48.15,-1.8,6.));
#4507 = VERTEX_POINT('',#4508);
#4508 = CARTESIAN_POINT('',(-48.15,-1.2,6.));
#4509 = SURFACE_CURVE('',#4510,(#4514,#4520),.PCURVE_S1.);
#4510 = LINE('',#4511,#4512);
#4511 = CARTESIAN_POINT('',(-48.15,0.9,6.));
#4512 = VECTOR('',#4513,1.);
#4513 = DIRECTION('',(2.22044604925E-16,1.,-0.));
#4514 = PCURVE('',#100,#4515);
#4515 = DEFINITIONAL_REPRESENTATION('',(#4516),#4519);
#4516 = B_SPLINE_CURVE_WITH_KNOTS('',1,(#4517,#4518),.UNSPECIFIED.,.F.,
  .F.,(2,2),(-2.7,0.9),.PIECEWISE_BEZIER_KNOTS.);
#4517 = CARTESIAN_POINT('',(-48.15,-1.8));
#4518 = CARTESIAN_POINT('',(-48.15,1.8));
#4519 = ( GEOMETRIC_REPRESENTATION_CONTEXT(2) 
PARAMETRIC_REPRESENTATION_CONTEXT() REPRESENTATION_CONTEXT('2D SPACE',''
  ) );
#4520 = PCURVE('',#1502,#4521);
#4521 = DEFINITIONAL_REPRESENTATION('',(#4522),#4525);
#4522 = B_SPLINE_CURVE_WITH_KNOTS('',1,(#4523,#4524),.UNSPECIFIED.,.F.,
  .F.,(2,2),(-2.7,0.9),.PIECEWISE_BEZIER_KNOTS.);
#4523 = CARTESIAN_POINT('',(3.6,-6.05));
#4524 = CARTESIAN_POINT('',(0.,-6.05));
#4525 = ( GEOMETRIC_REPRESENTATION_CONTEXT(2) 
PARAMETRIC_REPRESENTATION_CONTEXT() REPRESENTATION_CONTEXT('2D SPACE',''
  ) );
#4526 = ORIENTED_EDGE('',*,*,#4527,.T.);
#4527 = EDGE_CURVE('',#4505,#4528,#4530,.T.);
#4528 = VERTEX_POINT('',#4529);
#4529 = CARTESIAN_POINT('',(-50.5077585649,-5.349044307891,6.));
#4530 = SURFACE_CURVE('',#4531,(#4536,#4547),.PCURVE_S1.);
#4531 = CIRCLE('',#4532,3.85);
#4532 = AXIS2_PLACEMENT_3D('',#4533,#4534,#4535);
#4533 = CARTESIAN_POINT('',(-52.,-1.8,6.));
#4534 = DIRECTION('',(0.,-0.,-1.));
#4535 = DIRECTION('',(1.,-2.797185282822E-16,0.));
#4536 = PCURVE('',#100,#4537);
#4537 = DEFINITIONAL_REPRESENTATION('',(#4538),#4546);
#4538 = ( BOUNDED_CURVE() B_SPLINE_CURVE(2,(#4539,#4540,#4541,#4542,
#4543,#4544,#4545),.UNSPECIFIED.,.T.,.F.) B_SPLINE_CURVE_WITH_KNOTS((1,2
    ,2,2,2,1),(-2.094395102393,0.,2.094395102393,4.188790204786,
6.28318530718,8.377580409573),.UNSPECIFIED.) CURVE() 
GEOMETRIC_REPRESENTATION_ITEM() RATIONAL_B_SPLINE_CURVE((1.,0.5,1.,0.5,
1.,0.5,1.)) REPRESENTATION_ITEM('') );
#4539 = CARTESIAN_POINT('',(-48.15,-1.8));
#4540 = CARTESIAN_POINT('',(-48.15,-8.46839560914));
#4541 = CARTESIAN_POINT('',(-53.925,-5.13419780457));
#4542 = CARTESIAN_POINT('',(-59.7,-1.8));
#4543 = CARTESIAN_POINT('',(-53.925,1.53419780457));
#4544 = CARTESIAN_POINT('',(-48.15,4.86839560914));
#4545 = CARTESIAN_POINT('',(-48.15,-1.8));
#4546 = ( GEOMETRIC_REPRESENTATION_CONTEXT(2) 
PARAMETRIC_REPRESENTATION_CONTEXT() REPRESENTATION_CONTEXT('2D SPACE',''
  ) );
#4547 = PCURVE('',#1534,#4548);
#4548 = DEFINITIONAL_REPRESENTATION('',(#4549),#4553);
#4549 = LINE('',#4550,#4551);
#4550 = CARTESIAN_POINT('',(0.,-6.05));
#4551 = VECTOR('',#4552,1.);
#4552 = DIRECTION('',(1.,0.));
#4553 = ( GEOMETRIC_REPRESENTATION_CONTEXT(2) 
PARAMETRIC_REPRESENTATION_CONTEXT() REPRESENTATION_CONTEXT('2D SPACE',''
  ) );
#4554 = ORIENTED_EDGE('',*,*,#4555,.T.);
#4555 = EDGE_CURVE('',#4528,#4556,#4558,.T.);
#4556 = VERTEX_POINT('',#4557);
#4557 = CARTESIAN_POINT('',(-53.49224143509,-5.349044307891,6.));
#4558 = SURFACE_CURVE('',#4559,(#4564,#4575),.PCURVE_S1.);
#4559 = CIRCLE('',#4560,2.2);
#4560 = AXIS2_PLACEMENT_3D('',#4561,#4562,#4563);
#4561 = CARTESIAN_POINT('',(-52.,-3.7325,6.));
#4562 = DIRECTION('',(0.,-0.,-1.));
#4563 = DIRECTION('',(1.,-6.257620684251E-16,0.));
#4564 = PCURVE('',#100,#4565);
#4565 = DEFINITIONAL_REPRESENTATION('',(#4566),#4574);
#4566 = ( BOUNDED_CURVE() B_SPLINE_CURVE(2,(#4567,#4568,#4569,#4570,
#4571,#4572,#4573),.UNSPECIFIED.,.T.,.F.) B_SPLINE_CURVE_WITH_KNOTS((1,2
    ,2,2,2,1),(-2.094395102393,0.,2.094395102393,4.188790204786,
6.28318530718,8.377580409573),.UNSPECIFIED.) CURVE() 
GEOMETRIC_REPRESENTATION_ITEM() RATIONAL_B_SPLINE_CURVE((1.,0.5,1.,0.5,
1.,0.5,1.)) REPRESENTATION_ITEM('') );
#4567 = CARTESIAN_POINT('',(-49.8,-3.7325));
#4568 = CARTESIAN_POINT('',(-49.8,-7.543011776652));
#4569 = CARTESIAN_POINT('',(-53.1,-5.637755888326));
#4570 = CARTESIAN_POINT('',(-56.4,-3.7325));
#4571 = CARTESIAN_POINT('',(-53.1,-1.827244111674));
#4572 = CARTESIAN_POINT('',(-49.8,7.801177665154E-02));
#4573 = CARTESIAN_POINT('',(-49.8,-3.7325));
#4574 = ( GEOMETRIC_REPRESENTATION_CONTEXT(2) 
PARAMETRIC_REPRESENTATION_CONTEXT() REPRESENTATION_CONTEXT('2D SPACE',''
  ) );
#4575 = PCURVE('',#1567,#4576);
#4576 = DEFINITIONAL_REPRESENTATION('',(#4577),#4581);
#4577 = LINE('',#4578,#4579);
#4578 = CARTESIAN_POINT('',(0.,-6.05));
#4579 = VECTOR('',#4580,1.);
#4580 = DIRECTION('',(1.,0.));
#4581 = ( GEOMETRIC_REPRESENTATION_CONTEXT(2) 
PARAMETRIC_REPRESENTATION_CONTEXT() REPRESENTATION_CONTEXT('2D SPACE',''
  ) );
#4582 = ORIENTED_EDGE('',*,*,#4583,.T.);
#4583 = EDGE_CURVE('',#4556,#4584,#4586,.T.);
#4584 = VERTEX_POINT('',#4585);
#4585 = CARTESIAN_POINT('',(-55.85,-1.8,6.));
#4586 = SURFACE_CURVE('',#4587,(#4592,#4603),.PCURVE_S1.);
#4587 = CIRCLE('',#4588,3.85);
#4588 = AXIS2_PLACEMENT_3D('',#4589,#4590,#4591);
#4589 = CARTESIAN_POINT('',(-52.,-1.8,6.));
#4590 = DIRECTION('',(0.,-0.,-1.));
#4591 = DIRECTION('',(1.,-2.797185282822E-16,0.));
#4592 = PCURVE('',#100,#4593);
#4593 = DEFINITIONAL_REPRESENTATION('',(#4594),#4602);
#4594 = ( BOUNDED_CURVE() B_SPLINE_CURVE(2,(#4595,#4596,#4597,#4598,
#4599,#4600,#4601),.UNSPECIFIED.,.T.,.F.) B_SPLINE_CURVE_WITH_KNOTS((1,2
    ,2,2,2,1),(-2.094395102393,0.,2.094395102393,4.188790204786,
6.28318530718,8.377580409573),.UNSPECIFIED.) CURVE() 
GEOMETRIC_REPRESENTATION_ITEM() RATIONAL_B_SPLINE_CURVE((1.,0.5,1.,0.5,
1.,0.5,1.)) REPRESENTATION_ITEM('') );
#4595 = CARTESIAN_POINT('',(-48.15,-1.8));
#4596 = CARTESIAN_POINT('',(-48.15,-8.46839560914));
#4597 = CARTESIAN_POINT('',(-53.925,-5.13419780457));
#4598 = CARTESIAN_POINT('',(-59.7,-1.8));
#4599 = CARTESIAN_POINT('',(-53.925,1.53419780457));
#4600 = CARTESIAN_POINT('',(-48.15,4.86839560914));
#4601 = CARTESIAN_POINT('',(-48.15,-1.8));
#4602 = ( GEOMETRIC_REPRESENTATION_CONTEXT(2) 
PARAMETRIC_REPRESENTATION_CONTEXT() REPRESENTATION_CONTEXT('2D SPACE',''
  ) );
#4603 = PCURVE('',#1600,#4604);
#4604 = DEFINITIONAL_REPRESENTATION('',(#4605),#4609);
#4605 = LINE('',#4606,#4607);
#4606 = CARTESIAN_POINT('',(0.,-6.05));
#4607 = VECTOR('',#4608,1.);
#4608 = DIRECTION('',(1.,0.));
#4609 = ( GEOMETRIC_REPRESENTATION_CONTEXT(2) 
PARAMETRIC_REPRESENTATION_CONTEXT() REPRESENTATION_CONTEXT('2D SPACE',''
  ) );
#4610 = ORIENTED_EDGE('',*,*,#4611,.F.);
#4611 = EDGE_CURVE('',#4612,#4584,#4614,.T.);
#4612 = VERTEX_POINT('',#4613);
#4613 = CARTESIAN_POINT('',(-55.85,-1.2,6.));
#4614 = SURFACE_CURVE('',#4615,(#4619,#4625),.PCURVE_S1.);
#4615 = LINE('',#4616,#4617);
#4616 = CARTESIAN_POINT('',(-55.85,-0.9,6.));
#4617 = VECTOR('',#4618,1.);
#4618 = DIRECTION('',(-2.22044604925E-16,-1.,0.));
#4619 = PCURVE('',#100,#4620);
#4620 = DEFINITIONAL_REPRESENTATION('',(#4621),#4624);
#4621 = B_SPLINE_CURVE_WITH_KNOTS('',1,(#4622,#4623),.UNSPECIFIED.,.F.,
  .F.,(2,2),(-2.7,0.9),.PIECEWISE_BEZIER_KNOTS.);
#4622 = CARTESIAN_POINT('',(-55.85,1.8));
#4623 = CARTESIAN_POINT('',(-55.85,-1.8));
#4624 = ( GEOMETRIC_REPRESENTATION_CONTEXT(2) 
PARAMETRIC_REPRESENTATION_CONTEXT() REPRESENTATION_CONTEXT('2D SPACE',''
  ) );
#4625 = PCURVE('',#1627,#4626);
#4626 = DEFINITIONAL_REPRESENTATION('',(#4627),#4630);
#4627 = B_SPLINE_CURVE_WITH_KNOTS('',1,(#4628,#4629),.UNSPECIFIED.,.F.,
  .F.,(2,2),(-2.7,0.9),.PIECEWISE_BEZIER_KNOTS.);
#4628 = CARTESIAN_POINT('',(3.6,-6.05));
#4629 = CARTESIAN_POINT('',(0.,-6.05));
#4630 = ( GEOMETRIC_REPRESENTATION_CONTEXT(2) 
PARAMETRIC_REPRESENTATION_CONTEXT() REPRESENTATION_CONTEXT('2D SPACE',''
  ) );
#4631 = ORIENTED_EDGE('',*,*,#4632,.F.);
#4632 = EDGE_CURVE('',#4633,#4612,#4635,.T.);
#4633 = VERTEX_POINT('',#4634);
#4634 = CARTESIAN_POINT('',(-68.,-1.2,6.));
#4635 = SURFACE_CURVE('',#4636,(#4640,#4647),.PCURVE_S1.);
#4636 = LINE('',#4637,#4638);
#4637 = CARTESIAN_POINT('',(-68.,-1.2,6.));
#4638 = VECTOR('',#4639,1.);
#4639 = DIRECTION('',(1.,-1.224646799147E-16,0.));
#4640 = PCURVE('',#100,#4641);
#4641 = DEFINITIONAL_REPRESENTATION('',(#4642),#4646);
#4642 = LINE('',#4643,#4644);
#4643 = CARTESIAN_POINT('',(-68.,-1.2));
#4644 = VECTOR('',#4645,1.);
#4645 = DIRECTION('',(1.,-1.224646799147E-16));
#4646 = ( GEOMETRIC_REPRESENTATION_CONTEXT(2) 
PARAMETRIC_REPRESENTATION_CONTEXT() REPRESENTATION_CONTEXT('2D SPACE',''
  ) );
#4647 = PCURVE('',#4648,#4653);
#4648 = PLANE('',#4649);
#4649 = AXIS2_PLACEMENT_3D('',#4650,#4651,#4652);
#4650 = CARTESIAN_POINT('',(-68.,-1.2,6.));
#4651 = DIRECTION('',(1.224646799147E-16,1.,-0.));
#4652 = DIRECTION('',(1.,-1.224646799147E-16,0.));
#4653 = DEFINITIONAL_REPRESENTATION('',(#4654),#4658);
#4654 = LINE('',#4655,#4656);
#4655 = CARTESIAN_POINT('',(0.,0.));
#4656 = VECTOR('',#4657,1.);
#4657 = DIRECTION('',(1.,0.));
#4658 = ( GEOMETRIC_REPRESENTATION_CONTEXT(2) 
PARAMETRIC_REPRESENTATION_CONTEXT() REPRESENTATION_CONTEXT('2D SPACE',''
  ) );
#4659 = ORIENTED_EDGE('',*,*,#4660,.F.);
#4660 = EDGE_CURVE('',#4661,#4633,#4663,.T.);
#4661 = VERTEX_POINT('',#4662);
#4662 = CARTESIAN_POINT('',(-68.,1.2,6.));
#4663 = SURFACE_CURVE('',#4664,(#4668,#4675),.PCURVE_S1.);
#4664 = LINE('',#4665,#4666);
#4665 = CARTESIAN_POINT('',(-68.,1.2,6.));
#4666 = VECTOR('',#4667,1.);
#4667 = DIRECTION('',(-1.224646799147E-16,-1.,0.));
#4668 = PCURVE('',#100,#4669);
#4669 = DEFINITIONAL_REPRESENTATION('',(#4670),#4674);
#4670 = LINE('',#4671,#4672);
#4671 = CARTESIAN_POINT('',(-68.,1.2));
#4672 = VECTOR('',#4673,1.);
#4673 = DIRECTION('',(-1.224646799147E-16,-1.));
#4674 = ( GEOMETRIC_REPRESENTATION_CONTEXT(2) 
PARAMETRIC_REPRESENTATION_CONTEXT() REPRESENTATION_CONTEXT('2D SPACE',''
  ) );
#4675 = PCURVE('',#4676,#4681);
#4676 = PLANE('',#4677);
#4677 = AXIS2_PLACEMENT_3D('',#4678,#4679,#4680);
#4678 = CARTESIAN_POINT('',(-68.,1.2,6.));
#4679 = DIRECTION('',(1.,-1.224646799147E-16,0.));
#4680 = DIRECTION('',(-1.224646799147E-16,-1.,0.));
#4681 = DEFINITIONAL_REPRESENTATION('',(#4682),#4686);
#4682 = LINE('',#4683,#4684);
#4683 = CARTESIAN_POINT('',(0.,0.));
#4684 = VECTOR('',#4685,1.);
#4685 = DIRECTION('',(1.,0.));
#4686 = ( GEOMETRIC_REPRESENTATION_CONTEXT(2) 
PARAMETRIC_REPRESENTATION_CONTEXT() REPRESENTATION_CONTEXT('2D SPACE',''
  ) );
#4687 = ORIENTED_EDGE('',*,*,#4688,.F.);
#4688 = EDGE_CURVE('',#4689,#4661,#4691,.T.);
#4689 = VERTEX_POINT('',#4690);
#4690 = CARTESIAN_POINT('',(-55.85,1.2,6.));
#4691 = SURFACE_CURVE('',#4692,(#4696,#4703),.PCURVE_S1.);
#4692 = LINE('',#4693,#4694);
#4693 = CARTESIAN_POINT('',(-16.,1.2,6.));
#4694 = VECTOR('',#4695,1.);
#4695 = DIRECTION('',(-1.,1.224646799147E-16,0.));
#4696 = PCURVE('',#100,#4697);
#4697 = DEFINITIONAL_REPRESENTATION('',(#4698),#4702);
#4698 = LINE('',#4699,#4700);
#4699 = CARTESIAN_POINT('',(-16.,1.2));
#4700 = VECTOR('',#4701,1.);
#4701 = DIRECTION('',(-1.,1.224646799147E-16));
#4702 = ( GEOMETRIC_REPRESENTATION_CONTEXT(2) 
PARAMETRIC_REPRESENTATION_CONTEXT() REPRESENTATION_CONTEXT('2D SPACE',''
  ) );
#4703 = PCURVE('',#4704,#4709);
#4704 = PLANE('',#4705);
#4705 = AXIS2_PLACEMENT_3D('',#4706,#4707,#4708);
#4706 = CARTESIAN_POINT('',(-16.,1.2,6.));
#4707 = DIRECTION('',(-1.224646799147E-16,-1.,0.));
#4708 = DIRECTION('',(-1.,1.224646799147E-16,0.));
#4709 = DEFINITIONAL_REPRESENTATION('',(#4710),#4714);
#4710 = LINE('',#4711,#4712);
#4711 = CARTESIAN_POINT('',(0.,0.));
#4712 = VECTOR('',#4713,1.);
#4713 = DIRECTION('',(1.,0.));
#4714 = ( GEOMETRIC_REPRESENTATION_CONTEXT(2) 
PARAMETRIC_REPRESENTATION_CONTEXT() REPRESENTATION_CONTEXT('2D SPACE',''
  ) );
#4715 = ORIENTED_EDGE('',*,*,#4716,.F.);
#4716 = EDGE_CURVE('',#4717,#4689,#4719,.T.);
#4717 = VERTEX_POINT('',#4718);
#4718 = CARTESIAN_POINT('',(-55.85,1.8,6.));
#4719 = SURFACE_CURVE('',#4720,(#4724,#4730),.PCURVE_S1.);
#4720 = LINE('',#4721,#4722);
#4721 = CARTESIAN_POINT('',(-55.85,-0.9,6.));
#4722 = VECTOR('',#4723,1.);
#4723 = DIRECTION('',(-2.22044604925E-16,-1.,0.));
#4724 = PCURVE('',#100,#4725);
#4725 = DEFINITIONAL_REPRESENTATION('',(#4726),#4729);
#4726 = B_SPLINE_CURVE_WITH_KNOTS('',1,(#4727,#4728),.UNSPECIFIED.,.F.,
  .F.,(2,2),(-2.7,0.9),.PIECEWISE_BEZIER_KNOTS.);
#4727 = CARTESIAN_POINT('',(-55.85,1.8));
#4728 = CARTESIAN_POINT('',(-55.85,-1.8));
#4729 = ( GEOMETRIC_REPRESENTATION_CONTEXT(2) 
PARAMETRIC_REPRESENTATION_CONTEXT() REPRESENTATION_CONTEXT('2D SPACE',''
  ) );
#4730 = PCURVE('',#1627,#4731);
#4731 = DEFINITIONAL_REPRESENTATION('',(#4732),#4735);
#4732 = B_SPLINE_CURVE_WITH_KNOTS('',1,(#4733,#4734),.UNSPECIFIED.,.F.,
  .F.,(2,2),(-2.7,0.9),.PIECEWISE_BEZIER_KNOTS.);
#4733 = CARTESIAN_POINT('',(3.6,-6.05));
#4734 = CARTESIAN_POINT('',(0.,-6.05));
#4735 = ( GEOMETRIC_REPRESENTATION_CONTEXT(2) 
PARAMETRIC_REPRESENTATION_CONTEXT() REPRESENTATION_CONTEXT('2D SPACE',''
  ) );
#4736 = ORIENTED_EDGE('',*,*,#4737,.T.);
#4737 = EDGE_CURVE('',#4717,#4738,#4740,.T.);
#4738 = VERTEX_POINT('',#4739);
#4739 = CARTESIAN_POINT('',(-53.49224143509,5.349044307891,6.));
#4740 = SURFACE_CURVE('',#4741,(#4746,#4757),.PCURVE_S1.);
#4741 = CIRCLE('',#4742,3.85);
#4742 = AXIS2_PLACEMENT_3D('',#4743,#4744,#4745);
#4743 = CARTESIAN_POINT('',(-52.,1.8,6.));
#4744 = DIRECTION('',(0.,0.,-1.));
#4745 = DIRECTION('',(-1.,2.797185282822E-16,0.));
#4746 = PCURVE('',#100,#4747);
#4747 = DEFINITIONAL_REPRESENTATION('',(#4748),#4756);
#4748 = ( BOUNDED_CURVE() B_SPLINE_CURVE(2,(#4749,#4750,#4751,#4752,
#4753,#4754,#4755),.UNSPECIFIED.,.T.,.F.) B_SPLINE_CURVE_WITH_KNOTS((1,2
    ,2,2,2,1),(-2.094395102393,0.,2.094395102393,4.188790204786,
6.28318530718,8.377580409573),.UNSPECIFIED.) CURVE() 
GEOMETRIC_REPRESENTATION_ITEM() RATIONAL_B_SPLINE_CURVE((1.,0.5,1.,0.5,
1.,0.5,1.)) REPRESENTATION_ITEM('') );
#4749 = CARTESIAN_POINT('',(-55.85,1.8));
#4750 = CARTESIAN_POINT('',(-55.85,8.46839560914));
#4751 = CARTESIAN_POINT('',(-50.075,5.13419780457));
#4752 = CARTESIAN_POINT('',(-44.3,1.8));
#4753 = CARTESIAN_POINT('',(-50.075,-1.53419780457));
#4754 = CARTESIAN_POINT('',(-55.85,-4.86839560914));
#4755 = CARTESIAN_POINT('',(-55.85,1.8));
#4756 = ( GEOMETRIC_REPRESENTATION_CONTEXT(2) 
PARAMETRIC_REPRESENTATION_CONTEXT() REPRESENTATION_CONTEXT('2D SPACE',''
  ) );
#4757 = PCURVE('',#1659,#4758);
#4758 = DEFINITIONAL_REPRESENTATION('',(#4759),#4763);
#4759 = LINE('',#4760,#4761);
#4760 = CARTESIAN_POINT('',(0.,-6.05));
#4761 = VECTOR('',#4762,1.);
#4762 = DIRECTION('',(1.,0.));
#4763 = ( GEOMETRIC_REPRESENTATION_CONTEXT(2) 
PARAMETRIC_REPRESENTATION_CONTEXT() REPRESENTATION_CONTEXT('2D SPACE',''
  ) );
#4764 = ORIENTED_EDGE('',*,*,#4765,.T.);
#4765 = EDGE_CURVE('',#4738,#4766,#4768,.T.);
#4766 = VERTEX_POINT('',#4767);
#4767 = CARTESIAN_POINT('',(-50.5077585649,5.349044307891,6.));
#4768 = SURFACE_CURVE('',#4769,(#4774,#4785),.PCURVE_S1.);
#4769 = CIRCLE('',#4770,2.2);
#4770 = AXIS2_PLACEMENT_3D('',#4771,#4772,#4773);
#4771 = CARTESIAN_POINT('',(-52.,3.7325,6.));
#4772 = DIRECTION('',(0.,0.,-1.));
#4773 = DIRECTION('',(-1.,6.257620684251E-16,0.));
#4774 = PCURVE('',#100,#4775);
#4775 = DEFINITIONAL_REPRESENTATION('',(#4776),#4784);
#4776 = ( BOUNDED_CURVE() B_SPLINE_CURVE(2,(#4777,#4778,#4779,#4780,
#4781,#4782,#4783),.UNSPECIFIED.,.T.,.F.) B_SPLINE_CURVE_WITH_KNOTS((1,2
    ,2,2,2,1),(-2.094395102393,0.,2.094395102393,4.188790204786,
6.28318530718,8.377580409573),.UNSPECIFIED.) CURVE() 
GEOMETRIC_REPRESENTATION_ITEM() RATIONAL_B_SPLINE_CURVE((1.,0.5,1.,0.5,
1.,0.5,1.)) REPRESENTATION_ITEM('') );
#4777 = CARTESIAN_POINT('',(-54.2,3.7325));
#4778 = CARTESIAN_POINT('',(-54.2,7.543011776652));
#4779 = CARTESIAN_POINT('',(-50.9,5.637755888326));
#4780 = CARTESIAN_POINT('',(-47.6,3.7325));
#4781 = CARTESIAN_POINT('',(-50.9,1.827244111674));
#4782 = CARTESIAN_POINT('',(-54.2,-7.801177665153E-02));
#4783 = CARTESIAN_POINT('',(-54.2,3.7325));
#4784 = ( GEOMETRIC_REPRESENTATION_CONTEXT(2) 
PARAMETRIC_REPRESENTATION_CONTEXT() REPRESENTATION_CONTEXT('2D SPACE',''
  ) );
#4785 = PCURVE('',#1692,#4786);
#4786 = DEFINITIONAL_REPRESENTATION('',(#4787),#4791);
#4787 = LINE('',#4788,#4789);
#4788 = CARTESIAN_POINT('',(0.,-6.05));
#4789 = VECTOR('',#4790,1.);
#4790 = DIRECTION('',(1.,0.));
#4791 = ( GEOMETRIC_REPRESENTATION_CONTEXT(2) 
PARAMETRIC_REPRESENTATION_CONTEXT() REPRESENTATION_CONTEXT('2D SPACE',''
  ) );
#4792 = ORIENTED_EDGE('',*,*,#4793,.T.);
#4793 = EDGE_CURVE('',#4766,#4794,#4796,.T.);
#4794 = VERTEX_POINT('',#4795);
#4795 = CARTESIAN_POINT('',(-48.15,1.8,6.));
#4796 = SURFACE_CURVE('',#4797,(#4802,#4813),.PCURVE_S1.);
#4797 = CIRCLE('',#4798,3.85);
#4798 = AXIS2_PLACEMENT_3D('',#4799,#4800,#4801);
#4799 = CARTESIAN_POINT('',(-52.,1.8,6.));
#4800 = DIRECTION('',(0.,0.,-1.));
#4801 = DIRECTION('',(-1.,2.797185282822E-16,0.));
#4802 = PCURVE('',#100,#4803);
#4803 = DEFINITIONAL_REPRESENTATION('',(#4804),#4812);
#4804 = ( BOUNDED_CURVE() B_SPLINE_CURVE(2,(#4805,#4806,#4807,#4808,
#4809,#4810,#4811),.UNSPECIFIED.,.T.,.F.) B_SPLINE_CURVE_WITH_KNOTS((1,2
    ,2,2,2,1),(-2.094395102393,0.,2.094395102393,4.188790204786,
6.28318530718,8.377580409573),.UNSPECIFIED.) CURVE() 
GEOMETRIC_REPRESENTATION_ITEM() RATIONAL_B_SPLINE_CURVE((1.,0.5,1.,0.5,
1.,0.5,1.)) REPRESENTATION_ITEM('') );
#4805 = CARTESIAN_POINT('',(-55.85,1.8));
#4806 = CARTESIAN_POINT('',(-55.85,8.46839560914));
#4807 = CARTESIAN_POINT('',(-50.075,5.13419780457));
#4808 = CARTESIAN_POINT('',(-44.3,1.8));
#4809 = CARTESIAN_POINT('',(-50.075,-1.53419780457));
#4810 = CARTESIAN_POINT('',(-55.85,-4.86839560914));
#4811 = CARTESIAN_POINT('',(-55.85,1.8));
#4812 = ( GEOMETRIC_REPRESENTATION_CONTEXT(2) 
PARAMETRIC_REPRESENTATION_CONTEXT() REPRESENTATION_CONTEXT('2D SPACE',''
  ) );
#4813 = PCURVE('',#1723,#4814);
#4814 = DEFINITIONAL_REPRESENTATION('',(#4815),#4819);
#4815 = LINE('',#4816,#4817);
#4816 = CARTESIAN_POINT('',(0.,-6.05));
#4817 = VECTOR('',#4818,1.);
#4818 = DIRECTION('',(1.,0.));
#4819 = ( GEOMETRIC_REPRESENTATION_CONTEXT(2) 
PARAMETRIC_REPRESENTATION_CONTEXT() REPRESENTATION_CONTEXT('2D SPACE',''
  ) );
#4820 = ORIENTED_EDGE('',*,*,#4821,.F.);
#4821 = EDGE_CURVE('',#4822,#4794,#4824,.T.);
#4822 = VERTEX_POINT('',#4823);
#4823 = CARTESIAN_POINT('',(-48.15,1.2,6.));
#4824 = SURFACE_CURVE('',#4825,(#4829,#4835),.PCURVE_S1.);
#4825 = LINE('',#4826,#4827);
#4826 = CARTESIAN_POINT('',(-48.15,0.9,6.));
#4827 = VECTOR('',#4828,1.);
#4828 = DIRECTION('',(2.22044604925E-16,1.,-0.));
#4829 = PCURVE('',#100,#4830);
#4830 = DEFINITIONAL_REPRESENTATION('',(#4831),#4834);
#4831 = B_SPLINE_CURVE_WITH_KNOTS('',1,(#4832,#4833),.UNSPECIFIED.,.F.,
  .F.,(2,2),(-2.7,0.9),.PIECEWISE_BEZIER_KNOTS.);
#4832 = CARTESIAN_POINT('',(-48.15,-1.8));
#4833 = CARTESIAN_POINT('',(-48.15,1.8));
#4834 = ( GEOMETRIC_REPRESENTATION_CONTEXT(2) 
PARAMETRIC_REPRESENTATION_CONTEXT() REPRESENTATION_CONTEXT('2D SPACE',''
  ) );
#4835 = PCURVE('',#1502,#4836);
#4836 = DEFINITIONAL_REPRESENTATION('',(#4837),#4840);
#4837 = B_SPLINE_CURVE_WITH_KNOTS('',1,(#4838,#4839),.UNSPECIFIED.,.F.,
  .F.,(2,2),(-2.7,0.9),.PIECEWISE_BEZIER_KNOTS.);
#4838 = CARTESIAN_POINT('',(3.6,-6.05));
#4839 = CARTESIAN_POINT('',(0.,-6.05));
#4840 = ( GEOMETRIC_REPRESENTATION_CONTEXT(2) 
PARAMETRIC_REPRESENTATION_CONTEXT() REPRESENTATION_CONTEXT('2D SPACE',''
  ) );
#4841 = ORIENTED_EDGE('',*,*,#4842,.F.);
#4842 = EDGE_CURVE('',#4843,#4822,#4845,.T.);
#4843 = VERTEX_POINT('',#4844);
#4844 = CARTESIAN_POINT('',(-16.,1.2,6.));
#4845 = SURFACE_CURVE('',#4846,(#4850,#4857),.PCURVE_S1.);
#4846 = LINE('',#4847,#4848);
#4847 = CARTESIAN_POINT('',(-16.,1.2,6.));
#4848 = VECTOR('',#4849,1.);
#4849 = DIRECTION('',(-1.,1.224646799147E-16,0.));
#4850 = PCURVE('',#100,#4851);
#4851 = DEFINITIONAL_REPRESENTATION('',(#4852),#4856);
#4852 = LINE('',#4853,#4854);
#4853 = CARTESIAN_POINT('',(-16.,1.2));
#4854 = VECTOR('',#4855,1.);
#4855 = DIRECTION('',(-1.,1.224646799147E-16));
#4856 = ( GEOMETRIC_REPRESENTATION_CONTEXT(2) 
PARAMETRIC_REPRESENTATION_CONTEXT() REPRESENTATION_CONTEXT('2D SPACE',''
  ) );
#4857 = PCURVE('',#4704,#4858);
#4858 = DEFINITIONAL_REPRESENTATION('',(#4859),#4863);
#4859 = LINE('',#4860,#4861);
#4860 = CARTESIAN_POINT('',(0.,0.));
#4861 = VECTOR('',#4862,1.);
#4862 = DIRECTION('',(1.,0.));
#4863 = ( GEOMETRIC_REPRESENTATION_CONTEXT(2) 
PARAMETRIC_REPRESENTATION_CONTEXT() REPRESENTATION_CONTEXT('2D SPACE',''
  ) );
#4864 = ORIENTED_EDGE('',*,*,#4865,.F.);
#4865 = EDGE_CURVE('',#4866,#4843,#4868,.T.);
#4866 = VERTEX_POINT('',#4867);
#4867 = CARTESIAN_POINT('',(-16.,-1.2,6.));
#4868 = SURFACE_CURVE('',#4869,(#4873,#4880),.PCURVE_S1.);
#4869 = LINE('',#4870,#4871);
#4870 = CARTESIAN_POINT('',(-16.,-1.2,6.));
#4871 = VECTOR('',#4872,1.);
#4872 = DIRECTION('',(1.224646799147E-16,1.,0.));
#4873 = PCURVE('',#100,#4874);
#4874 = DEFINITIONAL_REPRESENTATION('',(#4875),#4879);
#4875 = LINE('',#4876,#4877);
#4876 = CARTESIAN_POINT('',(-16.,-1.2));
#4877 = VECTOR('',#4878,1.);
#4878 = DIRECTION('',(1.224646799147E-16,1.));
#4879 = ( GEOMETRIC_REPRESENTATION_CONTEXT(2) 
PARAMETRIC_REPRESENTATION_CONTEXT() REPRESENTATION_CONTEXT('2D SPACE',''
  ) );
#4880 = PCURVE('',#4881,#4886);
#4881 = PLANE('',#4882);
#4882 = AXIS2_PLACEMENT_3D('',#4883,#4884,#4885);
#4883 = CARTESIAN_POINT('',(-16.,-1.2,6.));
#4884 = DIRECTION('',(-1.,1.224646799147E-16,0.));
#4885 = DIRECTION('',(1.224646799147E-16,1.,0.));
#4886 = DEFINITIONAL_REPRESENTATION('',(#4887),#4891);
#4887 = LINE('',#4888,#4889);
#4888 = CARTESIAN_POINT('',(0.,0.));
#4889 = VECTOR('',#4890,1.);
#4890 = DIRECTION('',(1.,0.));
#4891 = ( GEOMETRIC_REPRESENTATION_CONTEXT(2) 
PARAMETRIC_REPRESENTATION_CONTEXT() REPRESENTATION_CONTEXT('2D SPACE',''
  ) );
#4892 = ORIENTED_EDGE('',*,*,#4893,.F.);
#4893 = EDGE_CURVE('',#4507,#4866,#4894,.T.);
#4894 = SURFACE_CURVE('',#4895,(#4899,#4906),.PCURVE_S1.);
#4895 = LINE('',#4896,#4897);
#4896 = CARTESIAN_POINT('',(-68.,-1.2,6.));
#4897 = VECTOR('',#4898,1.);
#4898 = DIRECTION('',(1.,-1.224646799147E-16,0.));
#4899 = PCURVE('',#100,#4900);
#4900 = DEFINITIONAL_REPRESENTATION('',(#4901),#4905);
#4901 = LINE('',#4902,#4903);
#4902 = CARTESIAN_POINT('',(-68.,-1.2));
#4903 = VECTOR('',#4904,1.);
#4904 = DIRECTION('',(1.,-1.224646799147E-16));
#4905 = ( GEOMETRIC_REPRESENTATION_CONTEXT(2) 
PARAMETRIC_REPRESENTATION_CONTEXT() REPRESENTATION_CONTEXT('2D SPACE',''
  ) );
#4906 = PCURVE('',#4648,#4907);
#4907 = DEFINITIONAL_REPRESENTATION('',(#4908),#4912);
#4908 = LINE('',#4909,#4910);
#4909 = CARTESIAN_POINT('',(0.,0.));
#4910 = VECTOR('',#4911,1.);
#4911 = DIRECTION('',(1.,0.));
#4912 = ( GEOMETRIC_REPRESENTATION_CONTEXT(2) 
PARAMETRIC_REPRESENTATION_CONTEXT() REPRESENTATION_CONTEXT('2D SPACE',''
  ) );
#4913 = FACE_BOUND('',#4914,.T.);
#4914 = EDGE_LOOP('',(#4915,#4938,#4966,#4994,#5022,#5043,#5071,#5099));
#4915 = ORIENTED_EDGE('',*,*,#4916,.F.);
#4916 = EDGE_CURVE('',#4917,#4919,#4921,.T.);
#4917 = VERTEX_POINT('',#4918);
#4918 = CARTESIAN_POINT('',(1.8,-48.15,6.));
#4919 = VERTEX_POINT('',#4920);
#4920 = CARTESIAN_POINT('',(-1.8,-48.15,6.));
#4921 = SURFACE_CURVE('',#4922,(#4926,#4932),.PCURVE_S1.);
#4922 = LINE('',#4923,#4924);
#4923 = CARTESIAN_POINT('',(-0.9,-48.15,6.));
#4924 = VECTOR('',#4925,1.);
#4925 = DIRECTION('',(-1.,2.449293598295E-16,0.));
#4926 = PCURVE('',#100,#4927);
#4927 = DEFINITIONAL_REPRESENTATION('',(#4928),#4931);
#4928 = B_SPLINE_CURVE_WITH_KNOTS('',1,(#4929,#4930),.UNSPECIFIED.,.F.,
  .F.,(2,2),(-2.7,0.9),.PIECEWISE_BEZIER_KNOTS.);
#4929 = CARTESIAN_POINT('',(1.8,-48.15));
#4930 = CARTESIAN_POINT('',(-1.8,-48.15));
#4931 = ( GEOMETRIC_REPRESENTATION_CONTEXT(2) 
PARAMETRIC_REPRESENTATION_CONTEXT() REPRESENTATION_CONTEXT('2D SPACE',''
  ) );
#4932 = PCURVE('',#494,#4933);
#4933 = DEFINITIONAL_REPRESENTATION('',(#4934),#4937);
#4934 = B_SPLINE_CURVE_WITH_KNOTS('',1,(#4935,#4936),.UNSPECIFIED.,.F.,
  .F.,(2,2),(-2.7,0.9),.PIECEWISE_BEZIER_KNOTS.);
#4935 = CARTESIAN_POINT('',(3.6,-6.05));
#4936 = CARTESIAN_POINT('',(0.,-6.05));
#4937 = ( GEOMETRIC_REPRESENTATION_CONTEXT(2) 
PARAMETRIC_REPRESENTATION_CONTEXT() REPRESENTATION_CONTEXT('2D SPACE',''
  ) );
#4938 = ORIENTED_EDGE('',*,*,#4939,.T.);
#4939 = EDGE_CURVE('',#4917,#4940,#4942,.T.);
#4940 = VERTEX_POINT('',#4941);
#4941 = CARTESIAN_POINT('',(5.349044307891,-50.5077585649,6.));
#4942 = SURFACE_CURVE('',#4943,(#4948,#4959),.PCURVE_S1.);
#4943 = CIRCLE('',#4944,3.85);
#4944 = AXIS2_PLACEMENT_3D('',#4945,#4946,#4947);
#4945 = CARTESIAN_POINT('',(1.8,-52.,6.));
#4946 = DIRECTION('',(0.,0.,-1.));
#4947 = DIRECTION('',(3.026032831866E-16,1.,0.));
#4948 = PCURVE('',#100,#4949);
#4949 = DEFINITIONAL_REPRESENTATION('',(#4950),#4958);
#4950 = ( BOUNDED_CURVE() B_SPLINE_CURVE(2,(#4951,#4952,#4953,#4954,
#4955,#4956,#4957),.UNSPECIFIED.,.T.,.F.) B_SPLINE_CURVE_WITH_KNOTS((1,2
    ,2,2,2,1),(-2.094395102393,0.,2.094395102393,4.188790204786,
6.28318530718,8.377580409573),.UNSPECIFIED.) CURVE() 
GEOMETRIC_REPRESENTATION_ITEM() RATIONAL_B_SPLINE_CURVE((1.,0.5,1.,0.5,
1.,0.5,1.)) REPRESENTATION_ITEM('') );
#4951 = CARTESIAN_POINT('',(1.8,-48.15));
#4952 = CARTESIAN_POINT('',(8.46839560914,-48.15));
#4953 = CARTESIAN_POINT('',(5.13419780457,-53.925));
#4954 = CARTESIAN_POINT('',(1.8,-59.7));
#4955 = CARTESIAN_POINT('',(-1.53419780457,-53.925));
#4956 = CARTESIAN_POINT('',(-4.86839560914,-48.15));
#4957 = CARTESIAN_POINT('',(1.8,-48.15));
#4958 = ( GEOMETRIC_REPRESENTATION_CONTEXT(2) 
PARAMETRIC_REPRESENTATION_CONTEXT() REPRESENTATION_CONTEXT('2D SPACE',''
  ) );
#4959 = PCURVE('',#526,#4960);
#4960 = DEFINITIONAL_REPRESENTATION('',(#4961),#4965);
#4961 = LINE('',#4962,#4963);
#4962 = CARTESIAN_POINT('',(0.,-6.05));
#4963 = VECTOR('',#4964,1.);
#4964 = DIRECTION('',(1.,0.));
#4965 = ( GEOMETRIC_REPRESENTATION_CONTEXT(2) 
PARAMETRIC_REPRESENTATION_CONTEXT() REPRESENTATION_CONTEXT('2D SPACE',''
  ) );
#4966 = ORIENTED_EDGE('',*,*,#4967,.T.);
#4967 = EDGE_CURVE('',#4940,#4968,#4970,.T.);
#4968 = VERTEX_POINT('',#4969);
#4969 = CARTESIAN_POINT('',(5.349044307891,-53.49224143509,6.));
#4970 = SURFACE_CURVE('',#4971,(#4976,#4987),.PCURVE_S1.);
#4971 = CIRCLE('',#4972,2.2);
#4972 = AXIS2_PLACEMENT_3D('',#4973,#4974,#4975);
#4973 = CARTESIAN_POINT('',(3.7325,-52.,6.));
#4974 = DIRECTION('',(0.,0.,-1.));
#4975 = DIRECTION('',(6.486468233295E-16,1.,0.));
#4976 = PCURVE('',#100,#4977);
#4977 = DEFINITIONAL_REPRESENTATION('',(#4978),#4986);
#4978 = ( BOUNDED_CURVE() B_SPLINE_CURVE(2,(#4979,#4980,#4981,#4982,
#4983,#4984,#4985),.UNSPECIFIED.,.T.,.F.) B_SPLINE_CURVE_WITH_KNOTS((1,2
    ,2,2,2,1),(-2.094395102393,0.,2.094395102393,4.188790204786,
6.28318530718,8.377580409573),.UNSPECIFIED.) CURVE() 
GEOMETRIC_REPRESENTATION_ITEM() RATIONAL_B_SPLINE_CURVE((1.,0.5,1.,0.5,
1.,0.5,1.)) REPRESENTATION_ITEM('') );
#4979 = CARTESIAN_POINT('',(3.7325,-49.8));
#4980 = CARTESIAN_POINT('',(7.543011776652,-49.8));
#4981 = CARTESIAN_POINT('',(5.637755888326,-53.1));
#4982 = CARTESIAN_POINT('',(3.7325,-56.4));
#4983 = CARTESIAN_POINT('',(1.827244111674,-53.1));
#4984 = CARTESIAN_POINT('',(-7.801177665154E-02,-49.8));
#4985 = CARTESIAN_POINT('',(3.7325,-49.8));
#4986 = ( GEOMETRIC_REPRESENTATION_CONTEXT(2) 
PARAMETRIC_REPRESENTATION_CONTEXT() REPRESENTATION_CONTEXT('2D SPACE',''
  ) );
#4987 = PCURVE('',#559,#4988);
#4988 = DEFINITIONAL_REPRESENTATION('',(#4989),#4993);
#4989 = LINE('',#4990,#4991);
#4990 = CARTESIAN_POINT('',(0.,-6.05));
#4991 = VECTOR('',#4992,1.);
#4992 = DIRECTION('',(1.,0.));
#4993 = ( GEOMETRIC_REPRESENTATION_CONTEXT(2) 
PARAMETRIC_REPRESENTATION_CONTEXT() REPRESENTATION_CONTEXT('2D SPACE',''
  ) );
#4994 = ORIENTED_EDGE('',*,*,#4995,.T.);
#4995 = EDGE_CURVE('',#4968,#4996,#4998,.T.);
#4996 = VERTEX_POINT('',#4997);
#4997 = CARTESIAN_POINT('',(1.8,-55.85,6.));
#4998 = SURFACE_CURVE('',#4999,(#5004,#5015),.PCURVE_S1.);
#4999 = CIRCLE('',#5000,3.85);
#5000 = AXIS2_PLACEMENT_3D('',#5001,#5002,#5003);
#5001 = CARTESIAN_POINT('',(1.8,-52.,6.));
#5002 = DIRECTION('',(0.,0.,-1.));
#5003 = DIRECTION('',(3.026032831866E-16,1.,0.));
#5004 = PCURVE('',#100,#5005);
#5005 = DEFINITIONAL_REPRESENTATION('',(#5006),#5014);
#5006 = ( BOUNDED_CURVE() B_SPLINE_CURVE(2,(#5007,#5008,#5009,#5010,
#5011,#5012,#5013),.UNSPECIFIED.,.T.,.F.) B_SPLINE_CURVE_WITH_KNOTS((1,2
    ,2,2,2,1),(-2.094395102393,0.,2.094395102393,4.188790204786,
6.28318530718,8.377580409573),.UNSPECIFIED.) CURVE() 
GEOMETRIC_REPRESENTATION_ITEM() RATIONAL_B_SPLINE_CURVE((1.,0.5,1.,0.5,
1.,0.5,1.)) REPRESENTATION_ITEM('') );
#5007 = CARTESIAN_POINT('',(1.8,-48.15));
#5008 = CARTESIAN_POINT('',(8.46839560914,-48.15));
#5009 = CARTESIAN_POINT('',(5.13419780457,-53.925));
#5010 = CARTESIAN_POINT('',(1.8,-59.7));
#5011 = CARTESIAN_POINT('',(-1.53419780457,-53.925));
#5012 = CARTESIAN_POINT('',(-4.86839560914,-48.15));
#5013 = CARTESIAN_POINT('',(1.8,-48.15));
#5014 = ( GEOMETRIC_REPRESENTATION_CONTEXT(2) 
PARAMETRIC_REPRESENTATION_CONTEXT() REPRESENTATION_CONTEXT('2D SPACE',''
  ) );
#5015 = PCURVE('',#592,#5016);
#5016 = DEFINITIONAL_REPRESENTATION('',(#5017),#5021);
#5017 = LINE('',#5018,#5019);
#5018 = CARTESIAN_POINT('',(0.,-6.05));
#5019 = VECTOR('',#5020,1.);
#5020 = DIRECTION('',(1.,0.));
#5021 = ( GEOMETRIC_REPRESENTATION_CONTEXT(2) 
PARAMETRIC_REPRESENTATION_CONTEXT() REPRESENTATION_CONTEXT('2D SPACE',''
  ) );
#5022 = ORIENTED_EDGE('',*,*,#5023,.F.);
#5023 = EDGE_CURVE('',#5024,#4996,#5026,.T.);
#5024 = VERTEX_POINT('',#5025);
#5025 = CARTESIAN_POINT('',(-1.8,-55.85,6.));
#5026 = SURFACE_CURVE('',#5027,(#5031,#5037),.PCURVE_S1.);
#5027 = LINE('',#5028,#5029);
#5028 = CARTESIAN_POINT('',(0.9,-55.85,6.));
#5029 = VECTOR('',#5030,1.);
#5030 = DIRECTION('',(1.,-2.449293598295E-16,0.));
#5031 = PCURVE('',#100,#5032);
#5032 = DEFINITIONAL_REPRESENTATION('',(#5033),#5036);
#5033 = B_SPLINE_CURVE_WITH_KNOTS('',1,(#5034,#5035),.UNSPECIFIED.,.F.,
  .F.,(2,2),(-2.7,0.9),.PIECEWISE_BEZIER_KNOTS.);
#5034 = CARTESIAN_POINT('',(-1.8,-55.85));
#5035 = CARTESIAN_POINT('',(1.8,-55.85));
#5036 = ( GEOMETRIC_REPRESENTATION_CONTEXT(2) 
PARAMETRIC_REPRESENTATION_CONTEXT() REPRESENTATION_CONTEXT('2D SPACE',''
  ) );
#5037 = PCURVE('',#619,#5038);
#5038 = DEFINITIONAL_REPRESENTATION('',(#5039),#5042);
#5039 = B_SPLINE_CURVE_WITH_KNOTS('',1,(#5040,#5041),.UNSPECIFIED.,.F.,
  .F.,(2,2),(-2.7,0.9),.PIECEWISE_BEZIER_KNOTS.);
#5040 = CARTESIAN_POINT('',(3.6,-6.05));
#5041 = CARTESIAN_POINT('',(0.,-6.05));
#5042 = ( GEOMETRIC_REPRESENTATION_CONTEXT(2) 
PARAMETRIC_REPRESENTATION_CONTEXT() REPRESENTATION_CONTEXT('2D SPACE',''
  ) );
#5043 = ORIENTED_EDGE('',*,*,#5044,.T.);
#5044 = EDGE_CURVE('',#5024,#5045,#5047,.T.);
#5045 = VERTEX_POINT('',#5046);
#5046 = CARTESIAN_POINT('',(-5.349044307891,-53.49224143509,6.));
#5047 = SURFACE_CURVE('',#5048,(#5053,#5064),.PCURVE_S1.);
#5048 = CIRCLE('',#5049,3.85);
#5049 = AXIS2_PLACEMENT_3D('',#5050,#5051,#5052);
#5050 = CARTESIAN_POINT('',(-1.8,-52.,6.));
#5051 = DIRECTION('',(-0.,0.,-1.));
#5052 = DIRECTION('',(-3.026032831866E-16,-1.,0.));
#5053 = PCURVE('',#100,#5054);
#5054 = DEFINITIONAL_REPRESENTATION('',(#5055),#5063);
#5055 = ( BOUNDED_CURVE() B_SPLINE_CURVE(2,(#5056,#5057,#5058,#5059,
#5060,#5061,#5062),.UNSPECIFIED.,.T.,.F.) B_SPLINE_CURVE_WITH_KNOTS((1,2
    ,2,2,2,1),(-2.094395102393,0.,2.094395102393,4.188790204786,
6.28318530718,8.377580409573),.UNSPECIFIED.) CURVE() 
GEOMETRIC_REPRESENTATION_ITEM() RATIONAL_B_SPLINE_CURVE((1.,0.5,1.,0.5,
1.,0.5,1.)) REPRESENTATION_ITEM('') );
#5056 = CARTESIAN_POINT('',(-1.8,-55.85));
#5057 = CARTESIAN_POINT('',(-8.46839560914,-55.85));
#5058 = CARTESIAN_POINT('',(-5.13419780457,-50.075));
#5059 = CARTESIAN_POINT('',(-1.8,-44.3));
#5060 = CARTESIAN_POINT('',(1.53419780457,-50.075));
#5061 = CARTESIAN_POINT('',(4.86839560914,-55.85));
#5062 = CARTESIAN_POINT('',(-1.8,-55.85));
#5063 = ( GEOMETRIC_REPRESENTATION_CONTEXT(2) 
PARAMETRIC_REPRESENTATION_CONTEXT() REPRESENTATION_CONTEXT('2D SPACE',''
  ) );
#5064 = PCURVE('',#651,#5065);
#5065 = DEFINITIONAL_REPRESENTATION('',(#5066),#5070);
#5066 = LINE('',#5067,#5068);
#5067 = CARTESIAN_POINT('',(0.,-6.05));
#5068 = VECTOR('',#5069,1.);
#5069 = DIRECTION('',(1.,0.));
#5070 = ( GEOMETRIC_REPRESENTATION_CONTEXT(2) 
PARAMETRIC_REPRESENTATION_CONTEXT() REPRESENTATION_CONTEXT('2D SPACE',''
  ) );
#5071 = ORIENTED_EDGE('',*,*,#5072,.T.);
#5072 = EDGE_CURVE('',#5045,#5073,#5075,.T.);
#5073 = VERTEX_POINT('',#5074);
#5074 = CARTESIAN_POINT('',(-5.349044307891,-50.5077585649,6.));
#5075 = SURFACE_CURVE('',#5076,(#5081,#5092),.PCURVE_S1.);
#5076 = CIRCLE('',#5077,2.2);
#5077 = AXIS2_PLACEMENT_3D('',#5078,#5079,#5080);
#5078 = CARTESIAN_POINT('',(-3.7325,-52.,6.));
#5079 = DIRECTION('',(-0.,0.,-1.));
#5080 = DIRECTION('',(-6.486468233295E-16,-1.,0.));
#5081 = PCURVE('',#100,#5082);
#5082 = DEFINITIONAL_REPRESENTATION('',(#5083),#5091);
#5083 = ( BOUNDED_CURVE() B_SPLINE_CURVE(2,(#5084,#5085,#5086,#5087,
#5088,#5089,#5090),.UNSPECIFIED.,.T.,.F.) B_SPLINE_CURVE_WITH_KNOTS((1,2
    ,2,2,2,1),(-2.094395102393,0.,2.094395102393,4.188790204786,
6.28318530718,8.377580409573),.UNSPECIFIED.) CURVE() 
GEOMETRIC_REPRESENTATION_ITEM() RATIONAL_B_SPLINE_CURVE((1.,0.5,1.,0.5,
1.,0.5,1.)) REPRESENTATION_ITEM('') );
#5084 = CARTESIAN_POINT('',(-3.7325,-54.2));
#5085 = CARTESIAN_POINT('',(-7.543011776652,-54.2));
#5086 = CARTESIAN_POINT('',(-5.637755888326,-50.9));
#5087 = CARTESIAN_POINT('',(-3.7325,-47.6));
#5088 = CARTESIAN_POINT('',(-1.827244111674,-50.9));
#5089 = CARTESIAN_POINT('',(7.801177665152E-02,-54.2));
#5090 = CARTESIAN_POINT('',(-3.7325,-54.2));
#5091 = ( GEOMETRIC_REPRESENTATION_CONTEXT(2) 
PARAMETRIC_REPRESENTATION_CONTEXT() REPRESENTATION_CONTEXT('2D SPACE',''
  ) );
#5092 = PCURVE('',#684,#5093);
#5093 = DEFINITIONAL_REPRESENTATION('',(#5094),#5098);
#5094 = LINE('',#5095,#5096);
#5095 = CARTESIAN_POINT('',(0.,-6.05));
#5096 = VECTOR('',#5097,1.);
#5097 = DIRECTION('',(1.,0.));
#5098 = ( GEOMETRIC_REPRESENTATION_CONTEXT(2) 
PARAMETRIC_REPRESENTATION_CONTEXT() REPRESENTATION_CONTEXT('2D SPACE',''
  ) );
#5099 = ORIENTED_EDGE('',*,*,#5100,.T.);
#5100 = EDGE_CURVE('',#5073,#4919,#5101,.T.);
#5101 = SURFACE_CURVE('',#5102,(#5107,#5118),.PCURVE_S1.);
#5102 = CIRCLE('',#5103,3.85);
#5103 = AXIS2_PLACEMENT_3D('',#5104,#5105,#5106);
#5104 = CARTESIAN_POINT('',(-1.8,-52.,6.));
#5105 = DIRECTION('',(-0.,0.,-1.));
#5106 = DIRECTION('',(-3.026032831866E-16,-1.,0.));
#5107 = PCURVE('',#100,#5108);
#5108 = DEFINITIONAL_REPRESENTATION('',(#5109),#5117);
#5109 = ( BOUNDED_CURVE() B_SPLINE_CURVE(2,(#5110,#5111,#5112,#5113,
#5114,#5115,#5116),.UNSPECIFIED.,.T.,.F.) B_SPLINE_CURVE_WITH_KNOTS((1,2
    ,2,2,2,1),(-2.094395102393,0.,2.094395102393,4.188790204786,
6.28318530718,8.377580409573),.UNSPECIFIED.) CURVE() 
GEOMETRIC_REPRESENTATION_ITEM() RATIONAL_B_SPLINE_CURVE((1.,0.5,1.,0.5,
1.,0.5,1.)) REPRESENTATION_ITEM('') );
#5110 = CARTESIAN_POINT('',(-1.8,-55.85));
#5111 = CARTESIAN_POINT('',(-8.46839560914,-55.85));
#5112 = CARTESIAN_POINT('',(-5.13419780457,-50.075));
#5113 = CARTESIAN_POINT('',(-1.8,-44.3));
#5114 = CARTESIAN_POINT('',(1.53419780457,-50.075));
#5115 = CARTESIAN_POINT('',(4.86839560914,-55.85));
#5116 = CARTESIAN_POINT('',(-1.8,-55.85));
#5117 = ( GEOMETRIC_REPRESENTATION_CONTEXT(2) 
PARAMETRIC_REPRESENTATION_CONTEXT() REPRESENTATION_CONTEXT('2D SPACE',''
  ) );
#5118 = PCURVE('',#715,#5119);
#5119 = DEFINITIONAL_REPRESENTATION('',(#5120),#5124);
#5120 = LINE('',#5121,#5122);
#5121 = CARTESIAN_POINT('',(0.,-6.05));
#5122 = VECTOR('',#5123,1.);
#5123 = DIRECTION('',(1.,0.));
#5124 = ( GEOMETRIC_REPRESENTATION_CONTEXT(2) 
PARAMETRIC_REPRESENTATION_CONTEXT() REPRESENTATION_CONTEXT('2D SPACE',''
  ) );
#5125 = FACE_BOUND('',#5126,.T.);
#5126 = EDGE_LOOP('',(#5127,#5150,#5178,#5206,#5234,#5255,#5283,#5311,
    #5339,#5360,#5388,#5416,#5444,#5465,#5488,#5516));
#5127 = ORIENTED_EDGE('',*,*,#5128,.F.);
#5128 = EDGE_CURVE('',#5129,#5131,#5133,.T.);
#5129 = VERTEX_POINT('',#5130);
#5130 = CARTESIAN_POINT('',(25.633845726812,-40.79912319222,6.));
#5131 = VERTEX_POINT('',#5132);
#5132 = CARTESIAN_POINT('',(25.114230484541,-41.09912319222,6.));
#5133 = SURFACE_CURVE('',#5134,(#5138,#5144),.PCURVE_S1.);
#5134 = LINE('',#5135,#5136);
#5135 = CARTESIAN_POINT('',(23.295577136594,-42.14912319222,6.));
#5136 = VECTOR('',#5137,1.);
#5137 = DIRECTION('',(-0.866025403784,-0.5,0.));
#5138 = PCURVE('',#100,#5139);
#5139 = DEFINITIONAL_REPRESENTATION('',(#5140),#5143);
#5140 = B_SPLINE_CURVE_WITH_KNOTS('',1,(#5141,#5142),.UNSPECIFIED.,.F.,
  .F.,(2,2),(-2.7,0.9),.PIECEWISE_BEZIER_KNOTS.);
#5141 = CARTESIAN_POINT('',(25.633845726812,-40.79912319222));
#5142 = CARTESIAN_POINT('',(22.516154273188,-42.59912319222));
#5143 = ( GEOMETRIC_REPRESENTATION_CONTEXT(2) 
PARAMETRIC_REPRESENTATION_CONTEXT() REPRESENTATION_CONTEXT('2D SPACE',''
  ) );
#5144 = PCURVE('',#998,#5145);
#5145 = DEFINITIONAL_REPRESENTATION('',(#5146),#5149);
#5146 = B_SPLINE_CURVE_WITH_KNOTS('',1,(#5147,#5148),.UNSPECIFIED.,.F.,
  .F.,(2,2),(-2.7,0.9),.PIECEWISE_BEZIER_KNOTS.);
#5147 = CARTESIAN_POINT('',(3.6,-6.05));
#5148 = CARTESIAN_POINT('',(0.,-6.05));
#5149 = ( GEOMETRIC_REPRESENTATION_CONTEXT(2) 
PARAMETRIC_REPRESENTATION_CONTEXT() REPRESENTATION_CONTEXT('2D SPACE',''
  ) );
#5150 = ORIENTED_EDGE('',*,*,#5151,.T.);
#5151 = EDGE_CURVE('',#5129,#5152,#5154,.T.);
#5152 = VERTEX_POINT('',#5153);
#5153 = CARTESIAN_POINT('',(29.886287539053,-41.06647985147,6.));
#5154 = SURFACE_CURVE('',#5155,(#5160,#5171),.PCURVE_S1.);
#5155 = CIRCLE('',#5156,3.85);
#5156 = AXIS2_PLACEMENT_3D('',#5157,#5158,#5159);
#5157 = CARTESIAN_POINT('',(27.558845726812,-44.13332099679,6.));
#5158 = DIRECTION('',(0.,0.,-1.));
#5159 = DIRECTION('',(-0.5,0.866025403784,0.));
#5160 = PCURVE('',#100,#5161);
#5161 = DEFINITIONAL_REPRESENTATION('',(#5162),#5170);
#5162 = ( BOUNDED_CURVE() B_SPLINE_CURVE(2,(#5163,#5164,#5165,#5166,
#5167,#5168,#5169),.UNSPECIFIED.,.T.,.F.) B_SPLINE_CURVE_WITH_KNOTS((1,2
    ,2,2,2,1),(-2.094395102393,0.,2.094395102393,4.188790204786,
6.28318530718,8.377580409573),.UNSPECIFIED.) CURVE() 
GEOMETRIC_REPRESENTATION_ITEM() RATIONAL_B_SPLINE_CURVE((1.,0.5,1.,0.5,
1.,0.5,1.)) REPRESENTATION_ITEM('') );
#5163 = CARTESIAN_POINT('',(25.633845726812,-40.79912319222));
#5164 = CARTESIAN_POINT('',(31.408845726812,-37.46492538765));
#5165 = CARTESIAN_POINT('',(31.408845726812,-44.13332099679));
#5166 = CARTESIAN_POINT('',(31.408845726812,-50.80171660593));
#5167 = CARTESIAN_POINT('',(25.633845726812,-47.46751880136));
#5168 = CARTESIAN_POINT('',(19.858845726812,-44.13332099679));
#5169 = CARTESIAN_POINT('',(25.633845726812,-40.79912319222));
#5170 = ( GEOMETRIC_REPRESENTATION_CONTEXT(2) 
PARAMETRIC_REPRESENTATION_CONTEXT() REPRESENTATION_CONTEXT('2D SPACE',''
  ) );
#5171 = PCURVE('',#1030,#5172);
#5172 = DEFINITIONAL_REPRESENTATION('',(#5173),#5177);
#5173 = LINE('',#5174,#5175);
#5174 = CARTESIAN_POINT('',(0.,-6.05));
#5175 = VECTOR('',#5176,1.);
#5176 = DIRECTION('',(1.,0.));
#5177 = ( GEOMETRIC_REPRESENTATION_CONTEXT(2) 
PARAMETRIC_REPRESENTATION_CONTEXT() REPRESENTATION_CONTEXT('2D SPACE',''
  ) );
#5178 = ORIENTED_EDGE('',*,*,#5179,.T.);
#5179 = EDGE_CURVE('',#5152,#5180,#5182,.T.);
#5180 = VERTEX_POINT('',#5181);
#5181 = CARTESIAN_POINT('',(31.378528974152,-43.65111783422,6.));
#5182 = SURFACE_CURVE('',#5183,(#5188,#5199),.PCURVE_S1.);
#5183 = CIRCLE('',#5184,2.2);
#5184 = AXIS2_PLACEMENT_3D('',#5185,#5186,#5187);
#5185 = CARTESIAN_POINT('',(29.232439819625,-43.16707099679,6.));
#5186 = DIRECTION('',(0.,0.,-1.));
#5187 = DIRECTION('',(-0.5,0.866025403784,0.));
#5188 = PCURVE('',#100,#5189);
#5189 = DEFINITIONAL_REPRESENTATION('',(#5190),#5198);
#5190 = ( BOUNDED_CURVE() B_SPLINE_CURVE(2,(#5191,#5192,#5193,#5194,
#5195,#5196,#5197),.UNSPECIFIED.,.T.,.F.) B_SPLINE_CURVE_WITH_KNOTS((1,2
    ,2,2,2,1),(-2.094395102393,0.,2.094395102393,4.188790204786,
6.28318530718,8.377580409573),.UNSPECIFIED.) CURVE() 
GEOMETRIC_REPRESENTATION_ITEM() RATIONAL_B_SPLINE_CURVE((1.,0.5,1.,0.5,
1.,0.5,1.)) REPRESENTATION_ITEM('') );
#5191 = CARTESIAN_POINT('',(28.132439819625,-41.26181510846));
#5192 = CARTESIAN_POINT('',(31.432439819625,-39.35655922013));
#5193 = CARTESIAN_POINT('',(31.432439819625,-43.16707099679));
#5194 = CARTESIAN_POINT('',(31.432439819625,-46.97758277344));
#5195 = CARTESIAN_POINT('',(28.132439819625,-45.07232688511));
#5196 = CARTESIAN_POINT('',(24.832439819625,-43.16707099679));
#5197 = CARTESIAN_POINT('',(28.132439819625,-41.26181510846));
#5198 = ( GEOMETRIC_REPRESENTATION_CONTEXT(2) 
PARAMETRIC_REPRESENTATION_CONTEXT() REPRESENTATION_CONTEXT('2D SPACE',''
  ) );
#5199 = PCURVE('',#1063,#5200);
#5200 = DEFINITIONAL_REPRESENTATION('',(#5201),#5205);
#5201 = LINE('',#5202,#5203);
#5202 = CARTESIAN_POINT('',(0.,-6.05));
#5203 = VECTOR('',#5204,1.);
#5204 = DIRECTION('',(1.,0.));
#5205 = ( GEOMETRIC_REPRESENTATION_CONTEXT(2) 
PARAMETRIC_REPRESENTATION_CONTEXT() REPRESENTATION_CONTEXT('2D SPACE',''
  ) );
#5206 = ORIENTED_EDGE('',*,*,#5207,.T.);
#5207 = EDGE_CURVE('',#5180,#5208,#5210,.T.);
#5208 = VERTEX_POINT('',#5209);
#5209 = CARTESIAN_POINT('',(29.483845726812,-47.46751880136,6.));
#5210 = SURFACE_CURVE('',#5211,(#5216,#5227),.PCURVE_S1.);
#5211 = CIRCLE('',#5212,3.85);
#5212 = AXIS2_PLACEMENT_3D('',#5213,#5214,#5215);
#5213 = CARTESIAN_POINT('',(27.558845726812,-44.13332099679,6.));
#5214 = DIRECTION('',(0.,0.,-1.));
#5215 = DIRECTION('',(-0.5,0.866025403784,0.));
#5216 = PCURVE('',#100,#5217);
#5217 = DEFINITIONAL_REPRESENTATION('',(#5218),#5226);
#5218 = ( BOUNDED_CURVE() B_SPLINE_CURVE(2,(#5219,#5220,#5221,#5222,
#5223,#5224,#5225),.UNSPECIFIED.,.T.,.F.) B_SPLINE_CURVE_WITH_KNOTS((1,2
    ,2,2,2,1),(-2.094395102393,0.,2.094395102393,4.188790204786,
6.28318530718,8.377580409573),.UNSPECIFIED.) CURVE() 
GEOMETRIC_REPRESENTATION_ITEM() RATIONAL_B_SPLINE_CURVE((1.,0.5,1.,0.5,
1.,0.5,1.)) REPRESENTATION_ITEM('') );
#5219 = CARTESIAN_POINT('',(25.633845726812,-40.79912319222));
#5220 = CARTESIAN_POINT('',(31.408845726812,-37.46492538765));
#5221 = CARTESIAN_POINT('',(31.408845726812,-44.13332099679));
#5222 = CARTESIAN_POINT('',(31.408845726812,-50.80171660593));
#5223 = CARTESIAN_POINT('',(25.633845726812,-47.46751880136));
#5224 = CARTESIAN_POINT('',(19.858845726812,-44.13332099679));
#5225 = CARTESIAN_POINT('',(25.633845726812,-40.79912319222));
#5226 = ( GEOMETRIC_REPRESENTATION_CONTEXT(2) 
PARAMETRIC_REPRESENTATION_CONTEXT() REPRESENTATION_CONTEXT('2D SPACE',''
  ) );
#5227 = PCURVE('',#1096,#5228);
#5228 = DEFINITIONAL_REPRESENTATION('',(#5229),#5233);
#5229 = LINE('',#5230,#5231);
#5230 = CARTESIAN_POINT('',(0.,-6.05));
#5231 = VECTOR('',#5232,1.);
#5232 = DIRECTION('',(1.,0.));
#5233 = ( GEOMETRIC_REPRESENTATION_CONTEXT(2) 
PARAMETRIC_REPRESENTATION_CONTEXT() REPRESENTATION_CONTEXT('2D SPACE',''
  ) );
#5234 = ORIENTED_EDGE('',*,*,#5235,.F.);
#5235 = EDGE_CURVE('',#5236,#5208,#5238,.T.);
#5236 = VERTEX_POINT('',#5237);
#5237 = CARTESIAN_POINT('',(28.964230484541,-47.76751880136,6.));
#5238 = SURFACE_CURVE('',#5239,(#5243,#5249),.PCURVE_S1.);
#5239 = LINE('',#5240,#5241);
#5240 = CARTESIAN_POINT('',(28.704422863406,-47.91751880136,6.));
#5241 = VECTOR('',#5242,1.);
#5242 = DIRECTION('',(0.866025403784,0.5,-0.));
#5243 = PCURVE('',#100,#5244);
#5244 = DEFINITIONAL_REPRESENTATION('',(#5245),#5248);
#5245 = B_SPLINE_CURVE_WITH_KNOTS('',1,(#5246,#5247),.UNSPECIFIED.,.F.,
  .F.,(2,2),(-2.7,0.9),.PIECEWISE_BEZIER_KNOTS.);
#5246 = CARTESIAN_POINT('',(26.366154273188,-49.26751880136));
#5247 = CARTESIAN_POINT('',(29.483845726812,-47.46751880136));
#5248 = ( GEOMETRIC_REPRESENTATION_CONTEXT(2) 
PARAMETRIC_REPRESENTATION_CONTEXT() REPRESENTATION_CONTEXT('2D SPACE',''
  ) );
#5249 = PCURVE('',#1123,#5250);
#5250 = DEFINITIONAL_REPRESENTATION('',(#5251),#5254);
#5251 = B_SPLINE_CURVE_WITH_KNOTS('',1,(#5252,#5253),.UNSPECIFIED.,.F.,
  .F.,(2,2),(-2.7,0.9),.PIECEWISE_BEZIER_KNOTS.);
#5252 = CARTESIAN_POINT('',(3.6,-6.05));
#5253 = CARTESIAN_POINT('',(0.,-6.05));
#5254 = ( GEOMETRIC_REPRESENTATION_CONTEXT(2) 
PARAMETRIC_REPRESENTATION_CONTEXT() REPRESENTATION_CONTEXT('2D SPACE',''
  ) );
#5255 = ORIENTED_EDGE('',*,*,#5256,.F.);
#5256 = EDGE_CURVE('',#5257,#5236,#5259,.T.);
#5257 = VERTEX_POINT('',#5258);
#5258 = CARTESIAN_POINT('',(35.039230484541,-58.28972745734,6.));
#5259 = SURFACE_CURVE('',#5260,(#5264,#5271),.PCURVE_S1.);
#5260 = LINE('',#5261,#5262);
#5261 = CARTESIAN_POINT('',(35.039230484541,-58.28972745734,6.));
#5262 = VECTOR('',#5263,1.);
#5263 = DIRECTION('',(-0.5,0.866025403784,0.));
#5264 = PCURVE('',#100,#5265);
#5265 = DEFINITIONAL_REPRESENTATION('',(#5266),#5270);
#5266 = LINE('',#5267,#5268);
#5267 = CARTESIAN_POINT('',(35.039230484541,-58.28972745734));
#5268 = VECTOR('',#5269,1.);
#5269 = DIRECTION('',(-0.5,0.866025403784));
#5270 = ( GEOMETRIC_REPRESENTATION_CONTEXT(2) 
PARAMETRIC_REPRESENTATION_CONTEXT() REPRESENTATION_CONTEXT('2D SPACE',''
  ) );
#5271 = PCURVE('',#5272,#5277);
#5272 = PLANE('',#5273);
#5273 = AXIS2_PLACEMENT_3D('',#5274,#5275,#5276);
#5274 = CARTESIAN_POINT('',(35.039230484541,-58.28972745734,6.));
#5275 = DIRECTION('',(-0.866025403784,-0.5,0.));
#5276 = DIRECTION('',(-0.5,0.866025403784,0.));
#5277 = DEFINITIONAL_REPRESENTATION('',(#5278),#5282);
#5278 = LINE('',#5279,#5280);
#5279 = CARTESIAN_POINT('',(0.,0.));
#5280 = VECTOR('',#5281,1.);
#5281 = DIRECTION('',(1.,0.));
#5282 = ( GEOMETRIC_REPRESENTATION_CONTEXT(2) 
PARAMETRIC_REPRESENTATION_CONTEXT() REPRESENTATION_CONTEXT('2D SPACE',''
  ) );
#5283 = ORIENTED_EDGE('',*,*,#5284,.F.);
#5284 = EDGE_CURVE('',#5285,#5257,#5287,.T.);
#5285 = VERTEX_POINT('',#5286);
#5286 = CARTESIAN_POINT('',(32.960769515459,-59.48972745734,6.));
#5287 = SURFACE_CURVE('',#5288,(#5292,#5299),.PCURVE_S1.);
#5288 = LINE('',#5289,#5290);
#5289 = CARTESIAN_POINT('',(32.960769515459,-59.48972745734,6.));
#5290 = VECTOR('',#5291,1.);
#5291 = DIRECTION('',(0.866025403784,0.5,0.));
#5292 = PCURVE('',#100,#5293);
#5293 = DEFINITIONAL_REPRESENTATION('',(#5294),#5298);
#5294 = LINE('',#5295,#5296);
#5295 = CARTESIAN_POINT('',(32.960769515459,-59.48972745734));
#5296 = VECTOR('',#5297,1.);
#5297 = DIRECTION('',(0.866025403784,0.5));
#5298 = ( GEOMETRIC_REPRESENTATION_CONTEXT(2) 
PARAMETRIC_REPRESENTATION_CONTEXT() REPRESENTATION_CONTEXT('2D SPACE',''
  ) );
#5299 = PCURVE('',#5300,#5305);
#5300 = PLANE('',#5301);
#5301 = AXIS2_PLACEMENT_3D('',#5302,#5303,#5304);
#5302 = CARTESIAN_POINT('',(32.960769515459,-59.48972745734,6.));
#5303 = DIRECTION('',(-0.5,0.866025403784,0.));
#5304 = DIRECTION('',(0.866025403784,0.5,0.));
#5305 = DEFINITIONAL_REPRESENTATION('',(#5306),#5310);
#5306 = LINE('',#5307,#5308);
#5307 = CARTESIAN_POINT('',(0.,0.));
#5308 = VECTOR('',#5309,1.);
#5309 = DIRECTION('',(1.,0.));
#5310 = ( GEOMETRIC_REPRESENTATION_CONTEXT(2) 
PARAMETRIC_REPRESENTATION_CONTEXT() REPRESENTATION_CONTEXT('2D SPACE',''
  ) );
#5311 = ORIENTED_EDGE('',*,*,#5312,.F.);
#5312 = EDGE_CURVE('',#5313,#5285,#5315,.T.);
#5313 = VERTEX_POINT('',#5314);
#5314 = CARTESIAN_POINT('',(26.885769515459,-48.96751880136,6.));
#5315 = SURFACE_CURVE('',#5316,(#5320,#5327),.PCURVE_S1.);
#5316 = LINE('',#5317,#5318);
#5317 = CARTESIAN_POINT('',(6.960769515459,-14.45640646055,6.));
#5318 = VECTOR('',#5319,1.);
#5319 = DIRECTION('',(0.5,-0.866025403784,0.));
#5320 = PCURVE('',#100,#5321);
#5321 = DEFINITIONAL_REPRESENTATION('',(#5322),#5326);
#5322 = LINE('',#5323,#5324);
#5323 = CARTESIAN_POINT('',(6.960769515459,-14.45640646055));
#5324 = VECTOR('',#5325,1.);
#5325 = DIRECTION('',(0.5,-0.866025403784));
#5326 = ( GEOMETRIC_REPRESENTATION_CONTEXT(2) 
PARAMETRIC_REPRESENTATION_CONTEXT() REPRESENTATION_CONTEXT('2D SPACE',''
  ) );
#5327 = PCURVE('',#5328,#5333);
#5328 = PLANE('',#5329);
#5329 = AXIS2_PLACEMENT_3D('',#5330,#5331,#5332);
#5330 = CARTESIAN_POINT('',(6.960769515459,-14.45640646055,6.));
#5331 = DIRECTION('',(0.866025403784,0.5,-0.));
#5332 = DIRECTION('',(0.5,-0.866025403784,0.));
#5333 = DEFINITIONAL_REPRESENTATION('',(#5334),#5338);
#5334 = LINE('',#5335,#5336);
#5335 = CARTESIAN_POINT('',(0.,0.));
#5336 = VECTOR('',#5337,1.);
#5337 = DIRECTION('',(1.,0.));
#5338 = ( GEOMETRIC_REPRESENTATION_CONTEXT(2) 
PARAMETRIC_REPRESENTATION_CONTEXT() REPRESENTATION_CONTEXT('2D SPACE',''
  ) );
#5339 = ORIENTED_EDGE('',*,*,#5340,.F.);
#5340 = EDGE_CURVE('',#5341,#5313,#5343,.T.);
#5341 = VERTEX_POINT('',#5342);
#5342 = CARTESIAN_POINT('',(26.366154273188,-49.26751880136,6.));
#5343 = SURFACE_CURVE('',#5344,(#5348,#5354),.PCURVE_S1.);
#5344 = LINE('',#5345,#5346);
#5345 = CARTESIAN_POINT('',(28.704422863406,-47.91751880136,6.));
#5346 = VECTOR('',#5347,1.);
#5347 = DIRECTION('',(0.866025403784,0.5,-0.));
#5348 = PCURVE('',#100,#5349);
#5349 = DEFINITIONAL_REPRESENTATION('',(#5350),#5353);
#5350 = B_SPLINE_CURVE_WITH_KNOTS('',1,(#5351,#5352),.UNSPECIFIED.,.F.,
  .F.,(2,2),(-2.7,0.9),.PIECEWISE_BEZIER_KNOTS.);
#5351 = CARTESIAN_POINT('',(26.366154273188,-49.26751880136));
#5352 = CARTESIAN_POINT('',(29.483845726812,-47.46751880136));
#5353 = ( GEOMETRIC_REPRESENTATION_CONTEXT(2) 
PARAMETRIC_REPRESENTATION_CONTEXT() REPRESENTATION_CONTEXT('2D SPACE',''
  ) );
#5354 = PCURVE('',#1123,#5355);
#5355 = DEFINITIONAL_REPRESENTATION('',(#5356),#5359);
#5356 = B_SPLINE_CURVE_WITH_KNOTS('',1,(#5357,#5358),.UNSPECIFIED.,.F.,
  .F.,(2,2),(-2.7,0.9),.PIECEWISE_BEZIER_KNOTS.);
#5357 = CARTESIAN_POINT('',(3.6,-6.05));
#5358 = CARTESIAN_POINT('',(0.,-6.05));
#5359 = ( GEOMETRIC_REPRESENTATION_CONTEXT(2) 
PARAMETRIC_REPRESENTATION_CONTEXT() REPRESENTATION_CONTEXT('2D SPACE',''
  ) );
#5360 = ORIENTED_EDGE('',*,*,#5361,.T.);
#5361 = EDGE_CURVE('',#5341,#5362,#5364,.T.);
#5362 = VERTEX_POINT('',#5363);
#5363 = CARTESIAN_POINT('',(22.113712460947,-49.00016214211,6.));
#5364 = SURFACE_CURVE('',#5365,(#5370,#5381),.PCURVE_S1.);
#5365 = CIRCLE('',#5366,3.85);
#5366 = AXIS2_PLACEMENT_3D('',#5367,#5368,#5369);
#5367 = CARTESIAN_POINT('',(24.441154273188,-45.93332099679,6.));
#5368 = DIRECTION('',(0.,-0.,-1.));
#5369 = DIRECTION('',(0.5,-0.866025403784,0.));
#5370 = PCURVE('',#100,#5371);
#5371 = DEFINITIONAL_REPRESENTATION('',(#5372),#5380);
#5372 = ( BOUNDED_CURVE() B_SPLINE_CURVE(2,(#5373,#5374,#5375,#5376,
#5377,#5378,#5379),.UNSPECIFIED.,.T.,.F.) B_SPLINE_CURVE_WITH_KNOTS((1,2
    ,2,2,2,1),(-2.094395102393,0.,2.094395102393,4.188790204786,
6.28318530718,8.377580409573),.UNSPECIFIED.) CURVE() 
GEOMETRIC_REPRESENTATION_ITEM() RATIONAL_B_SPLINE_CURVE((1.,0.5,1.,0.5,
1.,0.5,1.)) REPRESENTATION_ITEM('') );
#5373 = CARTESIAN_POINT('',(26.366154273188,-49.26751880136));
#5374 = CARTESIAN_POINT('',(20.591154273188,-52.60171660593));
#5375 = CARTESIAN_POINT('',(20.591154273188,-45.93332099679));
#5376 = CARTESIAN_POINT('',(20.591154273188,-39.26492538765));
#5377 = CARTESIAN_POINT('',(26.366154273188,-42.59912319222));
#5378 = CARTESIAN_POINT('',(32.141154273188,-45.93332099679));
#5379 = CARTESIAN_POINT('',(26.366154273188,-49.26751880136));
#5380 = ( GEOMETRIC_REPRESENTATION_CONTEXT(2) 
PARAMETRIC_REPRESENTATION_CONTEXT() REPRESENTATION_CONTEXT('2D SPACE',''
  ) );
#5381 = PCURVE('',#1155,#5382);
#5382 = DEFINITIONAL_REPRESENTATION('',(#5383),#5387);
#5383 = LINE('',#5384,#5385);
#5384 = CARTESIAN_POINT('',(0.,-6.05));
#5385 = VECTOR('',#5386,1.);
#5386 = DIRECTION('',(1.,0.));
#5387 = ( GEOMETRIC_REPRESENTATION_CONTEXT(2) 
PARAMETRIC_REPRESENTATION_CONTEXT() REPRESENTATION_CONTEXT('2D SPACE',''
  ) );
#5388 = ORIENTED_EDGE('',*,*,#5389,.T.);
#5389 = EDGE_CURVE('',#5362,#5390,#5392,.T.);
#5390 = VERTEX_POINT('',#5391);
#5391 = CARTESIAN_POINT('',(20.621471025848,-46.41552415936,6.));
#5392 = SURFACE_CURVE('',#5393,(#5398,#5409),.PCURVE_S1.);
#5393 = CIRCLE('',#5394,2.2);
#5394 = AXIS2_PLACEMENT_3D('',#5395,#5396,#5397);
#5395 = CARTESIAN_POINT('',(22.767560180375,-46.89957099679,6.));
#5396 = DIRECTION('',(0.,-0.,-1.));
#5397 = DIRECTION('',(0.5,-0.866025403784,0.));
#5398 = PCURVE('',#100,#5399);
#5399 = DEFINITIONAL_REPRESENTATION('',(#5400),#5408);
#5400 = ( BOUNDED_CURVE() B_SPLINE_CURVE(2,(#5401,#5402,#5403,#5404,
#5405,#5406,#5407),.UNSPECIFIED.,.T.,.F.) B_SPLINE_CURVE_WITH_KNOTS((1,2
    ,2,2,2,1),(-2.094395102393,0.,2.094395102393,4.188790204786,
6.28318530718,8.377580409573),.UNSPECIFIED.) CURVE() 
GEOMETRIC_REPRESENTATION_ITEM() RATIONAL_B_SPLINE_CURVE((1.,0.5,1.,0.5,
1.,0.5,1.)) REPRESENTATION_ITEM('') );
#5401 = CARTESIAN_POINT('',(23.867560180375,-48.80482688511));
#5402 = CARTESIAN_POINT('',(20.567560180375,-50.71008277344));
#5403 = CARTESIAN_POINT('',(20.567560180375,-46.89957099679));
#5404 = CARTESIAN_POINT('',(20.567560180375,-43.08905922013));
#5405 = CARTESIAN_POINT('',(23.867560180375,-44.99431510846));
#5406 = CARTESIAN_POINT('',(27.167560180375,-46.89957099679));
#5407 = CARTESIAN_POINT('',(23.867560180375,-48.80482688511));
#5408 = ( GEOMETRIC_REPRESENTATION_CONTEXT(2) 
PARAMETRIC_REPRESENTATION_CONTEXT() REPRESENTATION_CONTEXT('2D SPACE',''
  ) );
#5409 = PCURVE('',#1188,#5410);
#5410 = DEFINITIONAL_REPRESENTATION('',(#5411),#5415);
#5411 = LINE('',#5412,#5413);
#5412 = CARTESIAN_POINT('',(0.,-6.05));
#5413 = VECTOR('',#5414,1.);
#5414 = DIRECTION('',(1.,0.));
#5415 = ( GEOMETRIC_REPRESENTATION_CONTEXT(2) 
PARAMETRIC_REPRESENTATION_CONTEXT() REPRESENTATION_CONTEXT('2D SPACE',''
  ) );
#5416 = ORIENTED_EDGE('',*,*,#5417,.T.);
#5417 = EDGE_CURVE('',#5390,#5418,#5420,.T.);
#5418 = VERTEX_POINT('',#5419);
#5419 = CARTESIAN_POINT('',(22.516154273188,-42.59912319222,6.));
#5420 = SURFACE_CURVE('',#5421,(#5426,#5437),.PCURVE_S1.);
#5421 = CIRCLE('',#5422,3.85);
#5422 = AXIS2_PLACEMENT_3D('',#5423,#5424,#5425);
#5423 = CARTESIAN_POINT('',(24.441154273188,-45.93332099679,6.));
#5424 = DIRECTION('',(0.,-0.,-1.));
#5425 = DIRECTION('',(0.5,-0.866025403784,0.));
#5426 = PCURVE('',#100,#5427);
#5427 = DEFINITIONAL_REPRESENTATION('',(#5428),#5436);
#5428 = ( BOUNDED_CURVE() B_SPLINE_CURVE(2,(#5429,#5430,#5431,#5432,
#5433,#5434,#5435),.UNSPECIFIED.,.T.,.F.) B_SPLINE_CURVE_WITH_KNOTS((1,2
    ,2,2,2,1),(-2.094395102393,0.,2.094395102393,4.188790204786,
6.28318530718,8.377580409573),.UNSPECIFIED.) CURVE() 
GEOMETRIC_REPRESENTATION_ITEM() RATIONAL_B_SPLINE_CURVE((1.,0.5,1.,0.5,
1.,0.5,1.)) REPRESENTATION_ITEM('') );
#5429 = CARTESIAN_POINT('',(26.366154273188,-49.26751880136));
#5430 = CARTESIAN_POINT('',(20.591154273188,-52.60171660593));
#5431 = CARTESIAN_POINT('',(20.591154273188,-45.93332099679));
#5432 = CARTESIAN_POINT('',(20.591154273188,-39.26492538765));
#5433 = CARTESIAN_POINT('',(26.366154273188,-42.59912319222));
#5434 = CARTESIAN_POINT('',(32.141154273188,-45.93332099679));
#5435 = CARTESIAN_POINT('',(26.366154273188,-49.26751880136));
#5436 = ( GEOMETRIC_REPRESENTATION_CONTEXT(2) 
PARAMETRIC_REPRESENTATION_CONTEXT() REPRESENTATION_CONTEXT('2D SPACE',''
  ) );
#5437 = PCURVE('',#1219,#5438);
#5438 = DEFINITIONAL_REPRESENTATION('',(#5439),#5443);
#5439 = LINE('',#5440,#5441);
#5440 = CARTESIAN_POINT('',(0.,-6.05));
#5441 = VECTOR('',#5442,1.);
#5442 = DIRECTION('',(1.,0.));
#5443 = ( GEOMETRIC_REPRESENTATION_CONTEXT(2) 
PARAMETRIC_REPRESENTATION_CONTEXT() REPRESENTATION_CONTEXT('2D SPACE',''
  ) );
#5444 = ORIENTED_EDGE('',*,*,#5445,.F.);
#5445 = EDGE_CURVE('',#5446,#5418,#5448,.T.);
#5446 = VERTEX_POINT('',#5447);
#5447 = CARTESIAN_POINT('',(23.035769515459,-42.29912319222,6.));
#5448 = SURFACE_CURVE('',#5449,(#5453,#5459),.PCURVE_S1.);
#5449 = LINE('',#5450,#5451);
#5450 = CARTESIAN_POINT('',(23.295577136594,-42.14912319222,6.));
#5451 = VECTOR('',#5452,1.);
#5452 = DIRECTION('',(-0.866025403784,-0.5,0.));
#5453 = PCURVE('',#100,#5454);
#5454 = DEFINITIONAL_REPRESENTATION('',(#5455),#5458);
#5455 = B_SPLINE_CURVE_WITH_KNOTS('',1,(#5456,#5457),.UNSPECIFIED.,.F.,
  .F.,(2,2),(-2.7,0.9),.PIECEWISE_BEZIER_KNOTS.);
#5456 = CARTESIAN_POINT('',(25.633845726812,-40.79912319222));
#5457 = CARTESIAN_POINT('',(22.516154273188,-42.59912319222));
#5458 = ( GEOMETRIC_REPRESENTATION_CONTEXT(2) 
PARAMETRIC_REPRESENTATION_CONTEXT() REPRESENTATION_CONTEXT('2D SPACE',''
  ) );
#5459 = PCURVE('',#998,#5460);
#5460 = DEFINITIONAL_REPRESENTATION('',(#5461),#5464);
#5461 = B_SPLINE_CURVE_WITH_KNOTS('',1,(#5462,#5463),.UNSPECIFIED.,.F.,
  .F.,(2,2),(-2.7,0.9),.PIECEWISE_BEZIER_KNOTS.);
#5462 = CARTESIAN_POINT('',(3.6,-6.05));
#5463 = CARTESIAN_POINT('',(0.,-6.05));
#5464 = ( GEOMETRIC_REPRESENTATION_CONTEXT(2) 
PARAMETRIC_REPRESENTATION_CONTEXT() REPRESENTATION_CONTEXT('2D SPACE',''
  ) );
#5465 = ORIENTED_EDGE('',*,*,#5466,.F.);
#5466 = EDGE_CURVE('',#5467,#5446,#5469,.T.);
#5467 = VERTEX_POINT('',#5468);
#5468 = CARTESIAN_POINT('',(6.960769515459,-14.45640646055,6.));
#5469 = SURFACE_CURVE('',#5470,(#5474,#5481),.PCURVE_S1.);
#5470 = LINE('',#5471,#5472);
#5471 = CARTESIAN_POINT('',(6.960769515459,-14.45640646055,6.));
#5472 = VECTOR('',#5473,1.);
#5473 = DIRECTION('',(0.5,-0.866025403784,0.));
#5474 = PCURVE('',#100,#5475);
#5475 = DEFINITIONAL_REPRESENTATION('',(#5476),#5480);
#5476 = LINE('',#5477,#5478);
#5477 = CARTESIAN_POINT('',(6.960769515459,-14.45640646055));
#5478 = VECTOR('',#5479,1.);
#5479 = DIRECTION('',(0.5,-0.866025403784));
#5480 = ( GEOMETRIC_REPRESENTATION_CONTEXT(2) 
PARAMETRIC_REPRESENTATION_CONTEXT() REPRESENTATION_CONTEXT('2D SPACE',''
  ) );
#5481 = PCURVE('',#5328,#5482);
#5482 = DEFINITIONAL_REPRESENTATION('',(#5483),#5487);
#5483 = LINE('',#5484,#5485);
#5484 = CARTESIAN_POINT('',(0.,0.));
#5485 = VECTOR('',#5486,1.);
#5486 = DIRECTION('',(1.,0.));
#5487 = ( GEOMETRIC_REPRESENTATION_CONTEXT(2) 
PARAMETRIC_REPRESENTATION_CONTEXT() REPRESENTATION_CONTEXT('2D SPACE',''
  ) );
#5488 = ORIENTED_EDGE('',*,*,#5489,.F.);
#5489 = EDGE_CURVE('',#5490,#5467,#5492,.T.);
#5490 = VERTEX_POINT('',#5491);
#5491 = CARTESIAN_POINT('',(9.039230484541,-13.25640646055,6.));
#5492 = SURFACE_CURVE('',#5493,(#5497,#5504),.PCURVE_S1.);
#5493 = LINE('',#5494,#5495);
#5494 = CARTESIAN_POINT('',(9.039230484541,-13.25640646055,6.));
#5495 = VECTOR('',#5496,1.);
#5496 = DIRECTION('',(-0.866025403784,-0.5,0.));
#5497 = PCURVE('',#100,#5498);
#5498 = DEFINITIONAL_REPRESENTATION('',(#5499),#5503);
#5499 = LINE('',#5500,#5501);
#5500 = CARTESIAN_POINT('',(9.039230484541,-13.25640646055));
#5501 = VECTOR('',#5502,1.);
#5502 = DIRECTION('',(-0.866025403784,-0.5));
#5503 = ( GEOMETRIC_REPRESENTATION_CONTEXT(2) 
PARAMETRIC_REPRESENTATION_CONTEXT() REPRESENTATION_CONTEXT('2D SPACE',''
  ) );
#5504 = PCURVE('',#5505,#5510);
#5505 = PLANE('',#5506);
#5506 = AXIS2_PLACEMENT_3D('',#5507,#5508,#5509);
#5507 = CARTESIAN_POINT('',(9.039230484541,-13.25640646055,6.));
#5508 = DIRECTION('',(0.5,-0.866025403784,0.));
#5509 = DIRECTION('',(-0.866025403784,-0.5,0.));
#5510 = DEFINITIONAL_REPRESENTATION('',(#5511),#5515);
#5511 = LINE('',#5512,#5513);
#5512 = CARTESIAN_POINT('',(0.,0.));
#5513 = VECTOR('',#5514,1.);
#5514 = DIRECTION('',(1.,0.));
#5515 = ( GEOMETRIC_REPRESENTATION_CONTEXT(2) 
PARAMETRIC_REPRESENTATION_CONTEXT() REPRESENTATION_CONTEXT('2D SPACE',''
  ) );
#5516 = ORIENTED_EDGE('',*,*,#5517,.F.);
#5517 = EDGE_CURVE('',#5131,#5490,#5518,.T.);
#5518 = SURFACE_CURVE('',#5519,(#5523,#5530),.PCURVE_S1.);
#5519 = LINE('',#5520,#5521);
#5520 = CARTESIAN_POINT('',(35.039230484541,-58.28972745734,6.));
#5521 = VECTOR('',#5522,1.);
#5522 = DIRECTION('',(-0.5,0.866025403784,0.));
#5523 = PCURVE('',#100,#5524);
#5524 = DEFINITIONAL_REPRESENTATION('',(#5525),#5529);
#5525 = LINE('',#5526,#5527);
#5526 = CARTESIAN_POINT('',(35.039230484541,-58.28972745734));
#5527 = VECTOR('',#5528,1.);
#5528 = DIRECTION('',(-0.5,0.866025403784));
#5529 = ( GEOMETRIC_REPRESENTATION_CONTEXT(2) 
PARAMETRIC_REPRESENTATION_CONTEXT() REPRESENTATION_CONTEXT('2D SPACE',''
  ) );
#5530 = PCURVE('',#5272,#5531);
#5531 = DEFINITIONAL_REPRESENTATION('',(#5532),#5536);
#5532 = LINE('',#5533,#5534);
#5533 = CARTESIAN_POINT('',(0.,0.));
#5534 = VECTOR('',#5535,1.);
#5535 = DIRECTION('',(1.,0.));
#5536 = ( GEOMETRIC_REPRESENTATION_CONTEXT(2) 
PARAMETRIC_REPRESENTATION_CONTEXT() REPRESENTATION_CONTEXT('2D SPACE',''
  ) );
#5537 = FACE_BOUND('',#5538,.T.);
#5538 = EDGE_LOOP('',(#5539,#5569,#5590,#5611,#5632,#5660,#5681,#5702,
    #5723,#5751,#5772,#5793,#5814,#5842,#5863,#5884));
#5539 = ORIENTED_EDGE('',*,*,#5540,.T.);
#5540 = EDGE_CURVE('',#5541,#5543,#5545,.T.);
#5541 = VERTEX_POINT('',#5542);
#5542 = CARTESIAN_POINT('',(3.,13.674794331177,6.));
#5543 = VERTEX_POINT('',#5544);
#5544 = CARTESIAN_POINT('',(13.674794331177,3.,6.));
#5545 = SURFACE_CURVE('',#5546,(#5551,#5562),.PCURVE_S1.);
#5546 = CIRCLE('',#5547,14.);
#5547 = AXIS2_PLACEMENT_3D('',#5548,#5549,#5550);
#5548 = CARTESIAN_POINT('',(0.,0.,6.));
#5549 = DIRECTION('',(0.,0.,-1.));
#5550 = DIRECTION('',(1.,0.,0.));
#5551 = PCURVE('',#100,#5552);
#5552 = DEFINITIONAL_REPRESENTATION('',(#5553),#5561);
#5553 = ( BOUNDED_CURVE() B_SPLINE_CURVE(2,(#5554,#5555,#5556,#5557,
#5558,#5559,#5560),.UNSPECIFIED.,.T.,.F.) B_SPLINE_CURVE_WITH_KNOTS((1,2
    ,2,2,2,1),(-2.094395102393,0.,2.094395102393,4.188790204786,
6.28318530718,8.377580409573),.UNSPECIFIED.) CURVE() 
GEOMETRIC_REPRESENTATION_ITEM() RATIONAL_B_SPLINE_CURVE((1.,0.5,1.,0.5,
1.,0.5,1.)) REPRESENTATION_ITEM('') );
#5554 = CARTESIAN_POINT('',(14.,-2.143414715277E-15));
#5555 = CARTESIAN_POINT('',(14.,-24.24871130596));
#5556 = CARTESIAN_POINT('',(-7.,-12.12435565298));
#5557 = CARTESIAN_POINT('',(-28.,-5.572425752889E-15));
#5558 = CARTESIAN_POINT('',(-7.,12.124355652982));
#5559 = CARTESIAN_POINT('',(14.,24.248711305964));
#5560 = CARTESIAN_POINT('',(14.,-2.143414715277E-15));
#5561 = ( GEOMETRIC_REPRESENTATION_CONTEXT(2) 
PARAMETRIC_REPRESENTATION_CONTEXT() REPRESENTATION_CONTEXT('2D SPACE',''
  ) );
#5562 = PCURVE('',#2295,#5563);
#5563 = DEFINITIONAL_REPRESENTATION('',(#5564),#5568);
#5564 = LINE('',#5565,#5566);
#5565 = CARTESIAN_POINT('',(-6.28318530718,-140.0000002));
#5566 = VECTOR('',#5567,1.);
#5567 = DIRECTION('',(1.,-0.));
#5568 = ( GEOMETRIC_REPRESENTATION_CONTEXT(2) 
PARAMETRIC_REPRESENTATION_CONTEXT() REPRESENTATION_CONTEXT('2D SPACE',''
  ) );
#5569 = ORIENTED_EDGE('',*,*,#5570,.T.);
#5570 = EDGE_CURVE('',#5543,#5571,#5573,.T.);
#5571 = VERTEX_POINT('',#5572);
#5572 = CARTESIAN_POINT('',(15.,3.,6.));
#5573 = SURFACE_CURVE('',#5574,(#5578,#5584),.PCURVE_S1.);
#5574 = LINE('',#5575,#5576);
#5575 = CARTESIAN_POINT('',(7.5,3.,6.));
#5576 = VECTOR('',#5577,1.);
#5577 = DIRECTION('',(1.,0.,-0.));
#5578 = PCURVE('',#100,#5579);
#5579 = DEFINITIONAL_REPRESENTATION('',(#5580),#5583);
#5580 = B_SPLINE_CURVE_WITH_KNOTS('',1,(#5581,#5582),.UNSPECIFIED.,.F.,
  .F.,(2,2),(3.5,7.5),.PIECEWISE_BEZIER_KNOTS.);
#5581 = CARTESIAN_POINT('',(11.,3.));
#5582 = CARTESIAN_POINT('',(15.,3.));
#5583 = ( GEOMETRIC_REPRESENTATION_CONTEXT(2) 
PARAMETRIC_REPRESENTATION_CONTEXT() REPRESENTATION_CONTEXT('2D SPACE',''
  ) );
#5584 = PCURVE('',#2323,#5585);
#5585 = DEFINITIONAL_REPRESENTATION('',(#5586),#5589);
#5586 = B_SPLINE_CURVE_WITH_KNOTS('',1,(#5587,#5588),.UNSPECIFIED.,.F.,
  .F.,(2,2),(3.5,7.5),.PIECEWISE_BEZIER_KNOTS.);
#5587 = CARTESIAN_POINT('',(4.,-6.));
#5588 = CARTESIAN_POINT('',(0.,-6.));
#5589 = ( GEOMETRIC_REPRESENTATION_CONTEXT(2) 
PARAMETRIC_REPRESENTATION_CONTEXT() REPRESENTATION_CONTEXT('2D SPACE',''
  ) );
#5590 = ORIENTED_EDGE('',*,*,#5591,.T.);
#5591 = EDGE_CURVE('',#5571,#5592,#5594,.T.);
#5592 = VERTEX_POINT('',#5593);
#5593 = CARTESIAN_POINT('',(15.,-3.,6.));
#5594 = SURFACE_CURVE('',#5595,(#5599,#5605),.PCURVE_S1.);
#5595 = LINE('',#5596,#5597);
#5596 = CARTESIAN_POINT('',(15.,-1.5,6.));
#5597 = VECTOR('',#5598,1.);
#5598 = DIRECTION('',(0.,-1.,0.));
#5599 = PCURVE('',#100,#5600);
#5600 = DEFINITIONAL_REPRESENTATION('',(#5601),#5604);
#5601 = B_SPLINE_CURVE_WITH_KNOTS('',1,(#5602,#5603),.UNSPECIFIED.,.F.,
  .F.,(2,2),(-4.5,1.5),.PIECEWISE_BEZIER_KNOTS.);
#5602 = CARTESIAN_POINT('',(15.,3.));
#5603 = CARTESIAN_POINT('',(15.,-3.));
#5604 = ( GEOMETRIC_REPRESENTATION_CONTEXT(2) 
PARAMETRIC_REPRESENTATION_CONTEXT() REPRESENTATION_CONTEXT('2D SPACE',''
  ) );
#5605 = PCURVE('',#2351,#5606);
#5606 = DEFINITIONAL_REPRESENTATION('',(#5607),#5610);
#5607 = B_SPLINE_CURVE_WITH_KNOTS('',1,(#5608,#5609),.UNSPECIFIED.,.F.,
  .F.,(2,2),(-4.5,1.5),.PIECEWISE_BEZIER_KNOTS.);
#5608 = CARTESIAN_POINT('',(6.,-6.));
#5609 = CARTESIAN_POINT('',(0.,-6.));
#5610 = ( GEOMETRIC_REPRESENTATION_CONTEXT(2) 
PARAMETRIC_REPRESENTATION_CONTEXT() REPRESENTATION_CONTEXT('2D SPACE',''
  ) );
#5611 = ORIENTED_EDGE('',*,*,#5612,.T.);
#5612 = EDGE_CURVE('',#5592,#5613,#5615,.T.);
#5613 = VERTEX_POINT('',#5614);
#5614 = CARTESIAN_POINT('',(13.674794331177,-3.,6.));
#5615 = SURFACE_CURVE('',#5616,(#5620,#5626),.PCURVE_S1.);
#5616 = LINE('',#5617,#5618);
#5617 = CARTESIAN_POINT('',(5.5,-3.,6.));
#5618 = VECTOR('',#5619,1.);
#5619 = DIRECTION('',(-1.,0.,0.));
#5620 = PCURVE('',#100,#5621);
#5621 = DEFINITIONAL_REPRESENTATION('',(#5622),#5625);
#5622 = B_SPLINE_CURVE_WITH_KNOTS('',1,(#5623,#5624),.UNSPECIFIED.,.F.,
  .F.,(2,2),(-9.5,-5.5),.PIECEWISE_BEZIER_KNOTS.);
#5623 = CARTESIAN_POINT('',(15.,-3.));
#5624 = CARTESIAN_POINT('',(11.,-3.));
#5625 = ( GEOMETRIC_REPRESENTATION_CONTEXT(2) 
PARAMETRIC_REPRESENTATION_CONTEXT() REPRESENTATION_CONTEXT('2D SPACE',''
  ) );
#5626 = PCURVE('',#2379,#5627);
#5627 = DEFINITIONAL_REPRESENTATION('',(#5628),#5631);
#5628 = B_SPLINE_CURVE_WITH_KNOTS('',1,(#5629,#5630),.UNSPECIFIED.,.F.,
  .F.,(2,2),(-9.5,-5.5),.PIECEWISE_BEZIER_KNOTS.);
#5629 = CARTESIAN_POINT('',(4.,-6.));
#5630 = CARTESIAN_POINT('',(0.,-6.));
#5631 = ( GEOMETRIC_REPRESENTATION_CONTEXT(2) 
PARAMETRIC_REPRESENTATION_CONTEXT() REPRESENTATION_CONTEXT('2D SPACE',''
  ) );
#5632 = ORIENTED_EDGE('',*,*,#5633,.T.);
#5633 = EDGE_CURVE('',#5613,#5634,#5636,.T.);
#5634 = VERTEX_POINT('',#5635);
#5635 = CARTESIAN_POINT('',(3.,-13.67479433117,6.));
#5636 = SURFACE_CURVE('',#5637,(#5642,#5653),.PCURVE_S1.);
#5637 = CIRCLE('',#5638,14.);
#5638 = AXIS2_PLACEMENT_3D('',#5639,#5640,#5641);
#5639 = CARTESIAN_POINT('',(0.,0.,6.));
#5640 = DIRECTION('',(0.,0.,-1.));
#5641 = DIRECTION('',(1.,0.,0.));
#5642 = PCURVE('',#100,#5643);
#5643 = DEFINITIONAL_REPRESENTATION('',(#5644),#5652);
#5644 = ( BOUNDED_CURVE() B_SPLINE_CURVE(2,(#5645,#5646,#5647,#5648,
#5649,#5650,#5651),.UNSPECIFIED.,.T.,.F.) B_SPLINE_CURVE_WITH_KNOTS((1,2
    ,2,2,2,1),(-2.094395102393,0.,2.094395102393,4.188790204786,
6.28318530718,8.377580409573),.UNSPECIFIED.) CURVE() 
GEOMETRIC_REPRESENTATION_ITEM() RATIONAL_B_SPLINE_CURVE((1.,0.5,1.,0.5,
1.,0.5,1.)) REPRESENTATION_ITEM('') );
#5645 = CARTESIAN_POINT('',(14.,-2.143414715277E-15));
#5646 = CARTESIAN_POINT('',(14.,-24.24871130596));
#5647 = CARTESIAN_POINT('',(-7.,-12.12435565298));
#5648 = CARTESIAN_POINT('',(-28.,-5.572425752889E-15));
#5649 = CARTESIAN_POINT('',(-7.,12.124355652982));
#5650 = CARTESIAN_POINT('',(14.,24.248711305964));
#5651 = CARTESIAN_POINT('',(14.,-2.143414715277E-15));
#5652 = ( GEOMETRIC_REPRESENTATION_CONTEXT(2) 
PARAMETRIC_REPRESENTATION_CONTEXT() REPRESENTATION_CONTEXT('2D SPACE',''
  ) );
#5653 = PCURVE('',#2408,#5654);
#5654 = DEFINITIONAL_REPRESENTATION('',(#5655),#5659);
#5655 = LINE('',#5656,#5657);
#5656 = CARTESIAN_POINT('',(-6.28318530718,-140.0000002));
#5657 = VECTOR('',#5658,1.);
#5658 = DIRECTION('',(1.,-0.));
#5659 = ( GEOMETRIC_REPRESENTATION_CONTEXT(2) 
PARAMETRIC_REPRESENTATION_CONTEXT() REPRESENTATION_CONTEXT('2D SPACE',''
  ) );
#5660 = ORIENTED_EDGE('',*,*,#5661,.T.);
#5661 = EDGE_CURVE('',#5634,#5662,#5664,.T.);
#5662 = VERTEX_POINT('',#5663);
#5663 = CARTESIAN_POINT('',(3.,-15.,6.));
#5664 = SURFACE_CURVE('',#5665,(#5669,#5675),.PCURVE_S1.);
#5665 = LINE('',#5666,#5667);
#5666 = CARTESIAN_POINT('',(3.,-7.5,6.));
#5667 = VECTOR('',#5668,1.);
#5668 = DIRECTION('',(-2.22044604925E-16,-1.,0.));
#5669 = PCURVE('',#100,#5670);
#5670 = DEFINITIONAL_REPRESENTATION('',(#5671),#5674);
#5671 = B_SPLINE_CURVE_WITH_KNOTS('',1,(#5672,#5673),.UNSPECIFIED.,.F.,
  .F.,(2,2),(3.5,7.5),.PIECEWISE_BEZIER_KNOTS.);
#5672 = CARTESIAN_POINT('',(3.,-11.));
#5673 = CARTESIAN_POINT('',(3.,-15.));
#5674 = ( GEOMETRIC_REPRESENTATION_CONTEXT(2) 
PARAMETRIC_REPRESENTATION_CONTEXT() REPRESENTATION_CONTEXT('2D SPACE',''
  ) );
#5675 = PCURVE('',#2436,#5676);
#5676 = DEFINITIONAL_REPRESENTATION('',(#5677),#5680);
#5677 = B_SPLINE_CURVE_WITH_KNOTS('',1,(#5678,#5679),.UNSPECIFIED.,.F.,
  .F.,(2,2),(3.5,7.5),.PIECEWISE_BEZIER_KNOTS.);
#5678 = CARTESIAN_POINT('',(4.,-6.));
#5679 = CARTESIAN_POINT('',(0.,-6.));
#5680 = ( GEOMETRIC_REPRESENTATION_CONTEXT(2) 
PARAMETRIC_REPRESENTATION_CONTEXT() REPRESENTATION_CONTEXT('2D SPACE',''
  ) );
#5681 = ORIENTED_EDGE('',*,*,#5682,.T.);
#5682 = EDGE_CURVE('',#5662,#5683,#5685,.T.);
#5683 = VERTEX_POINT('',#5684);
#5684 = CARTESIAN_POINT('',(-3.,-15.,6.));
#5685 = SURFACE_CURVE('',#5686,(#5690,#5696),.PCURVE_S1.);
#5686 = LINE('',#5687,#5688);
#5687 = CARTESIAN_POINT('',(-1.5,-15.,6.));
#5688 = VECTOR('',#5689,1.);
#5689 = DIRECTION('',(-1.,2.22044604925E-16,0.));
#5690 = PCURVE('',#100,#5691);
#5691 = DEFINITIONAL_REPRESENTATION('',(#5692),#5695);
#5692 = B_SPLINE_CURVE_WITH_KNOTS('',1,(#5693,#5694),.UNSPECIFIED.,.F.,
  .F.,(2,2),(-4.5,1.5),.PIECEWISE_BEZIER_KNOTS.);
#5693 = CARTESIAN_POINT('',(3.,-15.));
#5694 = CARTESIAN_POINT('',(-3.,-15.));
#5695 = ( GEOMETRIC_REPRESENTATION_CONTEXT(2) 
PARAMETRIC_REPRESENTATION_CONTEXT() REPRESENTATION_CONTEXT('2D SPACE',''
  ) );
#5696 = PCURVE('',#2464,#5697);
#5697 = DEFINITIONAL_REPRESENTATION('',(#5698),#5701);
#5698 = B_SPLINE_CURVE_WITH_KNOTS('',1,(#5699,#5700),.UNSPECIFIED.,.F.,
  .F.,(2,2),(-4.5,1.5),.PIECEWISE_BEZIER_KNOTS.);
#5699 = CARTESIAN_POINT('',(6.,-6.));
#5700 = CARTESIAN_POINT('',(0.,-6.));
#5701 = ( GEOMETRIC_REPRESENTATION_CONTEXT(2) 
PARAMETRIC_REPRESENTATION_CONTEXT() REPRESENTATION_CONTEXT('2D SPACE',''
  ) );
#5702 = ORIENTED_EDGE('',*,*,#5703,.T.);
#5703 = EDGE_CURVE('',#5683,#5704,#5706,.T.);
#5704 = VERTEX_POINT('',#5705);
#5705 = CARTESIAN_POINT('',(-3.,-13.67479433117,6.));
#5706 = SURFACE_CURVE('',#5707,(#5711,#5717),.PCURVE_S1.);
#5707 = LINE('',#5708,#5709);
#5708 = CARTESIAN_POINT('',(-3.,-5.5,6.));
#5709 = VECTOR('',#5710,1.);
#5710 = DIRECTION('',(2.22044604925E-16,1.,-0.));
#5711 = PCURVE('',#100,#5712);
#5712 = DEFINITIONAL_REPRESENTATION('',(#5713),#5716);
#5713 = B_SPLINE_CURVE_WITH_KNOTS('',1,(#5714,#5715),.UNSPECIFIED.,.F.,
  .F.,(2,2),(-9.5,-5.5),.PIECEWISE_BEZIER_KNOTS.);
#5714 = CARTESIAN_POINT('',(-3.,-15.));
#5715 = CARTESIAN_POINT('',(-3.,-11.));
#5716 = ( GEOMETRIC_REPRESENTATION_CONTEXT(2) 
PARAMETRIC_REPRESENTATION_CONTEXT() REPRESENTATION_CONTEXT('2D SPACE',''
  ) );
#5717 = PCURVE('',#2492,#5718);
#5718 = DEFINITIONAL_REPRESENTATION('',(#5719),#5722);
#5719 = B_SPLINE_CURVE_WITH_KNOTS('',1,(#5720,#5721),.UNSPECIFIED.,.F.,
  .F.,(2,2),(-9.5,-5.5),.PIECEWISE_BEZIER_KNOTS.);
#5720 = CARTESIAN_POINT('',(4.,-6.));
#5721 = CARTESIAN_POINT('',(0.,-6.));
#5722 = ( GEOMETRIC_REPRESENTATION_CONTEXT(2) 
PARAMETRIC_REPRESENTATION_CONTEXT() REPRESENTATION_CONTEXT('2D SPACE',''
  ) );
#5723 = ORIENTED_EDGE('',*,*,#5724,.T.);
#5724 = EDGE_CURVE('',#5704,#5725,#5727,.T.);
#5725 = VERTEX_POINT('',#5726);
#5726 = CARTESIAN_POINT('',(-13.67479433117,-3.,6.));
#5727 = SURFACE_CURVE('',#5728,(#5733,#5744),.PCURVE_S1.);
#5728 = CIRCLE('',#5729,14.);
#5729 = AXIS2_PLACEMENT_3D('',#5730,#5731,#5732);
#5730 = CARTESIAN_POINT('',(0.,0.,6.));
#5731 = DIRECTION('',(0.,0.,-1.));
#5732 = DIRECTION('',(1.,0.,0.));
#5733 = PCURVE('',#100,#5734);
#5734 = DEFINITIONAL_REPRESENTATION('',(#5735),#5743);
#5735 = ( BOUNDED_CURVE() B_SPLINE_CURVE(2,(#5736,#5737,#5738,#5739,
#5740,#5741,#5742),.UNSPECIFIED.,.T.,.F.) B_SPLINE_CURVE_WITH_KNOTS((1,2
    ,2,2,2,1),(-2.094395102393,0.,2.094395102393,4.188790204786,
6.28318530718,8.377580409573),.UNSPECIFIED.) CURVE() 
GEOMETRIC_REPRESENTATION_ITEM() RATIONAL_B_SPLINE_CURVE((1.,0.5,1.,0.5,
1.,0.5,1.)) REPRESENTATION_ITEM('') );
#5736 = CARTESIAN_POINT('',(14.,-2.143414715277E-15));
#5737 = CARTESIAN_POINT('',(14.,-24.24871130596));
#5738 = CARTESIAN_POINT('',(-7.,-12.12435565298));
#5739 = CARTESIAN_POINT('',(-28.,-5.572425752889E-15));
#5740 = CARTESIAN_POINT('',(-7.,12.124355652982));
#5741 = CARTESIAN_POINT('',(14.,24.248711305964));
#5742 = CARTESIAN_POINT('',(14.,-2.143414715277E-15));
#5743 = ( GEOMETRIC_REPRESENTATION_CONTEXT(2) 
PARAMETRIC_REPRESENTATION_CONTEXT() REPRESENTATION_CONTEXT('2D SPACE',''
  ) );
#5744 = PCURVE('',#2521,#5745);
#5745 = DEFINITIONAL_REPRESENTATION('',(#5746),#5750);
#5746 = LINE('',#5747,#5748);
#5747 = CARTESIAN_POINT('',(-6.28318530718,-140.0000002));
#5748 = VECTOR('',#5749,1.);
#5749 = DIRECTION('',(1.,-0.));
#5750 = ( GEOMETRIC_REPRESENTATION_CONTEXT(2) 
PARAMETRIC_REPRESENTATION_CONTEXT() REPRESENTATION_CONTEXT('2D SPACE',''
  ) );
#5751 = ORIENTED_EDGE('',*,*,#5752,.T.);
#5752 = EDGE_CURVE('',#5725,#5753,#5755,.T.);
#5753 = VERTEX_POINT('',#5754);
#5754 = CARTESIAN_POINT('',(-15.,-3.,6.));
#5755 = SURFACE_CURVE('',#5756,(#5760,#5766),.PCURVE_S1.);
#5756 = LINE('',#5757,#5758);
#5757 = CARTESIAN_POINT('',(-7.5,-3.,6.));
#5758 = VECTOR('',#5759,1.);
#5759 = DIRECTION('',(-1.,1.224646799147E-16,0.));
#5760 = PCURVE('',#100,#5761);
#5761 = DEFINITIONAL_REPRESENTATION('',(#5762),#5765);
#5762 = B_SPLINE_CURVE_WITH_KNOTS('',1,(#5763,#5764),.UNSPECIFIED.,.F.,
  .F.,(2,2),(3.5,7.5),.PIECEWISE_BEZIER_KNOTS.);
#5763 = CARTESIAN_POINT('',(-11.,-3.));
#5764 = CARTESIAN_POINT('',(-15.,-3.));
#5765 = ( GEOMETRIC_REPRESENTATION_CONTEXT(2) 
PARAMETRIC_REPRESENTATION_CONTEXT() REPRESENTATION_CONTEXT('2D SPACE',''
  ) );
#5766 = PCURVE('',#2549,#5767);
#5767 = DEFINITIONAL_REPRESENTATION('',(#5768),#5771);
#5768 = B_SPLINE_CURVE_WITH_KNOTS('',1,(#5769,#5770),.UNSPECIFIED.,.F.,
  .F.,(2,2),(3.5,7.5),.PIECEWISE_BEZIER_KNOTS.);
#5769 = CARTESIAN_POINT('',(4.,-6.));
#5770 = CARTESIAN_POINT('',(0.,-6.));
#5771 = ( GEOMETRIC_REPRESENTATION_CONTEXT(2) 
PARAMETRIC_REPRESENTATION_CONTEXT() REPRESENTATION_CONTEXT('2D SPACE',''
  ) );
#5772 = ORIENTED_EDGE('',*,*,#5773,.T.);
#5773 = EDGE_CURVE('',#5753,#5774,#5776,.T.);
#5774 = VERTEX_POINT('',#5775);
#5775 = CARTESIAN_POINT('',(-15.,3.,6.));
#5776 = SURFACE_CURVE('',#5777,(#5781,#5787),.PCURVE_S1.);
#5777 = LINE('',#5778,#5779);
#5778 = CARTESIAN_POINT('',(-15.,1.5,6.));
#5779 = VECTOR('',#5780,1.);
#5780 = DIRECTION('',(1.224646799147E-16,1.,-0.));
#5781 = PCURVE('',#100,#5782);
#5782 = DEFINITIONAL_REPRESENTATION('',(#5783),#5786);
#5783 = B_SPLINE_CURVE_WITH_KNOTS('',1,(#5784,#5785),.UNSPECIFIED.,.F.,
  .F.,(2,2),(-4.5,1.5),.PIECEWISE_BEZIER_KNOTS.);
#5784 = CARTESIAN_POINT('',(-15.,-3.));
#5785 = CARTESIAN_POINT('',(-15.,3.));
#5786 = ( GEOMETRIC_REPRESENTATION_CONTEXT(2) 
PARAMETRIC_REPRESENTATION_CONTEXT() REPRESENTATION_CONTEXT('2D SPACE',''
  ) );
#5787 = PCURVE('',#2577,#5788);
#5788 = DEFINITIONAL_REPRESENTATION('',(#5789),#5792);
#5789 = B_SPLINE_CURVE_WITH_KNOTS('',1,(#5790,#5791),.UNSPECIFIED.,.F.,
  .F.,(2,2),(-4.5,1.5),.PIECEWISE_BEZIER_KNOTS.);
#5790 = CARTESIAN_POINT('',(6.,-6.));
#5791 = CARTESIAN_POINT('',(0.,-6.));
#5792 = ( GEOMETRIC_REPRESENTATION_CONTEXT(2) 
PARAMETRIC_REPRESENTATION_CONTEXT() REPRESENTATION_CONTEXT('2D SPACE',''
  ) );
#5793 = ORIENTED_EDGE('',*,*,#5794,.T.);
#5794 = EDGE_CURVE('',#5774,#5795,#5797,.T.);
#5795 = VERTEX_POINT('',#5796);
#5796 = CARTESIAN_POINT('',(-13.67479433117,3.,6.));
#5797 = SURFACE_CURVE('',#5798,(#5802,#5808),.PCURVE_S1.);
#5798 = LINE('',#5799,#5800);
#5799 = CARTESIAN_POINT('',(-5.5,3.,6.));
#5800 = VECTOR('',#5801,1.);
#5801 = DIRECTION('',(1.,-1.224646799147E-16,0.));
#5802 = PCURVE('',#100,#5803);
#5803 = DEFINITIONAL_REPRESENTATION('',(#5804),#5807);
#5804 = B_SPLINE_CURVE_WITH_KNOTS('',1,(#5805,#5806),.UNSPECIFIED.,.F.,
  .F.,(2,2),(-9.5,-5.5),.PIECEWISE_BEZIER_KNOTS.);
#5805 = CARTESIAN_POINT('',(-15.,3.));
#5806 = CARTESIAN_POINT('',(-11.,3.));
#5807 = ( GEOMETRIC_REPRESENTATION_CONTEXT(2) 
PARAMETRIC_REPRESENTATION_CONTEXT() REPRESENTATION_CONTEXT('2D SPACE',''
  ) );
#5808 = PCURVE('',#2605,#5809);
#5809 = DEFINITIONAL_REPRESENTATION('',(#5810),#5813);
#5810 = B_SPLINE_CURVE_WITH_KNOTS('',1,(#5811,#5812),.UNSPECIFIED.,.F.,
  .F.,(2,2),(-9.5,-5.5),.PIECEWISE_BEZIER_KNOTS.);
#5811 = CARTESIAN_POINT('',(4.,-6.));
#5812 = CARTESIAN_POINT('',(0.,-6.));
#5813 = ( GEOMETRIC_REPRESENTATION_CONTEXT(2) 
PARAMETRIC_REPRESENTATION_CONTEXT() REPRESENTATION_CONTEXT('2D SPACE',''
  ) );
#5814 = ORIENTED_EDGE('',*,*,#5815,.T.);
#5815 = EDGE_CURVE('',#5795,#5816,#5818,.T.);
#5816 = VERTEX_POINT('',#5817);
#5817 = CARTESIAN_POINT('',(-3.,13.674794331177,6.));
#5818 = SURFACE_CURVE('',#5819,(#5824,#5835),.PCURVE_S1.);
#5819 = CIRCLE('',#5820,14.);
#5820 = AXIS2_PLACEMENT_3D('',#5821,#5822,#5823);
#5821 = CARTESIAN_POINT('',(0.,0.,6.));
#5822 = DIRECTION('',(0.,0.,-1.));
#5823 = DIRECTION('',(1.,0.,0.));
#5824 = PCURVE('',#100,#5825);
#5825 = DEFINITIONAL_REPRESENTATION('',(#5826),#5834);
#5826 = ( BOUNDED_CURVE() B_SPLINE_CURVE(2,(#5827,#5828,#5829,#5830,
#5831,#5832,#5833),.UNSPECIFIED.,.T.,.F.) B_SPLINE_CURVE_WITH_KNOTS((1,2
    ,2,2,2,1),(-2.094395102393,0.,2.094395102393,4.188790204786,
6.28318530718,8.377580409573),.UNSPECIFIED.) CURVE() 
GEOMETRIC_REPRESENTATION_ITEM() RATIONAL_B_SPLINE_CURVE((1.,0.5,1.,0.5,
1.,0.5,1.)) REPRESENTATION_ITEM('') );
#5827 = CARTESIAN_POINT('',(14.,-2.143414715277E-15));
#5828 = CARTESIAN_POINT('',(14.,-24.24871130596));
#5829 = CARTESIAN_POINT('',(-7.,-12.12435565298));
#5830 = CARTESIAN_POINT('',(-28.,-5.572425752889E-15));
#5831 = CARTESIAN_POINT('',(-7.,12.124355652982));
#5832 = CARTESIAN_POINT('',(14.,24.248711305964));
#5833 = CARTESIAN_POINT('',(14.,-2.143414715277E-15));
#5834 = ( GEOMETRIC_REPRESENTATION_CONTEXT(2) 
PARAMETRIC_REPRESENTATION_CONTEXT() REPRESENTATION_CONTEXT('2D SPACE',''
  ) );
#5835 = PCURVE('',#2634,#5836);
#5836 = DEFINITIONAL_REPRESENTATION('',(#5837),#5841);
#5837 = LINE('',#5838,#5839);
#5838 = CARTESIAN_POINT('',(-6.28318530718,-140.0000002));
#5839 = VECTOR('',#5840,1.);
#5840 = DIRECTION('',(1.,-0.));
#5841 = ( GEOMETRIC_REPRESENTATION_CONTEXT(2) 
PARAMETRIC_REPRESENTATION_CONTEXT() REPRESENTATION_CONTEXT('2D SPACE',''
  ) );
#5842 = ORIENTED_EDGE('',*,*,#5843,.T.);
#5843 = EDGE_CURVE('',#5816,#5844,#5846,.T.);
#5844 = VERTEX_POINT('',#5845);
#5845 = CARTESIAN_POINT('',(-3.,15.,6.));
#5846 = SURFACE_CURVE('',#5847,(#5851,#5857),.PCURVE_S1.);
#5847 = LINE('',#5848,#5849);
#5848 = CARTESIAN_POINT('',(-3.,7.5,6.));
#5849 = VECTOR('',#5850,1.);
#5850 = DIRECTION('',(1.110223024625E-16,1.,-0.));
#5851 = PCURVE('',#100,#5852);
#5852 = DEFINITIONAL_REPRESENTATION('',(#5853),#5856);
#5853 = B_SPLINE_CURVE_WITH_KNOTS('',1,(#5854,#5855),.UNSPECIFIED.,.F.,
  .F.,(2,2),(3.5,7.5),.PIECEWISE_BEZIER_KNOTS.);
#5854 = CARTESIAN_POINT('',(-3.,11.));
#5855 = CARTESIAN_POINT('',(-3.,15.));
#5856 = ( GEOMETRIC_REPRESENTATION_CONTEXT(2) 
PARAMETRIC_REPRESENTATION_CONTEXT() REPRESENTATION_CONTEXT('2D SPACE',''
  ) );
#5857 = PCURVE('',#2662,#5858);
#5858 = DEFINITIONAL_REPRESENTATION('',(#5859),#5862);
#5859 = B_SPLINE_CURVE_WITH_KNOTS('',1,(#5860,#5861),.UNSPECIFIED.,.F.,
  .F.,(2,2),(3.5,7.5),.PIECEWISE_BEZIER_KNOTS.);
#5860 = CARTESIAN_POINT('',(4.,-6.));
#5861 = CARTESIAN_POINT('',(0.,-6.));
#5862 = ( GEOMETRIC_REPRESENTATION_CONTEXT(2) 
PARAMETRIC_REPRESENTATION_CONTEXT() REPRESENTATION_CONTEXT('2D SPACE',''
  ) );
#5863 = ORIENTED_EDGE('',*,*,#5864,.T.);
#5864 = EDGE_CURVE('',#5844,#5865,#5867,.T.);
#5865 = VERTEX_POINT('',#5866);
#5866 = CARTESIAN_POINT('',(3.,15.,6.));
#5867 = SURFACE_CURVE('',#5868,(#5872,#5878),.PCURVE_S1.);
#5868 = LINE('',#5869,#5870);
#5869 = CARTESIAN_POINT('',(1.5,15.,6.));
#5870 = VECTOR('',#5871,1.);
#5871 = DIRECTION('',(1.,-1.110223024625E-16,0.));
#5872 = PCURVE('',#100,#5873);
#5873 = DEFINITIONAL_REPRESENTATION('',(#5874),#5877);
#5874 = B_SPLINE_CURVE_WITH_KNOTS('',1,(#5875,#5876),.UNSPECIFIED.,.F.,
  .F.,(2,2),(-4.5,1.5),.PIECEWISE_BEZIER_KNOTS.);
#5875 = CARTESIAN_POINT('',(-3.,15.));
#5876 = CARTESIAN_POINT('',(3.,15.));
#5877 = ( GEOMETRIC_REPRESENTATION_CONTEXT(2) 
PARAMETRIC_REPRESENTATION_CONTEXT() REPRESENTATION_CONTEXT('2D SPACE',''
  ) );
#5878 = PCURVE('',#2690,#5879);
#5879 = DEFINITIONAL_REPRESENTATION('',(#5880),#5883);
#5880 = B_SPLINE_CURVE_WITH_KNOTS('',1,(#5881,#5882),.UNSPECIFIED.,.F.,
  .F.,(2,2),(-4.5,1.5),.PIECEWISE_BEZIER_KNOTS.);
#5881 = CARTESIAN_POINT('',(6.,-6.));
#5882 = CARTESIAN_POINT('',(0.,-6.));
#5883 = ( GEOMETRIC_REPRESENTATION_CONTEXT(2) 
PARAMETRIC_REPRESENTATION_CONTEXT() REPRESENTATION_CONTEXT('2D SPACE',''
  ) );
#5884 = ORIENTED_EDGE('',*,*,#5885,.T.);
#5885 = EDGE_CURVE('',#5865,#5541,#5886,.T.);
#5886 = SURFACE_CURVE('',#5887,(#5891,#5897),.PCURVE_S1.);
#5887 = LINE('',#5888,#5889);
#5888 = CARTESIAN_POINT('',(3.,5.5,6.));
#5889 = VECTOR('',#5890,1.);
#5890 = DIRECTION('',(-1.110223024625E-16,-1.,0.));
#5891 = PCURVE('',#100,#5892);
#5892 = DEFINITIONAL_REPRESENTATION('',(#5893),#5896);
#5893 = B_SPLINE_CURVE_WITH_KNOTS('',1,(#5894,#5895),.UNSPECIFIED.,.F.,
  .F.,(2,2),(-9.5,-5.5),.PIECEWISE_BEZIER_KNOTS.);
#5894 = CARTESIAN_POINT('',(3.,15.));
#5895 = CARTESIAN_POINT('',(3.,11.));
#5896 = ( GEOMETRIC_REPRESENTATION_CONTEXT(2) 
PARAMETRIC_REPRESENTATION_CONTEXT() REPRESENTATION_CONTEXT('2D SPACE',''
  ) );
#5897 = PCURVE('',#2716,#5898);
#5898 = DEFINITIONAL_REPRESENTATION('',(#5899),#5902);
#5899 = B_SPLINE_CURVE_WITH_KNOTS('',1,(#5900,#5901),.UNSPECIFIED.,.F.,
  .F.,(2,2),(-9.5,-5.5),.PIECEWISE_BEZIER_KNOTS.);
#5900 = CARTESIAN_POINT('',(4.,-6.));
#5901 = CARTESIAN_POINT('',(0.,-6.));
#5902 = ( GEOMETRIC_REPRESENTATION_CONTEXT(2) 
PARAMETRIC_REPRESENTATION_CONTEXT() REPRESENTATION_CONTEXT('2D SPACE',''
  ) );
#5903 = FACE_BOUND('',#5904,.T.);
#5904 = EDGE_LOOP('',(#5905,#5928,#5956,#5984,#6012,#6033,#6061,#6089));
#5905 = ORIENTED_EDGE('',*,*,#5906,.F.);
#5906 = EDGE_CURVE('',#5907,#5909,#5911,.T.);
#5907 = VERTEX_POINT('',#5908);
#5908 = CARTESIAN_POINT('',(42.599123192221,-22.51615427318,6.));
#5909 = VERTEX_POINT('',#5910);
#5910 = CARTESIAN_POINT('',(40.799123192221,-25.63384572681,6.));
#5911 = SURFACE_CURVE('',#5912,(#5916,#5922),.PCURVE_S1.);
#5912 = LINE('',#5913,#5914);
#5913 = CARTESIAN_POINT('',(41.249123192221,-24.8544228634,6.));
#5914 = VECTOR('',#5915,1.);
#5915 = DIRECTION('',(-0.5,-0.866025403784,0.));
#5916 = PCURVE('',#100,#5917);
#5917 = DEFINITIONAL_REPRESENTATION('',(#5918),#5921);
#5918 = B_SPLINE_CURVE_WITH_KNOTS('',1,(#5919,#5920),.UNSPECIFIED.,.F.,
  .F.,(2,2),(-2.7,0.9),.PIECEWISE_BEZIER_KNOTS.);
#5919 = CARTESIAN_POINT('',(42.599123192221,-22.51615427318));
#5920 = CARTESIAN_POINT('',(40.799123192221,-25.63384572681));
#5921 = ( GEOMETRIC_REPRESENTATION_CONTEXT(2) 
PARAMETRIC_REPRESENTATION_CONTEXT() REPRESENTATION_CONTEXT('2D SPACE',''
  ) );
#5922 = PCURVE('',#1250,#5923);
#5923 = DEFINITIONAL_REPRESENTATION('',(#5924),#5927);
#5924 = B_SPLINE_CURVE_WITH_KNOTS('',1,(#5925,#5926),.UNSPECIFIED.,.F.,
  .F.,(2,2),(-2.7,0.9),.PIECEWISE_BEZIER_KNOTS.);
#5925 = CARTESIAN_POINT('',(3.6,-6.05));
#5926 = CARTESIAN_POINT('',(0.,-6.05));
#5927 = ( GEOMETRIC_REPRESENTATION_CONTEXT(2) 
PARAMETRIC_REPRESENTATION_CONTEXT() REPRESENTATION_CONTEXT('2D SPACE',''
  ) );
#5928 = ORIENTED_EDGE('',*,*,#5929,.T.);
#5929 = EDGE_CURVE('',#5907,#5930,#5932,.T.);
#5930 = VERTEX_POINT('',#5931);
#5931 = CARTESIAN_POINT('',(46.415524159361,-20.62147102584,6.));
#5932 = SURFACE_CURVE('',#5933,(#5938,#5949),.PCURVE_S1.);
#5933 = CIRCLE('',#5934,3.85);
#5934 = AXIS2_PLACEMENT_3D('',#5935,#5936,#5937);
#5935 = CARTESIAN_POINT('',(45.933320996791,-24.44115427318,6.));
#5936 = DIRECTION('',(0.,0.,-1.));
#5937 = DIRECTION('',(-0.866025403784,0.5,0.));
#5938 = PCURVE('',#100,#5939);
#5939 = DEFINITIONAL_REPRESENTATION('',(#5940),#5948);
#5940 = ( BOUNDED_CURVE() B_SPLINE_CURVE(2,(#5941,#5942,#5943,#5944,
#5945,#5946,#5947),.UNSPECIFIED.,.T.,.F.) B_SPLINE_CURVE_WITH_KNOTS((1,2
    ,2,2,2,1),(-2.094395102393,0.,2.094395102393,4.188790204786,
6.28318530718,8.377580409573),.UNSPECIFIED.) CURVE() 
GEOMETRIC_REPRESENTATION_ITEM() RATIONAL_B_SPLINE_CURVE((1.,0.5,1.,0.5,
1.,0.5,1.)) REPRESENTATION_ITEM('') );
#5941 = CARTESIAN_POINT('',(42.599123192221,-22.51615427318));
#5942 = CARTESIAN_POINT('',(45.933320996791,-16.74115427318));
#5943 = CARTESIAN_POINT('',(49.267518801361,-22.51615427318));
#5944 = CARTESIAN_POINT('',(52.601716605931,-28.29115427318));
#5945 = CARTESIAN_POINT('',(45.933320996791,-28.29115427318));
#5946 = CARTESIAN_POINT('',(39.264925387651,-28.29115427318));
#5947 = CARTESIAN_POINT('',(42.599123192221,-22.51615427318));
#5948 = ( GEOMETRIC_REPRESENTATION_CONTEXT(2) 
PARAMETRIC_REPRESENTATION_CONTEXT() REPRESENTATION_CONTEXT('2D SPACE',''
  ) );
#5949 = PCURVE('',#1282,#5950);
#5950 = DEFINITIONAL_REPRESENTATION('',(#5951),#5955);
#5951 = LINE('',#5952,#5953);
#5952 = CARTESIAN_POINT('',(0.,-6.05));
#5953 = VECTOR('',#5954,1.);
#5954 = DIRECTION('',(1.,0.));
#5955 = ( GEOMETRIC_REPRESENTATION_CONTEXT(2) 
PARAMETRIC_REPRESENTATION_CONTEXT() REPRESENTATION_CONTEXT('2D SPACE',''
  ) );
#5956 = ORIENTED_EDGE('',*,*,#5957,.T.);
#5957 = EDGE_CURVE('',#5930,#5958,#5960,.T.);
#5958 = VERTEX_POINT('',#5959);
#5959 = CARTESIAN_POINT('',(49.000162142112,-22.11371246094,6.));
#5960 = SURFACE_CURVE('',#5961,(#5966,#5977),.PCURVE_S1.);
#5961 = CIRCLE('',#5962,2.2);
#5962 = AXIS2_PLACEMENT_3D('',#5963,#5964,#5965);
#5963 = CARTESIAN_POINT('',(46.899570996791,-22.76756018037,6.));
#5964 = DIRECTION('',(0.,0.,-1.));
#5965 = DIRECTION('',(-0.866025403784,0.5,0.));
#5966 = PCURVE('',#100,#5967);
#5967 = DEFINITIONAL_REPRESENTATION('',(#5968),#5976);
#5968 = ( BOUNDED_CURVE() B_SPLINE_CURVE(2,(#5969,#5970,#5971,#5972,
#5973,#5974,#5975),.UNSPECIFIED.,.T.,.F.) B_SPLINE_CURVE_WITH_KNOTS((1,2
    ,2,2,2,1),(-2.094395102393,0.,2.094395102393,4.188790204786,
6.28318530718,8.377580409573),.UNSPECIFIED.) CURVE() 
GEOMETRIC_REPRESENTATION_ITEM() RATIONAL_B_SPLINE_CURVE((1.,0.5,1.,0.5,
1.,0.5,1.)) REPRESENTATION_ITEM('') );
#5969 = CARTESIAN_POINT('',(44.994315108465,-21.66756018037));
#5970 = CARTESIAN_POINT('',(46.899570996791,-18.36756018037));
#5971 = CARTESIAN_POINT('',(48.804826885117,-21.66756018037));
#5972 = CARTESIAN_POINT('',(50.710082773442,-24.96756018037));
#5973 = CARTESIAN_POINT('',(46.899570996791,-24.96756018037));
#5974 = CARTESIAN_POINT('',(43.089059220139,-24.96756018037));
#5975 = CARTESIAN_POINT('',(44.994315108465,-21.66756018037));
#5976 = ( GEOMETRIC_REPRESENTATION_CONTEXT(2) 
PARAMETRIC_REPRESENTATION_CONTEXT() REPRESENTATION_CONTEXT('2D SPACE',''
  ) );
#5977 = PCURVE('',#1315,#5978);
#5978 = DEFINITIONAL_REPRESENTATION('',(#5979),#5983);
#5979 = LINE('',#5980,#5981);
#5980 = CARTESIAN_POINT('',(0.,-6.05));
#5981 = VECTOR('',#5982,1.);
#5982 = DIRECTION('',(1.,0.));
#5983 = ( GEOMETRIC_REPRESENTATION_CONTEXT(2) 
PARAMETRIC_REPRESENTATION_CONTEXT() REPRESENTATION_CONTEXT('2D SPACE',''
  ) );
#5984 = ORIENTED_EDGE('',*,*,#5985,.T.);
#5985 = EDGE_CURVE('',#5958,#5986,#5988,.T.);
#5986 = VERTEX_POINT('',#5987);
#5987 = CARTESIAN_POINT('',(49.267518801361,-26.36615427318,6.));
#5988 = SURFACE_CURVE('',#5989,(#5994,#6005),.PCURVE_S1.);
#5989 = CIRCLE('',#5990,3.85);
#5990 = AXIS2_PLACEMENT_3D('',#5991,#5992,#5993);
#5991 = CARTESIAN_POINT('',(45.933320996791,-24.44115427318,6.));
#5992 = DIRECTION('',(0.,0.,-1.));
#5993 = DIRECTION('',(-0.866025403784,0.5,0.));
#5994 = PCURVE('',#100,#5995);
#5995 = DEFINITIONAL_REPRESENTATION('',(#5996),#6004);
#5996 = ( BOUNDED_CURVE() B_SPLINE_CURVE(2,(#5997,#5998,#5999,#6000,
#6001,#6002,#6003),.UNSPECIFIED.,.T.,.F.) B_SPLINE_CURVE_WITH_KNOTS((1,2
    ,2,2,2,1),(-2.094395102393,0.,2.094395102393,4.188790204786,
6.28318530718,8.377580409573),.UNSPECIFIED.) CURVE() 
GEOMETRIC_REPRESENTATION_ITEM() RATIONAL_B_SPLINE_CURVE((1.,0.5,1.,0.5,
1.,0.5,1.)) REPRESENTATION_ITEM('') );
#5997 = CARTESIAN_POINT('',(42.599123192221,-22.51615427318));
#5998 = CARTESIAN_POINT('',(45.933320996791,-16.74115427318));
#5999 = CARTESIAN_POINT('',(49.267518801361,-22.51615427318));
#6000 = CARTESIAN_POINT('',(52.601716605931,-28.29115427318));
#6001 = CARTESIAN_POINT('',(45.933320996791,-28.29115427318));
#6002 = CARTESIAN_POINT('',(39.264925387651,-28.29115427318));
#6003 = CARTESIAN_POINT('',(42.599123192221,-22.51615427318));
#6004 = ( GEOMETRIC_REPRESENTATION_CONTEXT(2) 
PARAMETRIC_REPRESENTATION_CONTEXT() REPRESENTATION_CONTEXT('2D SPACE',''
  ) );
#6005 = PCURVE('',#1348,#6006);
#6006 = DEFINITIONAL_REPRESENTATION('',(#6007),#6011);
#6007 = LINE('',#6008,#6009);
#6008 = CARTESIAN_POINT('',(0.,-6.05));
#6009 = VECTOR('',#6010,1.);
#6010 = DIRECTION('',(1.,0.));
#6011 = ( GEOMETRIC_REPRESENTATION_CONTEXT(2) 
PARAMETRIC_REPRESENTATION_CONTEXT() REPRESENTATION_CONTEXT('2D SPACE',''
  ) );
#6012 = ORIENTED_EDGE('',*,*,#6013,.F.);
#6013 = EDGE_CURVE('',#6014,#5986,#6016,.T.);
#6014 = VERTEX_POINT('',#6015);
#6015 = CARTESIAN_POINT('',(47.467518801361,-29.48384572681,6.));
#6016 = SURFACE_CURVE('',#6017,(#6021,#6027),.PCURVE_S1.);
#6017 = LINE('',#6018,#6019);
#6018 = CARTESIAN_POINT('',(48.817518801361,-27.14557713659,6.));
#6019 = VECTOR('',#6020,1.);
#6020 = DIRECTION('',(0.5,0.866025403784,-0.));
#6021 = PCURVE('',#100,#6022);
#6022 = DEFINITIONAL_REPRESENTATION('',(#6023),#6026);
#6023 = B_SPLINE_CURVE_WITH_KNOTS('',1,(#6024,#6025),.UNSPECIFIED.,.F.,
  .F.,(2,2),(-2.7,0.9),.PIECEWISE_BEZIER_KNOTS.);
#6024 = CARTESIAN_POINT('',(47.467518801361,-29.48384572681));
#6025 = CARTESIAN_POINT('',(49.267518801361,-26.36615427318));
#6026 = ( GEOMETRIC_REPRESENTATION_CONTEXT(2) 
PARAMETRIC_REPRESENTATION_CONTEXT() REPRESENTATION_CONTEXT('2D SPACE',''
  ) );
#6027 = PCURVE('',#1375,#6028);
#6028 = DEFINITIONAL_REPRESENTATION('',(#6029),#6032);
#6029 = B_SPLINE_CURVE_WITH_KNOTS('',1,(#6030,#6031),.UNSPECIFIED.,.F.,
  .F.,(2,2),(-2.7,0.9),.PIECEWISE_BEZIER_KNOTS.);
#6030 = CARTESIAN_POINT('',(3.6,-6.05));
#6031 = CARTESIAN_POINT('',(0.,-6.05));
#6032 = ( GEOMETRIC_REPRESENTATION_CONTEXT(2) 
PARAMETRIC_REPRESENTATION_CONTEXT() REPRESENTATION_CONTEXT('2D SPACE',''
  ) );
#6033 = ORIENTED_EDGE('',*,*,#6034,.T.);
#6034 = EDGE_CURVE('',#6014,#6035,#6037,.T.);
#6035 = VERTEX_POINT('',#6036);
#6036 = CARTESIAN_POINT('',(43.65111783422,-31.37852897415,6.));
#6037 = SURFACE_CURVE('',#6038,(#6043,#6054),.PCURVE_S1.);
#6038 = CIRCLE('',#6039,3.85);
#6039 = AXIS2_PLACEMENT_3D('',#6040,#6041,#6042);
#6040 = CARTESIAN_POINT('',(44.133320996791,-27.55884572681,6.));
#6041 = DIRECTION('',(0.,-0.,-1.));
#6042 = DIRECTION('',(0.866025403784,-0.5,0.));
#6043 = PCURVE('',#100,#6044);
#6044 = DEFINITIONAL_REPRESENTATION('',(#6045),#6053);
#6045 = ( BOUNDED_CURVE() B_SPLINE_CURVE(2,(#6046,#6047,#6048,#6049,
#6050,#6051,#6052),.UNSPECIFIED.,.T.,.F.) B_SPLINE_CURVE_WITH_KNOTS((1,2
    ,2,2,2,1),(-2.094395102393,0.,2.094395102393,4.188790204786,
6.28318530718,8.377580409573),.UNSPECIFIED.) CURVE() 
GEOMETRIC_REPRESENTATION_ITEM() RATIONAL_B_SPLINE_CURVE((1.,0.5,1.,0.5,
1.,0.5,1.)) REPRESENTATION_ITEM('') );
#6046 = CARTESIAN_POINT('',(47.467518801361,-29.48384572681));
#6047 = CARTESIAN_POINT('',(44.133320996791,-35.25884572681));
#6048 = CARTESIAN_POINT('',(40.799123192221,-29.48384572681));
#6049 = CARTESIAN_POINT('',(37.464925387651,-23.70884572681));
#6050 = CARTESIAN_POINT('',(44.133320996791,-23.70884572681));
#6051 = CARTESIAN_POINT('',(50.801716605931,-23.70884572681));
#6052 = CARTESIAN_POINT('',(47.467518801361,-29.48384572681));
#6053 = ( GEOMETRIC_REPRESENTATION_CONTEXT(2) 
PARAMETRIC_REPRESENTATION_CONTEXT() REPRESENTATION_CONTEXT('2D SPACE',''
  ) );
#6054 = PCURVE('',#1407,#6055);
#6055 = DEFINITIONAL_REPRESENTATION('',(#6056),#6060);
#6056 = LINE('',#6057,#6058);
#6057 = CARTESIAN_POINT('',(0.,-6.05));
#6058 = VECTOR('',#6059,1.);
#6059 = DIRECTION('',(1.,0.));
#6060 = ( GEOMETRIC_REPRESENTATION_CONTEXT(2) 
PARAMETRIC_REPRESENTATION_CONTEXT() REPRESENTATION_CONTEXT('2D SPACE',''
  ) );
#6061 = ORIENTED_EDGE('',*,*,#6062,.T.);
#6062 = EDGE_CURVE('',#6035,#6063,#6065,.T.);
#6063 = VERTEX_POINT('',#6064);
#6064 = CARTESIAN_POINT('',(41.06647985147,-29.88628753905,6.));
#6065 = SURFACE_CURVE('',#6066,(#6071,#6082),.PCURVE_S1.);
#6066 = CIRCLE('',#6067,2.2);
#6067 = AXIS2_PLACEMENT_3D('',#6068,#6069,#6070);
#6068 = CARTESIAN_POINT('',(43.167070996791,-29.23243981962,6.));
#6069 = DIRECTION('',(0.,-0.,-1.));
#6070 = DIRECTION('',(0.866025403784,-0.5,0.));
#6071 = PCURVE('',#100,#6072);
#6072 = DEFINITIONAL_REPRESENTATION('',(#6073),#6081);
#6073 = ( BOUNDED_CURVE() B_SPLINE_CURVE(2,(#6074,#6075,#6076,#6077,
#6078,#6079,#6080),.UNSPECIFIED.,.T.,.F.) B_SPLINE_CURVE_WITH_KNOTS((1,2
    ,2,2,2,1),(-2.094395102393,0.,2.094395102393,4.188790204786,
6.28318530718,8.377580409573),.UNSPECIFIED.) CURVE() 
GEOMETRIC_REPRESENTATION_ITEM() RATIONAL_B_SPLINE_CURVE((1.,0.5,1.,0.5,
1.,0.5,1.)) REPRESENTATION_ITEM('') );
#6074 = CARTESIAN_POINT('',(45.072326885117,-30.33243981962));
#6075 = CARTESIAN_POINT('',(43.167070996791,-33.63243981962));
#6076 = CARTESIAN_POINT('',(41.261815108465,-30.33243981962));
#6077 = CARTESIAN_POINT('',(39.356559220139,-27.03243981962));
#6078 = CARTESIAN_POINT('',(43.167070996791,-27.03243981962));
#6079 = CARTESIAN_POINT('',(46.977582773442,-27.03243981962));
#6080 = CARTESIAN_POINT('',(45.072326885117,-30.33243981962));
#6081 = ( GEOMETRIC_REPRESENTATION_CONTEXT(2) 
PARAMETRIC_REPRESENTATION_CONTEXT() REPRESENTATION_CONTEXT('2D SPACE',''
  ) );
#6082 = PCURVE('',#1440,#6083);
#6083 = DEFINITIONAL_REPRESENTATION('',(#6084),#6088);
#6084 = LINE('',#6085,#6086);
#6085 = CARTESIAN_POINT('',(0.,-6.05));
#6086 = VECTOR('',#6087,1.);
#6087 = DIRECTION('',(1.,0.));
#6088 = ( GEOMETRIC_REPRESENTATION_CONTEXT(2) 
PARAMETRIC_REPRESENTATION_CONTEXT() REPRESENTATION_CONTEXT('2D SPACE',''
  ) );
#6089 = ORIENTED_EDGE('',*,*,#6090,.T.);
#6090 = EDGE_CURVE('',#6063,#5909,#6091,.T.);
#6091 = SURFACE_CURVE('',#6092,(#6097,#6108),.PCURVE_S1.);
#6092 = CIRCLE('',#6093,3.85);
#6093 = AXIS2_PLACEMENT_3D('',#6094,#6095,#6096);
#6094 = CARTESIAN_POINT('',(44.133320996791,-27.55884572681,6.));
#6095 = DIRECTION('',(0.,-0.,-1.));
#6096 = DIRECTION('',(0.866025403784,-0.5,0.));
#6097 = PCURVE('',#100,#6098);
#6098 = DEFINITIONAL_REPRESENTATION('',(#6099),#6107);
#6099 = ( BOUNDED_CURVE() B_SPLINE_CURVE(2,(#6100,#6101,#6102,#6103,
#6104,#6105,#6106),.UNSPECIFIED.,.T.,.F.) B_SPLINE_CURVE_WITH_KNOTS((1,2
    ,2,2,2,1),(-2.094395102393,0.,2.094395102393,4.188790204786,
6.28318530718,8.377580409573),.UNSPECIFIED.) CURVE() 
GEOMETRIC_REPRESENTATION_ITEM() RATIONAL_B_SPLINE_CURVE((1.,0.5,1.,0.5,
1.,0.5,1.)) REPRESENTATION_ITEM('') );
#6100 = CARTESIAN_POINT('',(47.467518801361,-29.48384572681));
#6101 = CARTESIAN_POINT('',(44.133320996791,-35.25884572681));
#6102 = CARTESIAN_POINT('',(40.799123192221,-29.48384572681));
#6103 = CARTESIAN_POINT('',(37.464925387651,-23.70884572681));
#6104 = CARTESIAN_POINT('',(44.133320996791,-23.70884572681));
#6105 = CARTESIAN_POINT('',(50.801716605931,-23.70884572681));
#6106 = CARTESIAN_POINT('',(47.467518801361,-29.48384572681));
#6107 = ( GEOMETRIC_REPRESENTATION_CONTEXT(2) 
PARAMETRIC_REPRESENTATION_CONTEXT() REPRESENTATION_CONTEXT('2D SPACE',''
  ) );
#6108 = PCURVE('',#1471,#6109);
#6109 = DEFINITIONAL_REPRESENTATION('',(#6110),#6114);
#6110 = LINE('',#6111,#6112);
#6111 = CARTESIAN_POINT('',(0.,-6.05));
#6112 = VECTOR('',#6113,1.);
#6113 = DIRECTION('',(1.,0.));
#6114 = ( GEOMETRIC_REPRESENTATION_CONTEXT(2) 
PARAMETRIC_REPRESENTATION_CONTEXT() REPRESENTATION_CONTEXT('2D SPACE',''
  ) );
#6115 = FACE_BOUND('',#6116,.T.);
#6116 = EDGE_LOOP('',(#6117,#6140,#6168,#6196,#6224,#6245,#6273,#6301,
    #6329,#6350,#6378,#6406,#6434,#6455,#6478,#6506));
#6117 = ORIENTED_EDGE('',*,*,#6118,.F.);
#6118 = EDGE_CURVE('',#6119,#6121,#6123,.T.);
#6119 = VERTEX_POINT('',#6120);
#6120 = CARTESIAN_POINT('',(48.15,1.8,6.));
#6121 = VERTEX_POINT('',#6122);
#6122 = CARTESIAN_POINT('',(48.15,1.2,6.));
#6123 = SURFACE_CURVE('',#6124,(#6128,#6134),.PCURVE_S1.);
#6124 = LINE('',#6125,#6126);
#6125 = CARTESIAN_POINT('',(48.15,-0.9,6.));
#6126 = VECTOR('',#6127,1.);
#6127 = DIRECTION('',(-1.110223024625E-16,-1.,0.));
#6128 = PCURVE('',#100,#6129);
#6129 = DEFINITIONAL_REPRESENTATION('',(#6130),#6133);
#6130 = B_SPLINE_CURVE_WITH_KNOTS('',1,(#6131,#6132),.UNSPECIFIED.,.F.,
  .F.,(2,2),(-2.7,0.9),.PIECEWISE_BEZIER_KNOTS.);
#6131 = CARTESIAN_POINT('',(48.15,1.8));
#6132 = CARTESIAN_POINT('',(48.15,-1.8));
#6133 = ( GEOMETRIC_REPRESENTATION_CONTEXT(2) 
PARAMETRIC_REPRESENTATION_CONTEXT() REPRESENTATION_CONTEXT('2D SPACE',''
  ) );
#6134 = PCURVE('',#2782,#6135);
#6135 = DEFINITIONAL_REPRESENTATION('',(#6136),#6139);
#6136 = B_SPLINE_CURVE_WITH_KNOTS('',1,(#6137,#6138),.UNSPECIFIED.,.F.,
  .F.,(2,2),(-2.7,0.9),.PIECEWISE_BEZIER_KNOTS.);
#6137 = CARTESIAN_POINT('',(3.6,-6.05));
#6138 = CARTESIAN_POINT('',(0.,-6.05));
#6139 = ( GEOMETRIC_REPRESENTATION_CONTEXT(2) 
PARAMETRIC_REPRESENTATION_CONTEXT() REPRESENTATION_CONTEXT('2D SPACE',''
  ) );
#6140 = ORIENTED_EDGE('',*,*,#6141,.T.);
#6141 = EDGE_CURVE('',#6119,#6142,#6144,.T.);
#6142 = VERTEX_POINT('',#6143);
#6143 = CARTESIAN_POINT('',(50.507758564901,5.349044307891,6.));
#6144 = SURFACE_CURVE('',#6145,(#6150,#6161),.PCURVE_S1.);
#6145 = CIRCLE('',#6146,3.85);
#6146 = AXIS2_PLACEMENT_3D('',#6147,#6148,#6149);
#6147 = CARTESIAN_POINT('',(52.,1.8,6.));
#6148 = DIRECTION('',(0.,0.,-1.));
#6149 = DIRECTION('',(-1.,1.686962258197E-16,0.));
#6150 = PCURVE('',#100,#6151);
#6151 = DEFINITIONAL_REPRESENTATION('',(#6152),#6160);
#6152 = ( BOUNDED_CURVE() B_SPLINE_CURVE(2,(#6153,#6154,#6155,#6156,
#6157,#6158,#6159),.UNSPECIFIED.,.T.,.F.) B_SPLINE_CURVE_WITH_KNOTS((1,2
    ,2,2,2,1),(-2.094395102393,0.,2.094395102393,4.188790204786,
6.28318530718,8.377580409573),.UNSPECIFIED.) CURVE() 
GEOMETRIC_REPRESENTATION_ITEM() RATIONAL_B_SPLINE_CURVE((1.,0.5,1.,0.5,
1.,0.5,1.)) REPRESENTATION_ITEM('') );
#6153 = CARTESIAN_POINT('',(48.15,1.8));
#6154 = CARTESIAN_POINT('',(48.15,8.46839560914));
#6155 = CARTESIAN_POINT('',(53.925,5.13419780457));
#6156 = CARTESIAN_POINT('',(59.7,1.8));
#6157 = CARTESIAN_POINT('',(53.925,-1.53419780457));
#6158 = CARTESIAN_POINT('',(48.15,-4.86839560914));
#6159 = CARTESIAN_POINT('',(48.15,1.8));
#6160 = ( GEOMETRIC_REPRESENTATION_CONTEXT(2) 
PARAMETRIC_REPRESENTATION_CONTEXT() REPRESENTATION_CONTEXT('2D SPACE',''
  ) );
#6161 = PCURVE('',#2814,#6162);
#6162 = DEFINITIONAL_REPRESENTATION('',(#6163),#6167);
#6163 = LINE('',#6164,#6165);
#6164 = CARTESIAN_POINT('',(0.,-6.05));
#6165 = VECTOR('',#6166,1.);
#6166 = DIRECTION('',(1.,0.));
#6167 = ( GEOMETRIC_REPRESENTATION_CONTEXT(2) 
PARAMETRIC_REPRESENTATION_CONTEXT() REPRESENTATION_CONTEXT('2D SPACE',''
  ) );
#6168 = ORIENTED_EDGE('',*,*,#6169,.T.);
#6169 = EDGE_CURVE('',#6142,#6170,#6172,.T.);
#6170 = VERTEX_POINT('',#6171);
#6171 = CARTESIAN_POINT('',(53.492241435099,5.349044307891,6.));
#6172 = SURFACE_CURVE('',#6173,(#6178,#6189),.PCURVE_S1.);
#6173 = CIRCLE('',#6174,2.2);
#6174 = AXIS2_PLACEMENT_3D('',#6175,#6176,#6177);
#6175 = CARTESIAN_POINT('',(52.,3.7325,6.));
#6176 = DIRECTION('',(0.,0.,-1.));
#6177 = DIRECTION('',(-1.,5.147397659626E-16,0.));
#6178 = PCURVE('',#100,#6179);
#6179 = DEFINITIONAL_REPRESENTATION('',(#6180),#6188);
#6180 = ( BOUNDED_CURVE() B_SPLINE_CURVE(2,(#6181,#6182,#6183,#6184,
#6185,#6186,#6187),.UNSPECIFIED.,.T.,.F.) B_SPLINE_CURVE_WITH_KNOTS((1,2
    ,2,2,2,1),(-2.094395102393,0.,2.094395102393,4.188790204786,
6.28318530718,8.377580409573),.UNSPECIFIED.) CURVE() 
GEOMETRIC_REPRESENTATION_ITEM() RATIONAL_B_SPLINE_CURVE((1.,0.5,1.,0.5,
1.,0.5,1.)) REPRESENTATION_ITEM('') );
#6181 = CARTESIAN_POINT('',(49.8,3.7325));
#6182 = CARTESIAN_POINT('',(49.8,7.543011776652));
#6183 = CARTESIAN_POINT('',(53.1,5.637755888326));
#6184 = CARTESIAN_POINT('',(56.4,3.7325));
#6185 = CARTESIAN_POINT('',(53.1,1.827244111674));
#6186 = CARTESIAN_POINT('',(49.8,-7.801177665153E-02));
#6187 = CARTESIAN_POINT('',(49.8,3.7325));
#6188 = ( GEOMETRIC_REPRESENTATION_CONTEXT(2) 
PARAMETRIC_REPRESENTATION_CONTEXT() REPRESENTATION_CONTEXT('2D SPACE',''
  ) );
#6189 = PCURVE('',#2847,#6190);
#6190 = DEFINITIONAL_REPRESENTATION('',(#6191),#6195);
#6191 = LINE('',#6192,#6193);
#6192 = CARTESIAN_POINT('',(0.,-6.05));
#6193 = VECTOR('',#6194,1.);
#6194 = DIRECTION('',(1.,0.));
#6195 = ( GEOMETRIC_REPRESENTATION_CONTEXT(2) 
PARAMETRIC_REPRESENTATION_CONTEXT() REPRESENTATION_CONTEXT('2D SPACE',''
  ) );
#6196 = ORIENTED_EDGE('',*,*,#6197,.T.);
#6197 = EDGE_CURVE('',#6170,#6198,#6200,.T.);
#6198 = VERTEX_POINT('',#6199);
#6199 = CARTESIAN_POINT('',(55.85,1.8,6.));
#6200 = SURFACE_CURVE('',#6201,(#6206,#6217),.PCURVE_S1.);
#6201 = CIRCLE('',#6202,3.85);
#6202 = AXIS2_PLACEMENT_3D('',#6203,#6204,#6205);
#6203 = CARTESIAN_POINT('',(52.,1.8,6.));
#6204 = DIRECTION('',(0.,0.,-1.));
#6205 = DIRECTION('',(-1.,1.686962258197E-16,0.));
#6206 = PCURVE('',#100,#6207);
#6207 = DEFINITIONAL_REPRESENTATION('',(#6208),#6216);
#6208 = ( BOUNDED_CURVE() B_SPLINE_CURVE(2,(#6209,#6210,#6211,#6212,
#6213,#6214,#6215),.UNSPECIFIED.,.T.,.F.) B_SPLINE_CURVE_WITH_KNOTS((1,2
    ,2,2,2,1),(-2.094395102393,0.,2.094395102393,4.188790204786,
6.28318530718,8.377580409573),.UNSPECIFIED.) CURVE() 
GEOMETRIC_REPRESENTATION_ITEM() RATIONAL_B_SPLINE_CURVE((1.,0.5,1.,0.5,
1.,0.5,1.)) REPRESENTATION_ITEM('') );
#6209 = CARTESIAN_POINT('',(48.15,1.8));
#6210 = CARTESIAN_POINT('',(48.15,8.46839560914));
#6211 = CARTESIAN_POINT('',(53.925,5.13419780457));
#6212 = CARTESIAN_POINT('',(59.7,1.8));
#6213 = CARTESIAN_POINT('',(53.925,-1.53419780457));
#6214 = CARTESIAN_POINT('',(48.15,-4.86839560914));
#6215 = CARTESIAN_POINT('',(48.15,1.8));
#6216 = ( GEOMETRIC_REPRESENTATION_CONTEXT(2) 
PARAMETRIC_REPRESENTATION_CONTEXT() REPRESENTATION_CONTEXT('2D SPACE',''
  ) );
#6217 = PCURVE('',#2880,#6218);
#6218 = DEFINITIONAL_REPRESENTATION('',(#6219),#6223);
#6219 = LINE('',#6220,#6221);
#6220 = CARTESIAN_POINT('',(0.,-6.05));
#6221 = VECTOR('',#6222,1.);
#6222 = DIRECTION('',(1.,0.));
#6223 = ( GEOMETRIC_REPRESENTATION_CONTEXT(2) 
PARAMETRIC_REPRESENTATION_CONTEXT() REPRESENTATION_CONTEXT('2D SPACE',''
  ) );
#6224 = ORIENTED_EDGE('',*,*,#6225,.F.);
#6225 = EDGE_CURVE('',#6226,#6198,#6228,.T.);
#6226 = VERTEX_POINT('',#6227);
#6227 = CARTESIAN_POINT('',(55.85,1.2,6.));
#6228 = SURFACE_CURVE('',#6229,(#6233,#6239),.PCURVE_S1.);
#6229 = LINE('',#6230,#6231);
#6230 = CARTESIAN_POINT('',(55.85,0.9,6.));
#6231 = VECTOR('',#6232,1.);
#6232 = DIRECTION('',(1.110223024625E-16,1.,-0.));
#6233 = PCURVE('',#100,#6234);
#6234 = DEFINITIONAL_REPRESENTATION('',(#6235),#6238);
#6235 = B_SPLINE_CURVE_WITH_KNOTS('',1,(#6236,#6237),.UNSPECIFIED.,.F.,
  .F.,(2,2),(-2.7,0.9),.PIECEWISE_BEZIER_KNOTS.);
#6236 = CARTESIAN_POINT('',(55.85,-1.8));
#6237 = CARTESIAN_POINT('',(55.85,1.8));
#6238 = ( GEOMETRIC_REPRESENTATION_CONTEXT(2) 
PARAMETRIC_REPRESENTATION_CONTEXT() REPRESENTATION_CONTEXT('2D SPACE',''
  ) );
#6239 = PCURVE('',#2907,#6240);
#6240 = DEFINITIONAL_REPRESENTATION('',(#6241),#6244);
#6241 = B_SPLINE_CURVE_WITH_KNOTS('',1,(#6242,#6243),.UNSPECIFIED.,.F.,
  .F.,(2,2),(-2.7,0.9),.PIECEWISE_BEZIER_KNOTS.);
#6242 = CARTESIAN_POINT('',(3.6,-6.05));
#6243 = CARTESIAN_POINT('',(0.,-6.05));
#6244 = ( GEOMETRIC_REPRESENTATION_CONTEXT(2) 
PARAMETRIC_REPRESENTATION_CONTEXT() REPRESENTATION_CONTEXT('2D SPACE',''
  ) );
#6245 = ORIENTED_EDGE('',*,*,#6246,.F.);
#6246 = EDGE_CURVE('',#6247,#6226,#6249,.T.);
#6247 = VERTEX_POINT('',#6248);
#6248 = CARTESIAN_POINT('',(68.,1.2,6.));
#6249 = SURFACE_CURVE('',#6250,(#6254,#6261),.PCURVE_S1.);
#6250 = LINE('',#6251,#6252);
#6251 = CARTESIAN_POINT('',(68.,1.2,6.));
#6252 = VECTOR('',#6253,1.);
#6253 = DIRECTION('',(-1.,0.,0.));
#6254 = PCURVE('',#100,#6255);
#6255 = DEFINITIONAL_REPRESENTATION('',(#6256),#6260);
#6256 = LINE('',#6257,#6258);
#6257 = CARTESIAN_POINT('',(68.,1.2));
#6258 = VECTOR('',#6259,1.);
#6259 = DIRECTION('',(-1.,0.));
#6260 = ( GEOMETRIC_REPRESENTATION_CONTEXT(2) 
PARAMETRIC_REPRESENTATION_CONTEXT() REPRESENTATION_CONTEXT('2D SPACE',''
  ) );
#6261 = PCURVE('',#6262,#6267);
#6262 = PLANE('',#6263);
#6263 = AXIS2_PLACEMENT_3D('',#6264,#6265,#6266);
#6264 = CARTESIAN_POINT('',(68.,1.2,6.));
#6265 = DIRECTION('',(0.,-1.,0.));
#6266 = DIRECTION('',(-1.,0.,0.));
#6267 = DEFINITIONAL_REPRESENTATION('',(#6268),#6272);
#6268 = LINE('',#6269,#6270);
#6269 = CARTESIAN_POINT('',(0.,-0.));
#6270 = VECTOR('',#6271,1.);
#6271 = DIRECTION('',(1.,0.));
#6272 = ( GEOMETRIC_REPRESENTATION_CONTEXT(2) 
PARAMETRIC_REPRESENTATION_CONTEXT() REPRESENTATION_CONTEXT('2D SPACE',''
  ) );
#6273 = ORIENTED_EDGE('',*,*,#6274,.F.);
#6274 = EDGE_CURVE('',#6275,#6247,#6277,.T.);
#6275 = VERTEX_POINT('',#6276);
#6276 = CARTESIAN_POINT('',(68.,-1.2,6.));
#6277 = SURFACE_CURVE('',#6278,(#6282,#6289),.PCURVE_S1.);
#6278 = LINE('',#6279,#6280);
#6279 = CARTESIAN_POINT('',(68.,-1.2,6.));
#6280 = VECTOR('',#6281,1.);
#6281 = DIRECTION('',(0.,1.,0.));
#6282 = PCURVE('',#100,#6283);
#6283 = DEFINITIONAL_REPRESENTATION('',(#6284),#6288);
#6284 = LINE('',#6285,#6286);
#6285 = CARTESIAN_POINT('',(68.,-1.2));
#6286 = VECTOR('',#6287,1.);
#6287 = DIRECTION('',(0.,1.));
#6288 = ( GEOMETRIC_REPRESENTATION_CONTEXT(2) 
PARAMETRIC_REPRESENTATION_CONTEXT() REPRESENTATION_CONTEXT('2D SPACE',''
  ) );
#6289 = PCURVE('',#6290,#6295);
#6290 = PLANE('',#6291);
#6291 = AXIS2_PLACEMENT_3D('',#6292,#6293,#6294);
#6292 = CARTESIAN_POINT('',(68.,-1.2,6.));
#6293 = DIRECTION('',(-1.,0.,0.));
#6294 = DIRECTION('',(0.,1.,0.));
#6295 = DEFINITIONAL_REPRESENTATION('',(#6296),#6300);
#6296 = LINE('',#6297,#6298);
#6297 = CARTESIAN_POINT('',(0.,0.));
#6298 = VECTOR('',#6299,1.);
#6299 = DIRECTION('',(1.,0.));
#6300 = ( GEOMETRIC_REPRESENTATION_CONTEXT(2) 
PARAMETRIC_REPRESENTATION_CONTEXT() REPRESENTATION_CONTEXT('2D SPACE',''
  ) );
#6301 = ORIENTED_EDGE('',*,*,#6302,.F.);
#6302 = EDGE_CURVE('',#6303,#6275,#6305,.T.);
#6303 = VERTEX_POINT('',#6304);
#6304 = CARTESIAN_POINT('',(55.85,-1.2,6.));
#6305 = SURFACE_CURVE('',#6306,(#6310,#6317),.PCURVE_S1.);
#6306 = LINE('',#6307,#6308);
#6307 = CARTESIAN_POINT('',(16.,-1.2,6.));
#6308 = VECTOR('',#6309,1.);
#6309 = DIRECTION('',(1.,0.,0.));
#6310 = PCURVE('',#100,#6311);
#6311 = DEFINITIONAL_REPRESENTATION('',(#6312),#6316);
#6312 = LINE('',#6313,#6314);
#6313 = CARTESIAN_POINT('',(16.,-1.2));
#6314 = VECTOR('',#6315,1.);
#6315 = DIRECTION('',(1.,0.));
#6316 = ( GEOMETRIC_REPRESENTATION_CONTEXT(2) 
PARAMETRIC_REPRESENTATION_CONTEXT() REPRESENTATION_CONTEXT('2D SPACE',''
  ) );
#6317 = PCURVE('',#6318,#6323);
#6318 = PLANE('',#6319);
#6319 = AXIS2_PLACEMENT_3D('',#6320,#6321,#6322);
#6320 = CARTESIAN_POINT('',(16.,-1.2,6.));
#6321 = DIRECTION('',(0.,1.,0.));
#6322 = DIRECTION('',(1.,0.,0.));
#6323 = DEFINITIONAL_REPRESENTATION('',(#6324),#6328);
#6324 = LINE('',#6325,#6326);
#6325 = CARTESIAN_POINT('',(0.,0.));
#6326 = VECTOR('',#6327,1.);
#6327 = DIRECTION('',(1.,0.));
#6328 = ( GEOMETRIC_REPRESENTATION_CONTEXT(2) 
PARAMETRIC_REPRESENTATION_CONTEXT() REPRESENTATION_CONTEXT('2D SPACE',''
  ) );
#6329 = ORIENTED_EDGE('',*,*,#6330,.F.);
#6330 = EDGE_CURVE('',#6331,#6303,#6333,.T.);
#6331 = VERTEX_POINT('',#6332);
#6332 = CARTESIAN_POINT('',(55.85,-1.8,6.));
#6333 = SURFACE_CURVE('',#6334,(#6338,#6344),.PCURVE_S1.);
#6334 = LINE('',#6335,#6336);
#6335 = CARTESIAN_POINT('',(55.85,0.9,6.));
#6336 = VECTOR('',#6337,1.);
#6337 = DIRECTION('',(1.110223024625E-16,1.,-0.));
#6338 = PCURVE('',#100,#6339);
#6339 = DEFINITIONAL_REPRESENTATION('',(#6340),#6343);
#6340 = B_SPLINE_CURVE_WITH_KNOTS('',1,(#6341,#6342),.UNSPECIFIED.,.F.,
  .F.,(2,2),(-2.7,0.9),.PIECEWISE_BEZIER_KNOTS.);
#6341 = CARTESIAN_POINT('',(55.85,-1.8));
#6342 = CARTESIAN_POINT('',(55.85,1.8));
#6343 = ( GEOMETRIC_REPRESENTATION_CONTEXT(2) 
PARAMETRIC_REPRESENTATION_CONTEXT() REPRESENTATION_CONTEXT('2D SPACE',''
  ) );
#6344 = PCURVE('',#2907,#6345);
#6345 = DEFINITIONAL_REPRESENTATION('',(#6346),#6349);
#6346 = B_SPLINE_CURVE_WITH_KNOTS('',1,(#6347,#6348),.UNSPECIFIED.,.F.,
  .F.,(2,2),(-2.7,0.9),.PIECEWISE_BEZIER_KNOTS.);
#6347 = CARTESIAN_POINT('',(3.6,-6.05));
#6348 = CARTESIAN_POINT('',(0.,-6.05));
#6349 = ( GEOMETRIC_REPRESENTATION_CONTEXT(2) 
PARAMETRIC_REPRESENTATION_CONTEXT() REPRESENTATION_CONTEXT('2D SPACE',''
  ) );
#6350 = ORIENTED_EDGE('',*,*,#6351,.T.);
#6351 = EDGE_CURVE('',#6331,#6352,#6354,.T.);
#6352 = VERTEX_POINT('',#6353);
#6353 = CARTESIAN_POINT('',(53.492241435099,-5.349044307891,6.));
#6354 = SURFACE_CURVE('',#6355,(#6360,#6371),.PCURVE_S1.);
#6355 = CIRCLE('',#6356,3.85);
#6356 = AXIS2_PLACEMENT_3D('',#6357,#6358,#6359);
#6357 = CARTESIAN_POINT('',(52.,-1.8,6.));
#6358 = DIRECTION('',(0.,-0.,-1.));
#6359 = DIRECTION('',(1.,-1.686962258197E-16,0.));
#6360 = PCURVE('',#100,#6361);
#6361 = DEFINITIONAL_REPRESENTATION('',(#6362),#6370);
#6362 = ( BOUNDED_CURVE() B_SPLINE_CURVE(2,(#6363,#6364,#6365,#6366,
#6367,#6368,#6369),.UNSPECIFIED.,.T.,.F.) B_SPLINE_CURVE_WITH_KNOTS((1,2
    ,2,2,2,1),(-2.094395102393,0.,2.094395102393,4.188790204786,
6.28318530718,8.377580409573),.UNSPECIFIED.) CURVE() 
GEOMETRIC_REPRESENTATION_ITEM() RATIONAL_B_SPLINE_CURVE((1.,0.5,1.,0.5,
1.,0.5,1.)) REPRESENTATION_ITEM('') );
#6363 = CARTESIAN_POINT('',(55.85,-1.8));
#6364 = CARTESIAN_POINT('',(55.85,-8.46839560914));
#6365 = CARTESIAN_POINT('',(50.075,-5.13419780457));
#6366 = CARTESIAN_POINT('',(44.3,-1.8));
#6367 = CARTESIAN_POINT('',(50.075,1.53419780457));
#6368 = CARTESIAN_POINT('',(55.85,4.86839560914));
#6369 = CARTESIAN_POINT('',(55.85,-1.8));
#6370 = ( GEOMETRIC_REPRESENTATION_CONTEXT(2) 
PARAMETRIC_REPRESENTATION_CONTEXT() REPRESENTATION_CONTEXT('2D SPACE',''
  ) );
#6371 = PCURVE('',#2939,#6372);
#6372 = DEFINITIONAL_REPRESENTATION('',(#6373),#6377);
#6373 = LINE('',#6374,#6375);
#6374 = CARTESIAN_POINT('',(0.,-6.05));
#6375 = VECTOR('',#6376,1.);
#6376 = DIRECTION('',(1.,0.));
#6377 = ( GEOMETRIC_REPRESENTATION_CONTEXT(2) 
PARAMETRIC_REPRESENTATION_CONTEXT() REPRESENTATION_CONTEXT('2D SPACE',''
  ) );
#6378 = ORIENTED_EDGE('',*,*,#6379,.T.);
#6379 = EDGE_CURVE('',#6352,#6380,#6382,.T.);
#6380 = VERTEX_POINT('',#6381);
#6381 = CARTESIAN_POINT('',(50.507758564901,-5.349044307891,6.));
#6382 = SURFACE_CURVE('',#6383,(#6388,#6399),.PCURVE_S1.);
#6383 = CIRCLE('',#6384,2.2);
#6384 = AXIS2_PLACEMENT_3D('',#6385,#6386,#6387);
#6385 = CARTESIAN_POINT('',(52.,-3.7325,6.));
#6386 = DIRECTION('',(0.,-0.,-1.));
#6387 = DIRECTION('',(1.,-5.147397659626E-16,0.));
#6388 = PCURVE('',#100,#6389);
#6389 = DEFINITIONAL_REPRESENTATION('',(#6390),#6398);
#6390 = ( BOUNDED_CURVE() B_SPLINE_CURVE(2,(#6391,#6392,#6393,#6394,
#6395,#6396,#6397),.UNSPECIFIED.,.T.,.F.) B_SPLINE_CURVE_WITH_KNOTS((1,2
    ,2,2,2,1),(-2.094395102393,0.,2.094395102393,4.188790204786,
6.28318530718,8.377580409573),.UNSPECIFIED.) CURVE() 
GEOMETRIC_REPRESENTATION_ITEM() RATIONAL_B_SPLINE_CURVE((1.,0.5,1.,0.5,
1.,0.5,1.)) REPRESENTATION_ITEM('') );
#6391 = CARTESIAN_POINT('',(54.2,-3.7325));
#6392 = CARTESIAN_POINT('',(54.2,-7.543011776652));
#6393 = CARTESIAN_POINT('',(50.9,-5.637755888326));
#6394 = CARTESIAN_POINT('',(47.6,-3.7325));
#6395 = CARTESIAN_POINT('',(50.9,-1.827244111674));
#6396 = CARTESIAN_POINT('',(54.2,7.801177665153E-02));
#6397 = CARTESIAN_POINT('',(54.2,-3.7325));
#6398 = ( GEOMETRIC_REPRESENTATION_CONTEXT(2) 
PARAMETRIC_REPRESENTATION_CONTEXT() REPRESENTATION_CONTEXT('2D SPACE',''
  ) );
#6399 = PCURVE('',#2972,#6400);
#6400 = DEFINITIONAL_REPRESENTATION('',(#6401),#6405);
#6401 = LINE('',#6402,#6403);
#6402 = CARTESIAN_POINT('',(0.,-6.05));
#6403 = VECTOR('',#6404,1.);
#6404 = DIRECTION('',(1.,0.));
#6405 = ( GEOMETRIC_REPRESENTATION_CONTEXT(2) 
PARAMETRIC_REPRESENTATION_CONTEXT() REPRESENTATION_CONTEXT('2D SPACE',''
  ) );
#6406 = ORIENTED_EDGE('',*,*,#6407,.T.);
#6407 = EDGE_CURVE('',#6380,#6408,#6410,.T.);
#6408 = VERTEX_POINT('',#6409);
#6409 = CARTESIAN_POINT('',(48.15,-1.8,6.));
#6410 = SURFACE_CURVE('',#6411,(#6416,#6427),.PCURVE_S1.);
#6411 = CIRCLE('',#6412,3.85);
#6412 = AXIS2_PLACEMENT_3D('',#6413,#6414,#6415);
#6413 = CARTESIAN_POINT('',(52.,-1.8,6.));
#6414 = DIRECTION('',(0.,-0.,-1.));
#6415 = DIRECTION('',(1.,-1.686962258197E-16,0.));
#6416 = PCURVE('',#100,#6417);
#6417 = DEFINITIONAL_REPRESENTATION('',(#6418),#6426);
#6418 = ( BOUNDED_CURVE() B_SPLINE_CURVE(2,(#6419,#6420,#6421,#6422,
#6423,#6424,#6425),.UNSPECIFIED.,.T.,.F.) B_SPLINE_CURVE_WITH_KNOTS((1,2
    ,2,2,2,1),(-2.094395102393,0.,2.094395102393,4.188790204786,
6.28318530718,8.377580409573),.UNSPECIFIED.) CURVE() 
GEOMETRIC_REPRESENTATION_ITEM() RATIONAL_B_SPLINE_CURVE((1.,0.5,1.,0.5,
1.,0.5,1.)) REPRESENTATION_ITEM('') );
#6419 = CARTESIAN_POINT('',(55.85,-1.8));
#6420 = CARTESIAN_POINT('',(55.85,-8.46839560914));
#6421 = CARTESIAN_POINT('',(50.075,-5.13419780457));
#6422 = CARTESIAN_POINT('',(44.3,-1.8));
#6423 = CARTESIAN_POINT('',(50.075,1.53419780457));
#6424 = CARTESIAN_POINT('',(55.85,4.86839560914));
#6425 = CARTESIAN_POINT('',(55.85,-1.8));
#6426 = ( GEOMETRIC_REPRESENTATION_CONTEXT(2) 
PARAMETRIC_REPRESENTATION_CONTEXT() REPRESENTATION_CONTEXT('2D SPACE',''
  ) );
#6427 = PCURVE('',#3003,#6428);
#6428 = DEFINITIONAL_REPRESENTATION('',(#6429),#6433);
#6429 = LINE('',#6430,#6431);
#6430 = CARTESIAN_POINT('',(0.,-6.05));
#6431 = VECTOR('',#6432,1.);
#6432 = DIRECTION('',(1.,0.));
#6433 = ( GEOMETRIC_REPRESENTATION_CONTEXT(2) 
PARAMETRIC_REPRESENTATION_CONTEXT() REPRESENTATION_CONTEXT('2D SPACE',''
  ) );
#6434 = ORIENTED_EDGE('',*,*,#6435,.F.);
#6435 = EDGE_CURVE('',#6436,#6408,#6438,.T.);
#6436 = VERTEX_POINT('',#6437);
#6437 = CARTESIAN_POINT('',(48.15,-1.2,6.));
#6438 = SURFACE_CURVE('',#6439,(#6443,#6449),.PCURVE_S1.);
#6439 = LINE('',#6440,#6441);
#6440 = CARTESIAN_POINT('',(48.15,-0.9,6.));
#6441 = VECTOR('',#6442,1.);
#6442 = DIRECTION('',(-1.110223024625E-16,-1.,0.));
#6443 = PCURVE('',#100,#6444);
#6444 = DEFINITIONAL_REPRESENTATION('',(#6445),#6448);
#6445 = B_SPLINE_CURVE_WITH_KNOTS('',1,(#6446,#6447),.UNSPECIFIED.,.F.,
  .F.,(2,2),(-2.7,0.9),.PIECEWISE_BEZIER_KNOTS.);
#6446 = CARTESIAN_POINT('',(48.15,1.8));
#6447 = CARTESIAN_POINT('',(48.15,-1.8));
#6448 = ( GEOMETRIC_REPRESENTATION_CONTEXT(2) 
PARAMETRIC_REPRESENTATION_CONTEXT() REPRESENTATION_CONTEXT('2D SPACE',''
  ) );
#6449 = PCURVE('',#2782,#6450);
#6450 = DEFINITIONAL_REPRESENTATION('',(#6451),#6454);
#6451 = B_SPLINE_CURVE_WITH_KNOTS('',1,(#6452,#6453),.UNSPECIFIED.,.F.,
  .F.,(2,2),(-2.7,0.9),.PIECEWISE_BEZIER_KNOTS.);
#6452 = CARTESIAN_POINT('',(3.6,-6.05));
#6453 = CARTESIAN_POINT('',(0.,-6.05));
#6454 = ( GEOMETRIC_REPRESENTATION_CONTEXT(2) 
PARAMETRIC_REPRESENTATION_CONTEXT() REPRESENTATION_CONTEXT('2D SPACE',''
  ) );
#6455 = ORIENTED_EDGE('',*,*,#6456,.F.);
#6456 = EDGE_CURVE('',#6457,#6436,#6459,.T.);
#6457 = VERTEX_POINT('',#6458);
#6458 = CARTESIAN_POINT('',(16.,-1.2,6.));
#6459 = SURFACE_CURVE('',#6460,(#6464,#6471),.PCURVE_S1.);
#6460 = LINE('',#6461,#6462);
#6461 = CARTESIAN_POINT('',(16.,-1.2,6.));
#6462 = VECTOR('',#6463,1.);
#6463 = DIRECTION('',(1.,0.,0.));
#6464 = PCURVE('',#100,#6465);
#6465 = DEFINITIONAL_REPRESENTATION('',(#6466),#6470);
#6466 = LINE('',#6467,#6468);
#6467 = CARTESIAN_POINT('',(16.,-1.2));
#6468 = VECTOR('',#6469,1.);
#6469 = DIRECTION('',(1.,0.));
#6470 = ( GEOMETRIC_REPRESENTATION_CONTEXT(2) 
PARAMETRIC_REPRESENTATION_CONTEXT() REPRESENTATION_CONTEXT('2D SPACE',''
  ) );
#6471 = PCURVE('',#6318,#6472);
#6472 = DEFINITIONAL_REPRESENTATION('',(#6473),#6477);
#6473 = LINE('',#6474,#6475);
#6474 = CARTESIAN_POINT('',(0.,0.));
#6475 = VECTOR('',#6476,1.);
#6476 = DIRECTION('',(1.,0.));
#6477 = ( GEOMETRIC_REPRESENTATION_CONTEXT(2) 
PARAMETRIC_REPRESENTATION_CONTEXT() REPRESENTATION_CONTEXT('2D SPACE',''
  ) );
#6478 = ORIENTED_EDGE('',*,*,#6479,.F.);
#6479 = EDGE_CURVE('',#6480,#6457,#6482,.T.);
#6480 = VERTEX_POINT('',#6481);
#6481 = CARTESIAN_POINT('',(16.,1.2,6.));
#6482 = SURFACE_CURVE('',#6483,(#6487,#6494),.PCURVE_S1.);
#6483 = LINE('',#6484,#6485);
#6484 = CARTESIAN_POINT('',(16.,1.2,6.));
#6485 = VECTOR('',#6486,1.);
#6486 = DIRECTION('',(0.,-1.,0.));
#6487 = PCURVE('',#100,#6488);
#6488 = DEFINITIONAL_REPRESENTATION('',(#6489),#6493);
#6489 = LINE('',#6490,#6491);
#6490 = CARTESIAN_POINT('',(16.,1.2));
#6491 = VECTOR('',#6492,1.);
#6492 = DIRECTION('',(0.,-1.));
#6493 = ( GEOMETRIC_REPRESENTATION_CONTEXT(2) 
PARAMETRIC_REPRESENTATION_CONTEXT() REPRESENTATION_CONTEXT('2D SPACE',''
  ) );
#6494 = PCURVE('',#6495,#6500);
#6495 = PLANE('',#6496);
#6496 = AXIS2_PLACEMENT_3D('',#6497,#6498,#6499);
#6497 = CARTESIAN_POINT('',(16.,1.2,6.));
#6498 = DIRECTION('',(1.,0.,-0.));
#6499 = DIRECTION('',(0.,-1.,0.));
#6500 = DEFINITIONAL_REPRESENTATION('',(#6501),#6505);
#6501 = LINE('',#6502,#6503);
#6502 = CARTESIAN_POINT('',(0.,0.));
#6503 = VECTOR('',#6504,1.);
#6504 = DIRECTION('',(1.,0.));
#6505 = ( GEOMETRIC_REPRESENTATION_CONTEXT(2) 
PARAMETRIC_REPRESENTATION_CONTEXT() REPRESENTATION_CONTEXT('2D SPACE',''
  ) );
#6506 = ORIENTED_EDGE('',*,*,#6507,.F.);
#6507 = EDGE_CURVE('',#6121,#6480,#6508,.T.);
#6508 = SURFACE_CURVE('',#6509,(#6513,#6520),.PCURVE_S1.);
#6509 = LINE('',#6510,#6511);
#6510 = CARTESIAN_POINT('',(68.,1.2,6.));
#6511 = VECTOR('',#6512,1.);
#6512 = DIRECTION('',(-1.,0.,0.));
#6513 = PCURVE('',#100,#6514);
#6514 = DEFINITIONAL_REPRESENTATION('',(#6515),#6519);
#6515 = LINE('',#6516,#6517);
#6516 = CARTESIAN_POINT('',(68.,1.2));
#6517 = VECTOR('',#6518,1.);
#6518 = DIRECTION('',(-1.,0.));
#6519 = ( GEOMETRIC_REPRESENTATION_CONTEXT(2) 
PARAMETRIC_REPRESENTATION_CONTEXT() REPRESENTATION_CONTEXT('2D SPACE',''
  ) );
#6520 = PCURVE('',#6262,#6521);
#6521 = DEFINITIONAL_REPRESENTATION('',(#6522),#6526);
#6522 = LINE('',#6523,#6524);
#6523 = CARTESIAN_POINT('',(0.,-0.));
#6524 = VECTOR('',#6525,1.);
#6525 = DIRECTION('',(1.,0.));
#6526 = ( GEOMETRIC_REPRESENTATION_CONTEXT(2) 
PARAMETRIC_REPRESENTATION_CONTEXT() REPRESENTATION_CONTEXT('2D SPACE',''
  ) );
#6527 = FACE_BOUND('',#6528,.T.);
#6528 = EDGE_LOOP('',(#6529));
#6529 = ORIENTED_EDGE('',*,*,#6530,.T.);
#6530 = EDGE_CURVE('',#6531,#6531,#6533,.T.);
#6531 = VERTEX_POINT('',#6532);
#6532 = CARTESIAN_POINT('',(-38.7733297464,9.317485623691,6.));
#6533 = SURFACE_CURVE('',#6534,(#6539,#6550),.PCURVE_S1.);
#6534 = CIRCLE('',#6535,4.);
#6535 = AXIS2_PLACEMENT_3D('',#6536,#6537,#6538);
#6536 = CARTESIAN_POINT('',(-34.7733297464,9.317485623691,6.));
#6537 = DIRECTION('',(0.,0.,-1.));
#6538 = DIRECTION('',(-1.,0.,0.));
#6539 = PCURVE('',#100,#6540);
#6540 = DEFINITIONAL_REPRESENTATION('',(#6541),#6549);
#6541 = ( BOUNDED_CURVE() B_SPLINE_CURVE(2,(#6542,#6543,#6544,#6545,
#6546,#6547,#6548),.UNSPECIFIED.,.T.,.F.) B_SPLINE_CURVE_WITH_KNOTS((1,2
    ,2,2,2,1),(-2.094395102393,0.,2.094395102393,4.188790204786,
6.28318530718,8.377580409573),.UNSPECIFIED.) CURVE() 
GEOMETRIC_REPRESENTATION_ITEM() RATIONAL_B_SPLINE_CURVE((1.,0.5,1.,0.5,
1.,0.5,1.)) REPRESENTATION_ITEM('') );
#6542 = CARTESIAN_POINT('',(-38.7733297464,9.317485623691));
#6543 = CARTESIAN_POINT('',(-38.7733297464,16.245688853966));
#6544 = CARTESIAN_POINT('',(-32.7733297464,12.781587238828));
#6545 = CARTESIAN_POINT('',(-26.7733297464,9.317485623691));
#6546 = CARTESIAN_POINT('',(-32.7733297464,5.853384008553));
#6547 = CARTESIAN_POINT('',(-38.7733297464,2.389282393415));
#6548 = CARTESIAN_POINT('',(-38.7733297464,9.317485623691));
#6549 = ( GEOMETRIC_REPRESENTATION_CONTEXT(2) 
PARAMETRIC_REPRESENTATION_CONTEXT() REPRESENTATION_CONTEXT('2D SPACE',''
  ) );
#6550 = PCURVE('',#1758,#6551);
#6551 = DEFINITIONAL_REPRESENTATION('',(#6552),#6556);
#6552 = LINE('',#6553,#6554);
#6553 = CARTESIAN_POINT('',(0.,0.));
#6554 = VECTOR('',#6555,1.);
#6555 = DIRECTION('',(1.,0.));
#6556 = ( GEOMETRIC_REPRESENTATION_CONTEXT(2) 
PARAMETRIC_REPRESENTATION_CONTEXT() REPRESENTATION_CONTEXT('2D SPACE',''
  ) );
#6557 = FACE_BOUND('',#6558,.T.);
#6558 = EDGE_LOOP('',(#6559,#6582,#6610,#6638,#6666,#6687,#6715,#6743));
#6559 = ORIENTED_EDGE('',*,*,#6560,.F.);
#6560 = EDGE_CURVE('',#6561,#6563,#6565,.T.);
#6561 = VERTEX_POINT('',#6562);
#6562 = CARTESIAN_POINT('',(-42.59912319222,22.516154273188,6.));
#6563 = VERTEX_POINT('',#6564);
#6564 = CARTESIAN_POINT('',(-40.79912319222,25.633845726812,6.));
#6565 = SURFACE_CURVE('',#6566,(#6570,#6576),.PCURVE_S1.);
#6566 = LINE('',#6567,#6568);
#6567 = CARTESIAN_POINT('',(-41.24912319222,24.854422863406,6.));
#6568 = VECTOR('',#6569,1.);
#6569 = DIRECTION('',(0.5,0.866025403784,-0.));
#6570 = PCURVE('',#100,#6571);
#6571 = DEFINITIONAL_REPRESENTATION('',(#6572),#6575);
#6572 = B_SPLINE_CURVE_WITH_KNOTS('',1,(#6573,#6574),.UNSPECIFIED.,.F.,
  .F.,(2,2),(-2.7,0.9),.PIECEWISE_BEZIER_KNOTS.);
#6573 = CARTESIAN_POINT('',(-42.59912319222,22.516154273188));
#6574 = CARTESIAN_POINT('',(-40.79912319222,25.633845726812));
#6575 = ( GEOMETRIC_REPRESENTATION_CONTEXT(2) 
PARAMETRIC_REPRESENTATION_CONTEXT() REPRESENTATION_CONTEXT('2D SPACE',''
  ) );
#6576 = PCURVE('',#1789,#6577);
#6577 = DEFINITIONAL_REPRESENTATION('',(#6578),#6581);
#6578 = B_SPLINE_CURVE_WITH_KNOTS('',1,(#6579,#6580),.UNSPECIFIED.,.F.,
  .F.,(2,2),(-2.7,0.9),.PIECEWISE_BEZIER_KNOTS.);
#6579 = CARTESIAN_POINT('',(3.6,-6.05));
#6580 = CARTESIAN_POINT('',(0.,-6.05));
#6581 = ( GEOMETRIC_REPRESENTATION_CONTEXT(2) 
PARAMETRIC_REPRESENTATION_CONTEXT() REPRESENTATION_CONTEXT('2D SPACE',''
  ) );
#6582 = ORIENTED_EDGE('',*,*,#6583,.T.);
#6583 = EDGE_CURVE('',#6561,#6584,#6586,.T.);
#6584 = VERTEX_POINT('',#6585);
#6585 = CARTESIAN_POINT('',(-46.41552415936,20.621471025848,6.));
#6586 = SURFACE_CURVE('',#6587,(#6592,#6603),.PCURVE_S1.);
#6587 = CIRCLE('',#6588,3.85);
#6588 = AXIS2_PLACEMENT_3D('',#6589,#6590,#6591);
#6589 = CARTESIAN_POINT('',(-45.93332099679,24.441154273188,6.));
#6590 = DIRECTION('',(0.,-0.,-1.));
#6591 = DIRECTION('',(0.866025403784,-0.5,0.));
#6592 = PCURVE('',#100,#6593);
#6593 = DEFINITIONAL_REPRESENTATION('',(#6594),#6602);
#6594 = ( BOUNDED_CURVE() B_SPLINE_CURVE(2,(#6595,#6596,#6597,#6598,
#6599,#6600,#6601),.UNSPECIFIED.,.T.,.F.) B_SPLINE_CURVE_WITH_KNOTS((1,2
    ,2,2,2,1),(-2.094395102393,0.,2.094395102393,4.188790204786,
6.28318530718,8.377580409573),.UNSPECIFIED.) CURVE() 
GEOMETRIC_REPRESENTATION_ITEM() RATIONAL_B_SPLINE_CURVE((1.,0.5,1.,0.5,
1.,0.5,1.)) REPRESENTATION_ITEM('') );
#6595 = CARTESIAN_POINT('',(-42.59912319222,22.516154273188));
#6596 = CARTESIAN_POINT('',(-45.93332099679,16.741154273188));
#6597 = CARTESIAN_POINT('',(-49.26751880136,22.516154273188));
#6598 = CARTESIAN_POINT('',(-52.60171660593,28.291154273188));
#6599 = CARTESIAN_POINT('',(-45.93332099679,28.291154273188));
#6600 = CARTESIAN_POINT('',(-39.26492538765,28.291154273188));
#6601 = CARTESIAN_POINT('',(-42.59912319222,22.516154273188));
#6602 = ( GEOMETRIC_REPRESENTATION_CONTEXT(2) 
PARAMETRIC_REPRESENTATION_CONTEXT() REPRESENTATION_CONTEXT('2D SPACE',''
  ) );
#6603 = PCURVE('',#1821,#6604);
#6604 = DEFINITIONAL_REPRESENTATION('',(#6605),#6609);
#6605 = LINE('',#6606,#6607);
#6606 = CARTESIAN_POINT('',(0.,-6.05));
#6607 = VECTOR('',#6608,1.);
#6608 = DIRECTION('',(1.,0.));
#6609 = ( GEOMETRIC_REPRESENTATION_CONTEXT(2) 
PARAMETRIC_REPRESENTATION_CONTEXT() REPRESENTATION_CONTEXT('2D SPACE',''
  ) );
#6610 = ORIENTED_EDGE('',*,*,#6611,.T.);
#6611 = EDGE_CURVE('',#6584,#6612,#6614,.T.);
#6612 = VERTEX_POINT('',#6613);
#6613 = CARTESIAN_POINT('',(-49.00016214211,22.113712460947,6.));
#6614 = SURFACE_CURVE('',#6615,(#6620,#6631),.PCURVE_S1.);
#6615 = CIRCLE('',#6616,2.2);
#6616 = AXIS2_PLACEMENT_3D('',#6617,#6618,#6619);
#6617 = CARTESIAN_POINT('',(-46.89957099679,22.767560180375,6.));
#6618 = DIRECTION('',(0.,-0.,-1.));
#6619 = DIRECTION('',(0.866025403784,-0.5,0.));
#6620 = PCURVE('',#100,#6621);
#6621 = DEFINITIONAL_REPRESENTATION('',(#6622),#6630);
#6622 = ( BOUNDED_CURVE() B_SPLINE_CURVE(2,(#6623,#6624,#6625,#6626,
#6627,#6628,#6629),.UNSPECIFIED.,.T.,.F.) B_SPLINE_CURVE_WITH_KNOTS((1,2
    ,2,2,2,1),(-2.094395102393,0.,2.094395102393,4.188790204786,
6.28318530718,8.377580409573),.UNSPECIFIED.) CURVE() 
GEOMETRIC_REPRESENTATION_ITEM() RATIONAL_B_SPLINE_CURVE((1.,0.5,1.,0.5,
1.,0.5,1.)) REPRESENTATION_ITEM('') );
#6623 = CARTESIAN_POINT('',(-44.99431510846,21.667560180375));
#6624 = CARTESIAN_POINT('',(-46.89957099679,18.367560180375));
#6625 = CARTESIAN_POINT('',(-48.80482688511,21.667560180375));
#6626 = CARTESIAN_POINT('',(-50.71008277344,24.967560180375));
#6627 = CARTESIAN_POINT('',(-46.89957099679,24.967560180375));
#6628 = CARTESIAN_POINT('',(-43.08905922013,24.967560180375));
#6629 = CARTESIAN_POINT('',(-44.99431510846,21.667560180375));
#6630 = ( GEOMETRIC_REPRESENTATION_CONTEXT(2) 
PARAMETRIC_REPRESENTATION_CONTEXT() REPRESENTATION_CONTEXT('2D SPACE',''
  ) );
#6631 = PCURVE('',#1854,#6632);
#6632 = DEFINITIONAL_REPRESENTATION('',(#6633),#6637);
#6633 = LINE('',#6634,#6635);
#6634 = CARTESIAN_POINT('',(0.,-6.05));
#6635 = VECTOR('',#6636,1.);
#6636 = DIRECTION('',(1.,0.));
#6637 = ( GEOMETRIC_REPRESENTATION_CONTEXT(2) 
PARAMETRIC_REPRESENTATION_CONTEXT() REPRESENTATION_CONTEXT('2D SPACE',''
  ) );
#6638 = ORIENTED_EDGE('',*,*,#6639,.T.);
#6639 = EDGE_CURVE('',#6612,#6640,#6642,.T.);
#6640 = VERTEX_POINT('',#6641);
#6641 = CARTESIAN_POINT('',(-49.26751880136,26.366154273188,6.));
#6642 = SURFACE_CURVE('',#6643,(#6648,#6659),.PCURVE_S1.);
#6643 = CIRCLE('',#6644,3.85);
#6644 = AXIS2_PLACEMENT_3D('',#6645,#6646,#6647);
#6645 = CARTESIAN_POINT('',(-45.93332099679,24.441154273188,6.));
#6646 = DIRECTION('',(0.,-0.,-1.));
#6647 = DIRECTION('',(0.866025403784,-0.5,0.));
#6648 = PCURVE('',#100,#6649);
#6649 = DEFINITIONAL_REPRESENTATION('',(#6650),#6658);
#6650 = ( BOUNDED_CURVE() B_SPLINE_CURVE(2,(#6651,#6652,#6653,#6654,
#6655,#6656,#6657),.UNSPECIFIED.,.T.,.F.) B_SPLINE_CURVE_WITH_KNOTS((1,2
    ,2,2,2,1),(-2.094395102393,0.,2.094395102393,4.188790204786,
6.28318530718,8.377580409573),.UNSPECIFIED.) CURVE() 
GEOMETRIC_REPRESENTATION_ITEM() RATIONAL_B_SPLINE_CURVE((1.,0.5,1.,0.5,
1.,0.5,1.)) REPRESENTATION_ITEM('') );
#6651 = CARTESIAN_POINT('',(-42.59912319222,22.516154273188));
#6652 = CARTESIAN_POINT('',(-45.93332099679,16.741154273188));
#6653 = CARTESIAN_POINT('',(-49.26751880136,22.516154273188));
#6654 = CARTESIAN_POINT('',(-52.60171660593,28.291154273188));
#6655 = CARTESIAN_POINT('',(-45.93332099679,28.291154273188));
#6656 = CARTESIAN_POINT('',(-39.26492538765,28.291154273188));
#6657 = CARTESIAN_POINT('',(-42.59912319222,22.516154273188));
#6658 = ( GEOMETRIC_REPRESENTATION_CONTEXT(2) 
PARAMETRIC_REPRESENTATION_CONTEXT() REPRESENTATION_CONTEXT('2D SPACE',''
  ) );
#6659 = PCURVE('',#1887,#6660);
#6660 = DEFINITIONAL_REPRESENTATION('',(#6661),#6665);
#6661 = LINE('',#6662,#6663);
#6662 = CARTESIAN_POINT('',(0.,-6.05));
#6663 = VECTOR('',#6664,1.);
#6664 = DIRECTION('',(1.,0.));
#6665 = ( GEOMETRIC_REPRESENTATION_CONTEXT(2) 
PARAMETRIC_REPRESENTATION_CONTEXT() REPRESENTATION_CONTEXT('2D SPACE',''
  ) );
#6666 = ORIENTED_EDGE('',*,*,#6667,.F.);
#6667 = EDGE_CURVE('',#6668,#6640,#6670,.T.);
#6668 = VERTEX_POINT('',#6669);
#6669 = CARTESIAN_POINT('',(-47.46751880136,29.483845726812,6.));
#6670 = SURFACE_CURVE('',#6671,(#6675,#6681),.PCURVE_S1.);
#6671 = LINE('',#6672,#6673);
#6672 = CARTESIAN_POINT('',(-48.81751880136,27.145577136594,6.));
#6673 = VECTOR('',#6674,1.);
#6674 = DIRECTION('',(-0.5,-0.866025403784,0.));
#6675 = PCURVE('',#100,#6676);
#6676 = DEFINITIONAL_REPRESENTATION('',(#6677),#6680);
#6677 = B_SPLINE_CURVE_WITH_KNOTS('',1,(#6678,#6679),.UNSPECIFIED.,.F.,
  .F.,(2,2),(-2.7,0.9),.PIECEWISE_BEZIER_KNOTS.);
#6678 = CARTESIAN_POINT('',(-47.46751880136,29.483845726812));
#6679 = CARTESIAN_POINT('',(-49.26751880136,26.366154273188));
#6680 = ( GEOMETRIC_REPRESENTATION_CONTEXT(2) 
PARAMETRIC_REPRESENTATION_CONTEXT() REPRESENTATION_CONTEXT('2D SPACE',''
  ) );
#6681 = PCURVE('',#1914,#6682);
#6682 = DEFINITIONAL_REPRESENTATION('',(#6683),#6686);
#6683 = B_SPLINE_CURVE_WITH_KNOTS('',1,(#6684,#6685),.UNSPECIFIED.,.F.,
  .F.,(2,2),(-2.7,0.9),.PIECEWISE_BEZIER_KNOTS.);
#6684 = CARTESIAN_POINT('',(3.6,-6.05));
#6685 = CARTESIAN_POINT('',(0.,-6.05));
#6686 = ( GEOMETRIC_REPRESENTATION_CONTEXT(2) 
PARAMETRIC_REPRESENTATION_CONTEXT() REPRESENTATION_CONTEXT('2D SPACE',''
  ) );
#6687 = ORIENTED_EDGE('',*,*,#6688,.T.);
#6688 = EDGE_CURVE('',#6668,#6689,#6691,.T.);
#6689 = VERTEX_POINT('',#6690);
#6690 = CARTESIAN_POINT('',(-43.65111783422,31.378528974152,6.));
#6691 = SURFACE_CURVE('',#6692,(#6697,#6708),.PCURVE_S1.);
#6692 = CIRCLE('',#6693,3.85);
#6693 = AXIS2_PLACEMENT_3D('',#6694,#6695,#6696);
#6694 = CARTESIAN_POINT('',(-44.13332099679,27.558845726812,6.));
#6695 = DIRECTION('',(0.,0.,-1.));
#6696 = DIRECTION('',(-0.866025403784,0.5,0.));
#6697 = PCURVE('',#100,#6698);
#6698 = DEFINITIONAL_REPRESENTATION('',(#6699),#6707);
#6699 = ( BOUNDED_CURVE() B_SPLINE_CURVE(2,(#6700,#6701,#6702,#6703,
#6704,#6705,#6706),.UNSPECIFIED.,.T.,.F.) B_SPLINE_CURVE_WITH_KNOTS((1,2
    ,2,2,2,1),(-2.094395102393,0.,2.094395102393,4.188790204786,
6.28318530718,8.377580409573),.UNSPECIFIED.) CURVE() 
GEOMETRIC_REPRESENTATION_ITEM() RATIONAL_B_SPLINE_CURVE((1.,0.5,1.,0.5,
1.,0.5,1.)) REPRESENTATION_ITEM('') );
#6700 = CARTESIAN_POINT('',(-47.46751880136,29.483845726812));
#6701 = CARTESIAN_POINT('',(-44.13332099679,35.258845726812));
#6702 = CARTESIAN_POINT('',(-40.79912319222,29.483845726812));
#6703 = CARTESIAN_POINT('',(-37.46492538765,23.708845726812));
#6704 = CARTESIAN_POINT('',(-44.13332099679,23.708845726812));
#6705 = CARTESIAN_POINT('',(-50.80171660593,23.708845726812));
#6706 = CARTESIAN_POINT('',(-47.46751880136,29.483845726812));
#6707 = ( GEOMETRIC_REPRESENTATION_CONTEXT(2) 
PARAMETRIC_REPRESENTATION_CONTEXT() REPRESENTATION_CONTEXT('2D SPACE',''
  ) );
#6708 = PCURVE('',#1946,#6709);
#6709 = DEFINITIONAL_REPRESENTATION('',(#6710),#6714);
#6710 = LINE('',#6711,#6712);
#6711 = CARTESIAN_POINT('',(0.,-6.05));
#6712 = VECTOR('',#6713,1.);
#6713 = DIRECTION('',(1.,0.));
#6714 = ( GEOMETRIC_REPRESENTATION_CONTEXT(2) 
PARAMETRIC_REPRESENTATION_CONTEXT() REPRESENTATION_CONTEXT('2D SPACE',''
  ) );
#6715 = ORIENTED_EDGE('',*,*,#6716,.T.);
#6716 = EDGE_CURVE('',#6689,#6717,#6719,.T.);
#6717 = VERTEX_POINT('',#6718);
#6718 = CARTESIAN_POINT('',(-41.06647985147,29.886287539053,6.));
#6719 = SURFACE_CURVE('',#6720,(#6725,#6736),.PCURVE_S1.);
#6720 = CIRCLE('',#6721,2.2);
#6721 = AXIS2_PLACEMENT_3D('',#6722,#6723,#6724);
#6722 = CARTESIAN_POINT('',(-43.16707099679,29.232439819625,6.));
#6723 = DIRECTION('',(0.,0.,-1.));
#6724 = DIRECTION('',(-0.866025403784,0.5,0.));
#6725 = PCURVE('',#100,#6726);
#6726 = DEFINITIONAL_REPRESENTATION('',(#6727),#6735);
#6727 = ( BOUNDED_CURVE() B_SPLINE_CURVE(2,(#6728,#6729,#6730,#6731,
#6732,#6733,#6734),.UNSPECIFIED.,.T.,.F.) B_SPLINE_CURVE_WITH_KNOTS((1,2
    ,2,2,2,1),(-2.094395102393,0.,2.094395102393,4.188790204786,
6.28318530718,8.377580409573),.UNSPECIFIED.) CURVE() 
GEOMETRIC_REPRESENTATION_ITEM() RATIONAL_B_SPLINE_CURVE((1.,0.5,1.,0.5,
1.,0.5,1.)) REPRESENTATION_ITEM('') );
#6728 = CARTESIAN_POINT('',(-45.07232688511,30.332439819625));
#6729 = CARTESIAN_POINT('',(-43.16707099679,33.632439819625));
#6730 = CARTESIAN_POINT('',(-41.26181510846,30.332439819625));
#6731 = CARTESIAN_POINT('',(-39.35655922013,27.032439819625));
#6732 = CARTESIAN_POINT('',(-43.16707099679,27.032439819625));
#6733 = CARTESIAN_POINT('',(-46.97758277344,27.032439819625));
#6734 = CARTESIAN_POINT('',(-45.07232688511,30.332439819625));
#6735 = ( GEOMETRIC_REPRESENTATION_CONTEXT(2) 
PARAMETRIC_REPRESENTATION_CONTEXT() REPRESENTATION_CONTEXT('2D SPACE',''
  ) );
#6736 = PCURVE('',#1979,#6737);
#6737 = DEFINITIONAL_REPRESENTATION('',(#6738),#6742);
#6738 = LINE('',#6739,#6740);
#6739 = CARTESIAN_POINT('',(0.,-6.05));
#6740 = VECTOR('',#6741,1.);
#6741 = DIRECTION('',(1.,0.));
#6742 = ( GEOMETRIC_REPRESENTATION_CONTEXT(2) 
PARAMETRIC_REPRESENTATION_CONTEXT() REPRESENTATION_CONTEXT('2D SPACE',''
  ) );
#6743 = ORIENTED_EDGE('',*,*,#6744,.T.);
#6744 = EDGE_CURVE('',#6717,#6563,#6745,.T.);
#6745 = SURFACE_CURVE('',#6746,(#6751,#6762),.PCURVE_S1.);
#6746 = CIRCLE('',#6747,3.85);
#6747 = AXIS2_PLACEMENT_3D('',#6748,#6749,#6750);
#6748 = CARTESIAN_POINT('',(-44.13332099679,27.558845726812,6.));
#6749 = DIRECTION('',(0.,0.,-1.));
#6750 = DIRECTION('',(-0.866025403784,0.5,0.));
#6751 = PCURVE('',#100,#6752);
#6752 = DEFINITIONAL_REPRESENTATION('',(#6753),#6761);
#6753 = ( BOUNDED_CURVE() B_SPLINE_CURVE(2,(#6754,#6755,#6756,#6757,
#6758,#6759,#6760),.UNSPECIFIED.,.T.,.F.) B_SPLINE_CURVE_WITH_KNOTS((1,2
    ,2,2,2,1),(-2.094395102393,0.,2.094395102393,4.188790204786,
6.28318530718,8.377580409573),.UNSPECIFIED.) CURVE() 
GEOMETRIC_REPRESENTATION_ITEM() RATIONAL_B_SPLINE_CURVE((1.,0.5,1.,0.5,
1.,0.5,1.)) REPRESENTATION_ITEM('') );
#6754 = CARTESIAN_POINT('',(-47.46751880136,29.483845726812));
#6755 = CARTESIAN_POINT('',(-44.13332099679,35.258845726812));
#6756 = CARTESIAN_POINT('',(-40.79912319222,29.483845726812));
#6757 = CARTESIAN_POINT('',(-37.46492538765,23.708845726812));
#6758 = CARTESIAN_POINT('',(-44.13332099679,23.708845726812));
#6759 = CARTESIAN_POINT('',(-50.80171660593,23.708845726812));
#6760 = CARTESIAN_POINT('',(-47.46751880136,29.483845726812));
#6761 = ( GEOMETRIC_REPRESENTATION_CONTEXT(2) 
PARAMETRIC_REPRESENTATION_CONTEXT() REPRESENTATION_CONTEXT('2D SPACE',''
  ) );
#6762 = PCURVE('',#2010,#6763);
#6763 = DEFINITIONAL_REPRESENTATION('',(#6764),#6768);
#6764 = LINE('',#6765,#6766);
#6765 = CARTESIAN_POINT('',(0.,-6.05));
#6766 = VECTOR('',#6767,1.);
#6767 = DIRECTION('',(1.,0.));
#6768 = ( GEOMETRIC_REPRESENTATION_CONTEXT(2) 
PARAMETRIC_REPRESENTATION_CONTEXT() REPRESENTATION_CONTEXT('2D SPACE',''
  ) );
#6769 = FACE_BOUND('',#6770,.T.);
#6770 = EDGE_LOOP('',(#6771,#6794,#6822,#6850,#6878,#6899,#6927,#6955,
    #6983,#7004,#7032,#7060,#7088,#7109,#7132,#7160));
#6771 = ORIENTED_EDGE('',*,*,#6772,.F.);
#6772 = EDGE_CURVE('',#6773,#6775,#6777,.T.);
#6773 = VERTEX_POINT('',#6774);
#6774 = CARTESIAN_POINT('',(-25.63384572681,40.799123192221,6.));
#6775 = VERTEX_POINT('',#6776);
#6776 = CARTESIAN_POINT('',(-25.11423048454,41.099123192221,6.));
#6777 = SURFACE_CURVE('',#6778,(#6782,#6788),.PCURVE_S1.);
#6778 = LINE('',#6779,#6780);
#6779 = CARTESIAN_POINT('',(-23.29557713659,42.149123192221,6.));
#6780 = VECTOR('',#6781,1.);
#6781 = DIRECTION('',(0.866025403784,0.5,-0.));
#6782 = PCURVE('',#100,#6783);
#6783 = DEFINITIONAL_REPRESENTATION('',(#6784),#6787);
#6784 = B_SPLINE_CURVE_WITH_KNOTS('',1,(#6785,#6786),.UNSPECIFIED.,.F.,
  .F.,(2,2),(-2.7,0.9),.PIECEWISE_BEZIER_KNOTS.);
#6785 = CARTESIAN_POINT('',(-25.63384572681,40.799123192221));
#6786 = CARTESIAN_POINT('',(-22.51615427318,42.599123192221));
#6787 = ( GEOMETRIC_REPRESENTATION_CONTEXT(2) 
PARAMETRIC_REPRESENTATION_CONTEXT() REPRESENTATION_CONTEXT('2D SPACE',''
  ) );
#6788 = PCURVE('',#2041,#6789);
#6789 = DEFINITIONAL_REPRESENTATION('',(#6790),#6793);
#6790 = B_SPLINE_CURVE_WITH_KNOTS('',1,(#6791,#6792),.UNSPECIFIED.,.F.,
  .F.,(2,2),(-2.7,0.9),.PIECEWISE_BEZIER_KNOTS.);
#6791 = CARTESIAN_POINT('',(3.6,-6.05));
#6792 = CARTESIAN_POINT('',(0.,-6.05));
#6793 = ( GEOMETRIC_REPRESENTATION_CONTEXT(2) 
PARAMETRIC_REPRESENTATION_CONTEXT() REPRESENTATION_CONTEXT('2D SPACE',''
  ) );
#6794 = ORIENTED_EDGE('',*,*,#6795,.T.);
#6795 = EDGE_CURVE('',#6773,#6796,#6798,.T.);
#6796 = VERTEX_POINT('',#6797);
#6797 = CARTESIAN_POINT('',(-29.88628753905,41.06647985147,6.));
#6798 = SURFACE_CURVE('',#6799,(#6804,#6815),.PCURVE_S1.);
#6799 = CIRCLE('',#6800,3.85);
#6800 = AXIS2_PLACEMENT_3D('',#6801,#6802,#6803);
#6801 = CARTESIAN_POINT('',(-27.55884572681,44.133320996791,6.));
#6802 = DIRECTION('',(0.,-0.,-1.));
#6803 = DIRECTION('',(0.5,-0.866025403784,0.));
#6804 = PCURVE('',#100,#6805);
#6805 = DEFINITIONAL_REPRESENTATION('',(#6806),#6814);
#6806 = ( BOUNDED_CURVE() B_SPLINE_CURVE(2,(#6807,#6808,#6809,#6810,
#6811,#6812,#6813),.UNSPECIFIED.,.T.,.F.) B_SPLINE_CURVE_WITH_KNOTS((1,2
    ,2,2,2,1),(-2.094395102393,0.,2.094395102393,4.188790204786,
6.28318530718,8.377580409573),.UNSPECIFIED.) CURVE() 
GEOMETRIC_REPRESENTATION_ITEM() RATIONAL_B_SPLINE_CURVE((1.,0.5,1.,0.5,
1.,0.5,1.)) REPRESENTATION_ITEM('') );
#6807 = CARTESIAN_POINT('',(-25.63384572681,40.799123192221));
#6808 = CARTESIAN_POINT('',(-31.40884572681,37.464925387651));
#6809 = CARTESIAN_POINT('',(-31.40884572681,44.133320996791));
#6810 = CARTESIAN_POINT('',(-31.40884572681,50.801716605931));
#6811 = CARTESIAN_POINT('',(-25.63384572681,47.467518801361));
#6812 = CARTESIAN_POINT('',(-19.85884572681,44.133320996791));
#6813 = CARTESIAN_POINT('',(-25.63384572681,40.799123192221));
#6814 = ( GEOMETRIC_REPRESENTATION_CONTEXT(2) 
PARAMETRIC_REPRESENTATION_CONTEXT() REPRESENTATION_CONTEXT('2D SPACE',''
  ) );
#6815 = PCURVE('',#2073,#6816);
#6816 = DEFINITIONAL_REPRESENTATION('',(#6817),#6821);
#6817 = LINE('',#6818,#6819);
#6818 = CARTESIAN_POINT('',(0.,-6.05));
#6819 = VECTOR('',#6820,1.);
#6820 = DIRECTION('',(1.,0.));
#6821 = ( GEOMETRIC_REPRESENTATION_CONTEXT(2) 
PARAMETRIC_REPRESENTATION_CONTEXT() REPRESENTATION_CONTEXT('2D SPACE',''
  ) );
#6822 = ORIENTED_EDGE('',*,*,#6823,.T.);
#6823 = EDGE_CURVE('',#6796,#6824,#6826,.T.);
#6824 = VERTEX_POINT('',#6825);
#6825 = CARTESIAN_POINT('',(-31.37852897415,43.65111783422,6.));
#6826 = SURFACE_CURVE('',#6827,(#6832,#6843),.PCURVE_S1.);
#6827 = CIRCLE('',#6828,2.2);
#6828 = AXIS2_PLACEMENT_3D('',#6829,#6830,#6831);
#6829 = CARTESIAN_POINT('',(-29.23243981962,43.167070996791,6.));
#6830 = DIRECTION('',(0.,-0.,-1.));
#6831 = DIRECTION('',(0.5,-0.866025403784,0.));
#6832 = PCURVE('',#100,#6833);
#6833 = DEFINITIONAL_REPRESENTATION('',(#6834),#6842);
#6834 = ( BOUNDED_CURVE() B_SPLINE_CURVE(2,(#6835,#6836,#6837,#6838,
#6839,#6840,#6841),.UNSPECIFIED.,.T.,.F.) B_SPLINE_CURVE_WITH_KNOTS((1,2
    ,2,2,2,1),(-2.094395102393,0.,2.094395102393,4.188790204786,
6.28318530718,8.377580409573),.UNSPECIFIED.) CURVE() 
GEOMETRIC_REPRESENTATION_ITEM() RATIONAL_B_SPLINE_CURVE((1.,0.5,1.,0.5,
1.,0.5,1.)) REPRESENTATION_ITEM('') );
#6835 = CARTESIAN_POINT('',(-28.13243981962,41.261815108465));
#6836 = CARTESIAN_POINT('',(-31.43243981962,39.356559220139));
#6837 = CARTESIAN_POINT('',(-31.43243981962,43.167070996791));
#6838 = CARTESIAN_POINT('',(-31.43243981962,46.977582773442));
#6839 = CARTESIAN_POINT('',(-28.13243981962,45.072326885117));
#6840 = CARTESIAN_POINT('',(-24.83243981962,43.167070996791));
#6841 = CARTESIAN_POINT('',(-28.13243981962,41.261815108465));
#6842 = ( GEOMETRIC_REPRESENTATION_CONTEXT(2) 
PARAMETRIC_REPRESENTATION_CONTEXT() REPRESENTATION_CONTEXT('2D SPACE',''
  ) );
#6843 = PCURVE('',#2106,#6844);
#6844 = DEFINITIONAL_REPRESENTATION('',(#6845),#6849);
#6845 = LINE('',#6846,#6847);
#6846 = CARTESIAN_POINT('',(0.,-6.05));
#6847 = VECTOR('',#6848,1.);
#6848 = DIRECTION('',(1.,0.));
#6849 = ( GEOMETRIC_REPRESENTATION_CONTEXT(2) 
PARAMETRIC_REPRESENTATION_CONTEXT() REPRESENTATION_CONTEXT('2D SPACE',''
  ) );
#6850 = ORIENTED_EDGE('',*,*,#6851,.T.);
#6851 = EDGE_CURVE('',#6824,#6852,#6854,.T.);
#6852 = VERTEX_POINT('',#6853);
#6853 = CARTESIAN_POINT('',(-29.48384572681,47.467518801361,6.));
#6854 = SURFACE_CURVE('',#6855,(#6860,#6871),.PCURVE_S1.);
#6855 = CIRCLE('',#6856,3.85);
#6856 = AXIS2_PLACEMENT_3D('',#6857,#6858,#6859);
#6857 = CARTESIAN_POINT('',(-27.55884572681,44.133320996791,6.));
#6858 = DIRECTION('',(0.,-0.,-1.));
#6859 = DIRECTION('',(0.5,-0.866025403784,0.));
#6860 = PCURVE('',#100,#6861);
#6861 = DEFINITIONAL_REPRESENTATION('',(#6862),#6870);
#6862 = ( BOUNDED_CURVE() B_SPLINE_CURVE(2,(#6863,#6864,#6865,#6866,
#6867,#6868,#6869),.UNSPECIFIED.,.T.,.F.) B_SPLINE_CURVE_WITH_KNOTS((1,2
    ,2,2,2,1),(-2.094395102393,0.,2.094395102393,4.188790204786,
6.28318530718,8.377580409573),.UNSPECIFIED.) CURVE() 
GEOMETRIC_REPRESENTATION_ITEM() RATIONAL_B_SPLINE_CURVE((1.,0.5,1.,0.5,
1.,0.5,1.)) REPRESENTATION_ITEM('') );
#6863 = CARTESIAN_POINT('',(-25.63384572681,40.799123192221));
#6864 = CARTESIAN_POINT('',(-31.40884572681,37.464925387651));
#6865 = CARTESIAN_POINT('',(-31.40884572681,44.133320996791));
#6866 = CARTESIAN_POINT('',(-31.40884572681,50.801716605931));
#6867 = CARTESIAN_POINT('',(-25.63384572681,47.467518801361));
#6868 = CARTESIAN_POINT('',(-19.85884572681,44.133320996791));
#6869 = CARTESIAN_POINT('',(-25.63384572681,40.799123192221));
#6870 = ( GEOMETRIC_REPRESENTATION_CONTEXT(2) 
PARAMETRIC_REPRESENTATION_CONTEXT() REPRESENTATION_CONTEXT('2D SPACE',''
  ) );
#6871 = PCURVE('',#2139,#6872);
#6872 = DEFINITIONAL_REPRESENTATION('',(#6873),#6877);
#6873 = LINE('',#6874,#6875);
#6874 = CARTESIAN_POINT('',(0.,-6.05));
#6875 = VECTOR('',#6876,1.);
#6876 = DIRECTION('',(1.,0.));
#6877 = ( GEOMETRIC_REPRESENTATION_CONTEXT(2) 
PARAMETRIC_REPRESENTATION_CONTEXT() REPRESENTATION_CONTEXT('2D SPACE',''
  ) );
#6878 = ORIENTED_EDGE('',*,*,#6879,.F.);
#6879 = EDGE_CURVE('',#6880,#6852,#6882,.T.);
#6880 = VERTEX_POINT('',#6881);
#6881 = CARTESIAN_POINT('',(-28.96423048454,47.767518801361,6.));
#6882 = SURFACE_CURVE('',#6883,(#6887,#6893),.PCURVE_S1.);
#6883 = LINE('',#6884,#6885);
#6884 = CARTESIAN_POINT('',(-28.7044228634,47.917518801361,6.));
#6885 = VECTOR('',#6886,1.);
#6886 = DIRECTION('',(-0.866025403784,-0.5,0.));
#6887 = PCURVE('',#100,#6888);
#6888 = DEFINITIONAL_REPRESENTATION('',(#6889),#6892);
#6889 = B_SPLINE_CURVE_WITH_KNOTS('',1,(#6890,#6891),.UNSPECIFIED.,.F.,
  .F.,(2,2),(-2.7,0.9),.PIECEWISE_BEZIER_KNOTS.);
#6890 = CARTESIAN_POINT('',(-26.36615427318,49.267518801361));
#6891 = CARTESIAN_POINT('',(-29.48384572681,47.467518801361));
#6892 = ( GEOMETRIC_REPRESENTATION_CONTEXT(2) 
PARAMETRIC_REPRESENTATION_CONTEXT() REPRESENTATION_CONTEXT('2D SPACE',''
  ) );
#6893 = PCURVE('',#2166,#6894);
#6894 = DEFINITIONAL_REPRESENTATION('',(#6895),#6898);
#6895 = B_SPLINE_CURVE_WITH_KNOTS('',1,(#6896,#6897),.UNSPECIFIED.,.F.,
  .F.,(2,2),(-2.7,0.9),.PIECEWISE_BEZIER_KNOTS.);
#6896 = CARTESIAN_POINT('',(3.6,-6.05));
#6897 = CARTESIAN_POINT('',(0.,-6.05));
#6898 = ( GEOMETRIC_REPRESENTATION_CONTEXT(2) 
PARAMETRIC_REPRESENTATION_CONTEXT() REPRESENTATION_CONTEXT('2D SPACE',''
  ) );
#6899 = ORIENTED_EDGE('',*,*,#6900,.F.);
#6900 = EDGE_CURVE('',#6901,#6880,#6903,.T.);
#6901 = VERTEX_POINT('',#6902);
#6902 = CARTESIAN_POINT('',(-35.03923048454,58.289727457342,6.));
#6903 = SURFACE_CURVE('',#6904,(#6908,#6915),.PCURVE_S1.);
#6904 = LINE('',#6905,#6906);
#6905 = CARTESIAN_POINT('',(-35.03923048454,58.289727457342,6.));
#6906 = VECTOR('',#6907,1.);
#6907 = DIRECTION('',(0.5,-0.866025403784,0.));
#6908 = PCURVE('',#100,#6909);
#6909 = DEFINITIONAL_REPRESENTATION('',(#6910),#6914);
#6910 = LINE('',#6911,#6912);
#6911 = CARTESIAN_POINT('',(-35.03923048454,58.289727457342));
#6912 = VECTOR('',#6913,1.);
#6913 = DIRECTION('',(0.5,-0.866025403784));
#6914 = ( GEOMETRIC_REPRESENTATION_CONTEXT(2) 
PARAMETRIC_REPRESENTATION_CONTEXT() REPRESENTATION_CONTEXT('2D SPACE',''
  ) );
#6915 = PCURVE('',#6916,#6921);
#6916 = PLANE('',#6917);
#6917 = AXIS2_PLACEMENT_3D('',#6918,#6919,#6920);
#6918 = CARTESIAN_POINT('',(-35.03923048454,58.289727457342,6.));
#6919 = DIRECTION('',(0.866025403784,0.5,-0.));
#6920 = DIRECTION('',(0.5,-0.866025403784,0.));
#6921 = DEFINITIONAL_REPRESENTATION('',(#6922),#6926);
#6922 = LINE('',#6923,#6924);
#6923 = CARTESIAN_POINT('',(0.,0.));
#6924 = VECTOR('',#6925,1.);
#6925 = DIRECTION('',(1.,0.));
#6926 = ( GEOMETRIC_REPRESENTATION_CONTEXT(2) 
PARAMETRIC_REPRESENTATION_CONTEXT() REPRESENTATION_CONTEXT('2D SPACE',''
  ) );
#6927 = ORIENTED_EDGE('',*,*,#6928,.F.);
#6928 = EDGE_CURVE('',#6929,#6901,#6931,.T.);
#6929 = VERTEX_POINT('',#6930);
#6930 = CARTESIAN_POINT('',(-32.96076951545,59.489727457342,6.));
#6931 = SURFACE_CURVE('',#6932,(#6936,#6943),.PCURVE_S1.);
#6932 = LINE('',#6933,#6934);
#6933 = CARTESIAN_POINT('',(-32.96076951545,59.489727457342,6.));
#6934 = VECTOR('',#6935,1.);
#6935 = DIRECTION('',(-0.866025403784,-0.5,0.));
#6936 = PCURVE('',#100,#6937);
#6937 = DEFINITIONAL_REPRESENTATION('',(#6938),#6942);
#6938 = LINE('',#6939,#6940);
#6939 = CARTESIAN_POINT('',(-32.96076951545,59.489727457342));
#6940 = VECTOR('',#6941,1.);
#6941 = DIRECTION('',(-0.866025403784,-0.5));
#6942 = ( GEOMETRIC_REPRESENTATION_CONTEXT(2) 
PARAMETRIC_REPRESENTATION_CONTEXT() REPRESENTATION_CONTEXT('2D SPACE',''
  ) );
#6943 = PCURVE('',#6944,#6949);
#6944 = PLANE('',#6945);
#6945 = AXIS2_PLACEMENT_3D('',#6946,#6947,#6948);
#6946 = CARTESIAN_POINT('',(-32.96076951545,59.489727457342,6.));
#6947 = DIRECTION('',(0.5,-0.866025403784,0.));
#6948 = DIRECTION('',(-0.866025403784,-0.5,0.));
#6949 = DEFINITIONAL_REPRESENTATION('',(#6950),#6954);
#6950 = LINE('',#6951,#6952);
#6951 = CARTESIAN_POINT('',(0.,0.));
#6952 = VECTOR('',#6953,1.);
#6953 = DIRECTION('',(1.,0.));
#6954 = ( GEOMETRIC_REPRESENTATION_CONTEXT(2) 
PARAMETRIC_REPRESENTATION_CONTEXT() REPRESENTATION_CONTEXT('2D SPACE',''
  ) );
#6955 = ORIENTED_EDGE('',*,*,#6956,.F.);
#6956 = EDGE_CURVE('',#6957,#6929,#6959,.T.);
#6957 = VERTEX_POINT('',#6958);
#6958 = CARTESIAN_POINT('',(-26.88576951545,48.967518801361,6.));
#6959 = SURFACE_CURVE('',#6960,(#6964,#6971),.PCURVE_S1.);
#6960 = LINE('',#6961,#6962);
#6961 = CARTESIAN_POINT('',(-6.960769515459,14.456406460551,6.));
#6962 = VECTOR('',#6963,1.);
#6963 = DIRECTION('',(-0.5,0.866025403784,0.));
#6964 = PCURVE('',#100,#6965);
#6965 = DEFINITIONAL_REPRESENTATION('',(#6966),#6970);
#6966 = LINE('',#6967,#6968);
#6967 = CARTESIAN_POINT('',(-6.960769515459,14.456406460551));
#6968 = VECTOR('',#6969,1.);
#6969 = DIRECTION('',(-0.5,0.866025403784));
#6970 = ( GEOMETRIC_REPRESENTATION_CONTEXT(2) 
PARAMETRIC_REPRESENTATION_CONTEXT() REPRESENTATION_CONTEXT('2D SPACE',''
  ) );
#6971 = PCURVE('',#6972,#6977);
#6972 = PLANE('',#6973);
#6973 = AXIS2_PLACEMENT_3D('',#6974,#6975,#6976);
#6974 = CARTESIAN_POINT('',(-6.960769515459,14.456406460551,6.));
#6975 = DIRECTION('',(-0.866025403784,-0.5,0.));
#6976 = DIRECTION('',(-0.5,0.866025403784,0.));
#6977 = DEFINITIONAL_REPRESENTATION('',(#6978),#6982);
#6978 = LINE('',#6979,#6980);
#6979 = CARTESIAN_POINT('',(0.,0.));
#6980 = VECTOR('',#6981,1.);
#6981 = DIRECTION('',(1.,0.));
#6982 = ( GEOMETRIC_REPRESENTATION_CONTEXT(2) 
PARAMETRIC_REPRESENTATION_CONTEXT() REPRESENTATION_CONTEXT('2D SPACE',''
  ) );
#6983 = ORIENTED_EDGE('',*,*,#6984,.F.);
#6984 = EDGE_CURVE('',#6985,#6957,#6987,.T.);
#6985 = VERTEX_POINT('',#6986);
#6986 = CARTESIAN_POINT('',(-26.36615427318,49.267518801361,6.));
#6987 = SURFACE_CURVE('',#6988,(#6992,#6998),.PCURVE_S1.);
#6988 = LINE('',#6989,#6990);
#6989 = CARTESIAN_POINT('',(-28.7044228634,47.917518801361,6.));
#6990 = VECTOR('',#6991,1.);
#6991 = DIRECTION('',(-0.866025403784,-0.5,0.));
#6992 = PCURVE('',#100,#6993);
#6993 = DEFINITIONAL_REPRESENTATION('',(#6994),#6997);
#6994 = B_SPLINE_CURVE_WITH_KNOTS('',1,(#6995,#6996),.UNSPECIFIED.,.F.,
  .F.,(2,2),(-2.7,0.9),.PIECEWISE_BEZIER_KNOTS.);
#6995 = CARTESIAN_POINT('',(-26.36615427318,49.267518801361));
#6996 = CARTESIAN_POINT('',(-29.48384572681,47.467518801361));
#6997 = ( GEOMETRIC_REPRESENTATION_CONTEXT(2) 
PARAMETRIC_REPRESENTATION_CONTEXT() REPRESENTATION_CONTEXT('2D SPACE',''
  ) );
#6998 = PCURVE('',#2166,#6999);
#6999 = DEFINITIONAL_REPRESENTATION('',(#7000),#7003);
#7000 = B_SPLINE_CURVE_WITH_KNOTS('',1,(#7001,#7002),.UNSPECIFIED.,.F.,
  .F.,(2,2),(-2.7,0.9),.PIECEWISE_BEZIER_KNOTS.);
#7001 = CARTESIAN_POINT('',(3.6,-6.05));
#7002 = CARTESIAN_POINT('',(0.,-6.05));
#7003 = ( GEOMETRIC_REPRESENTATION_CONTEXT(2) 
PARAMETRIC_REPRESENTATION_CONTEXT() REPRESENTATION_CONTEXT('2D SPACE',''
  ) );
#7004 = ORIENTED_EDGE('',*,*,#7005,.T.);
#7005 = EDGE_CURVE('',#6985,#7006,#7008,.T.);
#7006 = VERTEX_POINT('',#7007);
#7007 = CARTESIAN_POINT('',(-22.11371246094,49.000162142111,6.));
#7008 = SURFACE_CURVE('',#7009,(#7014,#7025),.PCURVE_S1.);
#7009 = CIRCLE('',#7010,3.85);
#7010 = AXIS2_PLACEMENT_3D('',#7011,#7012,#7013);
#7011 = CARTESIAN_POINT('',(-24.44115427318,45.933320996791,6.));
#7012 = DIRECTION('',(0.,0.,-1.));
#7013 = DIRECTION('',(-0.5,0.866025403784,0.));
#7014 = PCURVE('',#100,#7015);
#7015 = DEFINITIONAL_REPRESENTATION('',(#7016),#7024);
#7016 = ( BOUNDED_CURVE() B_SPLINE_CURVE(2,(#7017,#7018,#7019,#7020,
#7021,#7022,#7023),.UNSPECIFIED.,.T.,.F.) B_SPLINE_CURVE_WITH_KNOTS((1,2
    ,2,2,2,1),(-2.094395102393,0.,2.094395102393,4.188790204786,
6.28318530718,8.377580409573),.UNSPECIFIED.) CURVE() 
GEOMETRIC_REPRESENTATION_ITEM() RATIONAL_B_SPLINE_CURVE((1.,0.5,1.,0.5,
1.,0.5,1.)) REPRESENTATION_ITEM('') );
#7017 = CARTESIAN_POINT('',(-26.36615427318,49.267518801361));
#7018 = CARTESIAN_POINT('',(-20.59115427318,52.601716605931));
#7019 = CARTESIAN_POINT('',(-20.59115427318,45.933320996791));
#7020 = CARTESIAN_POINT('',(-20.59115427318,39.264925387651));
#7021 = CARTESIAN_POINT('',(-26.36615427318,42.599123192221));
#7022 = CARTESIAN_POINT('',(-32.14115427318,45.933320996791));
#7023 = CARTESIAN_POINT('',(-26.36615427318,49.267518801361));
#7024 = ( GEOMETRIC_REPRESENTATION_CONTEXT(2) 
PARAMETRIC_REPRESENTATION_CONTEXT() REPRESENTATION_CONTEXT('2D SPACE',''
  ) );
#7025 = PCURVE('',#2198,#7026);
#7026 = DEFINITIONAL_REPRESENTATION('',(#7027),#7031);
#7027 = LINE('',#7028,#7029);
#7028 = CARTESIAN_POINT('',(0.,-6.05));
#7029 = VECTOR('',#7030,1.);
#7030 = DIRECTION('',(1.,0.));
#7031 = ( GEOMETRIC_REPRESENTATION_CONTEXT(2) 
PARAMETRIC_REPRESENTATION_CONTEXT() REPRESENTATION_CONTEXT('2D SPACE',''
  ) );
#7032 = ORIENTED_EDGE('',*,*,#7033,.T.);
#7033 = EDGE_CURVE('',#7006,#7034,#7036,.T.);
#7034 = VERTEX_POINT('',#7035);
#7035 = CARTESIAN_POINT('',(-20.62147102584,46.415524159362,6.));
#7036 = SURFACE_CURVE('',#7037,(#7042,#7053),.PCURVE_S1.);
#7037 = CIRCLE('',#7038,2.2);
#7038 = AXIS2_PLACEMENT_3D('',#7039,#7040,#7041);
#7039 = CARTESIAN_POINT('',(-22.76756018037,46.899570996791,6.));
#7040 = DIRECTION('',(0.,0.,-1.));
#7041 = DIRECTION('',(-0.5,0.866025403784,0.));
#7042 = PCURVE('',#100,#7043);
#7043 = DEFINITIONAL_REPRESENTATION('',(#7044),#7052);
#7044 = ( BOUNDED_CURVE() B_SPLINE_CURVE(2,(#7045,#7046,#7047,#7048,
#7049,#7050,#7051),.UNSPECIFIED.,.T.,.F.) B_SPLINE_CURVE_WITH_KNOTS((1,2
    ,2,2,2,1),(-2.094395102393,0.,2.094395102393,4.188790204786,
6.28318530718,8.377580409573),.UNSPECIFIED.) CURVE() 
GEOMETRIC_REPRESENTATION_ITEM() RATIONAL_B_SPLINE_CURVE((1.,0.5,1.,0.5,
1.,0.5,1.)) REPRESENTATION_ITEM('') );
#7045 = CARTESIAN_POINT('',(-23.86756018037,48.804826885117));
#7046 = CARTESIAN_POINT('',(-20.56756018037,50.710082773442));
#7047 = CARTESIAN_POINT('',(-20.56756018037,46.899570996791));
#7048 = CARTESIAN_POINT('',(-20.56756018037,43.089059220139));
#7049 = CARTESIAN_POINT('',(-23.86756018037,44.994315108465));
#7050 = CARTESIAN_POINT('',(-27.16756018037,46.899570996791));
#7051 = CARTESIAN_POINT('',(-23.86756018037,48.804826885117));
#7052 = ( GEOMETRIC_REPRESENTATION_CONTEXT(2) 
PARAMETRIC_REPRESENTATION_CONTEXT() REPRESENTATION_CONTEXT('2D SPACE',''
  ) );
#7053 = PCURVE('',#2231,#7054);
#7054 = DEFINITIONAL_REPRESENTATION('',(#7055),#7059);
#7055 = LINE('',#7056,#7057);
#7056 = CARTESIAN_POINT('',(0.,-6.05));
#7057 = VECTOR('',#7058,1.);
#7058 = DIRECTION('',(1.,0.));
#7059 = ( GEOMETRIC_REPRESENTATION_CONTEXT(2) 
PARAMETRIC_REPRESENTATION_CONTEXT() REPRESENTATION_CONTEXT('2D SPACE',''
  ) );
#7060 = ORIENTED_EDGE('',*,*,#7061,.T.);
#7061 = EDGE_CURVE('',#7034,#7062,#7064,.T.);
#7062 = VERTEX_POINT('',#7063);
#7063 = CARTESIAN_POINT('',(-22.51615427318,42.599123192221,6.));
#7064 = SURFACE_CURVE('',#7065,(#7070,#7081),.PCURVE_S1.);
#7065 = CIRCLE('',#7066,3.85);
#7066 = AXIS2_PLACEMENT_3D('',#7067,#7068,#7069);
#7067 = CARTESIAN_POINT('',(-24.44115427318,45.933320996791,6.));
#7068 = DIRECTION('',(0.,0.,-1.));
#7069 = DIRECTION('',(-0.5,0.866025403784,0.));
#7070 = PCURVE('',#100,#7071);
#7071 = DEFINITIONAL_REPRESENTATION('',(#7072),#7080);
#7072 = ( BOUNDED_CURVE() B_SPLINE_CURVE(2,(#7073,#7074,#7075,#7076,
#7077,#7078,#7079),.UNSPECIFIED.,.T.,.F.) B_SPLINE_CURVE_WITH_KNOTS((1,2
    ,2,2,2,1),(-2.094395102393,0.,2.094395102393,4.188790204786,
6.28318530718,8.377580409573),.UNSPECIFIED.) CURVE() 
GEOMETRIC_REPRESENTATION_ITEM() RATIONAL_B_SPLINE_CURVE((1.,0.5,1.,0.5,
1.,0.5,1.)) REPRESENTATION_ITEM('') );
#7073 = CARTESIAN_POINT('',(-26.36615427318,49.267518801361));
#7074 = CARTESIAN_POINT('',(-20.59115427318,52.601716605931));
#7075 = CARTESIAN_POINT('',(-20.59115427318,45.933320996791));
#7076 = CARTESIAN_POINT('',(-20.59115427318,39.264925387651));
#7077 = CARTESIAN_POINT('',(-26.36615427318,42.599123192221));
#7078 = CARTESIAN_POINT('',(-32.14115427318,45.933320996791));
#7079 = CARTESIAN_POINT('',(-26.36615427318,49.267518801361));
#7080 = ( GEOMETRIC_REPRESENTATION_CONTEXT(2) 
PARAMETRIC_REPRESENTATION_CONTEXT() REPRESENTATION_CONTEXT('2D SPACE',''
  ) );
#7081 = PCURVE('',#2262,#7082);
#7082 = DEFINITIONAL_REPRESENTATION('',(#7083),#7087);
#7083 = LINE('',#7084,#7085);
#7084 = CARTESIAN_POINT('',(0.,-6.05));
#7085 = VECTOR('',#7086,1.);
#7086 = DIRECTION('',(1.,0.));
#7087 = ( GEOMETRIC_REPRESENTATION_CONTEXT(2) 
PARAMETRIC_REPRESENTATION_CONTEXT() REPRESENTATION_CONTEXT('2D SPACE',''
  ) );
#7088 = ORIENTED_EDGE('',*,*,#7089,.F.);
#7089 = EDGE_CURVE('',#7090,#7062,#7092,.T.);
#7090 = VERTEX_POINT('',#7091);
#7091 = CARTESIAN_POINT('',(-23.03576951545,42.299123192221,6.));
#7092 = SURFACE_CURVE('',#7093,(#7097,#7103),.PCURVE_S1.);
#7093 = LINE('',#7094,#7095);
#7094 = CARTESIAN_POINT('',(-23.29557713659,42.149123192221,6.));
#7095 = VECTOR('',#7096,1.);
#7096 = DIRECTION('',(0.866025403784,0.5,-0.));
#7097 = PCURVE('',#100,#7098);
#7098 = DEFINITIONAL_REPRESENTATION('',(#7099),#7102);
#7099 = B_SPLINE_CURVE_WITH_KNOTS('',1,(#7100,#7101),.UNSPECIFIED.,.F.,
  .F.,(2,2),(-2.7,0.9),.PIECEWISE_BEZIER_KNOTS.);
#7100 = CARTESIAN_POINT('',(-25.63384572681,40.799123192221));
#7101 = CARTESIAN_POINT('',(-22.51615427318,42.599123192221));
#7102 = ( GEOMETRIC_REPRESENTATION_CONTEXT(2) 
PARAMETRIC_REPRESENTATION_CONTEXT() REPRESENTATION_CONTEXT('2D SPACE',''
  ) );
#7103 = PCURVE('',#2041,#7104);
#7104 = DEFINITIONAL_REPRESENTATION('',(#7105),#7108);
#7105 = B_SPLINE_CURVE_WITH_KNOTS('',1,(#7106,#7107),.UNSPECIFIED.,.F.,
  .F.,(2,2),(-2.7,0.9),.PIECEWISE_BEZIER_KNOTS.);
#7106 = CARTESIAN_POINT('',(3.6,-6.05));
#7107 = CARTESIAN_POINT('',(0.,-6.05));
#7108 = ( GEOMETRIC_REPRESENTATION_CONTEXT(2) 
PARAMETRIC_REPRESENTATION_CONTEXT() REPRESENTATION_CONTEXT('2D SPACE',''
  ) );
#7109 = ORIENTED_EDGE('',*,*,#7110,.F.);
#7110 = EDGE_CURVE('',#7111,#7090,#7113,.T.);
#7111 = VERTEX_POINT('',#7112);
#7112 = CARTESIAN_POINT('',(-6.960769515459,14.456406460551,6.));
#7113 = SURFACE_CURVE('',#7114,(#7118,#7125),.PCURVE_S1.);
#7114 = LINE('',#7115,#7116);
#7115 = CARTESIAN_POINT('',(-6.960769515459,14.456406460551,6.));
#7116 = VECTOR('',#7117,1.);
#7117 = DIRECTION('',(-0.5,0.866025403784,0.));
#7118 = PCURVE('',#100,#7119);
#7119 = DEFINITIONAL_REPRESENTATION('',(#7120),#7124);
#7120 = LINE('',#7121,#7122);
#7121 = CARTESIAN_POINT('',(-6.960769515459,14.456406460551));
#7122 = VECTOR('',#7123,1.);
#7123 = DIRECTION('',(-0.5,0.866025403784));
#7124 = ( GEOMETRIC_REPRESENTATION_CONTEXT(2) 
PARAMETRIC_REPRESENTATION_CONTEXT() REPRESENTATION_CONTEXT('2D SPACE',''
  ) );
#7125 = PCURVE('',#6972,#7126);
#7126 = DEFINITIONAL_REPRESENTATION('',(#7127),#7131);
#7127 = LINE('',#7128,#7129);
#7128 = CARTESIAN_POINT('',(0.,0.));
#7129 = VECTOR('',#7130,1.);
#7130 = DIRECTION('',(1.,0.));
#7131 = ( GEOMETRIC_REPRESENTATION_CONTEXT(2) 
PARAMETRIC_REPRESENTATION_CONTEXT() REPRESENTATION_CONTEXT('2D SPACE',''
  ) );
#7132 = ORIENTED_EDGE('',*,*,#7133,.F.);
#7133 = EDGE_CURVE('',#7134,#7111,#7136,.T.);
#7134 = VERTEX_POINT('',#7135);
#7135 = CARTESIAN_POINT('',(-9.039230484541,13.256406460551,6.));
#7136 = SURFACE_CURVE('',#7137,(#7141,#7148),.PCURVE_S1.);
#7137 = LINE('',#7138,#7139);
#7138 = CARTESIAN_POINT('',(-9.039230484541,13.256406460551,6.));
#7139 = VECTOR('',#7140,1.);
#7140 = DIRECTION('',(0.866025403784,0.5,0.));
#7141 = PCURVE('',#100,#7142);
#7142 = DEFINITIONAL_REPRESENTATION('',(#7143),#7147);
#7143 = LINE('',#7144,#7145);
#7144 = CARTESIAN_POINT('',(-9.039230484541,13.256406460551));
#7145 = VECTOR('',#7146,1.);
#7146 = DIRECTION('',(0.866025403784,0.5));
#7147 = ( GEOMETRIC_REPRESENTATION_CONTEXT(2) 
PARAMETRIC_REPRESENTATION_CONTEXT() REPRESENTATION_CONTEXT('2D SPACE',''
  ) );
#7148 = PCURVE('',#7149,#7154);
#7149 = PLANE('',#7150);
#7150 = AXIS2_PLACEMENT_3D('',#7151,#7152,#7153);
#7151 = CARTESIAN_POINT('',(-9.039230484541,13.256406460551,6.));
#7152 = DIRECTION('',(-0.5,0.866025403784,0.));
#7153 = DIRECTION('',(0.866025403784,0.5,0.));
#7154 = DEFINITIONAL_REPRESENTATION('',(#7155),#7159);
#7155 = LINE('',#7156,#7157);
#7156 = CARTESIAN_POINT('',(0.,0.));
#7157 = VECTOR('',#7158,1.);
#7158 = DIRECTION('',(1.,0.));
#7159 = ( GEOMETRIC_REPRESENTATION_CONTEXT(2) 
PARAMETRIC_REPRESENTATION_CONTEXT() REPRESENTATION_CONTEXT('2D SPACE',''
  ) );
#7160 = ORIENTED_EDGE('',*,*,#7161,.F.);
#7161 = EDGE_CURVE('',#6775,#7134,#7162,.T.);
#7162 = SURFACE_CURVE('',#7163,(#7167,#7174),.PCURVE_S1.);
#7163 = LINE('',#7164,#7165);
#7164 = CARTESIAN_POINT('',(-35.03923048454,58.289727457342,6.));
#7165 = VECTOR('',#7166,1.);
#7166 = DIRECTION('',(0.5,-0.866025403784,0.));
#7167 = PCURVE('',#100,#7168);
#7168 = DEFINITIONAL_REPRESENTATION('',(#7169),#7173);
#7169 = LINE('',#7170,#7171);
#7170 = CARTESIAN_POINT('',(-35.03923048454,58.289727457342));
#7171 = VECTOR('',#7172,1.);
#7172 = DIRECTION('',(0.5,-0.866025403784));
#7173 = ( GEOMETRIC_REPRESENTATION_CONTEXT(2) 
PARAMETRIC_REPRESENTATION_CONTEXT() REPRESENTATION_CONTEXT('2D SPACE',''
  ) );
#7174 = PCURVE('',#6916,#7175);
#7175 = DEFINITIONAL_REPRESENTATION('',(#7176),#7180);
#7176 = LINE('',#7177,#7178);
#7177 = CARTESIAN_POINT('',(0.,0.));
#7178 = VECTOR('',#7179,1.);
#7179 = DIRECTION('',(1.,0.));
#7180 = ( GEOMETRIC_REPRESENTATION_CONTEXT(2) 
PARAMETRIC_REPRESENTATION_CONTEXT() REPRESENTATION_CONTEXT('2D SPACE',''
  ) );
#7181 = FACE_BOUND('',#7182,.T.);
#7182 = EDGE_LOOP('',(#7183));
#7183 = ORIENTED_EDGE('',*,*,#7184,.T.);
#7184 = EDGE_CURVE('',#7185,#7185,#7187,.T.);
#7185 = VERTEX_POINT('',#7186);
#7186 = CARTESIAN_POINT('',(30.773329746406,9.317485623691,6.));
#7187 = SURFACE_CURVE('',#7188,(#7193,#7204),.PCURVE_S1.);
#7188 = CIRCLE('',#7189,4.);
#7189 = AXIS2_PLACEMENT_3D('',#7190,#7191,#7192);
#7190 = CARTESIAN_POINT('',(34.773329746406,9.317485623691,6.));
#7191 = DIRECTION('',(0.,0.,-1.));
#7192 = DIRECTION('',(-1.,0.,0.));
#7193 = PCURVE('',#100,#7194);
#7194 = DEFINITIONAL_REPRESENTATION('',(#7195),#7203);
#7195 = ( BOUNDED_CURVE() B_SPLINE_CURVE(2,(#7196,#7197,#7198,#7199,
#7200,#7201,#7202),.UNSPECIFIED.,.T.,.F.) B_SPLINE_CURVE_WITH_KNOTS((1,2
    ,2,2,2,1),(-2.094395102393,0.,2.094395102393,4.188790204786,
6.28318530718,8.377580409573),.UNSPECIFIED.) CURVE() 
GEOMETRIC_REPRESENTATION_ITEM() RATIONAL_B_SPLINE_CURVE((1.,0.5,1.,0.5,
1.,0.5,1.)) REPRESENTATION_ITEM('') );
#7196 = CARTESIAN_POINT('',(30.773329746406,9.317485623691));
#7197 = CARTESIAN_POINT('',(30.773329746406,16.245688853966));
#7198 = CARTESIAN_POINT('',(36.773329746406,12.781587238829));
#7199 = CARTESIAN_POINT('',(42.773329746406,9.317485623691));
#7200 = CARTESIAN_POINT('',(36.773329746406,5.853384008553));
#7201 = CARTESIAN_POINT('',(30.773329746406,2.389282393415));
#7202 = CARTESIAN_POINT('',(30.773329746406,9.317485623691));
#7203 = ( GEOMETRIC_REPRESENTATION_CONTEXT(2) 
PARAMETRIC_REPRESENTATION_CONTEXT() REPRESENTATION_CONTEXT('2D SPACE',''
  ) );
#7204 = PCURVE('',#2751,#7205);
#7205 = DEFINITIONAL_REPRESENTATION('',(#7206),#7210);
#7206 = LINE('',#7207,#7208);
#7207 = CARTESIAN_POINT('',(0.,0.));
#7208 = VECTOR('',#7209,1.);
#7209 = DIRECTION('',(1.,0.));
#7210 = ( GEOMETRIC_REPRESENTATION_CONTEXT(2) 
PARAMETRIC_REPRESENTATION_CONTEXT() REPRESENTATION_CONTEXT('2D SPACE',''
  ) );
#7211 = FACE_BOUND('',#7212,.T.);
#7212 = EDGE_LOOP('',(#7213,#7236,#7264,#7292,#7320,#7341,#7369,#7397));
#7213 = ORIENTED_EDGE('',*,*,#7214,.F.);
#7214 = EDGE_CURVE('',#7215,#7217,#7219,.T.);
#7215 = VERTEX_POINT('',#7216);
#7216 = CARTESIAN_POINT('',(40.799123192221,25.633845726812,6.));
#7217 = VERTEX_POINT('',#7218);
#7218 = CARTESIAN_POINT('',(42.599123192221,22.516154273188,6.));
#7219 = SURFACE_CURVE('',#7220,(#7224,#7230),.PCURVE_S1.);
#7220 = LINE('',#7221,#7222);
#7221 = CARTESIAN_POINT('',(42.149123192221,23.295577136594,6.));
#7222 = VECTOR('',#7223,1.);
#7223 = DIRECTION('',(0.5,-0.866025403784,0.));
#7224 = PCURVE('',#100,#7225);
#7225 = DEFINITIONAL_REPRESENTATION('',(#7226),#7229);
#7226 = B_SPLINE_CURVE_WITH_KNOTS('',1,(#7227,#7228),.UNSPECIFIED.,.F.,
  .F.,(2,2),(-2.7,0.9),.PIECEWISE_BEZIER_KNOTS.);
#7227 = CARTESIAN_POINT('',(40.799123192221,25.633845726812));
#7228 = CARTESIAN_POINT('',(42.599123192221,22.516154273188));
#7229 = ( GEOMETRIC_REPRESENTATION_CONTEXT(2) 
PARAMETRIC_REPRESENTATION_CONTEXT() REPRESENTATION_CONTEXT('2D SPACE',''
  ) );
#7230 = PCURVE('',#3034,#7231);
#7231 = DEFINITIONAL_REPRESENTATION('',(#7232),#7235);
#7232 = B_SPLINE_CURVE_WITH_KNOTS('',1,(#7233,#7234),.UNSPECIFIED.,.F.,
  .F.,(2,2),(-2.7,0.9),.PIECEWISE_BEZIER_KNOTS.);
#7233 = CARTESIAN_POINT('',(3.6,-6.05));
#7234 = CARTESIAN_POINT('',(0.,-6.05));
#7235 = ( GEOMETRIC_REPRESENTATION_CONTEXT(2) 
PARAMETRIC_REPRESENTATION_CONTEXT() REPRESENTATION_CONTEXT('2D SPACE',''
  ) );
#7236 = ORIENTED_EDGE('',*,*,#7237,.T.);
#7237 = EDGE_CURVE('',#7215,#7238,#7240,.T.);
#7238 = VERTEX_POINT('',#7239);
#7239 = CARTESIAN_POINT('',(41.06647985147,29.886287539053,6.));
#7240 = SURFACE_CURVE('',#7241,(#7246,#7257),.PCURVE_S1.);
#7241 = CIRCLE('',#7242,3.85);
#7242 = AXIS2_PLACEMENT_3D('',#7243,#7244,#7245);
#7243 = CARTESIAN_POINT('',(44.133320996791,27.558845726812,6.));
#7244 = DIRECTION('',(-0.,0.,-1.));
#7245 = DIRECTION('',(-0.866025403784,-0.5,0.));
#7246 = PCURVE('',#100,#7247);
#7247 = DEFINITIONAL_REPRESENTATION('',(#7248),#7256);
#7248 = ( BOUNDED_CURVE() B_SPLINE_CURVE(2,(#7249,#7250,#7251,#7252,
#7253,#7254,#7255),.UNSPECIFIED.,.T.,.F.) B_SPLINE_CURVE_WITH_KNOTS((1,2
    ,2,2,2,1),(-2.094395102393,0.,2.094395102393,4.188790204786,
6.28318530718,8.377580409573),.UNSPECIFIED.) CURVE() 
GEOMETRIC_REPRESENTATION_ITEM() RATIONAL_B_SPLINE_CURVE((1.,0.5,1.,0.5,
1.,0.5,1.)) REPRESENTATION_ITEM('') );
#7249 = CARTESIAN_POINT('',(40.799123192221,25.633845726812));
#7250 = CARTESIAN_POINT('',(37.464925387651,31.408845726812));
#7251 = CARTESIAN_POINT('',(44.133320996791,31.408845726812));
#7252 = CARTESIAN_POINT('',(50.801716605931,31.408845726812));
#7253 = CARTESIAN_POINT('',(47.467518801361,25.633845726812));
#7254 = CARTESIAN_POINT('',(44.133320996791,19.858845726812));
#7255 = CARTESIAN_POINT('',(40.799123192221,25.633845726812));
#7256 = ( GEOMETRIC_REPRESENTATION_CONTEXT(2) 
PARAMETRIC_REPRESENTATION_CONTEXT() REPRESENTATION_CONTEXT('2D SPACE',''
  ) );
#7257 = PCURVE('',#3066,#7258);
#7258 = DEFINITIONAL_REPRESENTATION('',(#7259),#7263);
#7259 = LINE('',#7260,#7261);
#7260 = CARTESIAN_POINT('',(0.,-6.05));
#7261 = VECTOR('',#7262,1.);
#7262 = DIRECTION('',(1.,0.));
#7263 = ( GEOMETRIC_REPRESENTATION_CONTEXT(2) 
PARAMETRIC_REPRESENTATION_CONTEXT() REPRESENTATION_CONTEXT('2D SPACE',''
  ) );
#7264 = ORIENTED_EDGE('',*,*,#7265,.T.);
#7265 = EDGE_CURVE('',#7238,#7266,#7268,.T.);
#7266 = VERTEX_POINT('',#7267);
#7267 = CARTESIAN_POINT('',(43.65111783422,31.378528974152,6.));
#7268 = SURFACE_CURVE('',#7269,(#7274,#7285),.PCURVE_S1.);
#7269 = CIRCLE('',#7270,2.2);
#7270 = AXIS2_PLACEMENT_3D('',#7271,#7272,#7273);
#7271 = CARTESIAN_POINT('',(43.167070996791,29.232439819625,6.));
#7272 = DIRECTION('',(-0.,0.,-1.));
#7273 = DIRECTION('',(-0.866025403784,-0.5,0.));
#7274 = PCURVE('',#100,#7275);
#7275 = DEFINITIONAL_REPRESENTATION('',(#7276),#7284);
#7276 = ( BOUNDED_CURVE() B_SPLINE_CURVE(2,(#7277,#7278,#7279,#7280,
#7281,#7282,#7283),.UNSPECIFIED.,.T.,.F.) B_SPLINE_CURVE_WITH_KNOTS((1,2
    ,2,2,2,1),(-2.094395102393,0.,2.094395102393,4.188790204786,
6.28318530718,8.377580409573),.UNSPECIFIED.) CURVE() 
GEOMETRIC_REPRESENTATION_ITEM() RATIONAL_B_SPLINE_CURVE((1.,0.5,1.,0.5,
1.,0.5,1.)) REPRESENTATION_ITEM('') );
#7277 = CARTESIAN_POINT('',(41.261815108465,28.132439819625));
#7278 = CARTESIAN_POINT('',(39.356559220139,31.432439819625));
#7279 = CARTESIAN_POINT('',(43.167070996791,31.432439819625));
#7280 = CARTESIAN_POINT('',(46.977582773442,31.432439819625));
#7281 = CARTESIAN_POINT('',(45.072326885117,28.132439819625));
#7282 = CARTESIAN_POINT('',(43.167070996791,24.832439819625));
#7283 = CARTESIAN_POINT('',(41.261815108465,28.132439819625));
#7284 = ( GEOMETRIC_REPRESENTATION_CONTEXT(2) 
PARAMETRIC_REPRESENTATION_CONTEXT() REPRESENTATION_CONTEXT('2D SPACE',''
  ) );
#7285 = PCURVE('',#3099,#7286);
#7286 = DEFINITIONAL_REPRESENTATION('',(#7287),#7291);
#7287 = LINE('',#7288,#7289);
#7288 = CARTESIAN_POINT('',(0.,-6.05));
#7289 = VECTOR('',#7290,1.);
#7290 = DIRECTION('',(1.,0.));
#7291 = ( GEOMETRIC_REPRESENTATION_CONTEXT(2) 
PARAMETRIC_REPRESENTATION_CONTEXT() REPRESENTATION_CONTEXT('2D SPACE',''
  ) );
#7292 = ORIENTED_EDGE('',*,*,#7293,.T.);
#7293 = EDGE_CURVE('',#7266,#7294,#7296,.T.);
#7294 = VERTEX_POINT('',#7295);
#7295 = CARTESIAN_POINT('',(47.467518801361,29.483845726812,6.));
#7296 = SURFACE_CURVE('',#7297,(#7302,#7313),.PCURVE_S1.);
#7297 = CIRCLE('',#7298,3.85);
#7298 = AXIS2_PLACEMENT_3D('',#7299,#7300,#7301);
#7299 = CARTESIAN_POINT('',(44.133320996791,27.558845726812,6.));
#7300 = DIRECTION('',(-0.,0.,-1.));
#7301 = DIRECTION('',(-0.866025403784,-0.5,0.));
#7302 = PCURVE('',#100,#7303);
#7303 = DEFINITIONAL_REPRESENTATION('',(#7304),#7312);
#7304 = ( BOUNDED_CURVE() B_SPLINE_CURVE(2,(#7305,#7306,#7307,#7308,
#7309,#7310,#7311),.UNSPECIFIED.,.T.,.F.) B_SPLINE_CURVE_WITH_KNOTS((1,2
    ,2,2,2,1),(-2.094395102393,0.,2.094395102393,4.188790204786,
6.28318530718,8.377580409573),.UNSPECIFIED.) CURVE() 
GEOMETRIC_REPRESENTATION_ITEM() RATIONAL_B_SPLINE_CURVE((1.,0.5,1.,0.5,
1.,0.5,1.)) REPRESENTATION_ITEM('') );
#7305 = CARTESIAN_POINT('',(40.799123192221,25.633845726812));
#7306 = CARTESIAN_POINT('',(37.464925387651,31.408845726812));
#7307 = CARTESIAN_POINT('',(44.133320996791,31.408845726812));
#7308 = CARTESIAN_POINT('',(50.801716605931,31.408845726812));
#7309 = CARTESIAN_POINT('',(47.467518801361,25.633845726812));
#7310 = CARTESIAN_POINT('',(44.133320996791,19.858845726812));
#7311 = CARTESIAN_POINT('',(40.799123192221,25.633845726812));
#7312 = ( GEOMETRIC_REPRESENTATION_CONTEXT(2) 
PARAMETRIC_REPRESENTATION_CONTEXT() REPRESENTATION_CONTEXT('2D SPACE',''
  ) );
#7313 = PCURVE('',#3132,#7314);
#7314 = DEFINITIONAL_REPRESENTATION('',(#7315),#7319);
#7315 = LINE('',#7316,#7317);
#7316 = CARTESIAN_POINT('',(0.,-6.05));
#7317 = VECTOR('',#7318,1.);
#7318 = DIRECTION('',(1.,0.));
#7319 = ( GEOMETRIC_REPRESENTATION_CONTEXT(2) 
PARAMETRIC_REPRESENTATION_CONTEXT() REPRESENTATION_CONTEXT('2D SPACE',''
  ) );
#7320 = ORIENTED_EDGE('',*,*,#7321,.F.);
#7321 = EDGE_CURVE('',#7322,#7294,#7324,.T.);
#7322 = VERTEX_POINT('',#7323);
#7323 = CARTESIAN_POINT('',(49.267518801361,26.366154273188,6.));
#7324 = SURFACE_CURVE('',#7325,(#7329,#7335),.PCURVE_S1.);
#7325 = LINE('',#7326,#7327);
#7326 = CARTESIAN_POINT('',(47.917518801361,28.704422863406,6.));
#7327 = VECTOR('',#7328,1.);
#7328 = DIRECTION('',(-0.5,0.866025403784,0.));
#7329 = PCURVE('',#100,#7330);
#7330 = DEFINITIONAL_REPRESENTATION('',(#7331),#7334);
#7331 = B_SPLINE_CURVE_WITH_KNOTS('',1,(#7332,#7333),.UNSPECIFIED.,.F.,
  .F.,(2,2),(-2.7,0.9),.PIECEWISE_BEZIER_KNOTS.);
#7332 = CARTESIAN_POINT('',(49.267518801361,26.366154273188));
#7333 = CARTESIAN_POINT('',(47.467518801361,29.483845726812));
#7334 = ( GEOMETRIC_REPRESENTATION_CONTEXT(2) 
PARAMETRIC_REPRESENTATION_CONTEXT() REPRESENTATION_CONTEXT('2D SPACE',''
  ) );
#7335 = PCURVE('',#3159,#7336);
#7336 = DEFINITIONAL_REPRESENTATION('',(#7337),#7340);
#7337 = B_SPLINE_CURVE_WITH_KNOTS('',1,(#7338,#7339),.UNSPECIFIED.,.F.,
  .F.,(2,2),(-2.7,0.9),.PIECEWISE_BEZIER_KNOTS.);
#7338 = CARTESIAN_POINT('',(3.6,-6.05));
#7339 = CARTESIAN_POINT('',(0.,-6.05));
#7340 = ( GEOMETRIC_REPRESENTATION_CONTEXT(2) 
PARAMETRIC_REPRESENTATION_CONTEXT() REPRESENTATION_CONTEXT('2D SPACE',''
  ) );
#7341 = ORIENTED_EDGE('',*,*,#7342,.T.);
#7342 = EDGE_CURVE('',#7322,#7343,#7345,.T.);
#7343 = VERTEX_POINT('',#7344);
#7344 = CARTESIAN_POINT('',(49.000162142111,22.113712460947,6.));
#7345 = SURFACE_CURVE('',#7346,(#7351,#7362),.PCURVE_S1.);
#7346 = CIRCLE('',#7347,3.85);
#7347 = AXIS2_PLACEMENT_3D('',#7348,#7349,#7350);
#7348 = CARTESIAN_POINT('',(45.933320996791,24.441154273188,6.));
#7349 = DIRECTION('',(0.,0.,-1.));
#7350 = DIRECTION('',(0.866025403784,0.5,0.));
#7351 = PCURVE('',#100,#7352);
#7352 = DEFINITIONAL_REPRESENTATION('',(#7353),#7361);
#7353 = ( BOUNDED_CURVE() B_SPLINE_CURVE(2,(#7354,#7355,#7356,#7357,
#7358,#7359,#7360),.UNSPECIFIED.,.T.,.F.) B_SPLINE_CURVE_WITH_KNOTS((1,2
    ,2,2,2,1),(-2.094395102393,0.,2.094395102393,4.188790204786,
6.28318530718,8.377580409573),.UNSPECIFIED.) CURVE() 
GEOMETRIC_REPRESENTATION_ITEM() RATIONAL_B_SPLINE_CURVE((1.,0.5,1.,0.5,
1.,0.5,1.)) REPRESENTATION_ITEM('') );
#7354 = CARTESIAN_POINT('',(49.267518801361,26.366154273188));
#7355 = CARTESIAN_POINT('',(52.601716605931,20.591154273188));
#7356 = CARTESIAN_POINT('',(45.933320996791,20.591154273188));
#7357 = CARTESIAN_POINT('',(39.264925387651,20.591154273188));
#7358 = CARTESIAN_POINT('',(42.599123192221,26.366154273188));
#7359 = CARTESIAN_POINT('',(45.933320996791,32.141154273188));
#7360 = CARTESIAN_POINT('',(49.267518801361,26.366154273188));
#7361 = ( GEOMETRIC_REPRESENTATION_CONTEXT(2) 
PARAMETRIC_REPRESENTATION_CONTEXT() REPRESENTATION_CONTEXT('2D SPACE',''
  ) );
#7362 = PCURVE('',#3191,#7363);
#7363 = DEFINITIONAL_REPRESENTATION('',(#7364),#7368);
#7364 = LINE('',#7365,#7366);
#7365 = CARTESIAN_POINT('',(0.,-6.05));
#7366 = VECTOR('',#7367,1.);
#7367 = DIRECTION('',(1.,0.));
#7368 = ( GEOMETRIC_REPRESENTATION_CONTEXT(2) 
PARAMETRIC_REPRESENTATION_CONTEXT() REPRESENTATION_CONTEXT('2D SPACE',''
  ) );
#7369 = ORIENTED_EDGE('',*,*,#7370,.T.);
#7370 = EDGE_CURVE('',#7343,#7371,#7373,.T.);
#7371 = VERTEX_POINT('',#7372);
#7372 = CARTESIAN_POINT('',(46.415524159362,20.621471025848,6.));
#7373 = SURFACE_CURVE('',#7374,(#7379,#7390),.PCURVE_S1.);
#7374 = CIRCLE('',#7375,2.2);
#7375 = AXIS2_PLACEMENT_3D('',#7376,#7377,#7378);
#7376 = CARTESIAN_POINT('',(46.899570996791,22.767560180375,6.));
#7377 = DIRECTION('',(0.,0.,-1.));
#7378 = DIRECTION('',(0.866025403784,0.5,0.));
#7379 = PCURVE('',#100,#7380);
#7380 = DEFINITIONAL_REPRESENTATION('',(#7381),#7389);
#7381 = ( BOUNDED_CURVE() B_SPLINE_CURVE(2,(#7382,#7383,#7384,#7385,
#7386,#7387,#7388),.UNSPECIFIED.,.T.,.F.) B_SPLINE_CURVE_WITH_KNOTS((1,2
    ,2,2,2,1),(-2.094395102393,0.,2.094395102393,4.188790204786,
6.28318530718,8.377580409573),.UNSPECIFIED.) CURVE() 
GEOMETRIC_REPRESENTATION_ITEM() RATIONAL_B_SPLINE_CURVE((1.,0.5,1.,0.5,
1.,0.5,1.)) REPRESENTATION_ITEM('') );
#7382 = CARTESIAN_POINT('',(48.804826885117,23.867560180375));
#7383 = CARTESIAN_POINT('',(50.710082773442,20.567560180375));
#7384 = CARTESIAN_POINT('',(46.899570996791,20.567560180375));
#7385 = CARTESIAN_POINT('',(43.089059220139,20.567560180375));
#7386 = CARTESIAN_POINT('',(44.994315108465,23.867560180375));
#7387 = CARTESIAN_POINT('',(46.899570996791,27.167560180375));
#7388 = CARTESIAN_POINT('',(48.804826885117,23.867560180375));
#7389 = ( GEOMETRIC_REPRESENTATION_CONTEXT(2) 
PARAMETRIC_REPRESENTATION_CONTEXT() REPRESENTATION_CONTEXT('2D SPACE',''
  ) );
#7390 = PCURVE('',#3224,#7391);
#7391 = DEFINITIONAL_REPRESENTATION('',(#7392),#7396);
#7392 = LINE('',#7393,#7394);
#7393 = CARTESIAN_POINT('',(0.,-6.05));
#7394 = VECTOR('',#7395,1.);
#7395 = DIRECTION('',(1.,0.));
#7396 = ( GEOMETRIC_REPRESENTATION_CONTEXT(2) 
PARAMETRIC_REPRESENTATION_CONTEXT() REPRESENTATION_CONTEXT('2D SPACE',''
  ) );
#7397 = ORIENTED_EDGE('',*,*,#7398,.T.);
#7398 = EDGE_CURVE('',#7371,#7217,#7399,.T.);
#7399 = SURFACE_CURVE('',#7400,(#7405,#7416),.PCURVE_S1.);
#7400 = CIRCLE('',#7401,3.85);
#7401 = AXIS2_PLACEMENT_3D('',#7402,#7403,#7404);
#7402 = CARTESIAN_POINT('',(45.933320996791,24.441154273188,6.));
#7403 = DIRECTION('',(0.,0.,-1.));
#7404 = DIRECTION('',(0.866025403784,0.5,0.));
#7405 = PCURVE('',#100,#7406);
#7406 = DEFINITIONAL_REPRESENTATION('',(#7407),#7415);
#7407 = ( BOUNDED_CURVE() B_SPLINE_CURVE(2,(#7408,#7409,#7410,#7411,
#7412,#7413,#7414),.UNSPECIFIED.,.T.,.F.) B_SPLINE_CURVE_WITH_KNOTS((1,2
    ,2,2,2,1),(-2.094395102393,0.,2.094395102393,4.188790204786,
6.28318530718,8.377580409573),.UNSPECIFIED.) CURVE() 
GEOMETRIC_REPRESENTATION_ITEM() RATIONAL_B_SPLINE_CURVE((1.,0.5,1.,0.5,
1.,0.5,1.)) REPRESENTATION_ITEM('') );
#7408 = CARTESIAN_POINT('',(49.267518801361,26.366154273188));
#7409 = CARTESIAN_POINT('',(52.601716605931,20.591154273188));
#7410 = CARTESIAN_POINT('',(45.933320996791,20.591154273188));
#7411 = CARTESIAN_POINT('',(39.264925387651,20.591154273188));
#7412 = CARTESIAN_POINT('',(42.599123192221,26.366154273188));
#7413 = CARTESIAN_POINT('',(45.933320996791,32.141154273188));
#7414 = CARTESIAN_POINT('',(49.267518801361,26.366154273188));
#7415 = ( GEOMETRIC_REPRESENTATION_CONTEXT(2) 
PARAMETRIC_REPRESENTATION_CONTEXT() REPRESENTATION_CONTEXT('2D SPACE',''
  ) );
#7416 = PCURVE('',#3255,#7417);
#7417 = DEFINITIONAL_REPRESENTATION('',(#7418),#7422);
#7418 = LINE('',#7419,#7420);
#7419 = CARTESIAN_POINT('',(0.,-6.05));
#7420 = VECTOR('',#7421,1.);
#7421 = DIRECTION('',(1.,0.));
#7422 = ( GEOMETRIC_REPRESENTATION_CONTEXT(2) 
PARAMETRIC_REPRESENTATION_CONTEXT() REPRESENTATION_CONTEXT('2D SPACE',''
  ) );
#7423 = FACE_BOUND('',#7424,.T.);
#7424 = EDGE_LOOP('',(#7425,#7448,#7476,#7504,#7532,#7553,#7581,#7609,
    #7637,#7658,#7686,#7714,#7742,#7763,#7786,#7814));
#7425 = ORIENTED_EDGE('',*,*,#7426,.F.);
#7426 = EDGE_CURVE('',#7427,#7429,#7431,.T.);
#7427 = VERTEX_POINT('',#7428);
#7428 = CARTESIAN_POINT('',(22.516154273188,42.599123192221,6.));
#7429 = VERTEX_POINT('',#7430);
#7430 = CARTESIAN_POINT('',(23.035769515459,42.299123192221,6.));
#7431 = SURFACE_CURVE('',#7432,(#7436,#7442),.PCURVE_S1.);
#7432 = LINE('',#7433,#7434);
#7433 = CARTESIAN_POINT('',(24.854422863406,41.249123192221,6.));
#7434 = VECTOR('',#7435,1.);
#7435 = DIRECTION('',(0.866025403784,-0.5,0.));
#7436 = PCURVE('',#100,#7437);
#7437 = DEFINITIONAL_REPRESENTATION('',(#7438),#7441);
#7438 = B_SPLINE_CURVE_WITH_KNOTS('',1,(#7439,#7440),.UNSPECIFIED.,.F.,
  .F.,(2,2),(-2.7,0.9),.PIECEWISE_BEZIER_KNOTS.);
#7439 = CARTESIAN_POINT('',(22.516154273188,42.599123192221));
#7440 = CARTESIAN_POINT('',(25.633845726812,40.799123192221));
#7441 = ( GEOMETRIC_REPRESENTATION_CONTEXT(2) 
PARAMETRIC_REPRESENTATION_CONTEXT() REPRESENTATION_CONTEXT('2D SPACE',''
  ) );
#7442 = PCURVE('',#3538,#7443);
#7443 = DEFINITIONAL_REPRESENTATION('',(#7444),#7447);
#7444 = B_SPLINE_CURVE_WITH_KNOTS('',1,(#7445,#7446),.UNSPECIFIED.,.F.,
  .F.,(2,2),(-2.7,0.9),.PIECEWISE_BEZIER_KNOTS.);
#7445 = CARTESIAN_POINT('',(3.6,-6.05));
#7446 = CARTESIAN_POINT('',(0.,-6.05));
#7447 = ( GEOMETRIC_REPRESENTATION_CONTEXT(2) 
PARAMETRIC_REPRESENTATION_CONTEXT() REPRESENTATION_CONTEXT('2D SPACE',''
  ) );
#7448 = ORIENTED_EDGE('',*,*,#7449,.T.);
#7449 = EDGE_CURVE('',#7427,#7450,#7452,.T.);
#7450 = VERTEX_POINT('',#7451);
#7451 = CARTESIAN_POINT('',(20.621471025848,46.415524159361,6.));
#7452 = SURFACE_CURVE('',#7453,(#7458,#7469),.PCURVE_S1.);
#7453 = CIRCLE('',#7454,3.85);
#7454 = AXIS2_PLACEMENT_3D('',#7455,#7456,#7457);
#7455 = CARTESIAN_POINT('',(24.441154273188,45.933320996791,6.));
#7456 = DIRECTION('',(-0.,0.,-1.));
#7457 = DIRECTION('',(-0.5,-0.866025403784,0.));
#7458 = PCURVE('',#100,#7459);
#7459 = DEFINITIONAL_REPRESENTATION('',(#7460),#7468);
#7460 = ( BOUNDED_CURVE() B_SPLINE_CURVE(2,(#7461,#7462,#7463,#7464,
#7465,#7466,#7467),.UNSPECIFIED.,.T.,.F.) B_SPLINE_CURVE_WITH_KNOTS((1,2
    ,2,2,2,1),(-2.094395102393,0.,2.094395102393,4.188790204786,
6.28318530718,8.377580409573),.UNSPECIFIED.) CURVE() 
GEOMETRIC_REPRESENTATION_ITEM() RATIONAL_B_SPLINE_CURVE((1.,0.5,1.,0.5,
1.,0.5,1.)) REPRESENTATION_ITEM('') );
#7461 = CARTESIAN_POINT('',(22.516154273188,42.599123192221));
#7462 = CARTESIAN_POINT('',(16.741154273188,45.933320996791));
#7463 = CARTESIAN_POINT('',(22.516154273188,49.267518801361));
#7464 = CARTESIAN_POINT('',(28.291154273188,52.601716605931));
#7465 = CARTESIAN_POINT('',(28.291154273188,45.933320996791));
#7466 = CARTESIAN_POINT('',(28.291154273188,39.264925387651));
#7467 = CARTESIAN_POINT('',(22.516154273188,42.599123192221));
#7468 = ( GEOMETRIC_REPRESENTATION_CONTEXT(2) 
PARAMETRIC_REPRESENTATION_CONTEXT() REPRESENTATION_CONTEXT('2D SPACE',''
  ) );
#7469 = PCURVE('',#3570,#7470);
#7470 = DEFINITIONAL_REPRESENTATION('',(#7471),#7475);
#7471 = LINE('',#7472,#7473);
#7472 = CARTESIAN_POINT('',(0.,-6.05));
#7473 = VECTOR('',#7474,1.);
#7474 = DIRECTION('',(1.,0.));
#7475 = ( GEOMETRIC_REPRESENTATION_CONTEXT(2) 
PARAMETRIC_REPRESENTATION_CONTEXT() REPRESENTATION_CONTEXT('2D SPACE',''
  ) );
#7476 = ORIENTED_EDGE('',*,*,#7477,.T.);
#7477 = EDGE_CURVE('',#7450,#7478,#7480,.T.);
#7478 = VERTEX_POINT('',#7479);
#7479 = CARTESIAN_POINT('',(22.113712460947,49.000162142112,6.));
#7480 = SURFACE_CURVE('',#7481,(#7486,#7497),.PCURVE_S1.);
#7481 = CIRCLE('',#7482,2.2);
#7482 = AXIS2_PLACEMENT_3D('',#7483,#7484,#7485);
#7483 = CARTESIAN_POINT('',(22.767560180375,46.899570996791,6.));
#7484 = DIRECTION('',(-0.,0.,-1.));
#7485 = DIRECTION('',(-0.5,-0.866025403784,0.));
#7486 = PCURVE('',#100,#7487);
#7487 = DEFINITIONAL_REPRESENTATION('',(#7488),#7496);
#7488 = ( BOUNDED_CURVE() B_SPLINE_CURVE(2,(#7489,#7490,#7491,#7492,
#7493,#7494,#7495),.UNSPECIFIED.,.T.,.F.) B_SPLINE_CURVE_WITH_KNOTS((1,2
    ,2,2,2,1),(-2.094395102393,0.,2.094395102393,4.188790204786,
6.28318530718,8.377580409573),.UNSPECIFIED.) CURVE() 
GEOMETRIC_REPRESENTATION_ITEM() RATIONAL_B_SPLINE_CURVE((1.,0.5,1.,0.5,
1.,0.5,1.)) REPRESENTATION_ITEM('') );
#7489 = CARTESIAN_POINT('',(21.667560180375,44.994315108465));
#7490 = CARTESIAN_POINT('',(18.367560180375,46.899570996791));
#7491 = CARTESIAN_POINT('',(21.667560180375,48.804826885117));
#7492 = CARTESIAN_POINT('',(24.967560180375,50.710082773442));
#7493 = CARTESIAN_POINT('',(24.967560180375,46.899570996791));
#7494 = CARTESIAN_POINT('',(24.967560180375,43.089059220139));
#7495 = CARTESIAN_POINT('',(21.667560180375,44.994315108465));
#7496 = ( GEOMETRIC_REPRESENTATION_CONTEXT(2) 
PARAMETRIC_REPRESENTATION_CONTEXT() REPRESENTATION_CONTEXT('2D SPACE',''
  ) );
#7497 = PCURVE('',#3603,#7498);
#7498 = DEFINITIONAL_REPRESENTATION('',(#7499),#7503);
#7499 = LINE('',#7500,#7501);
#7500 = CARTESIAN_POINT('',(0.,-6.05));
#7501 = VECTOR('',#7502,1.);
#7502 = DIRECTION('',(1.,0.));
#7503 = ( GEOMETRIC_REPRESENTATION_CONTEXT(2) 
PARAMETRIC_REPRESENTATION_CONTEXT() REPRESENTATION_CONTEXT('2D SPACE',''
  ) );
#7504 = ORIENTED_EDGE('',*,*,#7505,.T.);
#7505 = EDGE_CURVE('',#7478,#7506,#7508,.T.);
#7506 = VERTEX_POINT('',#7507);
#7507 = CARTESIAN_POINT('',(26.366154273188,49.267518801361,6.));
#7508 = SURFACE_CURVE('',#7509,(#7514,#7525),.PCURVE_S1.);
#7509 = CIRCLE('',#7510,3.85);
#7510 = AXIS2_PLACEMENT_3D('',#7511,#7512,#7513);
#7511 = CARTESIAN_POINT('',(24.441154273188,45.933320996791,6.));
#7512 = DIRECTION('',(-0.,0.,-1.));
#7513 = DIRECTION('',(-0.5,-0.866025403784,0.));
#7514 = PCURVE('',#100,#7515);
#7515 = DEFINITIONAL_REPRESENTATION('',(#7516),#7524);
#7516 = ( BOUNDED_CURVE() B_SPLINE_CURVE(2,(#7517,#7518,#7519,#7520,
#7521,#7522,#7523),.UNSPECIFIED.,.T.,.F.) B_SPLINE_CURVE_WITH_KNOTS((1,2
    ,2,2,2,1),(-2.094395102393,0.,2.094395102393,4.188790204786,
6.28318530718,8.377580409573),.UNSPECIFIED.) CURVE() 
GEOMETRIC_REPRESENTATION_ITEM() RATIONAL_B_SPLINE_CURVE((1.,0.5,1.,0.5,
1.,0.5,1.)) REPRESENTATION_ITEM('') );
#7517 = CARTESIAN_POINT('',(22.516154273188,42.599123192221));
#7518 = CARTESIAN_POINT('',(16.741154273188,45.933320996791));
#7519 = CARTESIAN_POINT('',(22.516154273188,49.267518801361));
#7520 = CARTESIAN_POINT('',(28.291154273188,52.601716605931));
#7521 = CARTESIAN_POINT('',(28.291154273188,45.933320996791));
#7522 = CARTESIAN_POINT('',(28.291154273188,39.264925387651));
#7523 = CARTESIAN_POINT('',(22.516154273188,42.599123192221));
#7524 = ( GEOMETRIC_REPRESENTATION_CONTEXT(2) 
PARAMETRIC_REPRESENTATION_CONTEXT() REPRESENTATION_CONTEXT('2D SPACE',''
  ) );
#7525 = PCURVE('',#3636,#7526);
#7526 = DEFINITIONAL_REPRESENTATION('',(#7527),#7531);
#7527 = LINE('',#7528,#7529);
#7528 = CARTESIAN_POINT('',(0.,-6.05));
#7529 = VECTOR('',#7530,1.);
#7530 = DIRECTION('',(1.,0.));
#7531 = ( GEOMETRIC_REPRESENTATION_CONTEXT(2) 
PARAMETRIC_REPRESENTATION_CONTEXT() REPRESENTATION_CONTEXT('2D SPACE',''
  ) );
#7532 = ORIENTED_EDGE('',*,*,#7533,.F.);
#7533 = EDGE_CURVE('',#7534,#7506,#7536,.T.);
#7534 = VERTEX_POINT('',#7535);
#7535 = CARTESIAN_POINT('',(26.885769515459,48.967518801361,6.));
#7536 = SURFACE_CURVE('',#7537,(#7541,#7547),.PCURVE_S1.);
#7537 = LINE('',#7538,#7539);
#7538 = CARTESIAN_POINT('',(27.145577136594,48.817518801361,6.));
#7539 = VECTOR('',#7540,1.);
#7540 = DIRECTION('',(-0.866025403784,0.5,0.));
#7541 = PCURVE('',#100,#7542);
#7542 = DEFINITIONAL_REPRESENTATION('',(#7543),#7546);
#7543 = B_SPLINE_CURVE_WITH_KNOTS('',1,(#7544,#7545),.UNSPECIFIED.,.F.,
  .F.,(2,2),(-2.7,0.9),.PIECEWISE_BEZIER_KNOTS.);
#7544 = CARTESIAN_POINT('',(29.483845726812,47.467518801361));
#7545 = CARTESIAN_POINT('',(26.366154273188,49.267518801361));
#7546 = ( GEOMETRIC_REPRESENTATION_CONTEXT(2) 
PARAMETRIC_REPRESENTATION_CONTEXT() REPRESENTATION_CONTEXT('2D SPACE',''
  ) );
#7547 = PCURVE('',#3663,#7548);
#7548 = DEFINITIONAL_REPRESENTATION('',(#7549),#7552);
#7549 = B_SPLINE_CURVE_WITH_KNOTS('',1,(#7550,#7551),.UNSPECIFIED.,.F.,
  .F.,(2,2),(-2.7,0.9),.PIECEWISE_BEZIER_KNOTS.);
#7550 = CARTESIAN_POINT('',(3.6,-6.05));
#7551 = CARTESIAN_POINT('',(0.,-6.05));
#7552 = ( GEOMETRIC_REPRESENTATION_CONTEXT(2) 
PARAMETRIC_REPRESENTATION_CONTEXT() REPRESENTATION_CONTEXT('2D SPACE',''
  ) );
#7553 = ORIENTED_EDGE('',*,*,#7554,.F.);
#7554 = EDGE_CURVE('',#7555,#7534,#7557,.T.);
#7555 = VERTEX_POINT('',#7556);
#7556 = CARTESIAN_POINT('',(32.960769515459,59.489727457342,6.));
#7557 = SURFACE_CURVE('',#7558,(#7562,#7569),.PCURVE_S1.);
#7558 = LINE('',#7559,#7560);
#7559 = CARTESIAN_POINT('',(32.960769515459,59.489727457342,6.));
#7560 = VECTOR('',#7561,1.);
#7561 = DIRECTION('',(-0.5,-0.866025403784,0.));
#7562 = PCURVE('',#100,#7563);
#7563 = DEFINITIONAL_REPRESENTATION('',(#7564),#7568);
#7564 = LINE('',#7565,#7566);
#7565 = CARTESIAN_POINT('',(32.960769515459,59.489727457342));
#7566 = VECTOR('',#7567,1.);
#7567 = DIRECTION('',(-0.5,-0.866025403784));
#7568 = ( GEOMETRIC_REPRESENTATION_CONTEXT(2) 
PARAMETRIC_REPRESENTATION_CONTEXT() REPRESENTATION_CONTEXT('2D SPACE',''
  ) );
#7569 = PCURVE('',#7570,#7575);
#7570 = PLANE('',#7571);
#7571 = AXIS2_PLACEMENT_3D('',#7572,#7573,#7574);
#7572 = CARTESIAN_POINT('',(32.960769515459,59.489727457342,6.));
#7573 = DIRECTION('',(0.866025403784,-0.5,0.));
#7574 = DIRECTION('',(-0.5,-0.866025403784,0.));
#7575 = DEFINITIONAL_REPRESENTATION('',(#7576),#7580);
#7576 = LINE('',#7577,#7578);
#7577 = CARTESIAN_POINT('',(0.,0.));
#7578 = VECTOR('',#7579,1.);
#7579 = DIRECTION('',(1.,0.));
#7580 = ( GEOMETRIC_REPRESENTATION_CONTEXT(2) 
PARAMETRIC_REPRESENTATION_CONTEXT() REPRESENTATION_CONTEXT('2D SPACE',''
  ) );
#7581 = ORIENTED_EDGE('',*,*,#7582,.F.);
#7582 = EDGE_CURVE('',#7583,#7555,#7585,.T.);
#7583 = VERTEX_POINT('',#7584);
#7584 = CARTESIAN_POINT('',(35.039230484541,58.289727457342,6.));
#7585 = SURFACE_CURVE('',#7586,(#7590,#7597),.PCURVE_S1.);
#7586 = LINE('',#7587,#7588);
#7587 = CARTESIAN_POINT('',(35.039230484541,58.289727457342,6.));
#7588 = VECTOR('',#7589,1.);
#7589 = DIRECTION('',(-0.866025403784,0.5,0.));
#7590 = PCURVE('',#100,#7591);
#7591 = DEFINITIONAL_REPRESENTATION('',(#7592),#7596);
#7592 = LINE('',#7593,#7594);
#7593 = CARTESIAN_POINT('',(35.039230484541,58.289727457342));
#7594 = VECTOR('',#7595,1.);
#7595 = DIRECTION('',(-0.866025403784,0.5));
#7596 = ( GEOMETRIC_REPRESENTATION_CONTEXT(2) 
PARAMETRIC_REPRESENTATION_CONTEXT() REPRESENTATION_CONTEXT('2D SPACE',''
  ) );
#7597 = PCURVE('',#7598,#7603);
#7598 = PLANE('',#7599);
#7599 = AXIS2_PLACEMENT_3D('',#7600,#7601,#7602);
#7600 = CARTESIAN_POINT('',(35.039230484541,58.289727457342,6.));
#7601 = DIRECTION('',(-0.5,-0.866025403784,0.));
#7602 = DIRECTION('',(-0.866025403784,0.5,0.));
#7603 = DEFINITIONAL_REPRESENTATION('',(#7604),#7608);
#7604 = LINE('',#7605,#7606);
#7605 = CARTESIAN_POINT('',(0.,0.));
#7606 = VECTOR('',#7607,1.);
#7607 = DIRECTION('',(1.,0.));
#7608 = ( GEOMETRIC_REPRESENTATION_CONTEXT(2) 
PARAMETRIC_REPRESENTATION_CONTEXT() REPRESENTATION_CONTEXT('2D SPACE',''
  ) );
#7609 = ORIENTED_EDGE('',*,*,#7610,.F.);
#7610 = EDGE_CURVE('',#7611,#7583,#7613,.T.);
#7611 = VERTEX_POINT('',#7612);
#7612 = CARTESIAN_POINT('',(28.964230484541,47.767518801361,6.));
#7613 = SURFACE_CURVE('',#7614,(#7618,#7625),.PCURVE_S1.);
#7614 = LINE('',#7615,#7616);
#7615 = CARTESIAN_POINT('',(9.039230484541,13.256406460551,6.));
#7616 = VECTOR('',#7617,1.);
#7617 = DIRECTION('',(0.5,0.866025403784,0.));
#7618 = PCURVE('',#100,#7619);
#7619 = DEFINITIONAL_REPRESENTATION('',(#7620),#7624);
#7620 = LINE('',#7621,#7622);
#7621 = CARTESIAN_POINT('',(9.039230484541,13.256406460551));
#7622 = VECTOR('',#7623,1.);
#7623 = DIRECTION('',(0.5,0.866025403784));
#7624 = ( GEOMETRIC_REPRESENTATION_CONTEXT(2) 
PARAMETRIC_REPRESENTATION_CONTEXT() REPRESENTATION_CONTEXT('2D SPACE',''
  ) );
#7625 = PCURVE('',#7626,#7631);
#7626 = PLANE('',#7627);
#7627 = AXIS2_PLACEMENT_3D('',#7628,#7629,#7630);
#7628 = CARTESIAN_POINT('',(9.039230484541,13.256406460551,6.));
#7629 = DIRECTION('',(-0.866025403784,0.5,0.));
#7630 = DIRECTION('',(0.5,0.866025403784,0.));
#7631 = DEFINITIONAL_REPRESENTATION('',(#7632),#7636);
#7632 = LINE('',#7633,#7634);
#7633 = CARTESIAN_POINT('',(0.,0.));
#7634 = VECTOR('',#7635,1.);
#7635 = DIRECTION('',(1.,0.));
#7636 = ( GEOMETRIC_REPRESENTATION_CONTEXT(2) 
PARAMETRIC_REPRESENTATION_CONTEXT() REPRESENTATION_CONTEXT('2D SPACE',''
  ) );
#7637 = ORIENTED_EDGE('',*,*,#7638,.F.);
#7638 = EDGE_CURVE('',#7639,#7611,#7641,.T.);
#7639 = VERTEX_POINT('',#7640);
#7640 = CARTESIAN_POINT('',(29.483845726812,47.467518801361,6.));
#7641 = SURFACE_CURVE('',#7642,(#7646,#7652),.PCURVE_S1.);
#7642 = LINE('',#7643,#7644);
#7643 = CARTESIAN_POINT('',(27.145577136594,48.817518801361,6.));
#7644 = VECTOR('',#7645,1.);
#7645 = DIRECTION('',(-0.866025403784,0.5,0.));
#7646 = PCURVE('',#100,#7647);
#7647 = DEFINITIONAL_REPRESENTATION('',(#7648),#7651);
#7648 = B_SPLINE_CURVE_WITH_KNOTS('',1,(#7649,#7650),.UNSPECIFIED.,.F.,
  .F.,(2,2),(-2.7,0.9),.PIECEWISE_BEZIER_KNOTS.);
#7649 = CARTESIAN_POINT('',(29.483845726812,47.467518801361));
#7650 = CARTESIAN_POINT('',(26.366154273188,49.267518801361));
#7651 = ( GEOMETRIC_REPRESENTATION_CONTEXT(2) 
PARAMETRIC_REPRESENTATION_CONTEXT() REPRESENTATION_CONTEXT('2D SPACE',''
  ) );
#7652 = PCURVE('',#3663,#7653);
#7653 = DEFINITIONAL_REPRESENTATION('',(#7654),#7657);
#7654 = B_SPLINE_CURVE_WITH_KNOTS('',1,(#7655,#7656),.UNSPECIFIED.,.F.,
  .F.,(2,2),(-2.7,0.9),.PIECEWISE_BEZIER_KNOTS.);
#7655 = CARTESIAN_POINT('',(3.6,-6.05));
#7656 = CARTESIAN_POINT('',(0.,-6.05));
#7657 = ( GEOMETRIC_REPRESENTATION_CONTEXT(2) 
PARAMETRIC_REPRESENTATION_CONTEXT() REPRESENTATION_CONTEXT('2D SPACE',''
  ) );
#7658 = ORIENTED_EDGE('',*,*,#7659,.T.);
#7659 = EDGE_CURVE('',#7639,#7660,#7662,.T.);
#7660 = VERTEX_POINT('',#7661);
#7661 = CARTESIAN_POINT('',(31.378528974152,43.65111783422,6.));
#7662 = SURFACE_CURVE('',#7663,(#7668,#7679),.PCURVE_S1.);
#7663 = CIRCLE('',#7664,3.85);
#7664 = AXIS2_PLACEMENT_3D('',#7665,#7666,#7667);
#7665 = CARTESIAN_POINT('',(27.558845726812,44.133320996791,6.));
#7666 = DIRECTION('',(0.,0.,-1.));
#7667 = DIRECTION('',(0.5,0.866025403784,0.));
#7668 = PCURVE('',#100,#7669);
#7669 = DEFINITIONAL_REPRESENTATION('',(#7670),#7678);
#7670 = ( BOUNDED_CURVE() B_SPLINE_CURVE(2,(#7671,#7672,#7673,#7674,
#7675,#7676,#7677),.UNSPECIFIED.,.T.,.F.) B_SPLINE_CURVE_WITH_KNOTS((1,2
    ,2,2,2,1),(-2.094395102393,0.,2.094395102393,4.188790204786,
6.28318530718,8.377580409573),.UNSPECIFIED.) CURVE() 
GEOMETRIC_REPRESENTATION_ITEM() RATIONAL_B_SPLINE_CURVE((1.,0.5,1.,0.5,
1.,0.5,1.)) REPRESENTATION_ITEM('') );
#7671 = CARTESIAN_POINT('',(29.483845726812,47.467518801361));
#7672 = CARTESIAN_POINT('',(35.258845726812,44.133320996791));
#7673 = CARTESIAN_POINT('',(29.483845726812,40.799123192221));
#7674 = CARTESIAN_POINT('',(23.708845726812,37.464925387651));
#7675 = CARTESIAN_POINT('',(23.708845726812,44.133320996791));
#7676 = CARTESIAN_POINT('',(23.708845726812,50.801716605931));
#7677 = CARTESIAN_POINT('',(29.483845726812,47.467518801361));
#7678 = ( GEOMETRIC_REPRESENTATION_CONTEXT(2) 
PARAMETRIC_REPRESENTATION_CONTEXT() REPRESENTATION_CONTEXT('2D SPACE',''
  ) );
#7679 = PCURVE('',#3695,#7680);
#7680 = DEFINITIONAL_REPRESENTATION('',(#7681),#7685);
#7681 = LINE('',#7682,#7683);
#7682 = CARTESIAN_POINT('',(0.,-6.05));
#7683 = VECTOR('',#7684,1.);
#7684 = DIRECTION('',(1.,0.));
#7685 = ( GEOMETRIC_REPRESENTATION_CONTEXT(2) 
PARAMETRIC_REPRESENTATION_CONTEXT() REPRESENTATION_CONTEXT('2D SPACE',''
  ) );
#7686 = ORIENTED_EDGE('',*,*,#7687,.T.);
#7687 = EDGE_CURVE('',#7660,#7688,#7690,.T.);
#7688 = VERTEX_POINT('',#7689);
#7689 = CARTESIAN_POINT('',(29.886287539053,41.06647985147,6.));
#7690 = SURFACE_CURVE('',#7691,(#7696,#7707),.PCURVE_S1.);
#7691 = CIRCLE('',#7692,2.2);
#7692 = AXIS2_PLACEMENT_3D('',#7693,#7694,#7695);
#7693 = CARTESIAN_POINT('',(29.232439819625,43.167070996791,6.));
#7694 = DIRECTION('',(0.,0.,-1.));
#7695 = DIRECTION('',(0.5,0.866025403784,0.));
#7696 = PCURVE('',#100,#7697);
#7697 = DEFINITIONAL_REPRESENTATION('',(#7698),#7706);
#7698 = ( BOUNDED_CURVE() B_SPLINE_CURVE(2,(#7699,#7700,#7701,#7702,
#7703,#7704,#7705),.UNSPECIFIED.,.T.,.F.) B_SPLINE_CURVE_WITH_KNOTS((1,2
    ,2,2,2,1),(-2.094395102393,0.,2.094395102393,4.188790204786,
6.28318530718,8.377580409573),.UNSPECIFIED.) CURVE() 
GEOMETRIC_REPRESENTATION_ITEM() RATIONAL_B_SPLINE_CURVE((1.,0.5,1.,0.5,
1.,0.5,1.)) REPRESENTATION_ITEM('') );
#7699 = CARTESIAN_POINT('',(30.332439819625,45.072326885117));
#7700 = CARTESIAN_POINT('',(33.632439819625,43.167070996791));
#7701 = CARTESIAN_POINT('',(30.332439819625,41.261815108465));
#7702 = CARTESIAN_POINT('',(27.032439819625,39.356559220139));
#7703 = CARTESIAN_POINT('',(27.032439819625,43.167070996791));
#7704 = CARTESIAN_POINT('',(27.032439819625,46.977582773442));
#7705 = CARTESIAN_POINT('',(30.332439819625,45.072326885117));
#7706 = ( GEOMETRIC_REPRESENTATION_CONTEXT(2) 
PARAMETRIC_REPRESENTATION_CONTEXT() REPRESENTATION_CONTEXT('2D SPACE',''
  ) );
#7707 = PCURVE('',#3728,#7708);
#7708 = DEFINITIONAL_REPRESENTATION('',(#7709),#7713);
#7709 = LINE('',#7710,#7711);
#7710 = CARTESIAN_POINT('',(0.,-6.05));
#7711 = VECTOR('',#7712,1.);
#7712 = DIRECTION('',(1.,0.));
#7713 = ( GEOMETRIC_REPRESENTATION_CONTEXT(2) 
PARAMETRIC_REPRESENTATION_CONTEXT() REPRESENTATION_CONTEXT('2D SPACE',''
  ) );
#7714 = ORIENTED_EDGE('',*,*,#7715,.T.);
#7715 = EDGE_CURVE('',#7688,#7716,#7718,.T.);
#7716 = VERTEX_POINT('',#7717);
#7717 = CARTESIAN_POINT('',(25.633845726812,40.799123192221,6.));
#7718 = SURFACE_CURVE('',#7719,(#7724,#7735),.PCURVE_S1.);
#7719 = CIRCLE('',#7720,3.85);
#7720 = AXIS2_PLACEMENT_3D('',#7721,#7722,#7723);
#7721 = CARTESIAN_POINT('',(27.558845726812,44.133320996791,6.));
#7722 = DIRECTION('',(0.,0.,-1.));
#7723 = DIRECTION('',(0.5,0.866025403784,0.));
#7724 = PCURVE('',#100,#7725);
#7725 = DEFINITIONAL_REPRESENTATION('',(#7726),#7734);
#7726 = ( BOUNDED_CURVE() B_SPLINE_CURVE(2,(#7727,#7728,#7729,#7730,
#7731,#7732,#7733),.UNSPECIFIED.,.T.,.F.) B_SPLINE_CURVE_WITH_KNOTS((1,2
    ,2,2,2,1),(-2.094395102393,0.,2.094395102393,4.188790204786,
6.28318530718,8.377580409573),.UNSPECIFIED.) CURVE() 
GEOMETRIC_REPRESENTATION_ITEM() RATIONAL_B_SPLINE_CURVE((1.,0.5,1.,0.5,
1.,0.5,1.)) REPRESENTATION_ITEM('') );
#7727 = CARTESIAN_POINT('',(29.483845726812,47.467518801361));
#7728 = CARTESIAN_POINT('',(35.258845726812,44.133320996791));
#7729 = CARTESIAN_POINT('',(29.483845726812,40.799123192221));
#7730 = CARTESIAN_POINT('',(23.708845726812,37.464925387651));
#7731 = CARTESIAN_POINT('',(23.708845726812,44.133320996791));
#7732 = CARTESIAN_POINT('',(23.708845726812,50.801716605931));
#7733 = CARTESIAN_POINT('',(29.483845726812,47.467518801361));
#7734 = ( GEOMETRIC_REPRESENTATION_CONTEXT(2) 
PARAMETRIC_REPRESENTATION_CONTEXT() REPRESENTATION_CONTEXT('2D SPACE',''
  ) );
#7735 = PCURVE('',#3759,#7736);
#7736 = DEFINITIONAL_REPRESENTATION('',(#7737),#7741);
#7737 = LINE('',#7738,#7739);
#7738 = CARTESIAN_POINT('',(0.,-6.05));
#7739 = VECTOR('',#7740,1.);
#7740 = DIRECTION('',(1.,0.));
#7741 = ( GEOMETRIC_REPRESENTATION_CONTEXT(2) 
PARAMETRIC_REPRESENTATION_CONTEXT() REPRESENTATION_CONTEXT('2D SPACE',''
  ) );
#7742 = ORIENTED_EDGE('',*,*,#7743,.F.);
#7743 = EDGE_CURVE('',#7744,#7716,#7746,.T.);
#7744 = VERTEX_POINT('',#7745);
#7745 = CARTESIAN_POINT('',(25.114230484541,41.099123192221,6.));
#7746 = SURFACE_CURVE('',#7747,(#7751,#7757),.PCURVE_S1.);
#7747 = LINE('',#7748,#7749);
#7748 = CARTESIAN_POINT('',(24.854422863406,41.249123192221,6.));
#7749 = VECTOR('',#7750,1.);
#7750 = DIRECTION('',(0.866025403784,-0.5,0.));
#7751 = PCURVE('',#100,#7752);
#7752 = DEFINITIONAL_REPRESENTATION('',(#7753),#7756);
#7753 = B_SPLINE_CURVE_WITH_KNOTS('',1,(#7754,#7755),.UNSPECIFIED.,.F.,
  .F.,(2,2),(-2.7,0.9),.PIECEWISE_BEZIER_KNOTS.);
#7754 = CARTESIAN_POINT('',(22.516154273188,42.599123192221));
#7755 = CARTESIAN_POINT('',(25.633845726812,40.799123192221));
#7756 = ( GEOMETRIC_REPRESENTATION_CONTEXT(2) 
PARAMETRIC_REPRESENTATION_CONTEXT() REPRESENTATION_CONTEXT('2D SPACE',''
  ) );
#7757 = PCURVE('',#3538,#7758);
#7758 = DEFINITIONAL_REPRESENTATION('',(#7759),#7762);
#7759 = B_SPLINE_CURVE_WITH_KNOTS('',1,(#7760,#7761),.UNSPECIFIED.,.F.,
  .F.,(2,2),(-2.7,0.9),.PIECEWISE_BEZIER_KNOTS.);
#7760 = CARTESIAN_POINT('',(3.6,-6.05));
#7761 = CARTESIAN_POINT('',(0.,-6.05));
#7762 = ( GEOMETRIC_REPRESENTATION_CONTEXT(2) 
PARAMETRIC_REPRESENTATION_CONTEXT() REPRESENTATION_CONTEXT('2D SPACE',''
  ) );
#7763 = ORIENTED_EDGE('',*,*,#7764,.F.);
#7764 = EDGE_CURVE('',#7765,#7744,#7767,.T.);
#7765 = VERTEX_POINT('',#7766);
#7766 = CARTESIAN_POINT('',(9.039230484541,13.256406460551,6.));
#7767 = SURFACE_CURVE('',#7768,(#7772,#7779),.PCURVE_S1.);
#7768 = LINE('',#7769,#7770);
#7769 = CARTESIAN_POINT('',(9.039230484541,13.256406460551,6.));
#7770 = VECTOR('',#7771,1.);
#7771 = DIRECTION('',(0.5,0.866025403784,0.));
#7772 = PCURVE('',#100,#7773);
#7773 = DEFINITIONAL_REPRESENTATION('',(#7774),#7778);
#7774 = LINE('',#7775,#7776);
#7775 = CARTESIAN_POINT('',(9.039230484541,13.256406460551));
#7776 = VECTOR('',#7777,1.);
#7777 = DIRECTION('',(0.5,0.866025403784));
#7778 = ( GEOMETRIC_REPRESENTATION_CONTEXT(2) 
PARAMETRIC_REPRESENTATION_CONTEXT() REPRESENTATION_CONTEXT('2D SPACE',''
  ) );
#7779 = PCURVE('',#7626,#7780);
#7780 = DEFINITIONAL_REPRESENTATION('',(#7781),#7785);
#7781 = LINE('',#7782,#7783);
#7782 = CARTESIAN_POINT('',(0.,0.));
#7783 = VECTOR('',#7784,1.);
#7784 = DIRECTION('',(1.,0.));
#7785 = ( GEOMETRIC_REPRESENTATION_CONTEXT(2) 
PARAMETRIC_REPRESENTATION_CONTEXT() REPRESENTATION_CONTEXT('2D SPACE',''
  ) );
#7786 = ORIENTED_EDGE('',*,*,#7787,.F.);
#7787 = EDGE_CURVE('',#7788,#7765,#7790,.T.);
#7788 = VERTEX_POINT('',#7789);
#7789 = CARTESIAN_POINT('',(6.960769515459,14.456406460551,6.));
#7790 = SURFACE_CURVE('',#7791,(#7795,#7802),.PCURVE_S1.);
#7791 = LINE('',#7792,#7793);
#7792 = CARTESIAN_POINT('',(6.960769515459,14.456406460551,6.));
#7793 = VECTOR('',#7794,1.);
#7794 = DIRECTION('',(0.866025403784,-0.5,0.));
#7795 = PCURVE('',#100,#7796);
#7796 = DEFINITIONAL_REPRESENTATION('',(#7797),#7801);
#7797 = LINE('',#7798,#7799);
#7798 = CARTESIAN_POINT('',(6.960769515459,14.456406460551));
#7799 = VECTOR('',#7800,1.);
#7800 = DIRECTION('',(0.866025403784,-0.5));
#7801 = ( GEOMETRIC_REPRESENTATION_CONTEXT(2) 
PARAMETRIC_REPRESENTATION_CONTEXT() REPRESENTATION_CONTEXT('2D SPACE',''
  ) );
#7802 = PCURVE('',#7803,#7808);
#7803 = PLANE('',#7804);
#7804 = AXIS2_PLACEMENT_3D('',#7805,#7806,#7807);
#7805 = CARTESIAN_POINT('',(6.960769515459,14.456406460551,6.));
#7806 = DIRECTION('',(0.5,0.866025403784,-0.));
#7807 = DIRECTION('',(0.866025403784,-0.5,0.));
#7808 = DEFINITIONAL_REPRESENTATION('',(#7809),#7813);
#7809 = LINE('',#7810,#7811);
#7810 = CARTESIAN_POINT('',(0.,0.));
#7811 = VECTOR('',#7812,1.);
#7812 = DIRECTION('',(1.,0.));
#7813 = ( GEOMETRIC_REPRESENTATION_CONTEXT(2) 
PARAMETRIC_REPRESENTATION_CONTEXT() REPRESENTATION_CONTEXT('2D SPACE',''
  ) );
#7814 = ORIENTED_EDGE('',*,*,#7815,.F.);
#7815 = EDGE_CURVE('',#7429,#7788,#7816,.T.);
#7816 = SURFACE_CURVE('',#7817,(#7821,#7828),.PCURVE_S1.);
#7817 = LINE('',#7818,#7819);
#7818 = CARTESIAN_POINT('',(32.960769515459,59.489727457342,6.));
#7819 = VECTOR('',#7820,1.);
#7820 = DIRECTION('',(-0.5,-0.866025403784,0.));
#7821 = PCURVE('',#100,#7822);
#7822 = DEFINITIONAL_REPRESENTATION('',(#7823),#7827);
#7823 = LINE('',#7824,#7825);
#7824 = CARTESIAN_POINT('',(32.960769515459,59.489727457342));
#7825 = VECTOR('',#7826,1.);
#7826 = DIRECTION('',(-0.5,-0.866025403784));
#7827 = ( GEOMETRIC_REPRESENTATION_CONTEXT(2) 
PARAMETRIC_REPRESENTATION_CONTEXT() REPRESENTATION_CONTEXT('2D SPACE',''
  ) );
#7828 = PCURVE('',#7570,#7829);
#7829 = DEFINITIONAL_REPRESENTATION('',(#7830),#7834);
#7830 = LINE('',#7831,#7832);
#7831 = CARTESIAN_POINT('',(0.,0.));
#7832 = VECTOR('',#7833,1.);
#7833 = DIRECTION('',(1.,0.));
#7834 = ( GEOMETRIC_REPRESENTATION_CONTEXT(2) 
PARAMETRIC_REPRESENTATION_CONTEXT() REPRESENTATION_CONTEXT('2D SPACE',''
  ) );
#7835 = FACE_BOUND('',#7836,.T.);
#7836 = EDGE_LOOP('',(#7837,#7860,#7888,#7916,#7944,#7965,#7993,#8021));
#7837 = ORIENTED_EDGE('',*,*,#7838,.F.);
#7838 = EDGE_CURVE('',#7839,#7841,#7843,.T.);
#7839 = VERTEX_POINT('',#7840);
#7840 = CARTESIAN_POINT('',(-1.8,48.15,6.));
#7841 = VERTEX_POINT('',#7842);
#7842 = CARTESIAN_POINT('',(1.8,48.15,6.));
#7843 = SURFACE_CURVE('',#7844,(#7848,#7854),.PCURVE_S1.);
#7844 = LINE('',#7845,#7846);
#7845 = CARTESIAN_POINT('',(0.9,48.15,6.));
#7846 = VECTOR('',#7847,1.);
#7847 = DIRECTION('',(1.,-1.224646799147E-16,0.));
#7848 = PCURVE('',#100,#7849);
#7849 = DEFINITIONAL_REPRESENTATION('',(#7850),#7853);
#7850 = B_SPLINE_CURVE_WITH_KNOTS('',1,(#7851,#7852),.UNSPECIFIED.,.F.,
  .F.,(2,2),(-2.7,0.9),.PIECEWISE_BEZIER_KNOTS.);
#7851 = CARTESIAN_POINT('',(-1.8,48.15));
#7852 = CARTESIAN_POINT('',(1.8,48.15));
#7853 = ( GEOMETRIC_REPRESENTATION_CONTEXT(2) 
PARAMETRIC_REPRESENTATION_CONTEXT() REPRESENTATION_CONTEXT('2D SPACE',''
  ) );
#7854 = PCURVE('',#3286,#7855);
#7855 = DEFINITIONAL_REPRESENTATION('',(#7856),#7859);
#7856 = B_SPLINE_CURVE_WITH_KNOTS('',1,(#7857,#7858),.UNSPECIFIED.,.F.,
  .F.,(2,2),(-2.7,0.9),.PIECEWISE_BEZIER_KNOTS.);
#7857 = CARTESIAN_POINT('',(3.6,-6.05));
#7858 = CARTESIAN_POINT('',(0.,-6.05));
#7859 = ( GEOMETRIC_REPRESENTATION_CONTEXT(2) 
PARAMETRIC_REPRESENTATION_CONTEXT() REPRESENTATION_CONTEXT('2D SPACE',''
  ) );
#7860 = ORIENTED_EDGE('',*,*,#7861,.T.);
#7861 = EDGE_CURVE('',#7839,#7862,#7864,.T.);
#7862 = VERTEX_POINT('',#7863);
#7863 = CARTESIAN_POINT('',(-5.349044307891,50.507758564901,6.));
#7864 = SURFACE_CURVE('',#7865,(#7870,#7881),.PCURVE_S1.);
#7865 = CIRCLE('',#7866,3.85);
#7866 = AXIS2_PLACEMENT_3D('',#7867,#7868,#7869);
#7867 = CARTESIAN_POINT('',(-1.8,52.,6.));
#7868 = DIRECTION('',(-0.,0.,-1.));
#7869 = DIRECTION('',(-1.801386032719E-16,-1.,0.));
#7870 = PCURVE('',#100,#7871);
#7871 = DEFINITIONAL_REPRESENTATION('',(#7872),#7880);
#7872 = ( BOUNDED_CURVE() B_SPLINE_CURVE(2,(#7873,#7874,#7875,#7876,
#7877,#7878,#7879),.UNSPECIFIED.,.T.,.F.) B_SPLINE_CURVE_WITH_KNOTS((1,2
    ,2,2,2,1),(-2.094395102393,0.,2.094395102393,4.188790204786,
6.28318530718,8.377580409573),.UNSPECIFIED.) CURVE() 
GEOMETRIC_REPRESENTATION_ITEM() RATIONAL_B_SPLINE_CURVE((1.,0.5,1.,0.5,
1.,0.5,1.)) REPRESENTATION_ITEM('') );
#7873 = CARTESIAN_POINT('',(-1.8,48.15));
#7874 = CARTESIAN_POINT('',(-8.46839560914,48.15));
#7875 = CARTESIAN_POINT('',(-5.13419780457,53.925));
#7876 = CARTESIAN_POINT('',(-1.8,59.7));
#7877 = CARTESIAN_POINT('',(1.53419780457,53.925));
#7878 = CARTESIAN_POINT('',(4.86839560914,48.15));
#7879 = CARTESIAN_POINT('',(-1.8,48.15));
#7880 = ( GEOMETRIC_REPRESENTATION_CONTEXT(2) 
PARAMETRIC_REPRESENTATION_CONTEXT() REPRESENTATION_CONTEXT('2D SPACE',''
  ) );
#7881 = PCURVE('',#3318,#7882);
#7882 = DEFINITIONAL_REPRESENTATION('',(#7883),#7887);
#7883 = LINE('',#7884,#7885);
#7884 = CARTESIAN_POINT('',(0.,-6.05));
#7885 = VECTOR('',#7886,1.);
#7886 = DIRECTION('',(1.,0.));
#7887 = ( GEOMETRIC_REPRESENTATION_CONTEXT(2) 
PARAMETRIC_REPRESENTATION_CONTEXT() REPRESENTATION_CONTEXT('2D SPACE',''
  ) );
#7888 = ORIENTED_EDGE('',*,*,#7889,.T.);
#7889 = EDGE_CURVE('',#7862,#7890,#7892,.T.);
#7890 = VERTEX_POINT('',#7891);
#7891 = CARTESIAN_POINT('',(-5.349044307891,53.492241435099,6.));
#7892 = SURFACE_CURVE('',#7893,(#7898,#7909),.PCURVE_S1.);
#7893 = CIRCLE('',#7894,2.2);
#7894 = AXIS2_PLACEMENT_3D('',#7895,#7896,#7897);
#7895 = CARTESIAN_POINT('',(-3.7325,52.,6.));
#7896 = DIRECTION('',(-0.,0.,-1.));
#7897 = DIRECTION('',(-5.261821434148E-16,-1.,0.));
#7898 = PCURVE('',#100,#7899);
#7899 = DEFINITIONAL_REPRESENTATION('',(#7900),#7908);
#7900 = ( BOUNDED_CURVE() B_SPLINE_CURVE(2,(#7901,#7902,#7903,#7904,
#7905,#7906,#7907),.UNSPECIFIED.,.T.,.F.) B_SPLINE_CURVE_WITH_KNOTS((1,2
    ,2,2,2,1),(-2.094395102393,0.,2.094395102393,4.188790204786,
6.28318530718,8.377580409573),.UNSPECIFIED.) CURVE() 
GEOMETRIC_REPRESENTATION_ITEM() RATIONAL_B_SPLINE_CURVE((1.,0.5,1.,0.5,
1.,0.5,1.)) REPRESENTATION_ITEM('') );
#7901 = CARTESIAN_POINT('',(-3.7325,49.8));
#7902 = CARTESIAN_POINT('',(-7.543011776652,49.8));
#7903 = CARTESIAN_POINT('',(-5.637755888326,53.1));
#7904 = CARTESIAN_POINT('',(-3.7325,56.4));
#7905 = CARTESIAN_POINT('',(-1.827244111674,53.1));
#7906 = CARTESIAN_POINT('',(7.801177665154E-02,49.8));
#7907 = CARTESIAN_POINT('',(-3.7325,49.8));
#7908 = ( GEOMETRIC_REPRESENTATION_CONTEXT(2) 
PARAMETRIC_REPRESENTATION_CONTEXT() REPRESENTATION_CONTEXT('2D SPACE',''
  ) );
#7909 = PCURVE('',#3351,#7910);
#7910 = DEFINITIONAL_REPRESENTATION('',(#7911),#7915);
#7911 = LINE('',#7912,#7913);
#7912 = CARTESIAN_POINT('',(0.,-6.05));
#7913 = VECTOR('',#7914,1.);
#7914 = DIRECTION('',(1.,0.));
#7915 = ( GEOMETRIC_REPRESENTATION_CONTEXT(2) 
PARAMETRIC_REPRESENTATION_CONTEXT() REPRESENTATION_CONTEXT('2D SPACE',''
  ) );
#7916 = ORIENTED_EDGE('',*,*,#7917,.T.);
#7917 = EDGE_CURVE('',#7890,#7918,#7920,.T.);
#7918 = VERTEX_POINT('',#7919);
#7919 = CARTESIAN_POINT('',(-1.8,55.85,6.));
#7920 = SURFACE_CURVE('',#7921,(#7926,#7937),.PCURVE_S1.);
#7921 = CIRCLE('',#7922,3.85);
#7922 = AXIS2_PLACEMENT_3D('',#7923,#7924,#7925);
#7923 = CARTESIAN_POINT('',(-1.8,52.,6.));
#7924 = DIRECTION('',(-0.,0.,-1.));
#7925 = DIRECTION('',(-1.801386032719E-16,-1.,0.));
#7926 = PCURVE('',#100,#7927);
#7927 = DEFINITIONAL_REPRESENTATION('',(#7928),#7936);
#7928 = ( BOUNDED_CURVE() B_SPLINE_CURVE(2,(#7929,#7930,#7931,#7932,
#7933,#7934,#7935),.UNSPECIFIED.,.T.,.F.) B_SPLINE_CURVE_WITH_KNOTS((1,2
    ,2,2,2,1),(-2.094395102393,0.,2.094395102393,4.188790204786,
6.28318530718,8.377580409573),.UNSPECIFIED.) CURVE() 
GEOMETRIC_REPRESENTATION_ITEM() RATIONAL_B_SPLINE_CURVE((1.,0.5,1.,0.5,
1.,0.5,1.)) REPRESENTATION_ITEM('') );
#7929 = CARTESIAN_POINT('',(-1.8,48.15));
#7930 = CARTESIAN_POINT('',(-8.46839560914,48.15));
#7931 = CARTESIAN_POINT('',(-5.13419780457,53.925));
#7932 = CARTESIAN_POINT('',(-1.8,59.7));
#7933 = CARTESIAN_POINT('',(1.53419780457,53.925));
#7934 = CARTESIAN_POINT('',(4.86839560914,48.15));
#7935 = CARTESIAN_POINT('',(-1.8,48.15));
#7936 = ( GEOMETRIC_REPRESENTATION_CONTEXT(2) 
PARAMETRIC_REPRESENTATION_CONTEXT() REPRESENTATION_CONTEXT('2D SPACE',''
  ) );
#7937 = PCURVE('',#3384,#7938);
#7938 = DEFINITIONAL_REPRESENTATION('',(#7939),#7943);
#7939 = LINE('',#7940,#7941);
#7940 = CARTESIAN_POINT('',(0.,-6.05));
#7941 = VECTOR('',#7942,1.);
#7942 = DIRECTION('',(1.,0.));
#7943 = ( GEOMETRIC_REPRESENTATION_CONTEXT(2) 
PARAMETRIC_REPRESENTATION_CONTEXT() REPRESENTATION_CONTEXT('2D SPACE',''
  ) );
#7944 = ORIENTED_EDGE('',*,*,#7945,.F.);
#7945 = EDGE_CURVE('',#7946,#7918,#7948,.T.);
#7946 = VERTEX_POINT('',#7947);
#7947 = CARTESIAN_POINT('',(1.8,55.85,6.));
#7948 = SURFACE_CURVE('',#7949,(#7953,#7959),.PCURVE_S1.);
#7949 = LINE('',#7950,#7951);
#7950 = CARTESIAN_POINT('',(-0.9,55.85,6.));
#7951 = VECTOR('',#7952,1.);
#7952 = DIRECTION('',(-1.,1.224646799147E-16,0.));
#7953 = PCURVE('',#100,#7954);
#7954 = DEFINITIONAL_REPRESENTATION('',(#7955),#7958);
#7955 = B_SPLINE_CURVE_WITH_KNOTS('',1,(#7956,#7957),.UNSPECIFIED.,.F.,
  .F.,(2,2),(-2.7,0.9),.PIECEWISE_BEZIER_KNOTS.);
#7956 = CARTESIAN_POINT('',(1.8,55.85));
#7957 = CARTESIAN_POINT('',(-1.8,55.85));
#7958 = ( GEOMETRIC_REPRESENTATION_CONTEXT(2) 
PARAMETRIC_REPRESENTATION_CONTEXT() REPRESENTATION_CONTEXT('2D SPACE',''
  ) );
#7959 = PCURVE('',#3411,#7960);
#7960 = DEFINITIONAL_REPRESENTATION('',(#7961),#7964);
#7961 = B_SPLINE_CURVE_WITH_KNOTS('',1,(#7962,#7963),.UNSPECIFIED.,.F.,
  .F.,(2,2),(-2.7,0.9),.PIECEWISE_BEZIER_KNOTS.);
#7962 = CARTESIAN_POINT('',(3.6,-6.05));
#7963 = CARTESIAN_POINT('',(0.,-6.05));
#7964 = ( GEOMETRIC_REPRESENTATION_CONTEXT(2) 
PARAMETRIC_REPRESENTATION_CONTEXT() REPRESENTATION_CONTEXT('2D SPACE',''
  ) );
#7965 = ORIENTED_EDGE('',*,*,#7966,.T.);
#7966 = EDGE_CURVE('',#7946,#7967,#7969,.T.);
#7967 = VERTEX_POINT('',#7968);
#7968 = CARTESIAN_POINT('',(5.349044307891,53.492241435099,6.));
#7969 = SURFACE_CURVE('',#7970,(#7975,#7986),.PCURVE_S1.);
#7970 = CIRCLE('',#7971,3.85);
#7971 = AXIS2_PLACEMENT_3D('',#7972,#7973,#7974);
#7972 = CARTESIAN_POINT('',(1.8,52.,6.));
#7973 = DIRECTION('',(0.,0.,-1.));
#7974 = DIRECTION('',(1.801386032719E-16,1.,0.));
#7975 = PCURVE('',#100,#7976);
#7976 = DEFINITIONAL_REPRESENTATION('',(#7977),#7985);
#7977 = ( BOUNDED_CURVE() B_SPLINE_CURVE(2,(#7978,#7979,#7980,#7981,
#7982,#7983,#7984),.UNSPECIFIED.,.T.,.F.) B_SPLINE_CURVE_WITH_KNOTS((1,2
    ,2,2,2,1),(-2.094395102393,0.,2.094395102393,4.188790204786,
6.28318530718,8.377580409573),.UNSPECIFIED.) CURVE() 
GEOMETRIC_REPRESENTATION_ITEM() RATIONAL_B_SPLINE_CURVE((1.,0.5,1.,0.5,
1.,0.5,1.)) REPRESENTATION_ITEM('') );
#7978 = CARTESIAN_POINT('',(1.8,55.85));
#7979 = CARTESIAN_POINT('',(8.46839560914,55.85));
#7980 = CARTESIAN_POINT('',(5.13419780457,50.075));
#7981 = CARTESIAN_POINT('',(1.8,44.3));
#7982 = CARTESIAN_POINT('',(-1.53419780457,50.075));
#7983 = CARTESIAN_POINT('',(-4.86839560914,55.85));
#7984 = CARTESIAN_POINT('',(1.8,55.85));
#7985 = ( GEOMETRIC_REPRESENTATION_CONTEXT(2) 
PARAMETRIC_REPRESENTATION_CONTEXT() REPRESENTATION_CONTEXT('2D SPACE',''
  ) );
#7986 = PCURVE('',#3443,#7987);
#7987 = DEFINITIONAL_REPRESENTATION('',(#7988),#7992);
#7988 = LINE('',#7989,#7990);
#7989 = CARTESIAN_POINT('',(0.,-6.05));
#7990 = VECTOR('',#7991,1.);
#7991 = DIRECTION('',(1.,0.));
#7992 = ( GEOMETRIC_REPRESENTATION_CONTEXT(2) 
PARAMETRIC_REPRESENTATION_CONTEXT() REPRESENTATION_CONTEXT('2D SPACE',''
  ) );
#7993 = ORIENTED_EDGE('',*,*,#7994,.T.);
#7994 = EDGE_CURVE('',#7967,#7995,#7997,.T.);
#7995 = VERTEX_POINT('',#7996);
#7996 = CARTESIAN_POINT('',(5.349044307891,50.507758564901,6.));
#7997 = SURFACE_CURVE('',#7998,(#8003,#8014),.PCURVE_S1.);
#7998 = CIRCLE('',#7999,2.2);
#7999 = AXIS2_PLACEMENT_3D('',#8000,#8001,#8002);
#8000 = CARTESIAN_POINT('',(3.7325,52.,6.));
#8001 = DIRECTION('',(0.,0.,-1.));
#8002 = DIRECTION('',(5.261821434148E-16,1.,0.));
#8003 = PCURVE('',#100,#8004);
#8004 = DEFINITIONAL_REPRESENTATION('',(#8005),#8013);
#8005 = ( BOUNDED_CURVE() B_SPLINE_CURVE(2,(#8006,#8007,#8008,#8009,
#8010,#8011,#8012),.UNSPECIFIED.,.T.,.F.) B_SPLINE_CURVE_WITH_KNOTS((1,2
    ,2,2,2,1),(-2.094395102393,0.,2.094395102393,4.188790204786,
6.28318530718,8.377580409573),.UNSPECIFIED.) CURVE() 
GEOMETRIC_REPRESENTATION_ITEM() RATIONAL_B_SPLINE_CURVE((1.,0.5,1.,0.5,
1.,0.5,1.)) REPRESENTATION_ITEM('') );
#8006 = CARTESIAN_POINT('',(3.7325,54.2));
#8007 = CARTESIAN_POINT('',(7.543011776652,54.2));
#8008 = CARTESIAN_POINT('',(5.637755888326,50.9));
#8009 = CARTESIAN_POINT('',(3.7325,47.6));
#8010 = CARTESIAN_POINT('',(1.827244111674,50.9));
#8011 = CARTESIAN_POINT('',(-7.801177665153E-02,54.2));
#8012 = CARTESIAN_POINT('',(3.7325,54.2));
#8013 = ( GEOMETRIC_REPRESENTATION_CONTEXT(2) 
PARAMETRIC_REPRESENTATION_CONTEXT() REPRESENTATION_CONTEXT('2D SPACE',''
  ) );
#8014 = PCURVE('',#3476,#8015);
#8015 = DEFINITIONAL_REPRESENTATION('',(#8016),#8020);
#8016 = LINE('',#8017,#8018);
#8017 = CARTESIAN_POINT('',(0.,-6.05));
#8018 = VECTOR('',#8019,1.);
#8019 = DIRECTION('',(1.,0.));
#8020 = ( GEOMETRIC_REPRESENTATION_CONTEXT(2) 
PARAMETRIC_REPRESENTATION_CONTEXT() REPRESENTATION_CONTEXT('2D SPACE',''
  ) );
#8021 = ORIENTED_EDGE('',*,*,#8022,.T.);
#8022 = EDGE_CURVE('',#7995,#7841,#8023,.T.);
#8023 = SURFACE_CURVE('',#8024,(#8029,#8040),.PCURVE_S1.);
#8024 = CIRCLE('',#8025,3.85);
#8025 = AXIS2_PLACEMENT_3D('',#8026,#8027,#8028);
#8026 = CARTESIAN_POINT('',(1.8,52.,6.));
#8027 = DIRECTION('',(0.,0.,-1.));
#8028 = DIRECTION('',(1.801386032719E-16,1.,0.));
#8029 = PCURVE('',#100,#8030);
#8030 = DEFINITIONAL_REPRESENTATION('',(#8031),#8039);
#8031 = ( BOUNDED_CURVE() B_SPLINE_CURVE(2,(#8032,#8033,#8034,#8035,
#8036,#8037,#8038),.UNSPECIFIED.,.T.,.F.) B_SPLINE_CURVE_WITH_KNOTS((1,2
    ,2,2,2,1),(-2.094395102393,0.,2.094395102393,4.188790204786,
6.28318530718,8.377580409573),.UNSPECIFIED.) CURVE() 
GEOMETRIC_REPRESENTATION_ITEM() RATIONAL_B_SPLINE_CURVE((1.,0.5,1.,0.5,
1.,0.5,1.)) REPRESENTATION_ITEM('') );
#8032 = CARTESIAN_POINT('',(1.8,55.85));
#8033 = CARTESIAN_POINT('',(8.46839560914,55.85));
#8034 = CARTESIAN_POINT('',(5.13419780457,50.075));
#8035 = CARTESIAN_POINT('',(1.8,44.3));
#8036 = CARTESIAN_POINT('',(-1.53419780457,50.075));
#8037 = CARTESIAN_POINT('',(-4.86839560914,55.85));
#8038 = CARTESIAN_POINT('',(1.8,55.85));
#8039 = ( GEOMETRIC_REPRESENTATION_CONTEXT(2) 
PARAMETRIC_REPRESENTATION_CONTEXT() REPRESENTATION_CONTEXT('2D SPACE',''
  ) );
#8040 = PCURVE('',#3507,#8041);
#8041 = DEFINITIONAL_REPRESENTATION('',(#8042),#8046);
#8042 = LINE('',#8043,#8044);
#8043 = CARTESIAN_POINT('',(0.,-6.05));
#8044 = VECTOR('',#8045,1.);
#8045 = DIRECTION('',(1.,0.));
#8046 = ( GEOMETRIC_REPRESENTATION_CONTEXT(2) 
PARAMETRIC_REPRESENTATION_CONTEXT() REPRESENTATION_CONTEXT('2D SPACE',''
  ) );
#8047 = ADVANCED_FACE('',(#8048),#72,.F.);
#8048 = FACE_BOUND('',#8049,.F.);
#8049 = EDGE_LOOP('',(#8050,#8051,#8052,#8053));
#8050 = ORIENTED_EDGE('',*,*,#3826,.F.);
#8051 = ORIENTED_EDGE('',*,*,#57,.T.);
#8052 = ORIENTED_EDGE('',*,*,#143,.T.);
#8053 = ORIENTED_EDGE('',*,*,#8054,.F.);
#8054 = EDGE_CURVE('',#3827,#144,#8055,.T.);
#8055 = SURFACE_CURVE('',#8056,(#8060,#8066),.PCURVE_S1.);
#8056 = LINE('',#8057,#8058);
#8057 = CARTESIAN_POINT('',(62.516209334715,31.491642866292,0.));
#8058 = VECTOR('',#8059,1.);
#8059 = DIRECTION('',(-0.,-0.,-1.));
#8060 = PCURVE('',#72,#8061);
#8061 = DEFINITIONAL_REPRESENTATION('',(#8062),#8065);
#8062 = B_SPLINE_CURVE_WITH_KNOTS('',1,(#8063,#8064),.UNSPECIFIED.,.F.,
  .F.,(2,2),(-6.,0.),.PIECEWISE_BEZIER_KNOTS.);
#8063 = CARTESIAN_POINT('',(4.103740866232,0.));
#8064 = CARTESIAN_POINT('',(4.103740866232,6.));
#8065 = ( GEOMETRIC_REPRESENTATION_CONTEXT(2) 
PARAMETRIC_REPRESENTATION_CONTEXT() REPRESENTATION_CONTEXT('2D SPACE',''
  ) );
#8066 = PCURVE('',#211,#8067);
#8067 = DEFINITIONAL_REPRESENTATION('',(#8068),#8071);
#8068 = B_SPLINE_CURVE_WITH_KNOTS('',1,(#8069,#8070),.UNSPECIFIED.,.F.,
  .F.,(2,2),(-6.,0.),.PIECEWISE_BEZIER_KNOTS.);
#8069 = CARTESIAN_POINT('',(-6.749816962256,-6.));
#8070 = CARTESIAN_POINT('',(-6.749816962256,0.));
#8071 = ( GEOMETRIC_REPRESENTATION_CONTEXT(2) 
PARAMETRIC_REPRESENTATION_CONTEXT() REPRESENTATION_CONTEXT('2D SPACE',''
  ) );
#8072 = ADVANCED_FACE('',(#8073),#211,.T.);
#8073 = FACE_BOUND('',#8074,.F.);
#8074 = EDGE_LOOP('',(#8075,#8076,#8077,#8078));
#8075 = ORIENTED_EDGE('',*,*,#196,.F.);
#8076 = ORIENTED_EDGE('',*,*,#3803,.F.);
#8077 = ORIENTED_EDGE('',*,*,#3852,.F.);
#8078 = ORIENTED_EDGE('',*,*,#8054,.T.);
#8079 = ADVANCED_FACE('',(#8080),#242,.F.);
#8080 = FACE_BOUND('',#8081,.F.);
#8081 = EDGE_LOOP('',(#8082,#8083,#8104,#8105,#8130,#8131));
#8082 = ORIENTED_EDGE('',*,*,#225,.T.);
#8083 = ORIENTED_EDGE('',*,*,#8084,.T.);
#8084 = EDGE_CURVE('',#228,#4170,#8085,.T.);
#8085 = SURFACE_CURVE('',#8086,(#8090,#8097),.PCURVE_S1.);
#8086 = LINE('',#8087,#8088);
#8087 = CARTESIAN_POINT('',(-25.63384572681,-40.79912319222,-5.E-02));
#8088 = VECTOR('',#8089,1.);
#8089 = DIRECTION('',(0.,0.,1.));
#8090 = PCURVE('',#242,#8091);
#8091 = DEFINITIONAL_REPRESENTATION('',(#8092),#8096);
#8092 = LINE('',#8093,#8094);
#8093 = CARTESIAN_POINT('',(0.,0.));
#8094 = VECTOR('',#8095,1.);
#8095 = DIRECTION('',(0.,-1.));
#8096 = ( GEOMETRIC_REPRESENTATION_CONTEXT(2) 
PARAMETRIC_REPRESENTATION_CONTEXT() REPRESENTATION_CONTEXT('2D SPACE',''
  ) );
#8097 = PCURVE('',#463,#8098);
#8098 = DEFINITIONAL_REPRESENTATION('',(#8099),#8103);
#8099 = LINE('',#8100,#8101);
#8100 = CARTESIAN_POINT('',(3.14159265359,0.));
#8101 = VECTOR('',#8102,1.);
#8102 = DIRECTION('',(0.,-1.));
#8103 = ( GEOMETRIC_REPRESENTATION_CONTEXT(2) 
PARAMETRIC_REPRESENTATION_CONTEXT() REPRESENTATION_CONTEXT('2D SPACE',''
  ) );
#8104 = ORIENTED_EDGE('',*,*,#4197,.F.);
#8105 = ORIENTED_EDGE('',*,*,#8106,.F.);
#8106 = EDGE_CURVE('',#3883,#4198,#8107,.T.);
#8107 = SURFACE_CURVE('',#8108,(#8112,#8118),.PCURVE_S1.);
#8108 = LINE('',#8109,#8110);
#8109 = CARTESIAN_POINT('',(-24.8544228634,-41.24912319222,6.));
#8110 = VECTOR('',#8111,1.);
#8111 = DIRECTION('',(-0.866025403784,0.5,0.));
#8112 = PCURVE('',#242,#8113);
#8113 = DEFINITIONAL_REPRESENTATION('',(#8114),#8117);
#8114 = B_SPLINE_CURVE_WITH_KNOTS('',1,(#8115,#8116),.UNSPECIFIED.,.F.,
  .F.,(2,2),(-2.7,0.9),.PIECEWISE_BEZIER_KNOTS.);
#8115 = CARTESIAN_POINT('',(3.6,-6.05));
#8116 = CARTESIAN_POINT('',(0.,-6.05));
#8117 = ( GEOMETRIC_REPRESENTATION_CONTEXT(2) 
PARAMETRIC_REPRESENTATION_CONTEXT() REPRESENTATION_CONTEXT('2D SPACE',''
  ) );
#8118 = PCURVE('',#8119,#8124);
#8119 = PLANE('',#8120);
#8120 = AXIS2_PLACEMENT_3D('',#8121,#8122,#8123);
#8121 = CARTESIAN_POINT('',(-21.,-36.37306695894,6.));
#8122 = DIRECTION('',(0.,0.,1.));
#8123 = DIRECTION('',(1.,0.,-0.));
#8124 = DEFINITIONAL_REPRESENTATION('',(#8125),#8129);
#8125 = LINE('',#8126,#8127);
#8126 = CARTESIAN_POINT('',(-3.854422863406,-4.876056233274));
#8127 = VECTOR('',#8128,1.);
#8128 = DIRECTION('',(-0.866025403784,0.5));
#8129 = ( GEOMETRIC_REPRESENTATION_CONTEXT(2) 
PARAMETRIC_REPRESENTATION_CONTEXT() REPRESENTATION_CONTEXT('2D SPACE',''
  ) );
#8130 = ORIENTED_EDGE('',*,*,#3880,.F.);
#8131 = ORIENTED_EDGE('',*,*,#8132,.F.);
#8132 = EDGE_CURVE('',#226,#3881,#8133,.T.);
#8133 = SURFACE_CURVE('',#8134,(#8138,#8145),.PCURVE_S1.);
#8134 = LINE('',#8135,#8136);
#8135 = CARTESIAN_POINT('',(-22.51615427318,-42.59912319222,-5.E-02));
#8136 = VECTOR('',#8137,1.);
#8137 = DIRECTION('',(0.,0.,1.));
#8138 = PCURVE('',#242,#8139);
#8139 = DEFINITIONAL_REPRESENTATION('',(#8140),#8144);
#8140 = LINE('',#8141,#8142);
#8141 = CARTESIAN_POINT('',(3.6,0.));
#8142 = VECTOR('',#8143,1.);
#8143 = DIRECTION('',(0.,-1.));
#8144 = ( GEOMETRIC_REPRESENTATION_CONTEXT(2) 
PARAMETRIC_REPRESENTATION_CONTEXT() REPRESENTATION_CONTEXT('2D SPACE',''
  ) );
#8145 = PCURVE('',#274,#8146);
#8146 = DEFINITIONAL_REPRESENTATION('',(#8147),#8151);
#8147 = LINE('',#8148,#8149);
#8148 = CARTESIAN_POINT('',(0.,0.));
#8149 = VECTOR('',#8150,1.);
#8150 = DIRECTION('',(0.,-1.));
#8151 = ( GEOMETRIC_REPRESENTATION_CONTEXT(2) 
PARAMETRIC_REPRESENTATION_CONTEXT() REPRESENTATION_CONTEXT('2D SPACE',''
  ) );
#8152 = ADVANCED_FACE('',(#8153),#274,.F.);
#8153 = FACE_BOUND('',#8154,.F.);
#8154 = EDGE_LOOP('',(#8155,#8156,#8157,#8158));
#8155 = ORIENTED_EDGE('',*,*,#253,.F.);
#8156 = ORIENTED_EDGE('',*,*,#8132,.T.);
#8157 = ORIENTED_EDGE('',*,*,#3903,.T.);
#8158 = ORIENTED_EDGE('',*,*,#8159,.T.);
#8159 = EDGE_CURVE('',#3904,#254,#8160,.T.);
#8160 = SURFACE_CURVE('',#8161,(#8165,#8171),.PCURVE_S1.);
#8161 = LINE('',#8162,#8163);
#8162 = CARTESIAN_POINT('',(-20.62147102584,-46.41552415936,-5.E-02));
#8163 = VECTOR('',#8164,1.);
#8164 = DIRECTION('',(0.,0.,-1.));
#8165 = PCURVE('',#274,#8166);
#8166 = DEFINITIONAL_REPRESENTATION('',(#8167),#8170);
#8167 = B_SPLINE_CURVE_WITH_KNOTS('',1,(#8168,#8169),.UNSPECIFIED.,.F.,
  .F.,(2,2),(-6.0500006,-4.99994E-02),.PIECEWISE_BEZIER_KNOTS.);
#8168 = CARTESIAN_POINT('',(1.172774918126,-6.0500006));
#8169 = CARTESIAN_POINT('',(1.172774918126,-4.99994E-02));
#8170 = ( GEOMETRIC_REPRESENTATION_CONTEXT(2) 
PARAMETRIC_REPRESENTATION_CONTEXT() REPRESENTATION_CONTEXT('2D SPACE',''
  ) );
#8171 = PCURVE('',#307,#8172);
#8172 = DEFINITIONAL_REPRESENTATION('',(#8173),#8176);
#8173 = B_SPLINE_CURVE_WITH_KNOTS('',1,(#8174,#8175),.UNSPECIFIED.,.F.,
  .F.,(2,2),(-6.0500006,-4.99994E-02),.PIECEWISE_BEZIER_KNOTS.);
#8174 = CARTESIAN_POINT('',(0.825361256204,-6.0500006));
#8175 = CARTESIAN_POINT('',(0.825361256204,-4.99994E-02));
#8176 = ( GEOMETRIC_REPRESENTATION_CONTEXT(2) 
PARAMETRIC_REPRESENTATION_CONTEXT() REPRESENTATION_CONTEXT('2D SPACE',''
  ) );
#8177 = ADVANCED_FACE('',(#8178),#463,.F.);
#8178 = FACE_BOUND('',#8179,.F.);
#8179 = EDGE_LOOP('',(#8180,#8181,#8200,#8201));
#8180 = ORIENTED_EDGE('',*,*,#444,.F.);
#8181 = ORIENTED_EDGE('',*,*,#8182,.F.);
#8182 = EDGE_CURVE('',#4142,#412,#8183,.T.);
#8183 = SURFACE_CURVE('',#8184,(#8188,#8194),.PCURVE_S1.);
#8184 = LINE('',#8185,#8186);
#8185 = CARTESIAN_POINT('',(-29.88628753905,-41.06647985147,-5.E-02));
#8186 = VECTOR('',#8187,1.);
#8187 = DIRECTION('',(-0.,0.,-1.));
#8188 = PCURVE('',#463,#8189);
#8189 = DEFINITIONAL_REPRESENTATION('',(#8190),#8193);
#8190 = B_SPLINE_CURVE_WITH_KNOTS('',1,(#8191,#8192),.UNSPECIFIED.,.F.,
  .F.,(2,2),(-6.0500006,-4.99994E-02),.PIECEWISE_BEZIER_KNOTS.);
#8191 = CARTESIAN_POINT('',(1.968817735464,-6.0500006));
#8192 = CARTESIAN_POINT('',(1.968817735464,-4.99994E-02));
#8193 = ( GEOMETRIC_REPRESENTATION_CONTEXT(2) 
PARAMETRIC_REPRESENTATION_CONTEXT() REPRESENTATION_CONTEXT('2D SPACE',''
  ) );
#8194 = PCURVE('',#432,#8195);
#8195 = DEFINITIONAL_REPRESENTATION('',(#8196),#8199);
#8196 = B_SPLINE_CURVE_WITH_KNOTS('',1,(#8197,#8198),.UNSPECIFIED.,.F.,
  .F.,(2,2),(-6.0500006,-4.99994E-02),.PIECEWISE_BEZIER_KNOTS.);
#8197 = CARTESIAN_POINT('',(2.316231397386,-6.0500006));
#8198 = CARTESIAN_POINT('',(2.316231397386,-4.99994E-02));
#8199 = ( GEOMETRIC_REPRESENTATION_CONTEXT(2) 
PARAMETRIC_REPRESENTATION_CONTEXT() REPRESENTATION_CONTEXT('2D SPACE',''
  ) );
#8200 = ORIENTED_EDGE('',*,*,#4169,.T.);
#8201 = ORIENTED_EDGE('',*,*,#8084,.F.);
#8202 = ADVANCED_FACE('',(#8203),#307,.F.);
#8203 = FACE_BOUND('',#8204,.F.);
#8204 = EDGE_LOOP('',(#8205,#8206,#8207,#8208));
#8205 = ORIENTED_EDGE('',*,*,#286,.F.);
#8206 = ORIENTED_EDGE('',*,*,#8159,.F.);
#8207 = ORIENTED_EDGE('',*,*,#3931,.T.);
#8208 = ORIENTED_EDGE('',*,*,#8209,.T.);
#8209 = EDGE_CURVE('',#3932,#287,#8210,.T.);
#8210 = SURFACE_CURVE('',#8211,(#8215,#8221),.PCURVE_S1.);
#8211 = LINE('',#8212,#8213);
#8212 = CARTESIAN_POINT('',(-22.11371246094,-49.00016214211,-5.E-02));
#8213 = VECTOR('',#8214,1.);
#8214 = DIRECTION('',(0.,0.,-1.));
#8215 = PCURVE('',#307,#8216);
#8216 = DEFINITIONAL_REPRESENTATION('',(#8217),#8220);
#8217 = B_SPLINE_CURVE_WITH_KNOTS('',1,(#8218,#8219),.UNSPECIFIED.,.F.,
  .F.,(2,2),(-6.0500006,-4.99994E-02),.PIECEWISE_BEZIER_KNOTS.);
#8218 = CARTESIAN_POINT('',(2.316231397386,-6.0500006));
#8219 = CARTESIAN_POINT('',(2.316231397386,-4.99994E-02));
#8220 = ( GEOMETRIC_REPRESENTATION_CONTEXT(2) 
PARAMETRIC_REPRESENTATION_CONTEXT() REPRESENTATION_CONTEXT('2D SPACE',''
  ) );
#8221 = PCURVE('',#340,#8222);
#8222 = DEFINITIONAL_REPRESENTATION('',(#8223),#8226);
#8223 = B_SPLINE_CURVE_WITH_KNOTS('',1,(#8224,#8225),.UNSPECIFIED.,.F.,
  .F.,(2,2),(-6.0500006,-4.99994E-02),.PIECEWISE_BEZIER_KNOTS.);
#8224 = CARTESIAN_POINT('',(1.968817735464,-6.0500006));
#8225 = CARTESIAN_POINT('',(1.968817735464,-4.99994E-02));
#8226 = ( GEOMETRIC_REPRESENTATION_CONTEXT(2) 
PARAMETRIC_REPRESENTATION_CONTEXT() REPRESENTATION_CONTEXT('2D SPACE',''
  ) );
#8227 = ADVANCED_FACE('',(#8228),#432,.F.);
#8228 = FACE_BOUND('',#8229,.F.);
#8229 = EDGE_LOOP('',(#8230,#8231,#8250,#8251));
#8230 = ORIENTED_EDGE('',*,*,#411,.F.);
#8231 = ORIENTED_EDGE('',*,*,#8232,.F.);
#8232 = EDGE_CURVE('',#4114,#379,#8233,.T.);
#8233 = SURFACE_CURVE('',#8234,(#8238,#8244),.PCURVE_S1.);
#8234 = LINE('',#8235,#8236);
#8235 = CARTESIAN_POINT('',(-31.37852897415,-43.65111783422,-5.E-02));
#8236 = VECTOR('',#8237,1.);
#8237 = DIRECTION('',(-0.,0.,-1.));
#8238 = PCURVE('',#432,#8239);
#8239 = DEFINITIONAL_REPRESENTATION('',(#8240),#8243);
#8240 = B_SPLINE_CURVE_WITH_KNOTS('',1,(#8241,#8242),.UNSPECIFIED.,.F.,
  .F.,(2,2),(-6.0500006,-4.99994E-02),.PIECEWISE_BEZIER_KNOTS.);
#8241 = CARTESIAN_POINT('',(0.825361256204,-6.0500006));
#8242 = CARTESIAN_POINT('',(0.825361256204,-4.99994E-02));
#8243 = ( GEOMETRIC_REPRESENTATION_CONTEXT(2) 
PARAMETRIC_REPRESENTATION_CONTEXT() REPRESENTATION_CONTEXT('2D SPACE',''
  ) );
#8244 = PCURVE('',#399,#8245);
#8245 = DEFINITIONAL_REPRESENTATION('',(#8246),#8249);
#8246 = B_SPLINE_CURVE_WITH_KNOTS('',1,(#8247,#8248),.UNSPECIFIED.,.F.,
  .F.,(2,2),(-6.0500006,-4.99994E-02),.PIECEWISE_BEZIER_KNOTS.);
#8247 = CARTESIAN_POINT('',(1.172774918126,-6.0500006));
#8248 = CARTESIAN_POINT('',(1.172774918126,-4.99994E-02));
#8249 = ( GEOMETRIC_REPRESENTATION_CONTEXT(2) 
PARAMETRIC_REPRESENTATION_CONTEXT() REPRESENTATION_CONTEXT('2D SPACE',''
  ) );
#8250 = ORIENTED_EDGE('',*,*,#4141,.T.);
#8251 = ORIENTED_EDGE('',*,*,#8182,.T.);
#8252 = ADVANCED_FACE('',(#8253),#340,.F.);
#8253 = FACE_BOUND('',#8254,.F.);
#8254 = EDGE_LOOP('',(#8255,#8256,#8257,#8258));
#8255 = ORIENTED_EDGE('',*,*,#319,.F.);
#8256 = ORIENTED_EDGE('',*,*,#8209,.F.);
#8257 = ORIENTED_EDGE('',*,*,#3959,.T.);
#8258 = ORIENTED_EDGE('',*,*,#8259,.F.);
#8259 = EDGE_CURVE('',#320,#3960,#8260,.T.);
#8260 = SURFACE_CURVE('',#8261,(#8265,#8272),.PCURVE_S1.);
#8261 = LINE('',#8262,#8263);
#8262 = CARTESIAN_POINT('',(-26.36615427318,-49.26751880136,-5.E-02));
#8263 = VECTOR('',#8264,1.);
#8264 = DIRECTION('',(0.,0.,1.));
#8265 = PCURVE('',#340,#8266);
#8266 = DEFINITIONAL_REPRESENTATION('',(#8267),#8271);
#8267 = LINE('',#8268,#8269);
#8268 = CARTESIAN_POINT('',(3.14159265359,0.));
#8269 = VECTOR('',#8270,1.);
#8270 = DIRECTION('',(0.,-1.));
#8271 = ( GEOMETRIC_REPRESENTATION_CONTEXT(2) 
PARAMETRIC_REPRESENTATION_CONTEXT() REPRESENTATION_CONTEXT('2D SPACE',''
  ) );
#8272 = PCURVE('',#367,#8273);
#8273 = DEFINITIONAL_REPRESENTATION('',(#8274),#8278);
#8274 = LINE('',#8275,#8276);
#8275 = CARTESIAN_POINT('',(0.,0.));
#8276 = VECTOR('',#8277,1.);
#8277 = DIRECTION('',(0.,-1.));
#8278 = ( GEOMETRIC_REPRESENTATION_CONTEXT(2) 
PARAMETRIC_REPRESENTATION_CONTEXT() REPRESENTATION_CONTEXT('2D SPACE',''
  ) );
#8279 = ADVANCED_FACE('',(#8280),#399,.F.);
#8280 = FACE_BOUND('',#8281,.F.);
#8281 = EDGE_LOOP('',(#8282,#8283,#8304,#8305));
#8282 = ORIENTED_EDGE('',*,*,#378,.F.);
#8283 = ORIENTED_EDGE('',*,*,#8284,.T.);
#8284 = EDGE_CURVE('',#353,#4093,#8285,.T.);
#8285 = SURFACE_CURVE('',#8286,(#8290,#8297),.PCURVE_S1.);
#8286 = LINE('',#8287,#8288);
#8287 = CARTESIAN_POINT('',(-29.48384572681,-47.46751880136,-5.E-02));
#8288 = VECTOR('',#8289,1.);
#8289 = DIRECTION('',(0.,0.,1.));
#8290 = PCURVE('',#399,#8291);
#8291 = DEFINITIONAL_REPRESENTATION('',(#8292),#8296);
#8292 = LINE('',#8293,#8294);
#8293 = CARTESIAN_POINT('',(0.,0.));
#8294 = VECTOR('',#8295,1.);
#8295 = DIRECTION('',(0.,-1.));
#8296 = ( GEOMETRIC_REPRESENTATION_CONTEXT(2) 
PARAMETRIC_REPRESENTATION_CONTEXT() REPRESENTATION_CONTEXT('2D SPACE',''
  ) );
#8297 = PCURVE('',#367,#8298);
#8298 = DEFINITIONAL_REPRESENTATION('',(#8299),#8303);
#8299 = LINE('',#8300,#8301);
#8300 = CARTESIAN_POINT('',(3.6,0.));
#8301 = VECTOR('',#8302,1.);
#8302 = DIRECTION('',(0.,-1.));
#8303 = ( GEOMETRIC_REPRESENTATION_CONTEXT(2) 
PARAMETRIC_REPRESENTATION_CONTEXT() REPRESENTATION_CONTEXT('2D SPACE',''
  ) );
#8304 = ORIENTED_EDGE('',*,*,#4113,.T.);
#8305 = ORIENTED_EDGE('',*,*,#8232,.T.);
#8306 = ADVANCED_FACE('',(#8307),#367,.F.);
#8307 = FACE_BOUND('',#8308,.F.);
#8308 = EDGE_LOOP('',(#8309,#8310,#8311,#8312,#8332,#8333));
#8309 = ORIENTED_EDGE('',*,*,#352,.T.);
#8310 = ORIENTED_EDGE('',*,*,#8259,.T.);
#8311 = ORIENTED_EDGE('',*,*,#3987,.F.);
#8312 = ORIENTED_EDGE('',*,*,#8313,.F.);
#8313 = EDGE_CURVE('',#4065,#3988,#8314,.T.);
#8314 = SURFACE_CURVE('',#8315,(#8319,#8325),.PCURVE_S1.);
#8315 = LINE('',#8316,#8317);
#8316 = CARTESIAN_POINT('',(-27.14557713659,-48.81751880136,6.));
#8317 = VECTOR('',#8318,1.);
#8318 = DIRECTION('',(0.866025403784,-0.5,0.));
#8319 = PCURVE('',#367,#8320);
#8320 = DEFINITIONAL_REPRESENTATION('',(#8321),#8324);
#8321 = B_SPLINE_CURVE_WITH_KNOTS('',1,(#8322,#8323),.UNSPECIFIED.,.F.,
  .F.,(2,2),(-2.7,0.9),.PIECEWISE_BEZIER_KNOTS.);
#8322 = CARTESIAN_POINT('',(3.6,-6.05));
#8323 = CARTESIAN_POINT('',(0.,-6.05));
#8324 = ( GEOMETRIC_REPRESENTATION_CONTEXT(2) 
PARAMETRIC_REPRESENTATION_CONTEXT() REPRESENTATION_CONTEXT('2D SPACE',''
  ) );
#8325 = PCURVE('',#8119,#8326);
#8326 = DEFINITIONAL_REPRESENTATION('',(#8327),#8331);
#8327 = LINE('',#8328,#8329);
#8328 = CARTESIAN_POINT('',(-6.145577136594,-12.44445184241));
#8329 = VECTOR('',#8330,1.);
#8330 = DIRECTION('',(0.866025403784,-0.5));
#8331 = ( GEOMETRIC_REPRESENTATION_CONTEXT(2) 
PARAMETRIC_REPRESENTATION_CONTEXT() REPRESENTATION_CONTEXT('2D SPACE',''
  ) );
#8332 = ORIENTED_EDGE('',*,*,#4092,.F.);
#8333 = ORIENTED_EDGE('',*,*,#8284,.F.);
#8334 = ADVANCED_FACE('',(#8335),#494,.F.);
#8335 = FACE_BOUND('',#8336,.F.);
#8336 = EDGE_LOOP('',(#8337,#8338,#8359,#8360));
#8337 = ORIENTED_EDGE('',*,*,#477,.T.);
#8338 = ORIENTED_EDGE('',*,*,#8339,.T.);
#8339 = EDGE_CURVE('',#480,#4919,#8340,.T.);
#8340 = SURFACE_CURVE('',#8341,(#8345,#8352),.PCURVE_S1.);
#8341 = LINE('',#8342,#8343);
#8342 = CARTESIAN_POINT('',(-1.8,-48.15,-5.E-02));
#8343 = VECTOR('',#8344,1.);
#8344 = DIRECTION('',(0.,0.,1.));
#8345 = PCURVE('',#494,#8346);
#8346 = DEFINITIONAL_REPRESENTATION('',(#8347),#8351);
#8347 = LINE('',#8348,#8349);
#8348 = CARTESIAN_POINT('',(0.,0.));
#8349 = VECTOR('',#8350,1.);
#8350 = DIRECTION('',(0.,-1.));
#8351 = ( GEOMETRIC_REPRESENTATION_CONTEXT(2) 
PARAMETRIC_REPRESENTATION_CONTEXT() REPRESENTATION_CONTEXT('2D SPACE',''
  ) );
#8352 = PCURVE('',#715,#8353);
#8353 = DEFINITIONAL_REPRESENTATION('',(#8354),#8358);
#8354 = LINE('',#8355,#8356);
#8355 = CARTESIAN_POINT('',(3.14159265359,0.));
#8356 = VECTOR('',#8357,1.);
#8357 = DIRECTION('',(0.,-1.));
#8358 = ( GEOMETRIC_REPRESENTATION_CONTEXT(2) 
PARAMETRIC_REPRESENTATION_CONTEXT() REPRESENTATION_CONTEXT('2D SPACE',''
  ) );
#8359 = ORIENTED_EDGE('',*,*,#4916,.F.);
#8360 = ORIENTED_EDGE('',*,*,#8361,.F.);
#8361 = EDGE_CURVE('',#478,#4917,#8362,.T.);
#8362 = SURFACE_CURVE('',#8363,(#8367,#8374),.PCURVE_S1.);
#8363 = LINE('',#8364,#8365);
#8364 = CARTESIAN_POINT('',(1.8,-48.15,-5.E-02));
#8365 = VECTOR('',#8366,1.);
#8366 = DIRECTION('',(0.,0.,1.));
#8367 = PCURVE('',#494,#8368);
#8368 = DEFINITIONAL_REPRESENTATION('',(#8369),#8373);
#8369 = LINE('',#8370,#8371);
#8370 = CARTESIAN_POINT('',(3.6,0.));
#8371 = VECTOR('',#8372,1.);
#8372 = DIRECTION('',(0.,-1.));
#8373 = ( GEOMETRIC_REPRESENTATION_CONTEXT(2) 
PARAMETRIC_REPRESENTATION_CONTEXT() REPRESENTATION_CONTEXT('2D SPACE',''
  ) );
#8374 = PCURVE('',#526,#8375);
#8375 = DEFINITIONAL_REPRESENTATION('',(#8376),#8380);
#8376 = LINE('',#8377,#8378);
#8377 = CARTESIAN_POINT('',(0.,0.));
#8378 = VECTOR('',#8379,1.);
#8379 = DIRECTION('',(0.,-1.));
#8380 = ( GEOMETRIC_REPRESENTATION_CONTEXT(2) 
PARAMETRIC_REPRESENTATION_CONTEXT() REPRESENTATION_CONTEXT('2D SPACE',''
  ) );
#8381 = ADVANCED_FACE('',(#8382),#526,.F.);
#8382 = FACE_BOUND('',#8383,.F.);
#8383 = EDGE_LOOP('',(#8384,#8385,#8386,#8387));
#8384 = ORIENTED_EDGE('',*,*,#505,.F.);
#8385 = ORIENTED_EDGE('',*,*,#8361,.T.);
#8386 = ORIENTED_EDGE('',*,*,#4939,.T.);
#8387 = ORIENTED_EDGE('',*,*,#8388,.T.);
#8388 = EDGE_CURVE('',#4940,#506,#8389,.T.);
#8389 = SURFACE_CURVE('',#8390,(#8394,#8400),.PCURVE_S1.);
#8390 = LINE('',#8391,#8392);
#8391 = CARTESIAN_POINT('',(5.349044307891,-50.5077585649,-5.E-02));
#8392 = VECTOR('',#8393,1.);
#8393 = DIRECTION('',(0.,0.,-1.));
#8394 = PCURVE('',#526,#8395);
#8395 = DEFINITIONAL_REPRESENTATION('',(#8396),#8399);
#8396 = B_SPLINE_CURVE_WITH_KNOTS('',1,(#8397,#8398),.UNSPECIFIED.,.F.,
  .F.,(2,2),(-6.0500006,-4.99994E-02),.PIECEWISE_BEZIER_KNOTS.);
#8397 = CARTESIAN_POINT('',(1.172774918126,-6.0500006));
#8398 = CARTESIAN_POINT('',(1.172774918126,-4.99994E-02));
#8399 = ( GEOMETRIC_REPRESENTATION_CONTEXT(2) 
PARAMETRIC_REPRESENTATION_CONTEXT() REPRESENTATION_CONTEXT('2D SPACE',''
  ) );
#8400 = PCURVE('',#559,#8401);
#8401 = DEFINITIONAL_REPRESENTATION('',(#8402),#8405);
#8402 = B_SPLINE_CURVE_WITH_KNOTS('',1,(#8403,#8404),.UNSPECIFIED.,.F.,
  .F.,(2,2),(-6.0500006,-4.99994E-02),.PIECEWISE_BEZIER_KNOTS.);
#8403 = CARTESIAN_POINT('',(0.825361256204,-6.0500006));
#8404 = CARTESIAN_POINT('',(0.825361256204,-4.99994E-02));
#8405 = ( GEOMETRIC_REPRESENTATION_CONTEXT(2) 
PARAMETRIC_REPRESENTATION_CONTEXT() REPRESENTATION_CONTEXT('2D SPACE',''
  ) );
#8406 = ADVANCED_FACE('',(#8407),#715,.F.);
#8407 = FACE_BOUND('',#8408,.F.);
#8408 = EDGE_LOOP('',(#8409,#8410,#8429,#8430));
#8409 = ORIENTED_EDGE('',*,*,#696,.F.);
#8410 = ORIENTED_EDGE('',*,*,#8411,.F.);
#8411 = EDGE_CURVE('',#5073,#664,#8412,.T.);
#8412 = SURFACE_CURVE('',#8413,(#8417,#8423),.PCURVE_S1.);
#8413 = LINE('',#8414,#8415);
#8414 = CARTESIAN_POINT('',(-5.349044307891,-50.5077585649,-5.E-02));
#8415 = VECTOR('',#8416,1.);
#8416 = DIRECTION('',(-0.,0.,-1.));
#8417 = PCURVE('',#715,#8418);
#8418 = DEFINITIONAL_REPRESENTATION('',(#8419),#8422);
#8419 = B_SPLINE_CURVE_WITH_KNOTS('',1,(#8420,#8421),.UNSPECIFIED.,.F.,
  .F.,(2,2),(-6.0500006,-4.99994E-02),.PIECEWISE_BEZIER_KNOTS.);
#8420 = CARTESIAN_POINT('',(1.968817735464,-6.0500006));
#8421 = CARTESIAN_POINT('',(1.968817735464,-4.99994E-02));
#8422 = ( GEOMETRIC_REPRESENTATION_CONTEXT(2) 
PARAMETRIC_REPRESENTATION_CONTEXT() REPRESENTATION_CONTEXT('2D SPACE',''
  ) );
#8423 = PCURVE('',#684,#8424);
#8424 = DEFINITIONAL_REPRESENTATION('',(#8425),#8428);
#8425 = B_SPLINE_CURVE_WITH_KNOTS('',1,(#8426,#8427),.UNSPECIFIED.,.F.,
  .F.,(2,2),(-6.0500006,-4.99994E-02),.PIECEWISE_BEZIER_KNOTS.);
#8426 = CARTESIAN_POINT('',(2.316231397386,-6.0500006));
#8427 = CARTESIAN_POINT('',(2.316231397386,-4.99994E-02));
#8428 = ( GEOMETRIC_REPRESENTATION_CONTEXT(2) 
PARAMETRIC_REPRESENTATION_CONTEXT() REPRESENTATION_CONTEXT('2D SPACE',''
  ) );
#8429 = ORIENTED_EDGE('',*,*,#5100,.T.);
#8430 = ORIENTED_EDGE('',*,*,#8339,.F.);
#8431 = ADVANCED_FACE('',(#8432),#559,.F.);
#8432 = FACE_BOUND('',#8433,.F.);
#8433 = EDGE_LOOP('',(#8434,#8435,#8436,#8437));
#8434 = ORIENTED_EDGE('',*,*,#538,.F.);
#8435 = ORIENTED_EDGE('',*,*,#8388,.F.);
#8436 = ORIENTED_EDGE('',*,*,#4967,.T.);
#8437 = ORIENTED_EDGE('',*,*,#8438,.T.);
#8438 = EDGE_CURVE('',#4968,#539,#8439,.T.);
#8439 = SURFACE_CURVE('',#8440,(#8444,#8450),.PCURVE_S1.);
#8440 = LINE('',#8441,#8442);
#8441 = CARTESIAN_POINT('',(5.349044307891,-53.49224143509,-5.E-02));
#8442 = VECTOR('',#8443,1.);
#8443 = DIRECTION('',(0.,0.,-1.));
#8444 = PCURVE('',#559,#8445);
#8445 = DEFINITIONAL_REPRESENTATION('',(#8446),#8449);
#8446 = B_SPLINE_CURVE_WITH_KNOTS('',1,(#8447,#8448),.UNSPECIFIED.,.F.,
  .F.,(2,2),(-6.0500006,-4.99994E-02),.PIECEWISE_BEZIER_KNOTS.);
#8447 = CARTESIAN_POINT('',(2.316231397386,-6.0500006));
#8448 = CARTESIAN_POINT('',(2.316231397386,-4.99994E-02));
#8449 = ( GEOMETRIC_REPRESENTATION_CONTEXT(2) 
PARAMETRIC_REPRESENTATION_CONTEXT() REPRESENTATION_CONTEXT('2D SPACE',''
  ) );
#8450 = PCURVE('',#592,#8451);
#8451 = DEFINITIONAL_REPRESENTATION('',(#8452),#8455);
#8452 = B_SPLINE_CURVE_WITH_KNOTS('',1,(#8453,#8454),.UNSPECIFIED.,.F.,
  .F.,(2,2),(-6.0500006,-4.99994E-02),.PIECEWISE_BEZIER_KNOTS.);
#8453 = CARTESIAN_POINT('',(1.968817735464,-6.0500006));
#8454 = CARTESIAN_POINT('',(1.968817735464,-4.99994E-02));
#8455 = ( GEOMETRIC_REPRESENTATION_CONTEXT(2) 
PARAMETRIC_REPRESENTATION_CONTEXT() REPRESENTATION_CONTEXT('2D SPACE',''
  ) );
#8456 = ADVANCED_FACE('',(#8457),#684,.F.);
#8457 = FACE_BOUND('',#8458,.F.);
#8458 = EDGE_LOOP('',(#8459,#8460,#8479,#8480));
#8459 = ORIENTED_EDGE('',*,*,#663,.F.);
#8460 = ORIENTED_EDGE('',*,*,#8461,.F.);
#8461 = EDGE_CURVE('',#5045,#631,#8462,.T.);
#8462 = SURFACE_CURVE('',#8463,(#8467,#8473),.PCURVE_S1.);
#8463 = LINE('',#8464,#8465);
#8464 = CARTESIAN_POINT('',(-5.349044307891,-53.49224143509,-5.E-02));
#8465 = VECTOR('',#8466,1.);
#8466 = DIRECTION('',(-0.,0.,-1.));
#8467 = PCURVE('',#684,#8468);
#8468 = DEFINITIONAL_REPRESENTATION('',(#8469),#8472);
#8469 = B_SPLINE_CURVE_WITH_KNOTS('',1,(#8470,#8471),.UNSPECIFIED.,.F.,
  .F.,(2,2),(-6.0500006,-4.99994E-02),.PIECEWISE_BEZIER_KNOTS.);
#8470 = CARTESIAN_POINT('',(0.825361256204,-6.0500006));
#8471 = CARTESIAN_POINT('',(0.825361256204,-4.99994E-02));
#8472 = ( GEOMETRIC_REPRESENTATION_CONTEXT(2) 
PARAMETRIC_REPRESENTATION_CONTEXT() REPRESENTATION_CONTEXT('2D SPACE',''
  ) );
#8473 = PCURVE('',#651,#8474);
#8474 = DEFINITIONAL_REPRESENTATION('',(#8475),#8478);
#8475 = B_SPLINE_CURVE_WITH_KNOTS('',1,(#8476,#8477),.UNSPECIFIED.,.F.,
  .F.,(2,2),(-6.0500006,-4.99994E-02),.PIECEWISE_BEZIER_KNOTS.);
#8476 = CARTESIAN_POINT('',(1.172774918126,-6.0500006));
#8477 = CARTESIAN_POINT('',(1.172774918126,-4.99994E-02));
#8478 = ( GEOMETRIC_REPRESENTATION_CONTEXT(2) 
PARAMETRIC_REPRESENTATION_CONTEXT() REPRESENTATION_CONTEXT('2D SPACE',''
  ) );
#8479 = ORIENTED_EDGE('',*,*,#5072,.T.);
#8480 = ORIENTED_EDGE('',*,*,#8411,.T.);
#8481 = ADVANCED_FACE('',(#8482),#592,.F.);
#8482 = FACE_BOUND('',#8483,.F.);
#8483 = EDGE_LOOP('',(#8484,#8485,#8486,#8487));
#8484 = ORIENTED_EDGE('',*,*,#571,.F.);
#8485 = ORIENTED_EDGE('',*,*,#8438,.F.);
#8486 = ORIENTED_EDGE('',*,*,#4995,.T.);
#8487 = ORIENTED_EDGE('',*,*,#8488,.F.);
#8488 = EDGE_CURVE('',#572,#4996,#8489,.T.);
#8489 = SURFACE_CURVE('',#8490,(#8494,#8501),.PCURVE_S1.);
#8490 = LINE('',#8491,#8492);
#8491 = CARTESIAN_POINT('',(1.8,-55.85,-5.E-02));
#8492 = VECTOR('',#8493,1.);
#8493 = DIRECTION('',(0.,0.,1.));
#8494 = PCURVE('',#592,#8495);
#8495 = DEFINITIONAL_REPRESENTATION('',(#8496),#8500);
#8496 = LINE('',#8497,#8498);
#8497 = CARTESIAN_POINT('',(3.14159265359,0.));
#8498 = VECTOR('',#8499,1.);
#8499 = DIRECTION('',(0.,-1.));
#8500 = ( GEOMETRIC_REPRESENTATION_CONTEXT(2) 
PARAMETRIC_REPRESENTATION_CONTEXT() REPRESENTATION_CONTEXT('2D SPACE',''
  ) );
#8501 = PCURVE('',#619,#8502);
#8502 = DEFINITIONAL_REPRESENTATION('',(#8503),#8507);
#8503 = LINE('',#8504,#8505);
#8504 = CARTESIAN_POINT('',(0.,0.));
#8505 = VECTOR('',#8506,1.);
#8506 = DIRECTION('',(0.,-1.));
#8507 = ( GEOMETRIC_REPRESENTATION_CONTEXT(2) 
PARAMETRIC_REPRESENTATION_CONTEXT() REPRESENTATION_CONTEXT('2D SPACE',''
  ) );
#8508 = ADVANCED_FACE('',(#8509),#651,.F.);
#8509 = FACE_BOUND('',#8510,.F.);
#8510 = EDGE_LOOP('',(#8511,#8512,#8533,#8534));
#8511 = ORIENTED_EDGE('',*,*,#630,.F.);
#8512 = ORIENTED_EDGE('',*,*,#8513,.T.);
#8513 = EDGE_CURVE('',#605,#5024,#8514,.T.);
#8514 = SURFACE_CURVE('',#8515,(#8519,#8526),.PCURVE_S1.);
#8515 = LINE('',#8516,#8517);
#8516 = CARTESIAN_POINT('',(-1.8,-55.85,-5.E-02));
#8517 = VECTOR('',#8518,1.);
#8518 = DIRECTION('',(0.,0.,1.));
#8519 = PCURVE('',#651,#8520);
#8520 = DEFINITIONAL_REPRESENTATION('',(#8521),#8525);
#8521 = LINE('',#8522,#8523);
#8522 = CARTESIAN_POINT('',(0.,0.));
#8523 = VECTOR('',#8524,1.);
#8524 = DIRECTION('',(0.,-1.));
#8525 = ( GEOMETRIC_REPRESENTATION_CONTEXT(2) 
PARAMETRIC_REPRESENTATION_CONTEXT() REPRESENTATION_CONTEXT('2D SPACE',''
  ) );
#8526 = PCURVE('',#619,#8527);
#8527 = DEFINITIONAL_REPRESENTATION('',(#8528),#8532);
#8528 = LINE('',#8529,#8530);
#8529 = CARTESIAN_POINT('',(3.6,0.));
#8530 = VECTOR('',#8531,1.);
#8531 = DIRECTION('',(0.,-1.));
#8532 = ( GEOMETRIC_REPRESENTATION_CONTEXT(2) 
PARAMETRIC_REPRESENTATION_CONTEXT() REPRESENTATION_CONTEXT('2D SPACE',''
  ) );
#8533 = ORIENTED_EDGE('',*,*,#5044,.T.);
#8534 = ORIENTED_EDGE('',*,*,#8461,.T.);
#8535 = ADVANCED_FACE('',(#8536),#619,.F.);
#8536 = FACE_BOUND('',#8537,.F.);
#8537 = EDGE_LOOP('',(#8538,#8539,#8540,#8541));
#8538 = ORIENTED_EDGE('',*,*,#604,.T.);
#8539 = ORIENTED_EDGE('',*,*,#8488,.T.);
#8540 = ORIENTED_EDGE('',*,*,#5023,.F.);
#8541 = ORIENTED_EDGE('',*,*,#8513,.F.);
#8542 = ADVANCED_FACE('',(#8543),#746,.F.);
#8543 = FACE_BOUND('',#8544,.F.);
#8544 = EDGE_LOOP('',(#8545,#8546,#8567,#8568));
#8545 = ORIENTED_EDGE('',*,*,#729,.T.);
#8546 = ORIENTED_EDGE('',*,*,#8547,.T.);
#8547 = EDGE_CURVE('',#732,#4295,#8548,.T.);
#8548 = SURFACE_CURVE('',#8549,(#8553,#8560),.PCURVE_S1.);
#8549 = LINE('',#8550,#8551);
#8550 = CARTESIAN_POINT('',(-42.59912319222,-22.51615427318,-5.E-02));
#8551 = VECTOR('',#8552,1.);
#8552 = DIRECTION('',(0.,0.,1.));
#8553 = PCURVE('',#746,#8554);
#8554 = DEFINITIONAL_REPRESENTATION('',(#8555),#8559);
#8555 = LINE('',#8556,#8557);
#8556 = CARTESIAN_POINT('',(0.,0.));
#8557 = VECTOR('',#8558,1.);
#8558 = DIRECTION('',(0.,-1.));
#8559 = ( GEOMETRIC_REPRESENTATION_CONTEXT(2) 
PARAMETRIC_REPRESENTATION_CONTEXT() REPRESENTATION_CONTEXT('2D SPACE',''
  ) );
#8560 = PCURVE('',#967,#8561);
#8561 = DEFINITIONAL_REPRESENTATION('',(#8562),#8566);
#8562 = LINE('',#8563,#8564);
#8563 = CARTESIAN_POINT('',(3.14159265359,0.));
#8564 = VECTOR('',#8565,1.);
#8565 = DIRECTION('',(0.,-1.));
#8566 = ( GEOMETRIC_REPRESENTATION_CONTEXT(2) 
PARAMETRIC_REPRESENTATION_CONTEXT() REPRESENTATION_CONTEXT('2D SPACE',''
  ) );
#8567 = ORIENTED_EDGE('',*,*,#4292,.F.);
#8568 = ORIENTED_EDGE('',*,*,#8569,.F.);
#8569 = EDGE_CURVE('',#730,#4293,#8570,.T.);
#8570 = SURFACE_CURVE('',#8571,(#8575,#8582),.PCURVE_S1.);
#8571 = LINE('',#8572,#8573);
#8572 = CARTESIAN_POINT('',(-40.79912319222,-25.63384572681,-5.E-02));
#8573 = VECTOR('',#8574,1.);
#8574 = DIRECTION('',(0.,0.,1.));
#8575 = PCURVE('',#746,#8576);
#8576 = DEFINITIONAL_REPRESENTATION('',(#8577),#8581);
#8577 = LINE('',#8578,#8579);
#8578 = CARTESIAN_POINT('',(3.6,0.));
#8579 = VECTOR('',#8580,1.);
#8580 = DIRECTION('',(0.,-1.));
#8581 = ( GEOMETRIC_REPRESENTATION_CONTEXT(2) 
PARAMETRIC_REPRESENTATION_CONTEXT() REPRESENTATION_CONTEXT('2D SPACE',''
  ) );
#8582 = PCURVE('',#778,#8583);
#8583 = DEFINITIONAL_REPRESENTATION('',(#8584),#8588);
#8584 = LINE('',#8585,#8586);
#8585 = CARTESIAN_POINT('',(0.,0.));
#8586 = VECTOR('',#8587,1.);
#8587 = DIRECTION('',(0.,-1.));
#8588 = ( GEOMETRIC_REPRESENTATION_CONTEXT(2) 
PARAMETRIC_REPRESENTATION_CONTEXT() REPRESENTATION_CONTEXT('2D SPACE',''
  ) );
#8589 = ADVANCED_FACE('',(#8590),#778,.F.);
#8590 = FACE_BOUND('',#8591,.F.);
#8591 = EDGE_LOOP('',(#8592,#8593,#8594,#8595));
#8592 = ORIENTED_EDGE('',*,*,#757,.F.);
#8593 = ORIENTED_EDGE('',*,*,#8569,.T.);
#8594 = ORIENTED_EDGE('',*,*,#4315,.T.);
#8595 = ORIENTED_EDGE('',*,*,#8596,.T.);
#8596 = EDGE_CURVE('',#4316,#758,#8597,.T.);
#8597 = SURFACE_CURVE('',#8598,(#8602,#8608),.PCURVE_S1.);
#8598 = LINE('',#8599,#8600);
#8599 = CARTESIAN_POINT('',(-41.06647985147,-29.88628753905,-5.E-02));
#8600 = VECTOR('',#8601,1.);
#8601 = DIRECTION('',(0.,0.,-1.));
#8602 = PCURVE('',#778,#8603);
#8603 = DEFINITIONAL_REPRESENTATION('',(#8604),#8607);
#8604 = B_SPLINE_CURVE_WITH_KNOTS('',1,(#8605,#8606),.UNSPECIFIED.,.F.,
  .F.,(2,2),(-6.0500006,-4.99994E-02),.PIECEWISE_BEZIER_KNOTS.);
#8605 = CARTESIAN_POINT('',(1.172774918126,-6.0500006));
#8606 = CARTESIAN_POINT('',(1.172774918126,-4.99994E-02));
#8607 = ( GEOMETRIC_REPRESENTATION_CONTEXT(2) 
PARAMETRIC_REPRESENTATION_CONTEXT() REPRESENTATION_CONTEXT('2D SPACE',''
  ) );
#8608 = PCURVE('',#811,#8609);
#8609 = DEFINITIONAL_REPRESENTATION('',(#8610),#8613);
#8610 = B_SPLINE_CURVE_WITH_KNOTS('',1,(#8611,#8612),.UNSPECIFIED.,.F.,
  .F.,(2,2),(-6.0500006,-4.99994E-02),.PIECEWISE_BEZIER_KNOTS.);
#8611 = CARTESIAN_POINT('',(0.825361256204,-6.0500006));
#8612 = CARTESIAN_POINT('',(0.825361256204,-4.99994E-02));
#8613 = ( GEOMETRIC_REPRESENTATION_CONTEXT(2) 
PARAMETRIC_REPRESENTATION_CONTEXT() REPRESENTATION_CONTEXT('2D SPACE',''
  ) );
#8614 = ADVANCED_FACE('',(#8615),#967,.F.);
#8615 = FACE_BOUND('',#8616,.F.);
#8616 = EDGE_LOOP('',(#8617,#8618,#8637,#8638));
#8617 = ORIENTED_EDGE('',*,*,#948,.F.);
#8618 = ORIENTED_EDGE('',*,*,#8619,.F.);
#8619 = EDGE_CURVE('',#4449,#916,#8620,.T.);
#8620 = SURFACE_CURVE('',#8621,(#8625,#8631),.PCURVE_S1.);
#8621 = LINE('',#8622,#8623);
#8622 = CARTESIAN_POINT('',(-46.41552415936,-20.62147102584,-5.E-02));
#8623 = VECTOR('',#8624,1.);
#8624 = DIRECTION('',(-0.,0.,-1.));
#8625 = PCURVE('',#967,#8626);
#8626 = DEFINITIONAL_REPRESENTATION('',(#8627),#8630);
#8627 = B_SPLINE_CURVE_WITH_KNOTS('',1,(#8628,#8629),.UNSPECIFIED.,.F.,
  .F.,(2,2),(-6.0500006,-4.99994E-02),.PIECEWISE_BEZIER_KNOTS.);
#8628 = CARTESIAN_POINT('',(1.968817735464,-6.0500006));
#8629 = CARTESIAN_POINT('',(1.968817735464,-4.99994E-02));
#8630 = ( GEOMETRIC_REPRESENTATION_CONTEXT(2) 
PARAMETRIC_REPRESENTATION_CONTEXT() REPRESENTATION_CONTEXT('2D SPACE',''
  ) );
#8631 = PCURVE('',#936,#8632);
#8632 = DEFINITIONAL_REPRESENTATION('',(#8633),#8636);
#8633 = B_SPLINE_CURVE_WITH_KNOTS('',1,(#8634,#8635),.UNSPECIFIED.,.F.,
  .F.,(2,2),(-6.0500006,-4.99994E-02),.PIECEWISE_BEZIER_KNOTS.);
#8634 = CARTESIAN_POINT('',(2.316231397386,-6.0500006));
#8635 = CARTESIAN_POINT('',(2.316231397386,-4.99994E-02));
#8636 = ( GEOMETRIC_REPRESENTATION_CONTEXT(2) 
PARAMETRIC_REPRESENTATION_CONTEXT() REPRESENTATION_CONTEXT('2D SPACE',''
  ) );
#8637 = ORIENTED_EDGE('',*,*,#4476,.T.);
#8638 = ORIENTED_EDGE('',*,*,#8547,.F.);
#8639 = ADVANCED_FACE('',(#8640),#811,.F.);
#8640 = FACE_BOUND('',#8641,.F.);
#8641 = EDGE_LOOP('',(#8642,#8643,#8644,#8645));
#8642 = ORIENTED_EDGE('',*,*,#790,.F.);
#8643 = ORIENTED_EDGE('',*,*,#8596,.F.);
#8644 = ORIENTED_EDGE('',*,*,#4343,.T.);
#8645 = ORIENTED_EDGE('',*,*,#8646,.T.);
#8646 = EDGE_CURVE('',#4344,#791,#8647,.T.);
#8647 = SURFACE_CURVE('',#8648,(#8652,#8658),.PCURVE_S1.);
#8648 = LINE('',#8649,#8650);
#8649 = CARTESIAN_POINT('',(-43.65111783422,-31.37852897415,-5.E-02));
#8650 = VECTOR('',#8651,1.);
#8651 = DIRECTION('',(0.,0.,-1.));
#8652 = PCURVE('',#811,#8653);
#8653 = DEFINITIONAL_REPRESENTATION('',(#8654),#8657);
#8654 = B_SPLINE_CURVE_WITH_KNOTS('',1,(#8655,#8656),.UNSPECIFIED.,.F.,
  .F.,(2,2),(-6.0500006,-4.99994E-02),.PIECEWISE_BEZIER_KNOTS.);
#8655 = CARTESIAN_POINT('',(2.316231397386,-6.0500006));
#8656 = CARTESIAN_POINT('',(2.316231397386,-4.99994E-02));
#8657 = ( GEOMETRIC_REPRESENTATION_CONTEXT(2) 
PARAMETRIC_REPRESENTATION_CONTEXT() REPRESENTATION_CONTEXT('2D SPACE',''
  ) );
#8658 = PCURVE('',#844,#8659);
#8659 = DEFINITIONAL_REPRESENTATION('',(#8660),#8663);
#8660 = B_SPLINE_CURVE_WITH_KNOTS('',1,(#8661,#8662),.UNSPECIFIED.,.F.,
  .F.,(2,2),(-6.0500006,-4.99994E-02),.PIECEWISE_BEZIER_KNOTS.);
#8661 = CARTESIAN_POINT('',(1.968817735464,-6.0500006));
#8662 = CARTESIAN_POINT('',(1.968817735464,-4.99994E-02));
#8663 = ( GEOMETRIC_REPRESENTATION_CONTEXT(2) 
PARAMETRIC_REPRESENTATION_CONTEXT() REPRESENTATION_CONTEXT('2D SPACE',''
  ) );
#8664 = ADVANCED_FACE('',(#8665),#936,.F.);
#8665 = FACE_BOUND('',#8666,.F.);
#8666 = EDGE_LOOP('',(#8667,#8668,#8687,#8688));
#8667 = ORIENTED_EDGE('',*,*,#915,.F.);
#8668 = ORIENTED_EDGE('',*,*,#8669,.F.);
#8669 = EDGE_CURVE('',#4421,#883,#8670,.T.);
#8670 = SURFACE_CURVE('',#8671,(#8675,#8681),.PCURVE_S1.);
#8671 = LINE('',#8672,#8673);
#8672 = CARTESIAN_POINT('',(-49.00016214211,-22.11371246094,-5.E-02));
#8673 = VECTOR('',#8674,1.);
#8674 = DIRECTION('',(-0.,0.,-1.));
#8675 = PCURVE('',#936,#8676);
#8676 = DEFINITIONAL_REPRESENTATION('',(#8677),#8680);
#8677 = B_SPLINE_CURVE_WITH_KNOTS('',1,(#8678,#8679),.UNSPECIFIED.,.F.,
  .F.,(2,2),(-6.0500006,-4.99994E-02),.PIECEWISE_BEZIER_KNOTS.);
#8678 = CARTESIAN_POINT('',(0.825361256204,-6.0500006));
#8679 = CARTESIAN_POINT('',(0.825361256204,-4.99994E-02));
#8680 = ( GEOMETRIC_REPRESENTATION_CONTEXT(2) 
PARAMETRIC_REPRESENTATION_CONTEXT() REPRESENTATION_CONTEXT('2D SPACE',''
  ) );
#8681 = PCURVE('',#903,#8682);
#8682 = DEFINITIONAL_REPRESENTATION('',(#8683),#8686);
#8683 = B_SPLINE_CURVE_WITH_KNOTS('',1,(#8684,#8685),.UNSPECIFIED.,.F.,
  .F.,(2,2),(-6.0500006,-4.99994E-02),.PIECEWISE_BEZIER_KNOTS.);
#8684 = CARTESIAN_POINT('',(1.172774918126,-6.0500006));
#8685 = CARTESIAN_POINT('',(1.172774918126,-4.99994E-02));
#8686 = ( GEOMETRIC_REPRESENTATION_CONTEXT(2) 
PARAMETRIC_REPRESENTATION_CONTEXT() REPRESENTATION_CONTEXT('2D SPACE',''
  ) );
#8687 = ORIENTED_EDGE('',*,*,#4448,.T.);
#8688 = ORIENTED_EDGE('',*,*,#8619,.T.);
#8689 = ADVANCED_FACE('',(#8690),#844,.F.);
#8690 = FACE_BOUND('',#8691,.F.);
#8691 = EDGE_LOOP('',(#8692,#8693,#8694,#8695));
#8692 = ORIENTED_EDGE('',*,*,#823,.F.);
#8693 = ORIENTED_EDGE('',*,*,#8646,.F.);
#8694 = ORIENTED_EDGE('',*,*,#4371,.T.);
#8695 = ORIENTED_EDGE('',*,*,#8696,.F.);
#8696 = EDGE_CURVE('',#824,#4372,#8697,.T.);
#8697 = SURFACE_CURVE('',#8698,(#8702,#8709),.PCURVE_S1.);
#8698 = LINE('',#8699,#8700);
#8699 = CARTESIAN_POINT('',(-47.46751880136,-29.48384572681,-5.E-02));
#8700 = VECTOR('',#8701,1.);
#8701 = DIRECTION('',(0.,0.,1.));
#8702 = PCURVE('',#844,#8703);
#8703 = DEFINITIONAL_REPRESENTATION('',(#8704),#8708);
#8704 = LINE('',#8705,#8706);
#8705 = CARTESIAN_POINT('',(3.14159265359,0.));
#8706 = VECTOR('',#8707,1.);
#8707 = DIRECTION('',(0.,-1.));
#8708 = ( GEOMETRIC_REPRESENTATION_CONTEXT(2) 
PARAMETRIC_REPRESENTATION_CONTEXT() REPRESENTATION_CONTEXT('2D SPACE',''
  ) );
#8709 = PCURVE('',#871,#8710);
#8710 = DEFINITIONAL_REPRESENTATION('',(#8711),#8715);
#8711 = LINE('',#8712,#8713);
#8712 = CARTESIAN_POINT('',(0.,0.));
#8713 = VECTOR('',#8714,1.);
#8714 = DIRECTION('',(0.,-1.));
#8715 = ( GEOMETRIC_REPRESENTATION_CONTEXT(2) 
PARAMETRIC_REPRESENTATION_CONTEXT() REPRESENTATION_CONTEXT('2D SPACE',''
  ) );
#8716 = ADVANCED_FACE('',(#8717),#903,.F.);
#8717 = FACE_BOUND('',#8718,.F.);
#8718 = EDGE_LOOP('',(#8719,#8720,#8741,#8742));
#8719 = ORIENTED_EDGE('',*,*,#882,.F.);
#8720 = ORIENTED_EDGE('',*,*,#8721,.T.);
#8721 = EDGE_CURVE('',#857,#4400,#8722,.T.);
#8722 = SURFACE_CURVE('',#8723,(#8727,#8734),.PCURVE_S1.);
#8723 = LINE('',#8724,#8725);
#8724 = CARTESIAN_POINT('',(-49.26751880136,-26.36615427318,-5.E-02));
#8725 = VECTOR('',#8726,1.);
#8726 = DIRECTION('',(0.,0.,1.));
#8727 = PCURVE('',#903,#8728);
#8728 = DEFINITIONAL_REPRESENTATION('',(#8729),#8733);
#8729 = LINE('',#8730,#8731);
#8730 = CARTESIAN_POINT('',(0.,0.));
#8731 = VECTOR('',#8732,1.);
#8732 = DIRECTION('',(0.,-1.));
#8733 = ( GEOMETRIC_REPRESENTATION_CONTEXT(2) 
PARAMETRIC_REPRESENTATION_CONTEXT() REPRESENTATION_CONTEXT('2D SPACE',''
  ) );
#8734 = PCURVE('',#871,#8735);
#8735 = DEFINITIONAL_REPRESENTATION('',(#8736),#8740);
#8736 = LINE('',#8737,#8738);
#8737 = CARTESIAN_POINT('',(3.6,0.));
#8738 = VECTOR('',#8739,1.);
#8739 = DIRECTION('',(0.,-1.));
#8740 = ( GEOMETRIC_REPRESENTATION_CONTEXT(2) 
PARAMETRIC_REPRESENTATION_CONTEXT() REPRESENTATION_CONTEXT('2D SPACE',''
  ) );
#8741 = ORIENTED_EDGE('',*,*,#4420,.T.);
#8742 = ORIENTED_EDGE('',*,*,#8669,.T.);
#8743 = ADVANCED_FACE('',(#8744),#871,.F.);
#8744 = FACE_BOUND('',#8745,.F.);
#8745 = EDGE_LOOP('',(#8746,#8747,#8748,#8749));
#8746 = ORIENTED_EDGE('',*,*,#856,.T.);
#8747 = ORIENTED_EDGE('',*,*,#8696,.T.);
#8748 = ORIENTED_EDGE('',*,*,#4399,.F.);
#8749 = ORIENTED_EDGE('',*,*,#8721,.F.);
#8750 = ADVANCED_FACE('',(#8751),#998,.F.);
#8751 = FACE_BOUND('',#8752,.F.);
#8752 = EDGE_LOOP('',(#8753,#8754,#8775,#8776,#8801,#8802));
#8753 = ORIENTED_EDGE('',*,*,#981,.T.);
#8754 = ORIENTED_EDGE('',*,*,#8755,.T.);
#8755 = EDGE_CURVE('',#984,#5418,#8756,.T.);
#8756 = SURFACE_CURVE('',#8757,(#8761,#8768),.PCURVE_S1.);
#8757 = LINE('',#8758,#8759);
#8758 = CARTESIAN_POINT('',(22.516154273188,-42.59912319222,-5.E-02));
#8759 = VECTOR('',#8760,1.);
#8760 = DIRECTION('',(0.,0.,1.));
#8761 = PCURVE('',#998,#8762);
#8762 = DEFINITIONAL_REPRESENTATION('',(#8763),#8767);
#8763 = LINE('',#8764,#8765);
#8764 = CARTESIAN_POINT('',(0.,0.));
#8765 = VECTOR('',#8766,1.);
#8766 = DIRECTION('',(0.,-1.));
#8767 = ( GEOMETRIC_REPRESENTATION_CONTEXT(2) 
PARAMETRIC_REPRESENTATION_CONTEXT() REPRESENTATION_CONTEXT('2D SPACE',''
  ) );
#8768 = PCURVE('',#1219,#8769);
#8769 = DEFINITIONAL_REPRESENTATION('',(#8770),#8774);
#8770 = LINE('',#8771,#8772);
#8771 = CARTESIAN_POINT('',(3.14159265359,0.));
#8772 = VECTOR('',#8773,1.);
#8773 = DIRECTION('',(0.,-1.));
#8774 = ( GEOMETRIC_REPRESENTATION_CONTEXT(2) 
PARAMETRIC_REPRESENTATION_CONTEXT() REPRESENTATION_CONTEXT('2D SPACE',''
  ) );
#8775 = ORIENTED_EDGE('',*,*,#5445,.F.);
#8776 = ORIENTED_EDGE('',*,*,#8777,.F.);
#8777 = EDGE_CURVE('',#5131,#5446,#8778,.T.);
#8778 = SURFACE_CURVE('',#8779,(#8783,#8789),.PCURVE_S1.);
#8779 = LINE('',#8780,#8781);
#8780 = CARTESIAN_POINT('',(23.295577136594,-42.14912319222,6.));
#8781 = VECTOR('',#8782,1.);
#8782 = DIRECTION('',(-0.866025403784,-0.5,0.));
#8783 = PCURVE('',#998,#8784);
#8784 = DEFINITIONAL_REPRESENTATION('',(#8785),#8788);
#8785 = B_SPLINE_CURVE_WITH_KNOTS('',1,(#8786,#8787),.UNSPECIFIED.,.F.,
  .F.,(2,2),(-2.7,0.9),.PIECEWISE_BEZIER_KNOTS.);
#8786 = CARTESIAN_POINT('',(3.6,-6.05));
#8787 = CARTESIAN_POINT('',(0.,-6.05));
#8788 = ( GEOMETRIC_REPRESENTATION_CONTEXT(2) 
PARAMETRIC_REPRESENTATION_CONTEXT() REPRESENTATION_CONTEXT('2D SPACE',''
  ) );
#8789 = PCURVE('',#8790,#8795);
#8790 = PLANE('',#8791);
#8791 = AXIS2_PLACEMENT_3D('',#8792,#8793,#8794);
#8792 = CARTESIAN_POINT('',(21.,-36.37306695894,6.));
#8793 = DIRECTION('',(0.,0.,1.));
#8794 = DIRECTION('',(1.,0.,-0.));
#8795 = DEFINITIONAL_REPRESENTATION('',(#8796),#8800);
#8796 = LINE('',#8797,#8798);
#8797 = CARTESIAN_POINT('',(2.295577136594,-5.776056233274));
#8798 = VECTOR('',#8799,1.);
#8799 = DIRECTION('',(-0.866025403784,-0.5));
#8800 = ( GEOMETRIC_REPRESENTATION_CONTEXT(2) 
PARAMETRIC_REPRESENTATION_CONTEXT() REPRESENTATION_CONTEXT('2D SPACE',''
  ) );
#8801 = ORIENTED_EDGE('',*,*,#5128,.F.);
#8802 = ORIENTED_EDGE('',*,*,#8803,.F.);
#8803 = EDGE_CURVE('',#982,#5129,#8804,.T.);
#8804 = SURFACE_CURVE('',#8805,(#8809,#8816),.PCURVE_S1.);
#8805 = LINE('',#8806,#8807);
#8806 = CARTESIAN_POINT('',(25.633845726812,-40.79912319222,-5.E-02));
#8807 = VECTOR('',#8808,1.);
#8808 = DIRECTION('',(0.,0.,1.));
#8809 = PCURVE('',#998,#8810);
#8810 = DEFINITIONAL_REPRESENTATION('',(#8811),#8815);
#8811 = LINE('',#8812,#8813);
#8812 = CARTESIAN_POINT('',(3.6,0.));
#8813 = VECTOR('',#8814,1.);
#8814 = DIRECTION('',(0.,-1.));
#8815 = ( GEOMETRIC_REPRESENTATION_CONTEXT(2) 
PARAMETRIC_REPRESENTATION_CONTEXT() REPRESENTATION_CONTEXT('2D SPACE',''
  ) );
#8816 = PCURVE('',#1030,#8817);
#8817 = DEFINITIONAL_REPRESENTATION('',(#8818),#8822);
#8818 = LINE('',#8819,#8820);
#8819 = CARTESIAN_POINT('',(0.,0.));
#8820 = VECTOR('',#8821,1.);
#8821 = DIRECTION('',(0.,-1.));
#8822 = ( GEOMETRIC_REPRESENTATION_CONTEXT(2) 
PARAMETRIC_REPRESENTATION_CONTEXT() REPRESENTATION_CONTEXT('2D SPACE',''
  ) );
#8823 = ADVANCED_FACE('',(#8824),#1030,.F.);
#8824 = FACE_BOUND('',#8825,.F.);
#8825 = EDGE_LOOP('',(#8826,#8827,#8828,#8829));
#8826 = ORIENTED_EDGE('',*,*,#1009,.F.);
#8827 = ORIENTED_EDGE('',*,*,#8803,.T.);
#8828 = ORIENTED_EDGE('',*,*,#5151,.T.);
#8829 = ORIENTED_EDGE('',*,*,#8830,.T.);
#8830 = EDGE_CURVE('',#5152,#1010,#8831,.T.);
#8831 = SURFACE_CURVE('',#8832,(#8836,#8842),.PCURVE_S1.);
#8832 = LINE('',#8833,#8834);
#8833 = CARTESIAN_POINT('',(29.886287539053,-41.06647985147,-5.E-02));
#8834 = VECTOR('',#8835,1.);
#8835 = DIRECTION('',(0.,0.,-1.));
#8836 = PCURVE('',#1030,#8837);
#8837 = DEFINITIONAL_REPRESENTATION('',(#8838),#8841);
#8838 = B_SPLINE_CURVE_WITH_KNOTS('',1,(#8839,#8840),.UNSPECIFIED.,.F.,
  .F.,(2,2),(-6.0500006,-4.99994E-02),.PIECEWISE_BEZIER_KNOTS.);
#8839 = CARTESIAN_POINT('',(1.172774918126,-6.0500006));
#8840 = CARTESIAN_POINT('',(1.172774918126,-4.99994E-02));
#8841 = ( GEOMETRIC_REPRESENTATION_CONTEXT(2) 
PARAMETRIC_REPRESENTATION_CONTEXT() REPRESENTATION_CONTEXT('2D SPACE',''
  ) );
#8842 = PCURVE('',#1063,#8843);
#8843 = DEFINITIONAL_REPRESENTATION('',(#8844),#8847);
#8844 = B_SPLINE_CURVE_WITH_KNOTS('',1,(#8845,#8846),.UNSPECIFIED.,.F.,
  .F.,(2,2),(-6.0500006,-4.99994E-02),.PIECEWISE_BEZIER_KNOTS.);
#8845 = CARTESIAN_POINT('',(0.825361256204,-6.0500006));
#8846 = CARTESIAN_POINT('',(0.825361256204,-4.99994E-02));
#8847 = ( GEOMETRIC_REPRESENTATION_CONTEXT(2) 
PARAMETRIC_REPRESENTATION_CONTEXT() REPRESENTATION_CONTEXT('2D SPACE',''
  ) );
#8848 = ADVANCED_FACE('',(#8849),#1219,.F.);
#8849 = FACE_BOUND('',#8850,.F.);
#8850 = EDGE_LOOP('',(#8851,#8852,#8871,#8872));
#8851 = ORIENTED_EDGE('',*,*,#1200,.F.);
#8852 = ORIENTED_EDGE('',*,*,#8853,.F.);
#8853 = EDGE_CURVE('',#5390,#1168,#8854,.T.);
#8854 = SURFACE_CURVE('',#8855,(#8859,#8865),.PCURVE_S1.);
#8855 = LINE('',#8856,#8857);
#8856 = CARTESIAN_POINT('',(20.621471025848,-46.41552415936,-5.E-02));
#8857 = VECTOR('',#8858,1.);
#8858 = DIRECTION('',(0.,-0.,-1.));
#8859 = PCURVE('',#1219,#8860);
#8860 = DEFINITIONAL_REPRESENTATION('',(#8861),#8864);
#8861 = B_SPLINE_CURVE_WITH_KNOTS('',1,(#8862,#8863),.UNSPECIFIED.,.F.,
  .F.,(2,2),(-6.0500006,-4.99994E-02),.PIECEWISE_BEZIER_KNOTS.);
#8862 = CARTESIAN_POINT('',(1.968817735464,-6.0500006));
#8863 = CARTESIAN_POINT('',(1.968817735464,-4.99994E-02));
#8864 = ( GEOMETRIC_REPRESENTATION_CONTEXT(2) 
PARAMETRIC_REPRESENTATION_CONTEXT() REPRESENTATION_CONTEXT('2D SPACE',''
  ) );
#8865 = PCURVE('',#1188,#8866);
#8866 = DEFINITIONAL_REPRESENTATION('',(#8867),#8870);
#8867 = B_SPLINE_CURVE_WITH_KNOTS('',1,(#8868,#8869),.UNSPECIFIED.,.F.,
  .F.,(2,2),(-6.0500006,-4.99994E-02),.PIECEWISE_BEZIER_KNOTS.);
#8868 = CARTESIAN_POINT('',(2.316231397386,-6.0500006));
#8869 = CARTESIAN_POINT('',(2.316231397386,-4.99994E-02));
#8870 = ( GEOMETRIC_REPRESENTATION_CONTEXT(2) 
PARAMETRIC_REPRESENTATION_CONTEXT() REPRESENTATION_CONTEXT('2D SPACE',''
  ) );
#8871 = ORIENTED_EDGE('',*,*,#5417,.T.);
#8872 = ORIENTED_EDGE('',*,*,#8755,.F.);
#8873 = ADVANCED_FACE('',(#8874),#1063,.F.);
#8874 = FACE_BOUND('',#8875,.F.);
#8875 = EDGE_LOOP('',(#8876,#8877,#8878,#8879));
#8876 = ORIENTED_EDGE('',*,*,#1042,.F.);
#8877 = ORIENTED_EDGE('',*,*,#8830,.F.);
#8878 = ORIENTED_EDGE('',*,*,#5179,.T.);
#8879 = ORIENTED_EDGE('',*,*,#8880,.T.);
#8880 = EDGE_CURVE('',#5180,#1043,#8881,.T.);
#8881 = SURFACE_CURVE('',#8882,(#8886,#8892),.PCURVE_S1.);
#8882 = LINE('',#8883,#8884);
#8883 = CARTESIAN_POINT('',(31.378528974152,-43.65111783422,-5.E-02));
#8884 = VECTOR('',#8885,1.);
#8885 = DIRECTION('',(0.,0.,-1.));
#8886 = PCURVE('',#1063,#8887);
#8887 = DEFINITIONAL_REPRESENTATION('',(#8888),#8891);
#8888 = B_SPLINE_CURVE_WITH_KNOTS('',1,(#8889,#8890),.UNSPECIFIED.,.F.,
  .F.,(2,2),(-6.0500006,-4.99994E-02),.PIECEWISE_BEZIER_KNOTS.);
#8889 = CARTESIAN_POINT('',(2.316231397386,-6.0500006));
#8890 = CARTESIAN_POINT('',(2.316231397386,-4.99994E-02));
#8891 = ( GEOMETRIC_REPRESENTATION_CONTEXT(2) 
PARAMETRIC_REPRESENTATION_CONTEXT() REPRESENTATION_CONTEXT('2D SPACE',''
  ) );
#8892 = PCURVE('',#1096,#8893);
#8893 = DEFINITIONAL_REPRESENTATION('',(#8894),#8897);
#8894 = B_SPLINE_CURVE_WITH_KNOTS('',1,(#8895,#8896),.UNSPECIFIED.,.F.,
  .F.,(2,2),(-6.0500006,-4.99994E-02),.PIECEWISE_BEZIER_KNOTS.);
#8895 = CARTESIAN_POINT('',(1.968817735464,-6.0500006));
#8896 = CARTESIAN_POINT('',(1.968817735464,-4.99994E-02));
#8897 = ( GEOMETRIC_REPRESENTATION_CONTEXT(2) 
PARAMETRIC_REPRESENTATION_CONTEXT() REPRESENTATION_CONTEXT('2D SPACE',''
  ) );
#8898 = ADVANCED_FACE('',(#8899),#1188,.F.);
#8899 = FACE_BOUND('',#8900,.F.);
#8900 = EDGE_LOOP('',(#8901,#8902,#8921,#8922));
#8901 = ORIENTED_EDGE('',*,*,#1167,.F.);
#8902 = ORIENTED_EDGE('',*,*,#8903,.F.);
#8903 = EDGE_CURVE('',#5362,#1135,#8904,.T.);
#8904 = SURFACE_CURVE('',#8905,(#8909,#8915),.PCURVE_S1.);
#8905 = LINE('',#8906,#8907);
#8906 = CARTESIAN_POINT('',(22.113712460947,-49.00016214211,-5.E-02));
#8907 = VECTOR('',#8908,1.);
#8908 = DIRECTION('',(0.,-0.,-1.));
#8909 = PCURVE('',#1188,#8910);
#8910 = DEFINITIONAL_REPRESENTATION('',(#8911),#8914);
#8911 = B_SPLINE_CURVE_WITH_KNOTS('',1,(#8912,#8913),.UNSPECIFIED.,.F.,
  .F.,(2,2),(-6.0500006,-4.99994E-02),.PIECEWISE_BEZIER_KNOTS.);
#8912 = CARTESIAN_POINT('',(0.825361256204,-6.0500006));
#8913 = CARTESIAN_POINT('',(0.825361256204,-4.99994E-02));
#8914 = ( GEOMETRIC_REPRESENTATION_CONTEXT(2) 
PARAMETRIC_REPRESENTATION_CONTEXT() REPRESENTATION_CONTEXT('2D SPACE',''
  ) );
#8915 = PCURVE('',#1155,#8916);
#8916 = DEFINITIONAL_REPRESENTATION('',(#8917),#8920);
#8917 = B_SPLINE_CURVE_WITH_KNOTS('',1,(#8918,#8919),.UNSPECIFIED.,.F.,
  .F.,(2,2),(-6.0500006,-4.99994E-02),.PIECEWISE_BEZIER_KNOTS.);
#8918 = CARTESIAN_POINT('',(1.172774918126,-6.0500006));
#8919 = CARTESIAN_POINT('',(1.172774918126,-4.99994E-02));
#8920 = ( GEOMETRIC_REPRESENTATION_CONTEXT(2) 
PARAMETRIC_REPRESENTATION_CONTEXT() REPRESENTATION_CONTEXT('2D SPACE',''
  ) );
#8921 = ORIENTED_EDGE('',*,*,#5389,.T.);
#8922 = ORIENTED_EDGE('',*,*,#8853,.T.);
#8923 = ADVANCED_FACE('',(#8924),#1096,.F.);
#8924 = FACE_BOUND('',#8925,.F.);
#8925 = EDGE_LOOP('',(#8926,#8927,#8928,#8929));
#8926 = ORIENTED_EDGE('',*,*,#1075,.F.);
#8927 = ORIENTED_EDGE('',*,*,#8880,.F.);
#8928 = ORIENTED_EDGE('',*,*,#5207,.T.);
#8929 = ORIENTED_EDGE('',*,*,#8930,.F.);
#8930 = EDGE_CURVE('',#1076,#5208,#8931,.T.);
#8931 = SURFACE_CURVE('',#8932,(#8936,#8943),.PCURVE_S1.);
#8932 = LINE('',#8933,#8934);
#8933 = CARTESIAN_POINT('',(29.483845726812,-47.46751880136,-5.E-02));
#8934 = VECTOR('',#8935,1.);
#8935 = DIRECTION('',(0.,0.,1.));
#8936 = PCURVE('',#1096,#8937);
#8937 = DEFINITIONAL_REPRESENTATION('',(#8938),#8942);
#8938 = LINE('',#8939,#8940);
#8939 = CARTESIAN_POINT('',(3.14159265359,0.));
#8940 = VECTOR('',#8941,1.);
#8941 = DIRECTION('',(0.,-1.));
#8942 = ( GEOMETRIC_REPRESENTATION_CONTEXT(2) 
PARAMETRIC_REPRESENTATION_CONTEXT() REPRESENTATION_CONTEXT('2D SPACE',''
  ) );
#8943 = PCURVE('',#1123,#8944);
#8944 = DEFINITIONAL_REPRESENTATION('',(#8945),#8949);
#8945 = LINE('',#8946,#8947);
#8946 = CARTESIAN_POINT('',(0.,0.));
#8947 = VECTOR('',#8948,1.);
#8948 = DIRECTION('',(0.,-1.));
#8949 = ( GEOMETRIC_REPRESENTATION_CONTEXT(2) 
PARAMETRIC_REPRESENTATION_CONTEXT() REPRESENTATION_CONTEXT('2D SPACE',''
  ) );
#8950 = ADVANCED_FACE('',(#8951),#1155,.F.);
#8951 = FACE_BOUND('',#8952,.F.);
#8952 = EDGE_LOOP('',(#8953,#8954,#8975,#8976));
#8953 = ORIENTED_EDGE('',*,*,#1134,.F.);
#8954 = ORIENTED_EDGE('',*,*,#8955,.T.);
#8955 = EDGE_CURVE('',#1109,#5341,#8956,.T.);
#8956 = SURFACE_CURVE('',#8957,(#8961,#8968),.PCURVE_S1.);
#8957 = LINE('',#8958,#8959);
#8958 = CARTESIAN_POINT('',(26.366154273188,-49.26751880136,-5.E-02));
#8959 = VECTOR('',#8960,1.);
#8960 = DIRECTION('',(0.,0.,1.));
#8961 = PCURVE('',#1155,#8962);
#8962 = DEFINITIONAL_REPRESENTATION('',(#8963),#8967);
#8963 = LINE('',#8964,#8965);
#8964 = CARTESIAN_POINT('',(0.,0.));
#8965 = VECTOR('',#8966,1.);
#8966 = DIRECTION('',(0.,-1.));
#8967 = ( GEOMETRIC_REPRESENTATION_CONTEXT(2) 
PARAMETRIC_REPRESENTATION_CONTEXT() REPRESENTATION_CONTEXT('2D SPACE',''
  ) );
#8968 = PCURVE('',#1123,#8969);
#8969 = DEFINITIONAL_REPRESENTATION('',(#8970),#8974);
#8970 = LINE('',#8971,#8972);
#8971 = CARTESIAN_POINT('',(3.6,0.));
#8972 = VECTOR('',#8973,1.);
#8973 = DIRECTION('',(0.,-1.));
#8974 = ( GEOMETRIC_REPRESENTATION_CONTEXT(2) 
PARAMETRIC_REPRESENTATION_CONTEXT() REPRESENTATION_CONTEXT('2D SPACE',''
  ) );
#8975 = ORIENTED_EDGE('',*,*,#5361,.T.);
#8976 = ORIENTED_EDGE('',*,*,#8903,.T.);
#8977 = ADVANCED_FACE('',(#8978),#1123,.F.);
#8978 = FACE_BOUND('',#8979,.F.);
#8979 = EDGE_LOOP('',(#8980,#8981,#8982,#8983,#9003,#9004));
#8980 = ORIENTED_EDGE('',*,*,#1108,.T.);
#8981 = ORIENTED_EDGE('',*,*,#8930,.T.);
#8982 = ORIENTED_EDGE('',*,*,#5235,.F.);
#8983 = ORIENTED_EDGE('',*,*,#8984,.F.);
#8984 = EDGE_CURVE('',#5313,#5236,#8985,.T.);
#8985 = SURFACE_CURVE('',#8986,(#8990,#8996),.PCURVE_S1.);
#8986 = LINE('',#8987,#8988);
#8987 = CARTESIAN_POINT('',(28.704422863406,-47.91751880136,6.));
#8988 = VECTOR('',#8989,1.);
#8989 = DIRECTION('',(0.866025403784,0.5,-0.));
#8990 = PCURVE('',#1123,#8991);
#8991 = DEFINITIONAL_REPRESENTATION('',(#8992),#8995);
#8992 = B_SPLINE_CURVE_WITH_KNOTS('',1,(#8993,#8994),.UNSPECIFIED.,.F.,
  .F.,(2,2),(-2.7,0.9),.PIECEWISE_BEZIER_KNOTS.);
#8993 = CARTESIAN_POINT('',(3.6,-6.05));
#8994 = CARTESIAN_POINT('',(0.,-6.05));
#8995 = ( GEOMETRIC_REPRESENTATION_CONTEXT(2) 
PARAMETRIC_REPRESENTATION_CONTEXT() REPRESENTATION_CONTEXT('2D SPACE',''
  ) );
#8996 = PCURVE('',#8790,#8997);
#8997 = DEFINITIONAL_REPRESENTATION('',(#8998),#9002);
#8998 = LINE('',#8999,#9000);
#8999 = CARTESIAN_POINT('',(7.704422863406,-11.54445184241));
#9000 = VECTOR('',#9001,1.);
#9001 = DIRECTION('',(0.866025403784,0.5));
#9002 = ( GEOMETRIC_REPRESENTATION_CONTEXT(2) 
PARAMETRIC_REPRESENTATION_CONTEXT() REPRESENTATION_CONTEXT('2D SPACE',''
  ) );
#9003 = ORIENTED_EDGE('',*,*,#5340,.F.);
#9004 = ORIENTED_EDGE('',*,*,#8955,.F.);
#9005 = ADVANCED_FACE('',(#9006),#1250,.F.);
#9006 = FACE_BOUND('',#9007,.F.);
#9007 = EDGE_LOOP('',(#9008,#9009,#9030,#9031));
#9008 = ORIENTED_EDGE('',*,*,#1233,.T.);
#9009 = ORIENTED_EDGE('',*,*,#9010,.T.);
#9010 = EDGE_CURVE('',#1236,#5909,#9011,.T.);
#9011 = SURFACE_CURVE('',#9012,(#9016,#9023),.PCURVE_S1.);
#9012 = LINE('',#9013,#9014);
#9013 = CARTESIAN_POINT('',(40.799123192221,-25.63384572681,-5.E-02));
#9014 = VECTOR('',#9015,1.);
#9015 = DIRECTION('',(0.,0.,1.));
#9016 = PCURVE('',#1250,#9017);
#9017 = DEFINITIONAL_REPRESENTATION('',(#9018),#9022);
#9018 = LINE('',#9019,#9020);
#9019 = CARTESIAN_POINT('',(0.,0.));
#9020 = VECTOR('',#9021,1.);
#9021 = DIRECTION('',(0.,-1.));
#9022 = ( GEOMETRIC_REPRESENTATION_CONTEXT(2) 
PARAMETRIC_REPRESENTATION_CONTEXT() REPRESENTATION_CONTEXT('2D SPACE',''
  ) );
#9023 = PCURVE('',#1471,#9024);
#9024 = DEFINITIONAL_REPRESENTATION('',(#9025),#9029);
#9025 = LINE('',#9026,#9027);
#9026 = CARTESIAN_POINT('',(3.14159265359,0.));
#9027 = VECTOR('',#9028,1.);
#9028 = DIRECTION('',(0.,-1.));
#9029 = ( GEOMETRIC_REPRESENTATION_CONTEXT(2) 
PARAMETRIC_REPRESENTATION_CONTEXT() REPRESENTATION_CONTEXT('2D SPACE',''
  ) );
#9030 = ORIENTED_EDGE('',*,*,#5906,.F.);
#9031 = ORIENTED_EDGE('',*,*,#9032,.F.);
#9032 = EDGE_CURVE('',#1234,#5907,#9033,.T.);
#9033 = SURFACE_CURVE('',#9034,(#9038,#9045),.PCURVE_S1.);
#9034 = LINE('',#9035,#9036);
#9035 = CARTESIAN_POINT('',(42.599123192221,-22.51615427318,-5.E-02));
#9036 = VECTOR('',#9037,1.);
#9037 = DIRECTION('',(0.,0.,1.));
#9038 = PCURVE('',#1250,#9039);
#9039 = DEFINITIONAL_REPRESENTATION('',(#9040),#9044);
#9040 = LINE('',#9041,#9042);
#9041 = CARTESIAN_POINT('',(3.6,0.));
#9042 = VECTOR('',#9043,1.);
#9043 = DIRECTION('',(0.,-1.));
#9044 = ( GEOMETRIC_REPRESENTATION_CONTEXT(2) 
PARAMETRIC_REPRESENTATION_CONTEXT() REPRESENTATION_CONTEXT('2D SPACE',''
  ) );
#9045 = PCURVE('',#1282,#9046);
#9046 = DEFINITIONAL_REPRESENTATION('',(#9047),#9051);
#9047 = LINE('',#9048,#9049);
#9048 = CARTESIAN_POINT('',(0.,0.));
#9049 = VECTOR('',#9050,1.);
#9050 = DIRECTION('',(0.,-1.));
#9051 = ( GEOMETRIC_REPRESENTATION_CONTEXT(2) 
PARAMETRIC_REPRESENTATION_CONTEXT() REPRESENTATION_CONTEXT('2D SPACE',''
  ) );
#9052 = ADVANCED_FACE('',(#9053),#1282,.F.);
#9053 = FACE_BOUND('',#9054,.F.);
#9054 = EDGE_LOOP('',(#9055,#9056,#9057,#9058));
#9055 = ORIENTED_EDGE('',*,*,#1261,.F.);
#9056 = ORIENTED_EDGE('',*,*,#9032,.T.);
#9057 = ORIENTED_EDGE('',*,*,#5929,.T.);
#9058 = ORIENTED_EDGE('',*,*,#9059,.T.);
#9059 = EDGE_CURVE('',#5930,#1262,#9060,.T.);
#9060 = SURFACE_CURVE('',#9061,(#9065,#9071),.PCURVE_S1.);
#9061 = LINE('',#9062,#9063);
#9062 = CARTESIAN_POINT('',(46.415524159362,-20.62147102584,-5.E-02));
#9063 = VECTOR('',#9064,1.);
#9064 = DIRECTION('',(0.,0.,-1.));
#9065 = PCURVE('',#1282,#9066);
#9066 = DEFINITIONAL_REPRESENTATION('',(#9067),#9070);
#9067 = B_SPLINE_CURVE_WITH_KNOTS('',1,(#9068,#9069),.UNSPECIFIED.,.F.,
  .F.,(2,2),(-6.0500006,-4.99994E-02),.PIECEWISE_BEZIER_KNOTS.);
#9068 = CARTESIAN_POINT('',(1.172774918126,-6.0500006));
#9069 = CARTESIAN_POINT('',(1.172774918126,-4.99994E-02));
#9070 = ( GEOMETRIC_REPRESENTATION_CONTEXT(2) 
PARAMETRIC_REPRESENTATION_CONTEXT() REPRESENTATION_CONTEXT('2D SPACE',''
  ) );
#9071 = PCURVE('',#1315,#9072);
#9072 = DEFINITIONAL_REPRESENTATION('',(#9073),#9076);
#9073 = B_SPLINE_CURVE_WITH_KNOTS('',1,(#9074,#9075),.UNSPECIFIED.,.F.,
  .F.,(2,2),(-6.0500006,-4.99994E-02),.PIECEWISE_BEZIER_KNOTS.);
#9074 = CARTESIAN_POINT('',(0.825361256204,-6.0500006));
#9075 = CARTESIAN_POINT('',(0.825361256204,-4.99994E-02));
#9076 = ( GEOMETRIC_REPRESENTATION_CONTEXT(2) 
PARAMETRIC_REPRESENTATION_CONTEXT() REPRESENTATION_CONTEXT('2D SPACE',''
  ) );
#9077 = ADVANCED_FACE('',(#9078),#1471,.F.);
#9078 = FACE_BOUND('',#9079,.F.);
#9079 = EDGE_LOOP('',(#9080,#9081,#9100,#9101));
#9080 = ORIENTED_EDGE('',*,*,#1452,.F.);
#9081 = ORIENTED_EDGE('',*,*,#9082,.F.);
#9082 = EDGE_CURVE('',#6063,#1420,#9083,.T.);
#9083 = SURFACE_CURVE('',#9084,(#9088,#9094),.PCURVE_S1.);
#9084 = LINE('',#9085,#9086);
#9085 = CARTESIAN_POINT('',(41.06647985147,-29.88628753905,-5.E-02));
#9086 = VECTOR('',#9087,1.);
#9087 = DIRECTION('',(0.,-0.,-1.));
#9088 = PCURVE('',#1471,#9089);
#9089 = DEFINITIONAL_REPRESENTATION('',(#9090),#9093);
#9090 = B_SPLINE_CURVE_WITH_KNOTS('',1,(#9091,#9092),.UNSPECIFIED.,.F.,
  .F.,(2,2),(-6.0500006,-4.99994E-02),.PIECEWISE_BEZIER_KNOTS.);
#9091 = CARTESIAN_POINT('',(1.968817735464,-6.0500006));
#9092 = CARTESIAN_POINT('',(1.968817735464,-4.99994E-02));
#9093 = ( GEOMETRIC_REPRESENTATION_CONTEXT(2) 
PARAMETRIC_REPRESENTATION_CONTEXT() REPRESENTATION_CONTEXT('2D SPACE',''
  ) );
#9094 = PCURVE('',#1440,#9095);
#9095 = DEFINITIONAL_REPRESENTATION('',(#9096),#9099);
#9096 = B_SPLINE_CURVE_WITH_KNOTS('',1,(#9097,#9098),.UNSPECIFIED.,.F.,
  .F.,(2,2),(-6.0500006,-4.99994E-02),.PIECEWISE_BEZIER_KNOTS.);
#9097 = CARTESIAN_POINT('',(2.316231397386,-6.0500006));
#9098 = CARTESIAN_POINT('',(2.316231397386,-4.99994E-02));
#9099 = ( GEOMETRIC_REPRESENTATION_CONTEXT(2) 
PARAMETRIC_REPRESENTATION_CONTEXT() REPRESENTATION_CONTEXT('2D SPACE',''
  ) );
#9100 = ORIENTED_EDGE('',*,*,#6090,.T.);
#9101 = ORIENTED_EDGE('',*,*,#9010,.F.);
#9102 = ADVANCED_FACE('',(#9103),#1315,.F.);
#9103 = FACE_BOUND('',#9104,.F.);
#9104 = EDGE_LOOP('',(#9105,#9106,#9107,#9108));
#9105 = ORIENTED_EDGE('',*,*,#1294,.F.);
#9106 = ORIENTED_EDGE('',*,*,#9059,.F.);
#9107 = ORIENTED_EDGE('',*,*,#5957,.T.);
#9108 = ORIENTED_EDGE('',*,*,#9109,.T.);
#9109 = EDGE_CURVE('',#5958,#1295,#9110,.T.);
#9110 = SURFACE_CURVE('',#9111,(#9115,#9121),.PCURVE_S1.);
#9111 = LINE('',#9112,#9113);
#9112 = CARTESIAN_POINT('',(49.000162142111,-22.11371246094,-5.E-02));
#9113 = VECTOR('',#9114,1.);
#9114 = DIRECTION('',(0.,0.,-1.));
#9115 = PCURVE('',#1315,#9116);
#9116 = DEFINITIONAL_REPRESENTATION('',(#9117),#9120);
#9117 = B_SPLINE_CURVE_WITH_KNOTS('',1,(#9118,#9119),.UNSPECIFIED.,.F.,
  .F.,(2,2),(-6.0500006,-4.99994E-02),.PIECEWISE_BEZIER_KNOTS.);
#9118 = CARTESIAN_POINT('',(2.316231397386,-6.0500006));
#9119 = CARTESIAN_POINT('',(2.316231397386,-4.99994E-02));
#9120 = ( GEOMETRIC_REPRESENTATION_CONTEXT(2) 
PARAMETRIC_REPRESENTATION_CONTEXT() REPRESENTATION_CONTEXT('2D SPACE',''
  ) );
#9121 = PCURVE('',#1348,#9122);
#9122 = DEFINITIONAL_REPRESENTATION('',(#9123),#9126);
#9123 = B_SPLINE_CURVE_WITH_KNOTS('',1,(#9124,#9125),.UNSPECIFIED.,.F.,
  .F.,(2,2),(-6.0500006,-4.99994E-02),.PIECEWISE_BEZIER_KNOTS.);
#9124 = CARTESIAN_POINT('',(1.968817735464,-6.0500006));
#9125 = CARTESIAN_POINT('',(1.968817735464,-4.99994E-02));
#9126 = ( GEOMETRIC_REPRESENTATION_CONTEXT(2) 
PARAMETRIC_REPRESENTATION_CONTEXT() REPRESENTATION_CONTEXT('2D SPACE',''
  ) );
#9127 = ADVANCED_FACE('',(#9128),#1440,.F.);
#9128 = FACE_BOUND('',#9129,.F.);
#9129 = EDGE_LOOP('',(#9130,#9131,#9150,#9151));
#9130 = ORIENTED_EDGE('',*,*,#1419,.F.);
#9131 = ORIENTED_EDGE('',*,*,#9132,.F.);
#9132 = EDGE_CURVE('',#6035,#1387,#9133,.T.);
#9133 = SURFACE_CURVE('',#9134,(#9138,#9144),.PCURVE_S1.);
#9134 = LINE('',#9135,#9136);
#9135 = CARTESIAN_POINT('',(43.65111783422,-31.37852897415,-5.E-02));
#9136 = VECTOR('',#9137,1.);
#9137 = DIRECTION('',(0.,-0.,-1.));
#9138 = PCURVE('',#1440,#9139);
#9139 = DEFINITIONAL_REPRESENTATION('',(#9140),#9143);
#9140 = B_SPLINE_CURVE_WITH_KNOTS('',1,(#9141,#9142),.UNSPECIFIED.,.F.,
  .F.,(2,2),(-6.0500006,-4.99994E-02),.PIECEWISE_BEZIER_KNOTS.);
#9141 = CARTESIAN_POINT('',(0.825361256204,-6.0500006));
#9142 = CARTESIAN_POINT('',(0.825361256204,-4.99994E-02));
#9143 = ( GEOMETRIC_REPRESENTATION_CONTEXT(2) 
PARAMETRIC_REPRESENTATION_CONTEXT() REPRESENTATION_CONTEXT('2D SPACE',''
  ) );
#9144 = PCURVE('',#1407,#9145);
#9145 = DEFINITIONAL_REPRESENTATION('',(#9146),#9149);
#9146 = B_SPLINE_CURVE_WITH_KNOTS('',1,(#9147,#9148),.UNSPECIFIED.,.F.,
  .F.,(2,2),(-6.0500006,-4.99994E-02),.PIECEWISE_BEZIER_KNOTS.);
#9147 = CARTESIAN_POINT('',(1.172774918126,-6.0500006));
#9148 = CARTESIAN_POINT('',(1.172774918126,-4.99994E-02));
#9149 = ( GEOMETRIC_REPRESENTATION_CONTEXT(2) 
PARAMETRIC_REPRESENTATION_CONTEXT() REPRESENTATION_CONTEXT('2D SPACE',''
  ) );
#9150 = ORIENTED_EDGE('',*,*,#6062,.T.);
#9151 = ORIENTED_EDGE('',*,*,#9082,.T.);
#9152 = ADVANCED_FACE('',(#9153),#1348,.F.);
#9153 = FACE_BOUND('',#9154,.F.);
#9154 = EDGE_LOOP('',(#9155,#9156,#9157,#9158));
#9155 = ORIENTED_EDGE('',*,*,#1327,.F.);
#9156 = ORIENTED_EDGE('',*,*,#9109,.F.);
#9157 = ORIENTED_EDGE('',*,*,#5985,.T.);
#9158 = ORIENTED_EDGE('',*,*,#9159,.F.);
#9159 = EDGE_CURVE('',#1328,#5986,#9160,.T.);
#9160 = SURFACE_CURVE('',#9161,(#9165,#9172),.PCURVE_S1.);
#9161 = LINE('',#9162,#9163);
#9162 = CARTESIAN_POINT('',(49.267518801361,-26.36615427318,-5.E-02));
#9163 = VECTOR('',#9164,1.);
#9164 = DIRECTION('',(0.,0.,1.));
#9165 = PCURVE('',#1348,#9166);
#9166 = DEFINITIONAL_REPRESENTATION('',(#9167),#9171);
#9167 = LINE('',#9168,#9169);
#9168 = CARTESIAN_POINT('',(3.14159265359,0.));
#9169 = VECTOR('',#9170,1.);
#9170 = DIRECTION('',(0.,-1.));
#9171 = ( GEOMETRIC_REPRESENTATION_CONTEXT(2) 
PARAMETRIC_REPRESENTATION_CONTEXT() REPRESENTATION_CONTEXT('2D SPACE',''
  ) );
#9172 = PCURVE('',#1375,#9173);
#9173 = DEFINITIONAL_REPRESENTATION('',(#9174),#9178);
#9174 = LINE('',#9175,#9176);
#9175 = CARTESIAN_POINT('',(0.,0.));
#9176 = VECTOR('',#9177,1.);
#9177 = DIRECTION('',(0.,-1.));
#9178 = ( GEOMETRIC_REPRESENTATION_CONTEXT(2) 
PARAMETRIC_REPRESENTATION_CONTEXT() REPRESENTATION_CONTEXT('2D SPACE',''
  ) );
#9179 = ADVANCED_FACE('',(#9180),#1407,.F.);
#9180 = FACE_BOUND('',#9181,.F.);
#9181 = EDGE_LOOP('',(#9182,#9183,#9204,#9205));
#9182 = ORIENTED_EDGE('',*,*,#1386,.F.);
#9183 = ORIENTED_EDGE('',*,*,#9184,.T.);
#9184 = EDGE_CURVE('',#1361,#6014,#9185,.T.);
#9185 = SURFACE_CURVE('',#9186,(#9190,#9197),.PCURVE_S1.);
#9186 = LINE('',#9187,#9188);
#9187 = CARTESIAN_POINT('',(47.467518801361,-29.48384572681,-5.E-02));
#9188 = VECTOR('',#9189,1.);
#9189 = DIRECTION('',(0.,0.,1.));
#9190 = PCURVE('',#1407,#9191);
#9191 = DEFINITIONAL_REPRESENTATION('',(#9192),#9196);
#9192 = LINE('',#9193,#9194);
#9193 = CARTESIAN_POINT('',(0.,0.));
#9194 = VECTOR('',#9195,1.);
#9195 = DIRECTION('',(0.,-1.));
#9196 = ( GEOMETRIC_REPRESENTATION_CONTEXT(2) 
PARAMETRIC_REPRESENTATION_CONTEXT() REPRESENTATION_CONTEXT('2D SPACE',''
  ) );
#9197 = PCURVE('',#1375,#9198);
#9198 = DEFINITIONAL_REPRESENTATION('',(#9199),#9203);
#9199 = LINE('',#9200,#9201);
#9200 = CARTESIAN_POINT('',(3.6,0.));
#9201 = VECTOR('',#9202,1.);
#9202 = DIRECTION('',(0.,-1.));
#9203 = ( GEOMETRIC_REPRESENTATION_CONTEXT(2) 
PARAMETRIC_REPRESENTATION_CONTEXT() REPRESENTATION_CONTEXT('2D SPACE',''
  ) );
#9204 = ORIENTED_EDGE('',*,*,#6034,.T.);
#9205 = ORIENTED_EDGE('',*,*,#9132,.T.);
#9206 = ADVANCED_FACE('',(#9207),#1375,.F.);
#9207 = FACE_BOUND('',#9208,.F.);
#9208 = EDGE_LOOP('',(#9209,#9210,#9211,#9212));
#9209 = ORIENTED_EDGE('',*,*,#1360,.T.);
#9210 = ORIENTED_EDGE('',*,*,#9159,.T.);
#9211 = ORIENTED_EDGE('',*,*,#6013,.F.);
#9212 = ORIENTED_EDGE('',*,*,#9184,.F.);
#9213 = ADVANCED_FACE('',(#9214),#1502,.F.);
#9214 = FACE_BOUND('',#9215,.F.);
#9215 = EDGE_LOOP('',(#9216,#9217,#9238,#9239,#9264,#9265));
#9216 = ORIENTED_EDGE('',*,*,#1485,.T.);
#9217 = ORIENTED_EDGE('',*,*,#9218,.T.);
#9218 = EDGE_CURVE('',#1488,#4794,#9219,.T.);
#9219 = SURFACE_CURVE('',#9220,(#9224,#9231),.PCURVE_S1.);
#9220 = LINE('',#9221,#9222);
#9221 = CARTESIAN_POINT('',(-48.15,1.8,-5.E-02));
#9222 = VECTOR('',#9223,1.);
#9223 = DIRECTION('',(0.,0.,1.));
#9224 = PCURVE('',#1502,#9225);
#9225 = DEFINITIONAL_REPRESENTATION('',(#9226),#9230);
#9226 = LINE('',#9227,#9228);
#9227 = CARTESIAN_POINT('',(0.,0.));
#9228 = VECTOR('',#9229,1.);
#9229 = DIRECTION('',(0.,-1.));
#9230 = ( GEOMETRIC_REPRESENTATION_CONTEXT(2) 
PARAMETRIC_REPRESENTATION_CONTEXT() REPRESENTATION_CONTEXT('2D SPACE',''
  ) );
#9231 = PCURVE('',#1723,#9232);
#9232 = DEFINITIONAL_REPRESENTATION('',(#9233),#9237);
#9233 = LINE('',#9234,#9235);
#9234 = CARTESIAN_POINT('',(3.14159265359,0.));
#9235 = VECTOR('',#9236,1.);
#9236 = DIRECTION('',(0.,-1.));
#9237 = ( GEOMETRIC_REPRESENTATION_CONTEXT(2) 
PARAMETRIC_REPRESENTATION_CONTEXT() REPRESENTATION_CONTEXT('2D SPACE',''
  ) );
#9238 = ORIENTED_EDGE('',*,*,#4821,.F.);
#9239 = ORIENTED_EDGE('',*,*,#9240,.F.);
#9240 = EDGE_CURVE('',#4507,#4822,#9241,.T.);
#9241 = SURFACE_CURVE('',#9242,(#9246,#9252),.PCURVE_S1.);
#9242 = LINE('',#9243,#9244);
#9243 = CARTESIAN_POINT('',(-48.15,0.9,6.));
#9244 = VECTOR('',#9245,1.);
#9245 = DIRECTION('',(2.22044604925E-16,1.,-0.));
#9246 = PCURVE('',#1502,#9247);
#9247 = DEFINITIONAL_REPRESENTATION('',(#9248),#9251);
#9248 = B_SPLINE_CURVE_WITH_KNOTS('',1,(#9249,#9250),.UNSPECIFIED.,.F.,
  .F.,(2,2),(-2.7,0.9),.PIECEWISE_BEZIER_KNOTS.);
#9249 = CARTESIAN_POINT('',(3.6,-6.05));
#9250 = CARTESIAN_POINT('',(0.,-6.05));
#9251 = ( GEOMETRIC_REPRESENTATION_CONTEXT(2) 
PARAMETRIC_REPRESENTATION_CONTEXT() REPRESENTATION_CONTEXT('2D SPACE',''
  ) );
#9252 = PCURVE('',#9253,#9258);
#9253 = PLANE('',#9254);
#9254 = AXIS2_PLACEMENT_3D('',#9255,#9256,#9257);
#9255 = CARTESIAN_POINT('',(-42.,5.106209572816E-15,6.));
#9256 = DIRECTION('',(0.,0.,1.));
#9257 = DIRECTION('',(1.,0.,-0.));
#9258 = DEFINITIONAL_REPRESENTATION('',(#9259),#9263);
#9259 = LINE('',#9260,#9261);
#9260 = CARTESIAN_POINT('',(-6.15,0.9));
#9261 = VECTOR('',#9262,1.);
#9262 = DIRECTION('',(2.22044604925E-16,1.));
#9263 = ( GEOMETRIC_REPRESENTATION_CONTEXT(2) 
PARAMETRIC_REPRESENTATION_CONTEXT() REPRESENTATION_CONTEXT('2D SPACE',''
  ) );
#9264 = ORIENTED_EDGE('',*,*,#4504,.F.);
#9265 = ORIENTED_EDGE('',*,*,#9266,.F.);
#9266 = EDGE_CURVE('',#1486,#4505,#9267,.T.);
#9267 = SURFACE_CURVE('',#9268,(#9272,#9279),.PCURVE_S1.);
#9268 = LINE('',#9269,#9270);
#9269 = CARTESIAN_POINT('',(-48.15,-1.8,-5.E-02));
#9270 = VECTOR('',#9271,1.);
#9271 = DIRECTION('',(0.,0.,1.));
#9272 = PCURVE('',#1502,#9273);
#9273 = DEFINITIONAL_REPRESENTATION('',(#9274),#9278);
#9274 = LINE('',#9275,#9276);
#9275 = CARTESIAN_POINT('',(3.6,0.));
#9276 = VECTOR('',#9277,1.);
#9277 = DIRECTION('',(0.,-1.));
#9278 = ( GEOMETRIC_REPRESENTATION_CONTEXT(2) 
PARAMETRIC_REPRESENTATION_CONTEXT() REPRESENTATION_CONTEXT('2D SPACE',''
  ) );
#9279 = PCURVE('',#1534,#9280);
#9280 = DEFINITIONAL_REPRESENTATION('',(#9281),#9285);
#9281 = LINE('',#9282,#9283);
#9282 = CARTESIAN_POINT('',(0.,0.));
#9283 = VECTOR('',#9284,1.);
#9284 = DIRECTION('',(0.,-1.));
#9285 = ( GEOMETRIC_REPRESENTATION_CONTEXT(2) 
PARAMETRIC_REPRESENTATION_CONTEXT() REPRESENTATION_CONTEXT('2D SPACE',''
  ) );
#9286 = ADVANCED_FACE('',(#9287),#1534,.F.);
#9287 = FACE_BOUND('',#9288,.F.);
#9288 = EDGE_LOOP('',(#9289,#9290,#9291,#9292));
#9289 = ORIENTED_EDGE('',*,*,#1513,.F.);
#9290 = ORIENTED_EDGE('',*,*,#9266,.T.);
#9291 = ORIENTED_EDGE('',*,*,#4527,.T.);
#9292 = ORIENTED_EDGE('',*,*,#9293,.T.);
#9293 = EDGE_CURVE('',#4528,#1514,#9294,.T.);
#9294 = SURFACE_CURVE('',#9295,(#9299,#9305),.PCURVE_S1.);
#9295 = LINE('',#9296,#9297);
#9296 = CARTESIAN_POINT('',(-50.5077585649,-5.349044307891,-5.E-02));
#9297 = VECTOR('',#9298,1.);
#9298 = DIRECTION('',(0.,-0.,-1.));
#9299 = PCURVE('',#1534,#9300);
#9300 = DEFINITIONAL_REPRESENTATION('',(#9301),#9304);
#9301 = B_SPLINE_CURVE_WITH_KNOTS('',1,(#9302,#9303),.UNSPECIFIED.,.F.,
  .F.,(2,2),(-6.0500006,-4.99994E-02),.PIECEWISE_BEZIER_KNOTS.);
#9302 = CARTESIAN_POINT('',(1.172774918126,-6.0500006));
#9303 = CARTESIAN_POINT('',(1.172774918126,-4.99994E-02));
#9304 = ( GEOMETRIC_REPRESENTATION_CONTEXT(2) 
PARAMETRIC_REPRESENTATION_CONTEXT() REPRESENTATION_CONTEXT('2D SPACE',''
  ) );
#9305 = PCURVE('',#1567,#9306);
#9306 = DEFINITIONAL_REPRESENTATION('',(#9307),#9310);
#9307 = B_SPLINE_CURVE_WITH_KNOTS('',1,(#9308,#9309),.UNSPECIFIED.,.F.,
  .F.,(2,2),(-6.0500006,-4.99994E-02),.PIECEWISE_BEZIER_KNOTS.);
#9308 = CARTESIAN_POINT('',(0.825361256204,-6.0500006));
#9309 = CARTESIAN_POINT('',(0.825361256204,-4.99994E-02));
#9310 = ( GEOMETRIC_REPRESENTATION_CONTEXT(2) 
PARAMETRIC_REPRESENTATION_CONTEXT() REPRESENTATION_CONTEXT('2D SPACE',''
  ) );
#9311 = ADVANCED_FACE('',(#9312),#1723,.F.);
#9312 = FACE_BOUND('',#9313,.F.);
#9313 = EDGE_LOOP('',(#9314,#9315,#9334,#9335));
#9314 = ORIENTED_EDGE('',*,*,#1704,.F.);
#9315 = ORIENTED_EDGE('',*,*,#9316,.F.);
#9316 = EDGE_CURVE('',#4766,#1672,#9317,.T.);
#9317 = SURFACE_CURVE('',#9318,(#9322,#9328),.PCURVE_S1.);
#9318 = LINE('',#9319,#9320);
#9319 = CARTESIAN_POINT('',(-50.5077585649,5.349044307891,-5.E-02));
#9320 = VECTOR('',#9321,1.);
#9321 = DIRECTION('',(0.,0.,-1.));
#9322 = PCURVE('',#1723,#9323);
#9323 = DEFINITIONAL_REPRESENTATION('',(#9324),#9327);
#9324 = B_SPLINE_CURVE_WITH_KNOTS('',1,(#9325,#9326),.UNSPECIFIED.,.F.,
  .F.,(2,2),(-6.0500006,-4.99994E-02),.PIECEWISE_BEZIER_KNOTS.);
#9325 = CARTESIAN_POINT('',(1.968817735464,-6.0500006));
#9326 = CARTESIAN_POINT('',(1.968817735464,-4.99994E-02));
#9327 = ( GEOMETRIC_REPRESENTATION_CONTEXT(2) 
PARAMETRIC_REPRESENTATION_CONTEXT() REPRESENTATION_CONTEXT('2D SPACE',''
  ) );
#9328 = PCURVE('',#1692,#9329);
#9329 = DEFINITIONAL_REPRESENTATION('',(#9330),#9333);
#9330 = B_SPLINE_CURVE_WITH_KNOTS('',1,(#9331,#9332),.UNSPECIFIED.,.F.,
  .F.,(2,2),(-6.0500006,-4.99994E-02),.PIECEWISE_BEZIER_KNOTS.);
#9331 = CARTESIAN_POINT('',(2.316231397386,-6.0500006));
#9332 = CARTESIAN_POINT('',(2.316231397386,-4.99994E-02));
#9333 = ( GEOMETRIC_REPRESENTATION_CONTEXT(2) 
PARAMETRIC_REPRESENTATION_CONTEXT() REPRESENTATION_CONTEXT('2D SPACE',''
  ) );
#9334 = ORIENTED_EDGE('',*,*,#4793,.T.);
#9335 = ORIENTED_EDGE('',*,*,#9218,.F.);
#9336 = ADVANCED_FACE('',(#9337),#1567,.F.);
#9337 = FACE_BOUND('',#9338,.F.);
#9338 = EDGE_LOOP('',(#9339,#9340,#9341,#9342));
#9339 = ORIENTED_EDGE('',*,*,#1546,.F.);
#9340 = ORIENTED_EDGE('',*,*,#9293,.F.);
#9341 = ORIENTED_EDGE('',*,*,#4555,.T.);
#9342 = ORIENTED_EDGE('',*,*,#9343,.T.);
#9343 = EDGE_CURVE('',#4556,#1547,#9344,.T.);
#9344 = SURFACE_CURVE('',#9345,(#9349,#9355),.PCURVE_S1.);
#9345 = LINE('',#9346,#9347);
#9346 = CARTESIAN_POINT('',(-53.49224143509,-5.349044307891,-5.E-02));
#9347 = VECTOR('',#9348,1.);
#9348 = DIRECTION('',(0.,-0.,-1.));
#9349 = PCURVE('',#1567,#9350);
#9350 = DEFINITIONAL_REPRESENTATION('',(#9351),#9354);
#9351 = B_SPLINE_CURVE_WITH_KNOTS('',1,(#9352,#9353),.UNSPECIFIED.,.F.,
  .F.,(2,2),(-6.0500006,-4.99994E-02),.PIECEWISE_BEZIER_KNOTS.);
#9352 = CARTESIAN_POINT('',(2.316231397386,-6.0500006));
#9353 = CARTESIAN_POINT('',(2.316231397386,-4.99994E-02));
#9354 = ( GEOMETRIC_REPRESENTATION_CONTEXT(2) 
PARAMETRIC_REPRESENTATION_CONTEXT() REPRESENTATION_CONTEXT('2D SPACE',''
  ) );
#9355 = PCURVE('',#1600,#9356);
#9356 = DEFINITIONAL_REPRESENTATION('',(#9357),#9360);
#9357 = B_SPLINE_CURVE_WITH_KNOTS('',1,(#9358,#9359),.UNSPECIFIED.,.F.,
  .F.,(2,2),(-6.0500006,-4.99994E-02),.PIECEWISE_BEZIER_KNOTS.);
#9358 = CARTESIAN_POINT('',(1.968817735464,-6.0500006));
#9359 = CARTESIAN_POINT('',(1.968817735464,-4.99994E-02));
#9360 = ( GEOMETRIC_REPRESENTATION_CONTEXT(2) 
PARAMETRIC_REPRESENTATION_CONTEXT() REPRESENTATION_CONTEXT('2D SPACE',''
  ) );
#9361 = ADVANCED_FACE('',(#9362),#1692,.F.);
#9362 = FACE_BOUND('',#9363,.F.);
#9363 = EDGE_LOOP('',(#9364,#9365,#9384,#9385));
#9364 = ORIENTED_EDGE('',*,*,#1671,.F.);
#9365 = ORIENTED_EDGE('',*,*,#9366,.F.);
#9366 = EDGE_CURVE('',#4738,#1639,#9367,.T.);
#9367 = SURFACE_CURVE('',#9368,(#9372,#9378),.PCURVE_S1.);
#9368 = LINE('',#9369,#9370);
#9369 = CARTESIAN_POINT('',(-53.49224143509,5.349044307891,-5.E-02));
#9370 = VECTOR('',#9371,1.);
#9371 = DIRECTION('',(0.,0.,-1.));
#9372 = PCURVE('',#1692,#9373);
#9373 = DEFINITIONAL_REPRESENTATION('',(#9374),#9377);
#9374 = B_SPLINE_CURVE_WITH_KNOTS('',1,(#9375,#9376),.UNSPECIFIED.,.F.,
  .F.,(2,2),(-6.0500006,-4.99994E-02),.PIECEWISE_BEZIER_KNOTS.);
#9375 = CARTESIAN_POINT('',(0.825361256204,-6.0500006));
#9376 = CARTESIAN_POINT('',(0.825361256204,-4.99994E-02));
#9377 = ( GEOMETRIC_REPRESENTATION_CONTEXT(2) 
PARAMETRIC_REPRESENTATION_CONTEXT() REPRESENTATION_CONTEXT('2D SPACE',''
  ) );
#9378 = PCURVE('',#1659,#9379);
#9379 = DEFINITIONAL_REPRESENTATION('',(#9380),#9383);
#9380 = B_SPLINE_CURVE_WITH_KNOTS('',1,(#9381,#9382),.UNSPECIFIED.,.F.,
  .F.,(2,2),(-6.0500006,-4.99994E-02),.PIECEWISE_BEZIER_KNOTS.);
#9381 = CARTESIAN_POINT('',(1.172774918126,-6.0500006));
#9382 = CARTESIAN_POINT('',(1.172774918126,-4.99994E-02));
#9383 = ( GEOMETRIC_REPRESENTATION_CONTEXT(2) 
PARAMETRIC_REPRESENTATION_CONTEXT() REPRESENTATION_CONTEXT('2D SPACE',''
  ) );
#9384 = ORIENTED_EDGE('',*,*,#4765,.T.);
#9385 = ORIENTED_EDGE('',*,*,#9316,.T.);
#9386 = ADVANCED_FACE('',(#9387),#1600,.F.);
#9387 = FACE_BOUND('',#9388,.F.);
#9388 = EDGE_LOOP('',(#9389,#9390,#9391,#9392));
#9389 = ORIENTED_EDGE('',*,*,#1579,.F.);
#9390 = ORIENTED_EDGE('',*,*,#9343,.F.);
#9391 = ORIENTED_EDGE('',*,*,#4583,.T.);
#9392 = ORIENTED_EDGE('',*,*,#9393,.F.);
#9393 = EDGE_CURVE('',#1580,#4584,#9394,.T.);
#9394 = SURFACE_CURVE('',#9395,(#9399,#9406),.PCURVE_S1.);
#9395 = LINE('',#9396,#9397);
#9396 = CARTESIAN_POINT('',(-55.85,-1.8,-5.E-02));
#9397 = VECTOR('',#9398,1.);
#9398 = DIRECTION('',(0.,0.,1.));
#9399 = PCURVE('',#1600,#9400);
#9400 = DEFINITIONAL_REPRESENTATION('',(#9401),#9405);
#9401 = LINE('',#9402,#9403);
#9402 = CARTESIAN_POINT('',(3.14159265359,0.));
#9403 = VECTOR('',#9404,1.);
#9404 = DIRECTION('',(0.,-1.));
#9405 = ( GEOMETRIC_REPRESENTATION_CONTEXT(2) 
PARAMETRIC_REPRESENTATION_CONTEXT() REPRESENTATION_CONTEXT('2D SPACE',''
  ) );
#9406 = PCURVE('',#1627,#9407);
#9407 = DEFINITIONAL_REPRESENTATION('',(#9408),#9412);
#9408 = LINE('',#9409,#9410);
#9409 = CARTESIAN_POINT('',(0.,0.));
#9410 = VECTOR('',#9411,1.);
#9411 = DIRECTION('',(0.,-1.));
#9412 = ( GEOMETRIC_REPRESENTATION_CONTEXT(2) 
PARAMETRIC_REPRESENTATION_CONTEXT() REPRESENTATION_CONTEXT('2D SPACE',''
  ) );
#9413 = ADVANCED_FACE('',(#9414),#1659,.F.);
#9414 = FACE_BOUND('',#9415,.F.);
#9415 = EDGE_LOOP('',(#9416,#9417,#9438,#9439));
#9416 = ORIENTED_EDGE('',*,*,#1638,.F.);
#9417 = ORIENTED_EDGE('',*,*,#9418,.T.);
#9418 = EDGE_CURVE('',#1613,#4717,#9419,.T.);
#9419 = SURFACE_CURVE('',#9420,(#9424,#9431),.PCURVE_S1.);
#9420 = LINE('',#9421,#9422);
#9421 = CARTESIAN_POINT('',(-55.85,1.8,-5.E-02));
#9422 = VECTOR('',#9423,1.);
#9423 = DIRECTION('',(0.,0.,1.));
#9424 = PCURVE('',#1659,#9425);
#9425 = DEFINITIONAL_REPRESENTATION('',(#9426),#9430);
#9426 = LINE('',#9427,#9428);
#9427 = CARTESIAN_POINT('',(0.,0.));
#9428 = VECTOR('',#9429,1.);
#9429 = DIRECTION('',(0.,-1.));
#9430 = ( GEOMETRIC_REPRESENTATION_CONTEXT(2) 
PARAMETRIC_REPRESENTATION_CONTEXT() REPRESENTATION_CONTEXT('2D SPACE',''
  ) );
#9431 = PCURVE('',#1627,#9432);
#9432 = DEFINITIONAL_REPRESENTATION('',(#9433),#9437);
#9433 = LINE('',#9434,#9435);
#9434 = CARTESIAN_POINT('',(3.6,0.));
#9435 = VECTOR('',#9436,1.);
#9436 = DIRECTION('',(0.,-1.));
#9437 = ( GEOMETRIC_REPRESENTATION_CONTEXT(2) 
PARAMETRIC_REPRESENTATION_CONTEXT() REPRESENTATION_CONTEXT('2D SPACE',''
  ) );
#9438 = ORIENTED_EDGE('',*,*,#4737,.T.);
#9439 = ORIENTED_EDGE('',*,*,#9366,.T.);
#9440 = ADVANCED_FACE('',(#9441),#1627,.F.);
#9441 = FACE_BOUND('',#9442,.F.);
#9442 = EDGE_LOOP('',(#9443,#9444,#9445,#9446,#9466,#9467));
#9443 = ORIENTED_EDGE('',*,*,#1612,.T.);
#9444 = ORIENTED_EDGE('',*,*,#9393,.T.);
#9445 = ORIENTED_EDGE('',*,*,#4611,.F.);
#9446 = ORIENTED_EDGE('',*,*,#9447,.F.);
#9447 = EDGE_CURVE('',#4689,#4612,#9448,.T.);
#9448 = SURFACE_CURVE('',#9449,(#9453,#9459),.PCURVE_S1.);
#9449 = LINE('',#9450,#9451);
#9450 = CARTESIAN_POINT('',(-55.85,-0.9,6.));
#9451 = VECTOR('',#9452,1.);
#9452 = DIRECTION('',(-2.22044604925E-16,-1.,0.));
#9453 = PCURVE('',#1627,#9454);
#9454 = DEFINITIONAL_REPRESENTATION('',(#9455),#9458);
#9455 = B_SPLINE_CURVE_WITH_KNOTS('',1,(#9456,#9457),.UNSPECIFIED.,.F.,
  .F.,(2,2),(-2.7,0.9),.PIECEWISE_BEZIER_KNOTS.);
#9456 = CARTESIAN_POINT('',(3.6,-6.05));
#9457 = CARTESIAN_POINT('',(0.,-6.05));
#9458 = ( GEOMETRIC_REPRESENTATION_CONTEXT(2) 
PARAMETRIC_REPRESENTATION_CONTEXT() REPRESENTATION_CONTEXT('2D SPACE',''
  ) );
#9459 = PCURVE('',#9253,#9460);
#9460 = DEFINITIONAL_REPRESENTATION('',(#9461),#9465);
#9461 = LINE('',#9462,#9463);
#9462 = CARTESIAN_POINT('',(-13.85,-0.9));
#9463 = VECTOR('',#9464,1.);
#9464 = DIRECTION('',(-2.22044604925E-16,-1.));
#9465 = ( GEOMETRIC_REPRESENTATION_CONTEXT(2) 
PARAMETRIC_REPRESENTATION_CONTEXT() REPRESENTATION_CONTEXT('2D SPACE',''
  ) );
#9466 = ORIENTED_EDGE('',*,*,#4716,.F.);
#9467 = ORIENTED_EDGE('',*,*,#9418,.F.);
#9468 = ADVANCED_FACE('',(#9469),#1758,.F.);
#9469 = FACE_BOUND('',#9470,.F.);
#9470 = EDGE_LOOP('',(#9471,#9472,#9493,#9494));
#9471 = ORIENTED_EDGE('',*,*,#1737,.F.);
#9472 = ORIENTED_EDGE('',*,*,#9473,.F.);
#9473 = EDGE_CURVE('',#6531,#1738,#9474,.T.);
#9474 = SEAM_CURVE('',#9475,(#9479,#9486),.PCURVE_S1.);
#9475 = LINE('',#9476,#9477);
#9476 = CARTESIAN_POINT('',(-38.7733297464,9.317485623691,6.));
#9477 = VECTOR('',#9478,1.);
#9478 = DIRECTION('',(0.,0.,-1.));
#9479 = PCURVE('',#1758,#9480);
#9480 = DEFINITIONAL_REPRESENTATION('',(#9481),#9485);
#9481 = LINE('',#9482,#9483);
#9482 = CARTESIAN_POINT('',(6.28318530718,-0.));
#9483 = VECTOR('',#9484,1.);
#9484 = DIRECTION('',(0.,1.));
#9485 = ( GEOMETRIC_REPRESENTATION_CONTEXT(2) 
PARAMETRIC_REPRESENTATION_CONTEXT() REPRESENTATION_CONTEXT('2D SPACE',''
  ) );
#9486 = PCURVE('',#1758,#9487);
#9487 = DEFINITIONAL_REPRESENTATION('',(#9488),#9492);
#9488 = LINE('',#9489,#9490);
#9489 = CARTESIAN_POINT('',(0.,-0.));
#9490 = VECTOR('',#9491,1.);
#9491 = DIRECTION('',(0.,1.));
#9492 = ( GEOMETRIC_REPRESENTATION_CONTEXT(2) 
PARAMETRIC_REPRESENTATION_CONTEXT() REPRESENTATION_CONTEXT('2D SPACE',''
  ) );
#9493 = ORIENTED_EDGE('',*,*,#6530,.T.);
#9494 = ORIENTED_EDGE('',*,*,#9473,.T.);
#9495 = ADVANCED_FACE('',(#9496),#1789,.F.);
#9496 = FACE_BOUND('',#9497,.F.);
#9497 = EDGE_LOOP('',(#9498,#9499,#9520,#9521));
#9498 = ORIENTED_EDGE('',*,*,#1772,.T.);
#9499 = ORIENTED_EDGE('',*,*,#9500,.T.);
#9500 = EDGE_CURVE('',#1775,#6563,#9501,.T.);
#9501 = SURFACE_CURVE('',#9502,(#9506,#9513),.PCURVE_S1.);
#9502 = LINE('',#9503,#9504);
#9503 = CARTESIAN_POINT('',(-40.79912319222,25.633845726812,-5.E-02));
#9504 = VECTOR('',#9505,1.);
#9505 = DIRECTION('',(0.,0.,1.));
#9506 = PCURVE('',#1789,#9507);
#9507 = DEFINITIONAL_REPRESENTATION('',(#9508),#9512);
#9508 = LINE('',#9509,#9510);
#9509 = CARTESIAN_POINT('',(0.,0.));
#9510 = VECTOR('',#9511,1.);
#9511 = DIRECTION('',(0.,-1.));
#9512 = ( GEOMETRIC_REPRESENTATION_CONTEXT(2) 
PARAMETRIC_REPRESENTATION_CONTEXT() REPRESENTATION_CONTEXT('2D SPACE',''
  ) );
#9513 = PCURVE('',#2010,#9514);
#9514 = DEFINITIONAL_REPRESENTATION('',(#9515),#9519);
#9515 = LINE('',#9516,#9517);
#9516 = CARTESIAN_POINT('',(3.14159265359,0.));
#9517 = VECTOR('',#9518,1.);
#9518 = DIRECTION('',(0.,-1.));
#9519 = ( GEOMETRIC_REPRESENTATION_CONTEXT(2) 
PARAMETRIC_REPRESENTATION_CONTEXT() REPRESENTATION_CONTEXT('2D SPACE',''
  ) );
#9520 = ORIENTED_EDGE('',*,*,#6560,.F.);
#9521 = ORIENTED_EDGE('',*,*,#9522,.F.);
#9522 = EDGE_CURVE('',#1773,#6561,#9523,.T.);
#9523 = SURFACE_CURVE('',#9524,(#9528,#9535),.PCURVE_S1.);
#9524 = LINE('',#9525,#9526);
#9525 = CARTESIAN_POINT('',(-42.59912319222,22.516154273188,-5.E-02));
#9526 = VECTOR('',#9527,1.);
#9527 = DIRECTION('',(0.,0.,1.));
#9528 = PCURVE('',#1789,#9529);
#9529 = DEFINITIONAL_REPRESENTATION('',(#9530),#9534);
#9530 = LINE('',#9531,#9532);
#9531 = CARTESIAN_POINT('',(3.6,0.));
#9532 = VECTOR('',#9533,1.);
#9533 = DIRECTION('',(0.,-1.));
#9534 = ( GEOMETRIC_REPRESENTATION_CONTEXT(2) 
PARAMETRIC_REPRESENTATION_CONTEXT() REPRESENTATION_CONTEXT('2D SPACE',''
  ) );
#9535 = PCURVE('',#1821,#9536);
#9536 = DEFINITIONAL_REPRESENTATION('',(#9537),#9541);
#9537 = LINE('',#9538,#9539);
#9538 = CARTESIAN_POINT('',(0.,0.));
#9539 = VECTOR('',#9540,1.);
#9540 = DIRECTION('',(0.,-1.));
#9541 = ( GEOMETRIC_REPRESENTATION_CONTEXT(2) 
PARAMETRIC_REPRESENTATION_CONTEXT() REPRESENTATION_CONTEXT('2D SPACE',''
  ) );
#9542 = ADVANCED_FACE('',(#9543),#1821,.F.);
#9543 = FACE_BOUND('',#9544,.F.);
#9544 = EDGE_LOOP('',(#9545,#9546,#9547,#9548));
#9545 = ORIENTED_EDGE('',*,*,#1800,.F.);
#9546 = ORIENTED_EDGE('',*,*,#9522,.T.);
#9547 = ORIENTED_EDGE('',*,*,#6583,.T.);
#9548 = ORIENTED_EDGE('',*,*,#9549,.T.);
#9549 = EDGE_CURVE('',#6584,#1801,#9550,.T.);
#9550 = SURFACE_CURVE('',#9551,(#9555,#9561),.PCURVE_S1.);
#9551 = LINE('',#9552,#9553);
#9552 = CARTESIAN_POINT('',(-46.41552415936,20.621471025848,-5.E-02));
#9553 = VECTOR('',#9554,1.);
#9554 = DIRECTION('',(0.,-0.,-1.));
#9555 = PCURVE('',#1821,#9556);
#9556 = DEFINITIONAL_REPRESENTATION('',(#9557),#9560);
#9557 = B_SPLINE_CURVE_WITH_KNOTS('',1,(#9558,#9559),.UNSPECIFIED.,.F.,
  .F.,(2,2),(-6.0500006,-4.99994E-02),.PIECEWISE_BEZIER_KNOTS.);
#9558 = CARTESIAN_POINT('',(1.172774918126,-6.0500006));
#9559 = CARTESIAN_POINT('',(1.172774918126,-4.99994E-02));
#9560 = ( GEOMETRIC_REPRESENTATION_CONTEXT(2) 
PARAMETRIC_REPRESENTATION_CONTEXT() REPRESENTATION_CONTEXT('2D SPACE',''
  ) );
#9561 = PCURVE('',#1854,#9562);
#9562 = DEFINITIONAL_REPRESENTATION('',(#9563),#9566);
#9563 = B_SPLINE_CURVE_WITH_KNOTS('',1,(#9564,#9565),.UNSPECIFIED.,.F.,
  .F.,(2,2),(-6.0500006,-4.99994E-02),.PIECEWISE_BEZIER_KNOTS.);
#9564 = CARTESIAN_POINT('',(0.825361256204,-6.0500006));
#9565 = CARTESIAN_POINT('',(0.825361256204,-4.99994E-02));
#9566 = ( GEOMETRIC_REPRESENTATION_CONTEXT(2) 
PARAMETRIC_REPRESENTATION_CONTEXT() REPRESENTATION_CONTEXT('2D SPACE',''
  ) );
#9567 = ADVANCED_FACE('',(#9568),#2010,.F.);
#9568 = FACE_BOUND('',#9569,.F.);
#9569 = EDGE_LOOP('',(#9570,#9571,#9590,#9591));
#9570 = ORIENTED_EDGE('',*,*,#1991,.F.);
#9571 = ORIENTED_EDGE('',*,*,#9572,.F.);
#9572 = EDGE_CURVE('',#6717,#1959,#9573,.T.);
#9573 = SURFACE_CURVE('',#9574,(#9578,#9584),.PCURVE_S1.);
#9574 = LINE('',#9575,#9576);
#9575 = CARTESIAN_POINT('',(-41.06647985147,29.886287539053,-5.E-02));
#9576 = VECTOR('',#9577,1.);
#9577 = DIRECTION('',(0.,0.,-1.));
#9578 = PCURVE('',#2010,#9579);
#9579 = DEFINITIONAL_REPRESENTATION('',(#9580),#9583);
#9580 = B_SPLINE_CURVE_WITH_KNOTS('',1,(#9581,#9582),.UNSPECIFIED.,.F.,
  .F.,(2,2),(-6.0500006,-4.99994E-02),.PIECEWISE_BEZIER_KNOTS.);
#9581 = CARTESIAN_POINT('',(1.968817735464,-6.0500006));
#9582 = CARTESIAN_POINT('',(1.968817735464,-4.99994E-02));
#9583 = ( GEOMETRIC_REPRESENTATION_CONTEXT(2) 
PARAMETRIC_REPRESENTATION_CONTEXT() REPRESENTATION_CONTEXT('2D SPACE',''
  ) );
#9584 = PCURVE('',#1979,#9585);
#9585 = DEFINITIONAL_REPRESENTATION('',(#9586),#9589);
#9586 = B_SPLINE_CURVE_WITH_KNOTS('',1,(#9587,#9588),.UNSPECIFIED.,.F.,
  .F.,(2,2),(-6.0500006,-4.99994E-02),.PIECEWISE_BEZIER_KNOTS.);
#9587 = CARTESIAN_POINT('',(2.316231397386,-6.0500006));
#9588 = CARTESIAN_POINT('',(2.316231397386,-4.99994E-02));
#9589 = ( GEOMETRIC_REPRESENTATION_CONTEXT(2) 
PARAMETRIC_REPRESENTATION_CONTEXT() REPRESENTATION_CONTEXT('2D SPACE',''
  ) );
#9590 = ORIENTED_EDGE('',*,*,#6744,.T.);
#9591 = ORIENTED_EDGE('',*,*,#9500,.F.);
#9592 = ADVANCED_FACE('',(#9593),#1854,.F.);
#9593 = FACE_BOUND('',#9594,.F.);
#9594 = EDGE_LOOP('',(#9595,#9596,#9597,#9598));
#9595 = ORIENTED_EDGE('',*,*,#1833,.F.);
#9596 = ORIENTED_EDGE('',*,*,#9549,.F.);
#9597 = ORIENTED_EDGE('',*,*,#6611,.T.);
#9598 = ORIENTED_EDGE('',*,*,#9599,.T.);
#9599 = EDGE_CURVE('',#6612,#1834,#9600,.T.);
#9600 = SURFACE_CURVE('',#9601,(#9605,#9611),.PCURVE_S1.);
#9601 = LINE('',#9602,#9603);
#9602 = CARTESIAN_POINT('',(-49.00016214211,22.113712460947,-5.E-02));
#9603 = VECTOR('',#9604,1.);
#9604 = DIRECTION('',(0.,-0.,-1.));
#9605 = PCURVE('',#1854,#9606);
#9606 = DEFINITIONAL_REPRESENTATION('',(#9607),#9610);
#9607 = B_SPLINE_CURVE_WITH_KNOTS('',1,(#9608,#9609),.UNSPECIFIED.,.F.,
  .F.,(2,2),(-6.0500006,-4.99994E-02),.PIECEWISE_BEZIER_KNOTS.);
#9608 = CARTESIAN_POINT('',(2.316231397386,-6.0500006));
#9609 = CARTESIAN_POINT('',(2.316231397386,-4.99994E-02));
#9610 = ( GEOMETRIC_REPRESENTATION_CONTEXT(2) 
PARAMETRIC_REPRESENTATION_CONTEXT() REPRESENTATION_CONTEXT('2D SPACE',''
  ) );
#9611 = PCURVE('',#1887,#9612);
#9612 = DEFINITIONAL_REPRESENTATION('',(#9613),#9616);
#9613 = B_SPLINE_CURVE_WITH_KNOTS('',1,(#9614,#9615),.UNSPECIFIED.,.F.,
  .F.,(2,2),(-6.0500006,-4.99994E-02),.PIECEWISE_BEZIER_KNOTS.);
#9614 = CARTESIAN_POINT('',(1.968817735464,-6.0500006));
#9615 = CARTESIAN_POINT('',(1.968817735464,-4.99994E-02));
#9616 = ( GEOMETRIC_REPRESENTATION_CONTEXT(2) 
PARAMETRIC_REPRESENTATION_CONTEXT() REPRESENTATION_CONTEXT('2D SPACE',''
  ) );
#9617 = ADVANCED_FACE('',(#9618),#1979,.F.);
#9618 = FACE_BOUND('',#9619,.F.);
#9619 = EDGE_LOOP('',(#9620,#9621,#9640,#9641));
#9620 = ORIENTED_EDGE('',*,*,#1958,.F.);
#9621 = ORIENTED_EDGE('',*,*,#9622,.F.);
#9622 = EDGE_CURVE('',#6689,#1926,#9623,.T.);
#9623 = SURFACE_CURVE('',#9624,(#9628,#9634),.PCURVE_S1.);
#9624 = LINE('',#9625,#9626);
#9625 = CARTESIAN_POINT('',(-43.65111783422,31.378528974152,-5.E-02));
#9626 = VECTOR('',#9627,1.);
#9627 = DIRECTION('',(0.,0.,-1.));
#9628 = PCURVE('',#1979,#9629);
#9629 = DEFINITIONAL_REPRESENTATION('',(#9630),#9633);
#9630 = B_SPLINE_CURVE_WITH_KNOTS('',1,(#9631,#9632),.UNSPECIFIED.,.F.,
  .F.,(2,2),(-6.0500006,-4.99994E-02),.PIECEWISE_BEZIER_KNOTS.);
#9631 = CARTESIAN_POINT('',(0.825361256204,-6.0500006));
#9632 = CARTESIAN_POINT('',(0.825361256204,-4.99994E-02));
#9633 = ( GEOMETRIC_REPRESENTATION_CONTEXT(2) 
PARAMETRIC_REPRESENTATION_CONTEXT() REPRESENTATION_CONTEXT('2D SPACE',''
  ) );
#9634 = PCURVE('',#1946,#9635);
#9635 = DEFINITIONAL_REPRESENTATION('',(#9636),#9639);
#9636 = B_SPLINE_CURVE_WITH_KNOTS('',1,(#9637,#9638),.UNSPECIFIED.,.F.,
  .F.,(2,2),(-6.0500006,-4.99994E-02),.PIECEWISE_BEZIER_KNOTS.);
#9637 = CARTESIAN_POINT('',(1.172774918126,-6.0500006));
#9638 = CARTESIAN_POINT('',(1.172774918126,-4.99994E-02));
#9639 = ( GEOMETRIC_REPRESENTATION_CONTEXT(2) 
PARAMETRIC_REPRESENTATION_CONTEXT() REPRESENTATION_CONTEXT('2D SPACE',''
  ) );
#9640 = ORIENTED_EDGE('',*,*,#6716,.T.);
#9641 = ORIENTED_EDGE('',*,*,#9572,.T.);
#9642 = ADVANCED_FACE('',(#9643),#1887,.F.);
#9643 = FACE_BOUND('',#9644,.F.);
#9644 = EDGE_LOOP('',(#9645,#9646,#9647,#9648));
#9645 = ORIENTED_EDGE('',*,*,#1866,.F.);
#9646 = ORIENTED_EDGE('',*,*,#9599,.F.);
#9647 = ORIENTED_EDGE('',*,*,#6639,.T.);
#9648 = ORIENTED_EDGE('',*,*,#9649,.F.);
#9649 = EDGE_CURVE('',#1867,#6640,#9650,.T.);
#9650 = SURFACE_CURVE('',#9651,(#9655,#9662),.PCURVE_S1.);
#9651 = LINE('',#9652,#9653);
#9652 = CARTESIAN_POINT('',(-49.26751880136,26.366154273188,-5.E-02));
#9653 = VECTOR('',#9654,1.);
#9654 = DIRECTION('',(0.,0.,1.));
#9655 = PCURVE('',#1887,#9656);
#9656 = DEFINITIONAL_REPRESENTATION('',(#9657),#9661);
#9657 = LINE('',#9658,#9659);
#9658 = CARTESIAN_POINT('',(3.14159265359,0.));
#9659 = VECTOR('',#9660,1.);
#9660 = DIRECTION('',(0.,-1.));
#9661 = ( GEOMETRIC_REPRESENTATION_CONTEXT(2) 
PARAMETRIC_REPRESENTATION_CONTEXT() REPRESENTATION_CONTEXT('2D SPACE',''
  ) );
#9662 = PCURVE('',#1914,#9663);
#9663 = DEFINITIONAL_REPRESENTATION('',(#9664),#9668);
#9664 = LINE('',#9665,#9666);
#9665 = CARTESIAN_POINT('',(0.,0.));
#9666 = VECTOR('',#9667,1.);
#9667 = DIRECTION('',(0.,-1.));
#9668 = ( GEOMETRIC_REPRESENTATION_CONTEXT(2) 
PARAMETRIC_REPRESENTATION_CONTEXT() REPRESENTATION_CONTEXT('2D SPACE',''
  ) );
#9669 = ADVANCED_FACE('',(#9670),#1946,.F.);
#9670 = FACE_BOUND('',#9671,.F.);
#9671 = EDGE_LOOP('',(#9672,#9673,#9694,#9695));
#9672 = ORIENTED_EDGE('',*,*,#1925,.F.);
#9673 = ORIENTED_EDGE('',*,*,#9674,.T.);
#9674 = EDGE_CURVE('',#1900,#6668,#9675,.T.);
#9675 = SURFACE_CURVE('',#9676,(#9680,#9687),.PCURVE_S1.);
#9676 = LINE('',#9677,#9678);
#9677 = CARTESIAN_POINT('',(-47.46751880136,29.483845726812,-5.E-02));
#9678 = VECTOR('',#9679,1.);
#9679 = DIRECTION('',(0.,0.,1.));
#9680 = PCURVE('',#1946,#9681);
#9681 = DEFINITIONAL_REPRESENTATION('',(#9682),#9686);
#9682 = LINE('',#9683,#9684);
#9683 = CARTESIAN_POINT('',(0.,0.));
#9684 = VECTOR('',#9685,1.);
#9685 = DIRECTION('',(0.,-1.));
#9686 = ( GEOMETRIC_REPRESENTATION_CONTEXT(2) 
PARAMETRIC_REPRESENTATION_CONTEXT() REPRESENTATION_CONTEXT('2D SPACE',''
  ) );
#9687 = PCURVE('',#1914,#9688);
#9688 = DEFINITIONAL_REPRESENTATION('',(#9689),#9693);
#9689 = LINE('',#9690,#9691);
#9690 = CARTESIAN_POINT('',(3.6,0.));
#9691 = VECTOR('',#9692,1.);
#9692 = DIRECTION('',(0.,-1.));
#9693 = ( GEOMETRIC_REPRESENTATION_CONTEXT(2) 
PARAMETRIC_REPRESENTATION_CONTEXT() REPRESENTATION_CONTEXT('2D SPACE',''
  ) );
#9694 = ORIENTED_EDGE('',*,*,#6688,.T.);
#9695 = ORIENTED_EDGE('',*,*,#9622,.T.);
#9696 = ADVANCED_FACE('',(#9697),#1914,.F.);
#9697 = FACE_BOUND('',#9698,.F.);
#9698 = EDGE_LOOP('',(#9699,#9700,#9701,#9702));
#9699 = ORIENTED_EDGE('',*,*,#1899,.T.);
#9700 = ORIENTED_EDGE('',*,*,#9649,.T.);
#9701 = ORIENTED_EDGE('',*,*,#6667,.F.);
#9702 = ORIENTED_EDGE('',*,*,#9674,.F.);
#9703 = ADVANCED_FACE('',(#9704),#2041,.F.);
#9704 = FACE_BOUND('',#9705,.F.);
#9705 = EDGE_LOOP('',(#9706,#9707,#9728,#9729,#9754,#9755));
#9706 = ORIENTED_EDGE('',*,*,#2024,.T.);
#9707 = ORIENTED_EDGE('',*,*,#9708,.T.);
#9708 = EDGE_CURVE('',#2027,#7062,#9709,.T.);
#9709 = SURFACE_CURVE('',#9710,(#9714,#9721),.PCURVE_S1.);
#9710 = LINE('',#9711,#9712);
#9711 = CARTESIAN_POINT('',(-22.51615427318,42.599123192221,-5.E-02));
#9712 = VECTOR('',#9713,1.);
#9713 = DIRECTION('',(0.,0.,1.));
#9714 = PCURVE('',#2041,#9715);
#9715 = DEFINITIONAL_REPRESENTATION('',(#9716),#9720);
#9716 = LINE('',#9717,#9718);
#9717 = CARTESIAN_POINT('',(0.,0.));
#9718 = VECTOR('',#9719,1.);
#9719 = DIRECTION('',(0.,-1.));
#9720 = ( GEOMETRIC_REPRESENTATION_CONTEXT(2) 
PARAMETRIC_REPRESENTATION_CONTEXT() REPRESENTATION_CONTEXT('2D SPACE',''
  ) );
#9721 = PCURVE('',#2262,#9722);
#9722 = DEFINITIONAL_REPRESENTATION('',(#9723),#9727);
#9723 = LINE('',#9724,#9725);
#9724 = CARTESIAN_POINT('',(3.14159265359,0.));
#9725 = VECTOR('',#9726,1.);
#9726 = DIRECTION('',(0.,-1.));
#9727 = ( GEOMETRIC_REPRESENTATION_CONTEXT(2) 
PARAMETRIC_REPRESENTATION_CONTEXT() REPRESENTATION_CONTEXT('2D SPACE',''
  ) );
#9728 = ORIENTED_EDGE('',*,*,#7089,.F.);
#9729 = ORIENTED_EDGE('',*,*,#9730,.F.);
#9730 = EDGE_CURVE('',#6775,#7090,#9731,.T.);
#9731 = SURFACE_CURVE('',#9732,(#9736,#9742),.PCURVE_S1.);
#9732 = LINE('',#9733,#9734);
#9733 = CARTESIAN_POINT('',(-23.29557713659,42.149123192221,6.));
#9734 = VECTOR('',#9735,1.);
#9735 = DIRECTION('',(0.866025403784,0.5,-0.));
#9736 = PCURVE('',#2041,#9737);
#9737 = DEFINITIONAL_REPRESENTATION('',(#9738),#9741);
#9738 = B_SPLINE_CURVE_WITH_KNOTS('',1,(#9739,#9740),.UNSPECIFIED.,.F.,
  .F.,(2,2),(-2.7,0.9),.PIECEWISE_BEZIER_KNOTS.);
#9739 = CARTESIAN_POINT('',(3.6,-6.05));
#9740 = CARTESIAN_POINT('',(0.,-6.05));
#9741 = ( GEOMETRIC_REPRESENTATION_CONTEXT(2) 
PARAMETRIC_REPRESENTATION_CONTEXT() REPRESENTATION_CONTEXT('2D SPACE',''
  ) );
#9742 = PCURVE('',#9743,#9748);
#9743 = PLANE('',#9744);
#9744 = AXIS2_PLACEMENT_3D('',#9745,#9746,#9747);
#9745 = CARTESIAN_POINT('',(-21.,36.373066958946,6.));
#9746 = DIRECTION('',(0.,0.,1.));
#9747 = DIRECTION('',(1.,0.,-0.));
#9748 = DEFINITIONAL_REPRESENTATION('',(#9749),#9753);
#9749 = LINE('',#9750,#9751);
#9750 = CARTESIAN_POINT('',(-2.295577136594,5.776056233274));
#9751 = VECTOR('',#9752,1.);
#9752 = DIRECTION('',(0.866025403784,0.5));
#9753 = ( GEOMETRIC_REPRESENTATION_CONTEXT(2) 
PARAMETRIC_REPRESENTATION_CONTEXT() REPRESENTATION_CONTEXT('2D SPACE',''
  ) );
#9754 = ORIENTED_EDGE('',*,*,#6772,.F.);
#9755 = ORIENTED_EDGE('',*,*,#9756,.F.);
#9756 = EDGE_CURVE('',#2025,#6773,#9757,.T.);
#9757 = SURFACE_CURVE('',#9758,(#9762,#9769),.PCURVE_S1.);
#9758 = LINE('',#9759,#9760);
#9759 = CARTESIAN_POINT('',(-25.63384572681,40.799123192221,-5.E-02));
#9760 = VECTOR('',#9761,1.);
#9761 = DIRECTION('',(0.,0.,1.));
#9762 = PCURVE('',#2041,#9763);
#9763 = DEFINITIONAL_REPRESENTATION('',(#9764),#9768);
#9764 = LINE('',#9765,#9766);
#9765 = CARTESIAN_POINT('',(3.6,0.));
#9766 = VECTOR('',#9767,1.);
#9767 = DIRECTION('',(0.,-1.));
#9768 = ( GEOMETRIC_REPRESENTATION_CONTEXT(2) 
PARAMETRIC_REPRESENTATION_CONTEXT() REPRESENTATION_CONTEXT('2D SPACE',''
  ) );
#9769 = PCURVE('',#2073,#9770);
#9770 = DEFINITIONAL_REPRESENTATION('',(#9771),#9775);
#9771 = LINE('',#9772,#9773);
#9772 = CARTESIAN_POINT('',(0.,0.));
#9773 = VECTOR('',#9774,1.);
#9774 = DIRECTION('',(0.,-1.));
#9775 = ( GEOMETRIC_REPRESENTATION_CONTEXT(2) 
PARAMETRIC_REPRESENTATION_CONTEXT() REPRESENTATION_CONTEXT('2D SPACE',''
  ) );
#9776 = ADVANCED_FACE('',(#9777),#2073,.F.);
#9777 = FACE_BOUND('',#9778,.F.);
#9778 = EDGE_LOOP('',(#9779,#9780,#9781,#9782));
#9779 = ORIENTED_EDGE('',*,*,#2052,.F.);
#9780 = ORIENTED_EDGE('',*,*,#9756,.T.);
#9781 = ORIENTED_EDGE('',*,*,#6795,.T.);
#9782 = ORIENTED_EDGE('',*,*,#9783,.T.);
#9783 = EDGE_CURVE('',#6796,#2053,#9784,.T.);
#9784 = SURFACE_CURVE('',#9785,(#9789,#9795),.PCURVE_S1.);
#9785 = LINE('',#9786,#9787);
#9786 = CARTESIAN_POINT('',(-29.88628753905,41.06647985147,-5.E-02));
#9787 = VECTOR('',#9788,1.);
#9788 = DIRECTION('',(0.,-0.,-1.));
#9789 = PCURVE('',#2073,#9790);
#9790 = DEFINITIONAL_REPRESENTATION('',(#9791),#9794);
#9791 = B_SPLINE_CURVE_WITH_KNOTS('',1,(#9792,#9793),.UNSPECIFIED.,.F.,
  .F.,(2,2),(-6.0500006,-4.99994E-02),.PIECEWISE_BEZIER_KNOTS.);
#9792 = CARTESIAN_POINT('',(1.172774918126,-6.0500006));
#9793 = CARTESIAN_POINT('',(1.172774918126,-4.99994E-02));
#9794 = ( GEOMETRIC_REPRESENTATION_CONTEXT(2) 
PARAMETRIC_REPRESENTATION_CONTEXT() REPRESENTATION_CONTEXT('2D SPACE',''
  ) );
#9795 = PCURVE('',#2106,#9796);
#9796 = DEFINITIONAL_REPRESENTATION('',(#9797),#9800);
#9797 = B_SPLINE_CURVE_WITH_KNOTS('',1,(#9798,#9799),.UNSPECIFIED.,.F.,
  .F.,(2,2),(-6.0500006,-4.99994E-02),.PIECEWISE_BEZIER_KNOTS.);
#9798 = CARTESIAN_POINT('',(0.825361256204,-6.0500006));
#9799 = CARTESIAN_POINT('',(0.825361256204,-4.99994E-02));
#9800 = ( GEOMETRIC_REPRESENTATION_CONTEXT(2) 
PARAMETRIC_REPRESENTATION_CONTEXT() REPRESENTATION_CONTEXT('2D SPACE',''
  ) );
#9801 = ADVANCED_FACE('',(#9802),#2262,.F.);
#9802 = FACE_BOUND('',#9803,.F.);
#9803 = EDGE_LOOP('',(#9804,#9805,#9824,#9825));
#9804 = ORIENTED_EDGE('',*,*,#2243,.F.);
#9805 = ORIENTED_EDGE('',*,*,#9806,.F.);
#9806 = EDGE_CURVE('',#7034,#2211,#9807,.T.);
#9807 = SURFACE_CURVE('',#9808,(#9812,#9818),.PCURVE_S1.);
#9808 = LINE('',#9809,#9810);
#9809 = CARTESIAN_POINT('',(-20.62147102584,46.415524159362,-5.E-02));
#9810 = VECTOR('',#9811,1.);
#9811 = DIRECTION('',(0.,0.,-1.));
#9812 = PCURVE('',#2262,#9813);
#9813 = DEFINITIONAL_REPRESENTATION('',(#9814),#9817);
#9814 = B_SPLINE_CURVE_WITH_KNOTS('',1,(#9815,#9816),.UNSPECIFIED.,.F.,
  .F.,(2,2),(-6.0500006,-4.99994E-02),.PIECEWISE_BEZIER_KNOTS.);
#9815 = CARTESIAN_POINT('',(1.968817735464,-6.0500006));
#9816 = CARTESIAN_POINT('',(1.968817735464,-4.99994E-02));
#9817 = ( GEOMETRIC_REPRESENTATION_CONTEXT(2) 
PARAMETRIC_REPRESENTATION_CONTEXT() REPRESENTATION_CONTEXT('2D SPACE',''
  ) );
#9818 = PCURVE('',#2231,#9819);
#9819 = DEFINITIONAL_REPRESENTATION('',(#9820),#9823);
#9820 = B_SPLINE_CURVE_WITH_KNOTS('',1,(#9821,#9822),.UNSPECIFIED.,.F.,
  .F.,(2,2),(-6.0500006,-4.99994E-02),.PIECEWISE_BEZIER_KNOTS.);
#9821 = CARTESIAN_POINT('',(2.316231397386,-6.0500006));
#9822 = CARTESIAN_POINT('',(2.316231397386,-4.99994E-02));
#9823 = ( GEOMETRIC_REPRESENTATION_CONTEXT(2) 
PARAMETRIC_REPRESENTATION_CONTEXT() REPRESENTATION_CONTEXT('2D SPACE',''
  ) );
#9824 = ORIENTED_EDGE('',*,*,#7061,.T.);
#9825 = ORIENTED_EDGE('',*,*,#9708,.F.);
#9826 = ADVANCED_FACE('',(#9827),#2106,.F.);
#9827 = FACE_BOUND('',#9828,.F.);
#9828 = EDGE_LOOP('',(#9829,#9830,#9831,#9832));
#9829 = ORIENTED_EDGE('',*,*,#2085,.F.);
#9830 = ORIENTED_EDGE('',*,*,#9783,.F.);
#9831 = ORIENTED_EDGE('',*,*,#6823,.T.);
#9832 = ORIENTED_EDGE('',*,*,#9833,.T.);
#9833 = EDGE_CURVE('',#6824,#2086,#9834,.T.);
#9834 = SURFACE_CURVE('',#9835,(#9839,#9845),.PCURVE_S1.);
#9835 = LINE('',#9836,#9837);
#9836 = CARTESIAN_POINT('',(-31.37852897415,43.65111783422,-5.E-02));
#9837 = VECTOR('',#9838,1.);
#9838 = DIRECTION('',(0.,-0.,-1.));
#9839 = PCURVE('',#2106,#9840);
#9840 = DEFINITIONAL_REPRESENTATION('',(#9841),#9844);
#9841 = B_SPLINE_CURVE_WITH_KNOTS('',1,(#9842,#9843),.UNSPECIFIED.,.F.,
  .F.,(2,2),(-6.0500006,-4.99994E-02),.PIECEWISE_BEZIER_KNOTS.);
#9842 = CARTESIAN_POINT('',(2.316231397386,-6.0500006));
#9843 = CARTESIAN_POINT('',(2.316231397386,-4.99994E-02));
#9844 = ( GEOMETRIC_REPRESENTATION_CONTEXT(2) 
PARAMETRIC_REPRESENTATION_CONTEXT() REPRESENTATION_CONTEXT('2D SPACE',''
  ) );
#9845 = PCURVE('',#2139,#9846);
#9846 = DEFINITIONAL_REPRESENTATION('',(#9847),#9850);
#9847 = B_SPLINE_CURVE_WITH_KNOTS('',1,(#9848,#9849),.UNSPECIFIED.,.F.,
  .F.,(2,2),(-6.0500006,-4.99994E-02),.PIECEWISE_BEZIER_KNOTS.);
#9848 = CARTESIAN_POINT('',(1.968817735464,-6.0500006));
#9849 = CARTESIAN_POINT('',(1.968817735464,-4.99994E-02));
#9850 = ( GEOMETRIC_REPRESENTATION_CONTEXT(2) 
PARAMETRIC_REPRESENTATION_CONTEXT() REPRESENTATION_CONTEXT('2D SPACE',''
  ) );
#9851 = ADVANCED_FACE('',(#9852),#2231,.F.);
#9852 = FACE_BOUND('',#9853,.F.);
#9853 = EDGE_LOOP('',(#9854,#9855,#9874,#9875));
#9854 = ORIENTED_EDGE('',*,*,#2210,.F.);
#9855 = ORIENTED_EDGE('',*,*,#9856,.F.);
#9856 = EDGE_CURVE('',#7006,#2178,#9857,.T.);
#9857 = SURFACE_CURVE('',#9858,(#9862,#9868),.PCURVE_S1.);
#9858 = LINE('',#9859,#9860);
#9859 = CARTESIAN_POINT('',(-22.11371246094,49.000162142111,-5.E-02));
#9860 = VECTOR('',#9861,1.);
#9861 = DIRECTION('',(0.,0.,-1.));
#9862 = PCURVE('',#2231,#9863);
#9863 = DEFINITIONAL_REPRESENTATION('',(#9864),#9867);
#9864 = B_SPLINE_CURVE_WITH_KNOTS('',1,(#9865,#9866),.UNSPECIFIED.,.F.,
  .F.,(2,2),(-6.0500006,-4.99994E-02),.PIECEWISE_BEZIER_KNOTS.);
#9865 = CARTESIAN_POINT('',(0.825361256204,-6.0500006));
#9866 = CARTESIAN_POINT('',(0.825361256204,-4.99994E-02));
#9867 = ( GEOMETRIC_REPRESENTATION_CONTEXT(2) 
PARAMETRIC_REPRESENTATION_CONTEXT() REPRESENTATION_CONTEXT('2D SPACE',''
  ) );
#9868 = PCURVE('',#2198,#9869);
#9869 = DEFINITIONAL_REPRESENTATION('',(#9870),#9873);
#9870 = B_SPLINE_CURVE_WITH_KNOTS('',1,(#9871,#9872),.UNSPECIFIED.,.F.,
  .F.,(2,2),(-6.0500006,-4.99994E-02),.PIECEWISE_BEZIER_KNOTS.);
#9871 = CARTESIAN_POINT('',(1.172774918126,-6.0500006));
#9872 = CARTESIAN_POINT('',(1.172774918126,-4.99994E-02));
#9873 = ( GEOMETRIC_REPRESENTATION_CONTEXT(2) 
PARAMETRIC_REPRESENTATION_CONTEXT() REPRESENTATION_CONTEXT('2D SPACE',''
  ) );
#9874 = ORIENTED_EDGE('',*,*,#7033,.T.);
#9875 = ORIENTED_EDGE('',*,*,#9806,.T.);
#9876 = ADVANCED_FACE('',(#9877),#2139,.F.);
#9877 = FACE_BOUND('',#9878,.F.);
#9878 = EDGE_LOOP('',(#9879,#9880,#9881,#9882));
#9879 = ORIENTED_EDGE('',*,*,#2118,.F.);
#9880 = ORIENTED_EDGE('',*,*,#9833,.F.);
#9881 = ORIENTED_EDGE('',*,*,#6851,.T.);
#9882 = ORIENTED_EDGE('',*,*,#9883,.F.);
#9883 = EDGE_CURVE('',#2119,#6852,#9884,.T.);
#9884 = SURFACE_CURVE('',#9885,(#9889,#9896),.PCURVE_S1.);
#9885 = LINE('',#9886,#9887);
#9886 = CARTESIAN_POINT('',(-29.48384572681,47.467518801361,-5.E-02));
#9887 = VECTOR('',#9888,1.);
#9888 = DIRECTION('',(0.,0.,1.));
#9889 = PCURVE('',#2139,#9890);
#9890 = DEFINITIONAL_REPRESENTATION('',(#9891),#9895);
#9891 = LINE('',#9892,#9893);
#9892 = CARTESIAN_POINT('',(3.14159265359,0.));
#9893 = VECTOR('',#9894,1.);
#9894 = DIRECTION('',(0.,-1.));
#9895 = ( GEOMETRIC_REPRESENTATION_CONTEXT(2) 
PARAMETRIC_REPRESENTATION_CONTEXT() REPRESENTATION_CONTEXT('2D SPACE',''
  ) );
#9896 = PCURVE('',#2166,#9897);
#9897 = DEFINITIONAL_REPRESENTATION('',(#9898),#9902);
#9898 = LINE('',#9899,#9900);
#9899 = CARTESIAN_POINT('',(0.,0.));
#9900 = VECTOR('',#9901,1.);
#9901 = DIRECTION('',(0.,-1.));
#9902 = ( GEOMETRIC_REPRESENTATION_CONTEXT(2) 
PARAMETRIC_REPRESENTATION_CONTEXT() REPRESENTATION_CONTEXT('2D SPACE',''
  ) );
#9903 = ADVANCED_FACE('',(#9904),#2198,.F.);
#9904 = FACE_BOUND('',#9905,.F.);
#9905 = EDGE_LOOP('',(#9906,#9907,#9928,#9929));
#9906 = ORIENTED_EDGE('',*,*,#2177,.F.);
#9907 = ORIENTED_EDGE('',*,*,#9908,.T.);
#9908 = EDGE_CURVE('',#2152,#6985,#9909,.T.);
#9909 = SURFACE_CURVE('',#9910,(#9914,#9921),.PCURVE_S1.);
#9910 = LINE('',#9911,#9912);
#9911 = CARTESIAN_POINT('',(-26.36615427318,49.267518801361,-5.E-02));
#9912 = VECTOR('',#9913,1.);
#9913 = DIRECTION('',(0.,0.,1.));
#9914 = PCURVE('',#2198,#9915);
#9915 = DEFINITIONAL_REPRESENTATION('',(#9916),#9920);
#9916 = LINE('',#9917,#9918);
#9917 = CARTESIAN_POINT('',(0.,0.));
#9918 = VECTOR('',#9919,1.);
#9919 = DIRECTION('',(0.,-1.));
#9920 = ( GEOMETRIC_REPRESENTATION_CONTEXT(2) 
PARAMETRIC_REPRESENTATION_CONTEXT() REPRESENTATION_CONTEXT('2D SPACE',''
  ) );
#9921 = PCURVE('',#2166,#9922);
#9922 = DEFINITIONAL_REPRESENTATION('',(#9923),#9927);
#9923 = LINE('',#9924,#9925);
#9924 = CARTESIAN_POINT('',(3.6,0.));
#9925 = VECTOR('',#9926,1.);
#9926 = DIRECTION('',(0.,-1.));
#9927 = ( GEOMETRIC_REPRESENTATION_CONTEXT(2) 
PARAMETRIC_REPRESENTATION_CONTEXT() REPRESENTATION_CONTEXT('2D SPACE',''
  ) );
#9928 = ORIENTED_EDGE('',*,*,#7005,.T.);
#9929 = ORIENTED_EDGE('',*,*,#9856,.T.);
#9930 = ADVANCED_FACE('',(#9931),#2166,.F.);
#9931 = FACE_BOUND('',#9932,.F.);
#9932 = EDGE_LOOP('',(#9933,#9934,#9935,#9936,#9956,#9957));
#9933 = ORIENTED_EDGE('',*,*,#2151,.T.);
#9934 = ORIENTED_EDGE('',*,*,#9883,.T.);
#9935 = ORIENTED_EDGE('',*,*,#6879,.F.);
#9936 = ORIENTED_EDGE('',*,*,#9937,.F.);
#9937 = EDGE_CURVE('',#6957,#6880,#9938,.T.);
#9938 = SURFACE_CURVE('',#9939,(#9943,#9949),.PCURVE_S1.);
#9939 = LINE('',#9940,#9941);
#9940 = CARTESIAN_POINT('',(-28.7044228634,47.917518801361,6.));
#9941 = VECTOR('',#9942,1.);
#9942 = DIRECTION('',(-0.866025403784,-0.5,0.));
#9943 = PCURVE('',#2166,#9944);
#9944 = DEFINITIONAL_REPRESENTATION('',(#9945),#9948);
#9945 = B_SPLINE_CURVE_WITH_KNOTS('',1,(#9946,#9947),.UNSPECIFIED.,.F.,
  .F.,(2,2),(-2.7,0.9),.PIECEWISE_BEZIER_KNOTS.);
#9946 = CARTESIAN_POINT('',(3.6,-6.05));
#9947 = CARTESIAN_POINT('',(0.,-6.05));
#9948 = ( GEOMETRIC_REPRESENTATION_CONTEXT(2) 
PARAMETRIC_REPRESENTATION_CONTEXT() REPRESENTATION_CONTEXT('2D SPACE',''
  ) );
#9949 = PCURVE('',#9743,#9950);
#9950 = DEFINITIONAL_REPRESENTATION('',(#9951),#9955);
#9951 = LINE('',#9952,#9953);
#9952 = CARTESIAN_POINT('',(-7.704422863406,11.544451842414));
#9953 = VECTOR('',#9954,1.);
#9954 = DIRECTION('',(-0.866025403784,-0.5));
#9955 = ( GEOMETRIC_REPRESENTATION_CONTEXT(2) 
PARAMETRIC_REPRESENTATION_CONTEXT() REPRESENTATION_CONTEXT('2D SPACE',''
  ) );
#9956 = ORIENTED_EDGE('',*,*,#6984,.F.);
#9957 = ORIENTED_EDGE('',*,*,#9908,.F.);
#9958 = ADVANCED_FACE('',(#9959),#2295,.F.);
#9959 = FACE_BOUND('',#9960,.T.);
#9960 = EDGE_LOOP('',(#9961,#9962,#9981,#9982));
#9961 = ORIENTED_EDGE('',*,*,#2276,.F.);
#9962 = ORIENTED_EDGE('',*,*,#9963,.F.);
#9963 = EDGE_CURVE('',#5543,#2277,#9964,.T.);
#9964 = SURFACE_CURVE('',#9965,(#9969,#9975),.PCURVE_S1.);
#9965 = LINE('',#9966,#9967);
#9966 = CARTESIAN_POINT('',(13.674794331177,3.,-134.0000002));
#9967 = VECTOR('',#9968,1.);
#9968 = DIRECTION('',(-0.,-0.,-1.));
#9969 = PCURVE('',#2295,#9970);
#9970 = DEFINITIONAL_REPRESENTATION('',(#9971),#9974);
#9971 = B_SPLINE_CURVE_WITH_KNOTS('',1,(#9972,#9973),.UNSPECIFIED.,.F.,
  .F.,(2,2),(-140.0000008,-133.9999996),.PIECEWISE_BEZIER_KNOTS.);
#9972 = CARTESIAN_POINT('',(-0.215960498685,-140.0000008));
#9973 = CARTESIAN_POINT('',(-0.215960498685,-133.9999996));
#9974 = ( GEOMETRIC_REPRESENTATION_CONTEXT(2) 
PARAMETRIC_REPRESENTATION_CONTEXT() REPRESENTATION_CONTEXT('2D SPACE',''
  ) );
#9975 = PCURVE('',#2323,#9976);
#9976 = DEFINITIONAL_REPRESENTATION('',(#9977),#9980);
#9977 = B_SPLINE_CURVE_WITH_KNOTS('',1,(#9978,#9979),.UNSPECIFIED.,.F.,
  .F.,(2,2),(-140.0000008,-133.9999996),.PIECEWISE_BEZIER_KNOTS.);
#9978 = CARTESIAN_POINT('',(1.325205668823,-6.0000006));
#9979 = CARTESIAN_POINT('',(1.325205668823,5.999999928008E-07));
#9980 = ( GEOMETRIC_REPRESENTATION_CONTEXT(2) 
PARAMETRIC_REPRESENTATION_CONTEXT() REPRESENTATION_CONTEXT('2D SPACE',''
  ) );
#9981 = ORIENTED_EDGE('',*,*,#5540,.F.);
#9982 = ORIENTED_EDGE('',*,*,#9983,.T.);
#9983 = EDGE_CURVE('',#5541,#2279,#9984,.T.);
#9984 = SURFACE_CURVE('',#9985,(#9989,#9995),.PCURVE_S1.);
#9985 = LINE('',#9986,#9987);
#9986 = CARTESIAN_POINT('',(3.,13.674794331177,-134.0000002));
#9987 = VECTOR('',#9988,1.);
#9988 = DIRECTION('',(-0.,-0.,-1.));
#9989 = PCURVE('',#2295,#9990);
#9990 = DEFINITIONAL_REPRESENTATION('',(#9991),#9994);
#9991 = B_SPLINE_CURVE_WITH_KNOTS('',1,(#9992,#9993),.UNSPECIFIED.,.F.,
  .F.,(2,2),(-140.0000008,-133.9999996),.PIECEWISE_BEZIER_KNOTS.);
#9992 = CARTESIAN_POINT('',(-1.35483582811,-140.0000008));
#9993 = CARTESIAN_POINT('',(-1.35483582811,-133.9999996));
#9994 = ( GEOMETRIC_REPRESENTATION_CONTEXT(2) 
PARAMETRIC_REPRESENTATION_CONTEXT() REPRESENTATION_CONTEXT('2D SPACE',''
  ) );
#9995 = PCURVE('',#2716,#9996);
#9996 = DEFINITIONAL_REPRESENTATION('',(#9997),#10000);
#9997 = B_SPLINE_CURVE_WITH_KNOTS('',1,(#9998,#9999),.UNSPECIFIED.,.F.,
  .F.,(2,2),(-140.0000008,-133.9999996),.PIECEWISE_BEZIER_KNOTS.);
#9998 = CARTESIAN_POINT('',(2.674794331177,-6.0000006));
#9999 = CARTESIAN_POINT('',(2.674794331177,5.999999928008E-07));
#10000 = ( GEOMETRIC_REPRESENTATION_CONTEXT(2) 
PARAMETRIC_REPRESENTATION_CONTEXT() REPRESENTATION_CONTEXT('2D SPACE',''
  ) );
#10001 = ADVANCED_FACE('',(#10002),#2323,.T.);
#10002 = FACE_BOUND('',#10003,.T.);
#10003 = EDGE_LOOP('',(#10004,#10005,#10026,#10027));
#10004 = ORIENTED_EDGE('',*,*,#2307,.F.);
#10005 = ORIENTED_EDGE('',*,*,#10006,.T.);
#10006 = EDGE_CURVE('',#2308,#5571,#10007,.T.);
#10007 = SURFACE_CURVE('',#10008,(#10012,#10019),.PCURVE_S1.);
#10008 = LINE('',#10009,#10010);
#10009 = CARTESIAN_POINT('',(15.,3.,0.));
#10010 = VECTOR('',#10011,1.);
#10011 = DIRECTION('',(0.,0.,1.));
#10012 = PCURVE('',#2323,#10013);
#10013 = DEFINITIONAL_REPRESENTATION('',(#10014),#10018);
#10014 = LINE('',#10015,#10016);
#10015 = CARTESIAN_POINT('',(0.,-0.));
#10016 = VECTOR('',#10017,1.);
#10017 = DIRECTION('',(0.,-1.));
#10018 = ( GEOMETRIC_REPRESENTATION_CONTEXT(2) 
PARAMETRIC_REPRESENTATION_CONTEXT() REPRESENTATION_CONTEXT('2D SPACE',''
  ) );
#10019 = PCURVE('',#2351,#10020);
#10020 = DEFINITIONAL_REPRESENTATION('',(#10021),#10025);
#10021 = LINE('',#10022,#10023);
#10022 = CARTESIAN_POINT('',(6.,0.));
#10023 = VECTOR('',#10024,1.);
#10024 = DIRECTION('',(0.,-1.));
#10025 = ( GEOMETRIC_REPRESENTATION_CONTEXT(2) 
PARAMETRIC_REPRESENTATION_CONTEXT() REPRESENTATION_CONTEXT('2D SPACE',''
  ) );
#10026 = ORIENTED_EDGE('',*,*,#5570,.F.);
#10027 = ORIENTED_EDGE('',*,*,#9963,.T.);
#10028 = ADVANCED_FACE('',(#10029),#2716,.T.);
#10029 = FACE_BOUND('',#10030,.T.);
#10030 = EDGE_LOOP('',(#10031,#10032,#10033,#10034));
#10031 = ORIENTED_EDGE('',*,*,#2702,.F.);
#10032 = ORIENTED_EDGE('',*,*,#9983,.F.);
#10033 = ORIENTED_EDGE('',*,*,#5885,.F.);
#10034 = ORIENTED_EDGE('',*,*,#10035,.F.);
#10035 = EDGE_CURVE('',#2675,#5865,#10036,.T.);
#10036 = SURFACE_CURVE('',#10037,(#10041,#10048),.PCURVE_S1.);
#10037 = LINE('',#10038,#10039);
#10038 = CARTESIAN_POINT('',(3.,15.,0.));
#10039 = VECTOR('',#10040,1.);
#10040 = DIRECTION('',(0.,0.,1.));
#10041 = PCURVE('',#2716,#10042);
#10042 = DEFINITIONAL_REPRESENTATION('',(#10043),#10047);
#10043 = LINE('',#10044,#10045);
#10044 = CARTESIAN_POINT('',(4.,0.));
#10045 = VECTOR('',#10046,1.);
#10046 = DIRECTION('',(0.,-1.));
#10047 = ( GEOMETRIC_REPRESENTATION_CONTEXT(2) 
PARAMETRIC_REPRESENTATION_CONTEXT() REPRESENTATION_CONTEXT('2D SPACE',''
  ) );
#10048 = PCURVE('',#2690,#10049);
#10049 = DEFINITIONAL_REPRESENTATION('',(#10050),#10054);
#10050 = LINE('',#10051,#10052);
#10051 = CARTESIAN_POINT('',(0.,0.));
#10052 = VECTOR('',#10053,1.);
#10053 = DIRECTION('',(0.,-1.));
#10054 = ( GEOMETRIC_REPRESENTATION_CONTEXT(2) 
PARAMETRIC_REPRESENTATION_CONTEXT() REPRESENTATION_CONTEXT('2D SPACE',''
  ) );
#10055 = ADVANCED_FACE('',(#10056),#2351,.T.);
#10056 = FACE_BOUND('',#10057,.T.);
#10057 = EDGE_LOOP('',(#10058,#10059,#10080,#10081));
#10058 = ORIENTED_EDGE('',*,*,#2335,.F.);
#10059 = ORIENTED_EDGE('',*,*,#10060,.T.);
#10060 = EDGE_CURVE('',#2336,#5592,#10061,.T.);
#10061 = SURFACE_CURVE('',#10062,(#10066,#10073),.PCURVE_S1.);
#10062 = LINE('',#10063,#10064);
#10063 = CARTESIAN_POINT('',(15.,-3.,0.));
#10064 = VECTOR('',#10065,1.);
#10065 = DIRECTION('',(0.,0.,1.));
#10066 = PCURVE('',#2351,#10067);
#10067 = DEFINITIONAL_REPRESENTATION('',(#10068),#10072);
#10068 = LINE('',#10069,#10070);
#10069 = CARTESIAN_POINT('',(0.,0.));
#10070 = VECTOR('',#10071,1.);
#10071 = DIRECTION('',(0.,-1.));
#10072 = ( GEOMETRIC_REPRESENTATION_CONTEXT(2) 
PARAMETRIC_REPRESENTATION_CONTEXT() REPRESENTATION_CONTEXT('2D SPACE',''
  ) );
#10073 = PCURVE('',#2379,#10074);
#10074 = DEFINITIONAL_REPRESENTATION('',(#10075),#10079);
#10075 = LINE('',#10076,#10077);
#10076 = CARTESIAN_POINT('',(4.,0.));
#10077 = VECTOR('',#10078,1.);
#10078 = DIRECTION('',(0.,-1.));
#10079 = ( GEOMETRIC_REPRESENTATION_CONTEXT(2) 
PARAMETRIC_REPRESENTATION_CONTEXT() REPRESENTATION_CONTEXT('2D SPACE',''
  ) );
#10080 = ORIENTED_EDGE('',*,*,#5591,.F.);
#10081 = ORIENTED_EDGE('',*,*,#10006,.F.);
#10082 = ADVANCED_FACE('',(#10083),#2690,.T.);
#10083 = FACE_BOUND('',#10084,.T.);
#10084 = EDGE_LOOP('',(#10085,#10086,#10087,#10088));
#10085 = ORIENTED_EDGE('',*,*,#2674,.F.);
#10086 = ORIENTED_EDGE('',*,*,#10035,.T.);
#10087 = ORIENTED_EDGE('',*,*,#5864,.F.);
#10088 = ORIENTED_EDGE('',*,*,#10089,.F.);
#10089 = EDGE_CURVE('',#2647,#5844,#10090,.T.);
#10090 = SURFACE_CURVE('',#10091,(#10095,#10102),.PCURVE_S1.);
#10091 = LINE('',#10092,#10093);
#10092 = CARTESIAN_POINT('',(-3.,15.,0.));
#10093 = VECTOR('',#10094,1.);
#10094 = DIRECTION('',(0.,0.,1.));
#10095 = PCURVE('',#2690,#10096);
#10096 = DEFINITIONAL_REPRESENTATION('',(#10097),#10101);
#10097 = LINE('',#10098,#10099);
#10098 = CARTESIAN_POINT('',(6.,0.));
#10099 = VECTOR('',#10100,1.);
#10100 = DIRECTION('',(0.,-1.));
#10101 = ( GEOMETRIC_REPRESENTATION_CONTEXT(2) 
PARAMETRIC_REPRESENTATION_CONTEXT() REPRESENTATION_CONTEXT('2D SPACE',''
  ) );
#10102 = PCURVE('',#2662,#10103);
#10103 = DEFINITIONAL_REPRESENTATION('',(#10104),#10108);
#10104 = LINE('',#10105,#10106);
#10105 = CARTESIAN_POINT('',(0.,0.));
#10106 = VECTOR('',#10107,1.);
#10107 = DIRECTION('',(0.,-1.));
#10108 = ( GEOMETRIC_REPRESENTATION_CONTEXT(2) 
PARAMETRIC_REPRESENTATION_CONTEXT() REPRESENTATION_CONTEXT('2D SPACE',''
  ) );
#10109 = ADVANCED_FACE('',(#10110),#2379,.T.);
#10110 = FACE_BOUND('',#10111,.T.);
#10111 = EDGE_LOOP('',(#10112,#10113,#10132,#10133));
#10112 = ORIENTED_EDGE('',*,*,#2363,.F.);
#10113 = ORIENTED_EDGE('',*,*,#10114,.F.);
#10114 = EDGE_CURVE('',#5613,#2364,#10115,.T.);
#10115 = SURFACE_CURVE('',#10116,(#10120,#10126),.PCURVE_S1.);
#10116 = LINE('',#10117,#10118);
#10117 = CARTESIAN_POINT('',(13.674794331177,-3.,-134.0000002));
#10118 = VECTOR('',#10119,1.);
#10119 = DIRECTION('',(-0.,-0.,-1.));
#10120 = PCURVE('',#2379,#10121);
#10121 = DEFINITIONAL_REPRESENTATION('',(#10122),#10125);
#10122 = B_SPLINE_CURVE_WITH_KNOTS('',1,(#10123,#10124),.UNSPECIFIED.,
  .F.,.F.,(2,2),(-140.0000008,-133.9999996),.PIECEWISE_BEZIER_KNOTS.);
#10123 = CARTESIAN_POINT('',(2.674794331177,-6.0000006));
#10124 = CARTESIAN_POINT('',(2.674794331177,5.999999928008E-07));
#10125 = ( GEOMETRIC_REPRESENTATION_CONTEXT(2) 
PARAMETRIC_REPRESENTATION_CONTEXT() REPRESENTATION_CONTEXT('2D SPACE',''
  ) );
#10126 = PCURVE('',#2408,#10127);
#10127 = DEFINITIONAL_REPRESENTATION('',(#10128),#10131);
#10128 = B_SPLINE_CURVE_WITH_KNOTS('',1,(#10129,#10130),.UNSPECIFIED.,
  .F.,.F.,(2,2),(-140.0000008,-133.9999996),.PIECEWISE_BEZIER_KNOTS.);
#10129 = CARTESIAN_POINT('',(-6.067224808495,-140.0000008));
#10130 = CARTESIAN_POINT('',(-6.067224808495,-133.9999996));
#10131 = ( GEOMETRIC_REPRESENTATION_CONTEXT(2) 
PARAMETRIC_REPRESENTATION_CONTEXT() REPRESENTATION_CONTEXT('2D SPACE',''
  ) );
#10132 = ORIENTED_EDGE('',*,*,#5612,.F.);
#10133 = ORIENTED_EDGE('',*,*,#10060,.F.);
#10134 = ADVANCED_FACE('',(#10135),#2662,.T.);
#10135 = FACE_BOUND('',#10136,.T.);
#10136 = EDGE_LOOP('',(#10137,#10138,#10139,#10140));
#10137 = ORIENTED_EDGE('',*,*,#2646,.F.);
#10138 = ORIENTED_EDGE('',*,*,#10089,.T.);
#10139 = ORIENTED_EDGE('',*,*,#5843,.F.);
#10140 = ORIENTED_EDGE('',*,*,#10141,.T.);
#10141 = EDGE_CURVE('',#5816,#2618,#10142,.T.);
#10142 = SURFACE_CURVE('',#10143,(#10147,#10153),.PCURVE_S1.);
#10143 = LINE('',#10144,#10145);
#10144 = CARTESIAN_POINT('',(-3.,13.674794331177,-134.0000002));
#10145 = VECTOR('',#10146,1.);
#10146 = DIRECTION('',(-0.,-0.,-1.));
#10147 = PCURVE('',#2662,#10148);
#10148 = DEFINITIONAL_REPRESENTATION('',(#10149),#10152);
#10149 = B_SPLINE_CURVE_WITH_KNOTS('',1,(#10150,#10151),.UNSPECIFIED.,
  .F.,.F.,(2,2),(-140.0000008,-133.9999996),.PIECEWISE_BEZIER_KNOTS.);
#10150 = CARTESIAN_POINT('',(1.325205668823,-6.0000006));
#10151 = CARTESIAN_POINT('',(1.325205668823,5.999999928008E-07));
#10152 = ( GEOMETRIC_REPRESENTATION_CONTEXT(2) 
PARAMETRIC_REPRESENTATION_CONTEXT() REPRESENTATION_CONTEXT('2D SPACE',''
  ) );
#10153 = PCURVE('',#2634,#10154);
#10154 = DEFINITIONAL_REPRESENTATION('',(#10155),#10158);
#10155 = B_SPLINE_CURVE_WITH_KNOTS('',1,(#10156,#10157),.UNSPECIFIED.,
  .F.,.F.,(2,2),(-140.0000008,-133.9999996),.PIECEWISE_BEZIER_KNOTS.);
#10156 = CARTESIAN_POINT('',(-1.78675682548,-140.0000008));
#10157 = CARTESIAN_POINT('',(-1.78675682548,-133.9999996));
#10158 = ( GEOMETRIC_REPRESENTATION_CONTEXT(2) 
PARAMETRIC_REPRESENTATION_CONTEXT() REPRESENTATION_CONTEXT('2D SPACE',''
  ) );
#10159 = ADVANCED_FACE('',(#10160),#2408,.F.);
#10160 = FACE_BOUND('',#10161,.T.);
#10161 = EDGE_LOOP('',(#10162,#10163,#10182,#10183));
#10162 = ORIENTED_EDGE('',*,*,#2391,.F.);
#10163 = ORIENTED_EDGE('',*,*,#10164,.F.);
#10164 = EDGE_CURVE('',#5634,#2392,#10165,.T.);
#10165 = SURFACE_CURVE('',#10166,(#10170,#10176),.PCURVE_S1.);
#10166 = LINE('',#10167,#10168);
#10167 = CARTESIAN_POINT('',(3.,-13.67479433117,-134.0000002));
#10168 = VECTOR('',#10169,1.);
#10169 = DIRECTION('',(-0.,-0.,-1.));
#10170 = PCURVE('',#2408,#10171);
#10171 = DEFINITIONAL_REPRESENTATION('',(#10172),#10175);
#10172 = B_SPLINE_CURVE_WITH_KNOTS('',1,(#10173,#10174),.UNSPECIFIED.,
  .F.,.F.,(2,2),(-140.0000008,-133.9999996),.PIECEWISE_BEZIER_KNOTS.);
#10173 = CARTESIAN_POINT('',(-4.92834947907,-140.0000008));
#10174 = CARTESIAN_POINT('',(-4.92834947907,-133.9999996));
#10175 = ( GEOMETRIC_REPRESENTATION_CONTEXT(2) 
PARAMETRIC_REPRESENTATION_CONTEXT() REPRESENTATION_CONTEXT('2D SPACE',''
  ) );
#10176 = PCURVE('',#2436,#10177);
#10177 = DEFINITIONAL_REPRESENTATION('',(#10178),#10181);
#10178 = B_SPLINE_CURVE_WITH_KNOTS('',1,(#10179,#10180),.UNSPECIFIED.,
  .F.,.F.,(2,2),(-140.0000008,-133.9999996),.PIECEWISE_BEZIER_KNOTS.);
#10179 = CARTESIAN_POINT('',(1.325205668823,-6.0000006));
#10180 = CARTESIAN_POINT('',(1.325205668823,5.999999928008E-07));
#10181 = ( GEOMETRIC_REPRESENTATION_CONTEXT(2) 
PARAMETRIC_REPRESENTATION_CONTEXT() REPRESENTATION_CONTEXT('2D SPACE',''
  ) );
#10182 = ORIENTED_EDGE('',*,*,#5633,.F.);
#10183 = ORIENTED_EDGE('',*,*,#10114,.T.);
#10184 = ADVANCED_FACE('',(#10185),#2634,.F.);
#10185 = FACE_BOUND('',#10186,.T.);
#10186 = EDGE_LOOP('',(#10187,#10188,#10189,#10190));
#10187 = ORIENTED_EDGE('',*,*,#2617,.F.);
#10188 = ORIENTED_EDGE('',*,*,#10141,.F.);
#10189 = ORIENTED_EDGE('',*,*,#5815,.F.);
#10190 = ORIENTED_EDGE('',*,*,#10191,.T.);
#10191 = EDGE_CURVE('',#5795,#2590,#10192,.T.);
#10192 = SURFACE_CURVE('',#10193,(#10197,#10203),.PCURVE_S1.);
#10193 = LINE('',#10194,#10195);
#10194 = CARTESIAN_POINT('',(-13.67479433117,3.,-134.0000002));
#10195 = VECTOR('',#10196,1.);
#10196 = DIRECTION('',(-0.,-0.,-1.));
#10197 = PCURVE('',#2634,#10198);
#10198 = DEFINITIONAL_REPRESENTATION('',(#10199),#10202);
#10199 = B_SPLINE_CURVE_WITH_KNOTS('',1,(#10200,#10201),.UNSPECIFIED.,
  .F.,.F.,(2,2),(-140.0000008,-133.9999996),.PIECEWISE_BEZIER_KNOTS.);
#10200 = CARTESIAN_POINT('',(-2.925632154905,-140.0000008));
#10201 = CARTESIAN_POINT('',(-2.925632154905,-133.9999996));
#10202 = ( GEOMETRIC_REPRESENTATION_CONTEXT(2) 
PARAMETRIC_REPRESENTATION_CONTEXT() REPRESENTATION_CONTEXT('2D SPACE',''
  ) );
#10203 = PCURVE('',#2605,#10204);
#10204 = DEFINITIONAL_REPRESENTATION('',(#10205),#10208);
#10205 = B_SPLINE_CURVE_WITH_KNOTS('',1,(#10206,#10207),.UNSPECIFIED.,
  .F.,.F.,(2,2),(-140.0000008,-133.9999996),.PIECEWISE_BEZIER_KNOTS.);
#10206 = CARTESIAN_POINT('',(2.674794331177,-6.0000006));
#10207 = CARTESIAN_POINT('',(2.674794331177,5.999999928008E-07));
#10208 = ( GEOMETRIC_REPRESENTATION_CONTEXT(2) 
PARAMETRIC_REPRESENTATION_CONTEXT() REPRESENTATION_CONTEXT('2D SPACE',''
  ) );
#10209 = ADVANCED_FACE('',(#10210),#2436,.T.);
#10210 = FACE_BOUND('',#10211,.T.);
#10211 = EDGE_LOOP('',(#10212,#10213,#10234,#10235));
#10212 = ORIENTED_EDGE('',*,*,#2420,.F.);
#10213 = ORIENTED_EDGE('',*,*,#10214,.T.);
#10214 = EDGE_CURVE('',#2421,#5662,#10215,.T.);
#10215 = SURFACE_CURVE('',#10216,(#10220,#10227),.PCURVE_S1.);
#10216 = LINE('',#10217,#10218);
#10217 = CARTESIAN_POINT('',(3.,-15.,0.));
#10218 = VECTOR('',#10219,1.);
#10219 = DIRECTION('',(0.,0.,1.));
#10220 = PCURVE('',#2436,#10221);
#10221 = DEFINITIONAL_REPRESENTATION('',(#10222),#10226);
#10222 = LINE('',#10223,#10224);
#10223 = CARTESIAN_POINT('',(0.,0.));
#10224 = VECTOR('',#10225,1.);
#10225 = DIRECTION('',(0.,-1.));
#10226 = ( GEOMETRIC_REPRESENTATION_CONTEXT(2) 
PARAMETRIC_REPRESENTATION_CONTEXT() REPRESENTATION_CONTEXT('2D SPACE',''
  ) );
#10227 = PCURVE('',#2464,#10228);
#10228 = DEFINITIONAL_REPRESENTATION('',(#10229),#10233);
#10229 = LINE('',#10230,#10231);
#10230 = CARTESIAN_POINT('',(6.,0.));
#10231 = VECTOR('',#10232,1.);
#10232 = DIRECTION('',(0.,-1.));
#10233 = ( GEOMETRIC_REPRESENTATION_CONTEXT(2) 
PARAMETRIC_REPRESENTATION_CONTEXT() REPRESENTATION_CONTEXT('2D SPACE',''
  ) );
#10234 = ORIENTED_EDGE('',*,*,#5661,.F.);
#10235 = ORIENTED_EDGE('',*,*,#10164,.T.);
#10236 = ADVANCED_FACE('',(#10237),#2605,.T.);
#10237 = FACE_BOUND('',#10238,.T.);
#10238 = EDGE_LOOP('',(#10239,#10240,#10241,#10242));
#10239 = ORIENTED_EDGE('',*,*,#2589,.F.);
#10240 = ORIENTED_EDGE('',*,*,#10191,.F.);
#10241 = ORIENTED_EDGE('',*,*,#5794,.F.);
#10242 = ORIENTED_EDGE('',*,*,#10243,.F.);
#10243 = EDGE_CURVE('',#2562,#5774,#10244,.T.);
#10244 = SURFACE_CURVE('',#10245,(#10249,#10256),.PCURVE_S1.);
#10245 = LINE('',#10246,#10247);
#10246 = CARTESIAN_POINT('',(-15.,3.,0.));
#10247 = VECTOR('',#10248,1.);
#10248 = DIRECTION('',(0.,0.,1.));
#10249 = PCURVE('',#2605,#10250);
#10250 = DEFINITIONAL_REPRESENTATION('',(#10251),#10255);
#10251 = LINE('',#10252,#10253);
#10252 = CARTESIAN_POINT('',(4.,0.));
#10253 = VECTOR('',#10254,1.);
#10254 = DIRECTION('',(0.,-1.));
#10255 = ( GEOMETRIC_REPRESENTATION_CONTEXT(2) 
PARAMETRIC_REPRESENTATION_CONTEXT() REPRESENTATION_CONTEXT('2D SPACE',''
  ) );
#10256 = PCURVE('',#2577,#10257);
#10257 = DEFINITIONAL_REPRESENTATION('',(#10258),#10262);
#10258 = LINE('',#10259,#10260);
#10259 = CARTESIAN_POINT('',(0.,0.));
#10260 = VECTOR('',#10261,1.);
#10261 = DIRECTION('',(0.,-1.));
#10262 = ( GEOMETRIC_REPRESENTATION_CONTEXT(2) 
PARAMETRIC_REPRESENTATION_CONTEXT() REPRESENTATION_CONTEXT('2D SPACE',''
  ) );
#10263 = ADVANCED_FACE('',(#10264),#2464,.T.);
#10264 = FACE_BOUND('',#10265,.T.);
#10265 = EDGE_LOOP('',(#10266,#10267,#10288,#10289));
#10266 = ORIENTED_EDGE('',*,*,#2448,.F.);
#10267 = ORIENTED_EDGE('',*,*,#10268,.T.);
#10268 = EDGE_CURVE('',#2449,#5683,#10269,.T.);
#10269 = SURFACE_CURVE('',#10270,(#10274,#10281),.PCURVE_S1.);
#10270 = LINE('',#10271,#10272);
#10271 = CARTESIAN_POINT('',(-3.,-15.,0.));
#10272 = VECTOR('',#10273,1.);
#10273 = DIRECTION('',(0.,0.,1.));
#10274 = PCURVE('',#2464,#10275);
#10275 = DEFINITIONAL_REPRESENTATION('',(#10276),#10280);
#10276 = LINE('',#10277,#10278);
#10277 = CARTESIAN_POINT('',(0.,0.));
#10278 = VECTOR('',#10279,1.);
#10279 = DIRECTION('',(0.,-1.));
#10280 = ( GEOMETRIC_REPRESENTATION_CONTEXT(2) 
PARAMETRIC_REPRESENTATION_CONTEXT() REPRESENTATION_CONTEXT('2D SPACE',''
  ) );
#10281 = PCURVE('',#2492,#10282);
#10282 = DEFINITIONAL_REPRESENTATION('',(#10283),#10287);
#10283 = LINE('',#10284,#10285);
#10284 = CARTESIAN_POINT('',(4.,0.));
#10285 = VECTOR('',#10286,1.);
#10286 = DIRECTION('',(0.,-1.));
#10287 = ( GEOMETRIC_REPRESENTATION_CONTEXT(2) 
PARAMETRIC_REPRESENTATION_CONTEXT() REPRESENTATION_CONTEXT('2D SPACE',''
  ) );
#10288 = ORIENTED_EDGE('',*,*,#5682,.F.);
#10289 = ORIENTED_EDGE('',*,*,#10214,.F.);
#10290 = ADVANCED_FACE('',(#10291),#2577,.T.);
#10291 = FACE_BOUND('',#10292,.T.);
#10292 = EDGE_LOOP('',(#10293,#10294,#10295,#10296));
#10293 = ORIENTED_EDGE('',*,*,#2561,.F.);
#10294 = ORIENTED_EDGE('',*,*,#10243,.T.);
#10295 = ORIENTED_EDGE('',*,*,#5773,.F.);
#10296 = ORIENTED_EDGE('',*,*,#10297,.F.);
#10297 = EDGE_CURVE('',#2534,#5753,#10298,.T.);
#10298 = SURFACE_CURVE('',#10299,(#10303,#10310),.PCURVE_S1.);
#10299 = LINE('',#10300,#10301);
#10300 = CARTESIAN_POINT('',(-15.,-3.,0.));
#10301 = VECTOR('',#10302,1.);
#10302 = DIRECTION('',(0.,0.,1.));
#10303 = PCURVE('',#2577,#10304);
#10304 = DEFINITIONAL_REPRESENTATION('',(#10305),#10309);
#10305 = LINE('',#10306,#10307);
#10306 = CARTESIAN_POINT('',(6.,0.));
#10307 = VECTOR('',#10308,1.);
#10308 = DIRECTION('',(0.,-1.));
#10309 = ( GEOMETRIC_REPRESENTATION_CONTEXT(2) 
PARAMETRIC_REPRESENTATION_CONTEXT() REPRESENTATION_CONTEXT('2D SPACE',''
  ) );
#10310 = PCURVE('',#2549,#10311);
#10311 = DEFINITIONAL_REPRESENTATION('',(#10312),#10316);
#10312 = LINE('',#10313,#10314);
#10313 = CARTESIAN_POINT('',(0.,0.));
#10314 = VECTOR('',#10315,1.);
#10315 = DIRECTION('',(0.,-1.));
#10316 = ( GEOMETRIC_REPRESENTATION_CONTEXT(2) 
PARAMETRIC_REPRESENTATION_CONTEXT() REPRESENTATION_CONTEXT('2D SPACE',''
  ) );
#10317 = ADVANCED_FACE('',(#10318),#2492,.T.);
#10318 = FACE_BOUND('',#10319,.T.);
#10319 = EDGE_LOOP('',(#10320,#10321,#10340,#10341));
#10320 = ORIENTED_EDGE('',*,*,#2476,.F.);
#10321 = ORIENTED_EDGE('',*,*,#10322,.F.);
#10322 = EDGE_CURVE('',#5704,#2477,#10323,.T.);
#10323 = SURFACE_CURVE('',#10324,(#10328,#10334),.PCURVE_S1.);
#10324 = LINE('',#10325,#10326);
#10325 = CARTESIAN_POINT('',(-3.,-13.67479433117,-134.0000002));
#10326 = VECTOR('',#10327,1.);
#10327 = DIRECTION('',(-0.,-0.,-1.));
#10328 = PCURVE('',#2492,#10329);
#10329 = DEFINITIONAL_REPRESENTATION('',(#10330),#10333);
#10330 = B_SPLINE_CURVE_WITH_KNOTS('',1,(#10331,#10332),.UNSPECIFIED.,
  .F.,.F.,(2,2),(-140.0000008,-133.9999996),.PIECEWISE_BEZIER_KNOTS.);
#10331 = CARTESIAN_POINT('',(2.674794331177,-6.0000006));
#10332 = CARTESIAN_POINT('',(2.674794331177,5.999999928008E-07));
#10333 = ( GEOMETRIC_REPRESENTATION_CONTEXT(2) 
PARAMETRIC_REPRESENTATION_CONTEXT() REPRESENTATION_CONTEXT('2D SPACE',''
  ) );
#10334 = PCURVE('',#2521,#10335);
#10335 = DEFINITIONAL_REPRESENTATION('',(#10336),#10339);
#10336 = B_SPLINE_CURVE_WITH_KNOTS('',1,(#10337,#10338),.UNSPECIFIED.,
  .F.,.F.,(2,2),(-140.0000008,-133.9999996),.PIECEWISE_BEZIER_KNOTS.);
#10337 = CARTESIAN_POINT('',(-4.4964284817,-140.0000008));
#10338 = CARTESIAN_POINT('',(-4.4964284817,-133.9999996));
#10339 = ( GEOMETRIC_REPRESENTATION_CONTEXT(2) 
PARAMETRIC_REPRESENTATION_CONTEXT() REPRESENTATION_CONTEXT('2D SPACE',''
  ) );
#10340 = ORIENTED_EDGE('',*,*,#5703,.F.);
#10341 = ORIENTED_EDGE('',*,*,#10268,.F.);
#10342 = ADVANCED_FACE('',(#10343),#2549,.T.);
#10343 = FACE_BOUND('',#10344,.T.);
#10344 = EDGE_LOOP('',(#10345,#10346,#10347,#10348));
#10345 = ORIENTED_EDGE('',*,*,#2533,.F.);
#10346 = ORIENTED_EDGE('',*,*,#10297,.T.);
#10347 = ORIENTED_EDGE('',*,*,#5752,.F.);
#10348 = ORIENTED_EDGE('',*,*,#10349,.T.);
#10349 = EDGE_CURVE('',#5725,#2505,#10350,.T.);
#10350 = SURFACE_CURVE('',#10351,(#10355,#10361),.PCURVE_S1.);
#10351 = LINE('',#10352,#10353);
#10352 = CARTESIAN_POINT('',(-13.67479433117,-3.,-134.0000002));
#10353 = VECTOR('',#10354,1.);
#10354 = DIRECTION('',(-0.,-0.,-1.));
#10355 = PCURVE('',#2549,#10356);
#10356 = DEFINITIONAL_REPRESENTATION('',(#10357),#10360);
#10357 = B_SPLINE_CURVE_WITH_KNOTS('',1,(#10358,#10359),.UNSPECIFIED.,
  .F.,.F.,(2,2),(-140.0000008,-133.9999996),.PIECEWISE_BEZIER_KNOTS.);
#10358 = CARTESIAN_POINT('',(1.325205668823,-6.0000006));
#10359 = CARTESIAN_POINT('',(1.325205668823,5.999999928008E-07));
#10360 = ( GEOMETRIC_REPRESENTATION_CONTEXT(2) 
PARAMETRIC_REPRESENTATION_CONTEXT() REPRESENTATION_CONTEXT('2D SPACE',''
  ) );
#10361 = PCURVE('',#2521,#10362);
#10362 = DEFINITIONAL_REPRESENTATION('',(#10363),#10366);
#10363 = B_SPLINE_CURVE_WITH_KNOTS('',1,(#10364,#10365),.UNSPECIFIED.,
  .F.,.F.,(2,2),(-140.0000008,-133.9999996),.PIECEWISE_BEZIER_KNOTS.);
#10364 = CARTESIAN_POINT('',(-3.357553152275,-140.0000008));
#10365 = CARTESIAN_POINT('',(-3.357553152275,-133.9999996));
#10366 = ( GEOMETRIC_REPRESENTATION_CONTEXT(2) 
PARAMETRIC_REPRESENTATION_CONTEXT() REPRESENTATION_CONTEXT('2D SPACE',''
  ) );
#10367 = ADVANCED_FACE('',(#10368),#2521,.F.);
#10368 = FACE_BOUND('',#10369,.T.);
#10369 = EDGE_LOOP('',(#10370,#10371,#10372,#10373));
#10370 = ORIENTED_EDGE('',*,*,#2504,.F.);
#10371 = ORIENTED_EDGE('',*,*,#10349,.F.);
#10372 = ORIENTED_EDGE('',*,*,#5724,.F.);
#10373 = ORIENTED_EDGE('',*,*,#10322,.T.);
#10374 = ADVANCED_FACE('',(#10375),#2751,.F.);
#10375 = FACE_BOUND('',#10376,.F.);
#10376 = EDGE_LOOP('',(#10377,#10378,#10399,#10400));
#10377 = ORIENTED_EDGE('',*,*,#2730,.F.);
#10378 = ORIENTED_EDGE('',*,*,#10379,.F.);
#10379 = EDGE_CURVE('',#7185,#2731,#10380,.T.);
#10380 = SEAM_CURVE('',#10381,(#10385,#10392),.PCURVE_S1.);
#10381 = LINE('',#10382,#10383);
#10382 = CARTESIAN_POINT('',(30.773329746406,9.317485623691,6.));
#10383 = VECTOR('',#10384,1.);
#10384 = DIRECTION('',(0.,0.,-1.));
#10385 = PCURVE('',#2751,#10386);
#10386 = DEFINITIONAL_REPRESENTATION('',(#10387),#10391);
#10387 = LINE('',#10388,#10389);
#10388 = CARTESIAN_POINT('',(6.28318530718,-0.));
#10389 = VECTOR('',#10390,1.);
#10390 = DIRECTION('',(0.,1.));
#10391 = ( GEOMETRIC_REPRESENTATION_CONTEXT(2) 
PARAMETRIC_REPRESENTATION_CONTEXT() REPRESENTATION_CONTEXT('2D SPACE',''
  ) );
#10392 = PCURVE('',#2751,#10393);
#10393 = DEFINITIONAL_REPRESENTATION('',(#10394),#10398);
#10394 = LINE('',#10395,#10396);
#10395 = CARTESIAN_POINT('',(0.,-0.));
#10396 = VECTOR('',#10397,1.);
#10397 = DIRECTION('',(0.,1.));
#10398 = ( GEOMETRIC_REPRESENTATION_CONTEXT(2) 
PARAMETRIC_REPRESENTATION_CONTEXT() REPRESENTATION_CONTEXT('2D SPACE',''
  ) );
#10399 = ORIENTED_EDGE('',*,*,#7184,.T.);
#10400 = ORIENTED_EDGE('',*,*,#10379,.T.);
#10401 = ADVANCED_FACE('',(#10402),#2782,.F.);
#10402 = FACE_BOUND('',#10403,.F.);
#10403 = EDGE_LOOP('',(#10404,#10405,#10426,#10427,#10452,#10453));
#10404 = ORIENTED_EDGE('',*,*,#2765,.T.);
#10405 = ORIENTED_EDGE('',*,*,#10406,.T.);
#10406 = EDGE_CURVE('',#2768,#6408,#10407,.T.);
#10407 = SURFACE_CURVE('',#10408,(#10412,#10419),.PCURVE_S1.);
#10408 = LINE('',#10409,#10410);
#10409 = CARTESIAN_POINT('',(48.15,-1.8,-5.E-02));
#10410 = VECTOR('',#10411,1.);
#10411 = DIRECTION('',(0.,0.,1.));
#10412 = PCURVE('',#2782,#10413);
#10413 = DEFINITIONAL_REPRESENTATION('',(#10414),#10418);
#10414 = LINE('',#10415,#10416);
#10415 = CARTESIAN_POINT('',(0.,0.));
#10416 = VECTOR('',#10417,1.);
#10417 = DIRECTION('',(0.,-1.));
#10418 = ( GEOMETRIC_REPRESENTATION_CONTEXT(2) 
PARAMETRIC_REPRESENTATION_CONTEXT() REPRESENTATION_CONTEXT('2D SPACE',''
  ) );
#10419 = PCURVE('',#3003,#10420);
#10420 = DEFINITIONAL_REPRESENTATION('',(#10421),#10425);
#10421 = LINE('',#10422,#10423);
#10422 = CARTESIAN_POINT('',(3.14159265359,0.));
#10423 = VECTOR('',#10424,1.);
#10424 = DIRECTION('',(0.,-1.));
#10425 = ( GEOMETRIC_REPRESENTATION_CONTEXT(2) 
PARAMETRIC_REPRESENTATION_CONTEXT() REPRESENTATION_CONTEXT('2D SPACE',''
  ) );
#10426 = ORIENTED_EDGE('',*,*,#6435,.F.);
#10427 = ORIENTED_EDGE('',*,*,#10428,.F.);
#10428 = EDGE_CURVE('',#6121,#6436,#10429,.T.);
#10429 = SURFACE_CURVE('',#10430,(#10434,#10440),.PCURVE_S1.);
#10430 = LINE('',#10431,#10432);
#10431 = CARTESIAN_POINT('',(48.15,-0.9,6.));
#10432 = VECTOR('',#10433,1.);
#10433 = DIRECTION('',(-1.110223024625E-16,-1.,0.));
#10434 = PCURVE('',#2782,#10435);
#10435 = DEFINITIONAL_REPRESENTATION('',(#10436),#10439);
#10436 = B_SPLINE_CURVE_WITH_KNOTS('',1,(#10437,#10438),.UNSPECIFIED.,
  .F.,.F.,(2,2),(-2.7,0.9),.PIECEWISE_BEZIER_KNOTS.);
#10437 = CARTESIAN_POINT('',(3.6,-6.05));
#10438 = CARTESIAN_POINT('',(0.,-6.05));
#10439 = ( GEOMETRIC_REPRESENTATION_CONTEXT(2) 
PARAMETRIC_REPRESENTATION_CONTEXT() REPRESENTATION_CONTEXT('2D SPACE',''
  ) );
#10440 = PCURVE('',#10441,#10446);
#10441 = PLANE('',#10442);
#10442 = AXIS2_PLACEMENT_3D('',#10443,#10444,#10445);
#10443 = CARTESIAN_POINT('',(42.,0.,6.));
#10444 = DIRECTION('',(0.,0.,1.));
#10445 = DIRECTION('',(1.,0.,-0.));
#10446 = DEFINITIONAL_REPRESENTATION('',(#10447),#10451);
#10447 = LINE('',#10448,#10449);
#10448 = CARTESIAN_POINT('',(6.15,-0.9));
#10449 = VECTOR('',#10450,1.);
#10450 = DIRECTION('',(-1.110223024625E-16,-1.));
#10451 = ( GEOMETRIC_REPRESENTATION_CONTEXT(2) 
PARAMETRIC_REPRESENTATION_CONTEXT() REPRESENTATION_CONTEXT('2D SPACE',''
  ) );
#10452 = ORIENTED_EDGE('',*,*,#6118,.F.);
#10453 = ORIENTED_EDGE('',*,*,#10454,.F.);
#10454 = EDGE_CURVE('',#2766,#6119,#10455,.T.);
#10455 = SURFACE_CURVE('',#10456,(#10460,#10467),.PCURVE_S1.);
#10456 = LINE('',#10457,#10458);
#10457 = CARTESIAN_POINT('',(48.15,1.8,-5.E-02));
#10458 = VECTOR('',#10459,1.);
#10459 = DIRECTION('',(0.,0.,1.));
#10460 = PCURVE('',#2782,#10461);
#10461 = DEFINITIONAL_REPRESENTATION('',(#10462),#10466);
#10462 = LINE('',#10463,#10464);
#10463 = CARTESIAN_POINT('',(3.6,0.));
#10464 = VECTOR('',#10465,1.);
#10465 = DIRECTION('',(0.,-1.));
#10466 = ( GEOMETRIC_REPRESENTATION_CONTEXT(2) 
PARAMETRIC_REPRESENTATION_CONTEXT() REPRESENTATION_CONTEXT('2D SPACE',''
  ) );
#10467 = PCURVE('',#2814,#10468);
#10468 = DEFINITIONAL_REPRESENTATION('',(#10469),#10473);
#10469 = LINE('',#10470,#10471);
#10470 = CARTESIAN_POINT('',(0.,0.));
#10471 = VECTOR('',#10472,1.);
#10472 = DIRECTION('',(0.,-1.));
#10473 = ( GEOMETRIC_REPRESENTATION_CONTEXT(2) 
PARAMETRIC_REPRESENTATION_CONTEXT() REPRESENTATION_CONTEXT('2D SPACE',''
  ) );
#10474 = ADVANCED_FACE('',(#10475),#2814,.F.);
#10475 = FACE_BOUND('',#10476,.F.);
#10476 = EDGE_LOOP('',(#10477,#10478,#10479,#10480));
#10477 = ORIENTED_EDGE('',*,*,#2793,.F.);
#10478 = ORIENTED_EDGE('',*,*,#10454,.T.);
#10479 = ORIENTED_EDGE('',*,*,#6141,.T.);
#10480 = ORIENTED_EDGE('',*,*,#10481,.T.);
#10481 = EDGE_CURVE('',#6142,#2794,#10482,.T.);
#10482 = SURFACE_CURVE('',#10483,(#10487,#10493),.PCURVE_S1.);
#10483 = LINE('',#10484,#10485);
#10484 = CARTESIAN_POINT('',(50.507758564902,5.349044307891,-5.E-02));
#10485 = VECTOR('',#10486,1.);
#10486 = DIRECTION('',(0.,0.,-1.));
#10487 = PCURVE('',#2814,#10488);
#10488 = DEFINITIONAL_REPRESENTATION('',(#10489),#10492);
#10489 = B_SPLINE_CURVE_WITH_KNOTS('',1,(#10490,#10491),.UNSPECIFIED.,
  .F.,.F.,(2,2),(-6.0500006,-4.99994E-02),.PIECEWISE_BEZIER_KNOTS.);
#10490 = CARTESIAN_POINT('',(1.172774918126,-6.0500006));
#10491 = CARTESIAN_POINT('',(1.172774918126,-4.99994E-02));
#10492 = ( GEOMETRIC_REPRESENTATION_CONTEXT(2) 
PARAMETRIC_REPRESENTATION_CONTEXT() REPRESENTATION_CONTEXT('2D SPACE',''
  ) );
#10493 = PCURVE('',#2847,#10494);
#10494 = DEFINITIONAL_REPRESENTATION('',(#10495),#10498);
#10495 = B_SPLINE_CURVE_WITH_KNOTS('',1,(#10496,#10497),.UNSPECIFIED.,
  .F.,.F.,(2,2),(-6.0500006,-4.99994E-02),.PIECEWISE_BEZIER_KNOTS.);
#10496 = CARTESIAN_POINT('',(0.825361256204,-6.0500006));
#10497 = CARTESIAN_POINT('',(0.825361256204,-4.99994E-02));
#10498 = ( GEOMETRIC_REPRESENTATION_CONTEXT(2) 
PARAMETRIC_REPRESENTATION_CONTEXT() REPRESENTATION_CONTEXT('2D SPACE',''
  ) );
#10499 = ADVANCED_FACE('',(#10500),#3003,.F.);
#10500 = FACE_BOUND('',#10501,.F.);
#10501 = EDGE_LOOP('',(#10502,#10503,#10522,#10523));
#10502 = ORIENTED_EDGE('',*,*,#2984,.F.);
#10503 = ORIENTED_EDGE('',*,*,#10504,.F.);
#10504 = EDGE_CURVE('',#6380,#2952,#10505,.T.);
#10505 = SURFACE_CURVE('',#10506,(#10510,#10516),.PCURVE_S1.);
#10506 = LINE('',#10507,#10508);
#10507 = CARTESIAN_POINT('',(50.507758564902,-5.349044307891,-5.E-02));
#10508 = VECTOR('',#10509,1.);
#10509 = DIRECTION('',(0.,-0.,-1.));
#10510 = PCURVE('',#3003,#10511);
#10511 = DEFINITIONAL_REPRESENTATION('',(#10512),#10515);
#10512 = B_SPLINE_CURVE_WITH_KNOTS('',1,(#10513,#10514),.UNSPECIFIED.,
  .F.,.F.,(2,2),(-6.0500006,-4.99994E-02),.PIECEWISE_BEZIER_KNOTS.);
#10513 = CARTESIAN_POINT('',(1.968817735464,-6.0500006));
#10514 = CARTESIAN_POINT('',(1.968817735464,-4.99994E-02));
#10515 = ( GEOMETRIC_REPRESENTATION_CONTEXT(2) 
PARAMETRIC_REPRESENTATION_CONTEXT() REPRESENTATION_CONTEXT('2D SPACE',''
  ) );
#10516 = PCURVE('',#2972,#10517);
#10517 = DEFINITIONAL_REPRESENTATION('',(#10518),#10521);
#10518 = B_SPLINE_CURVE_WITH_KNOTS('',1,(#10519,#10520),.UNSPECIFIED.,
  .F.,.F.,(2,2),(-6.0500006,-4.99994E-02),.PIECEWISE_BEZIER_KNOTS.);
#10519 = CARTESIAN_POINT('',(2.316231397386,-6.0500006));
#10520 = CARTESIAN_POINT('',(2.316231397386,-4.99994E-02));
#10521 = ( GEOMETRIC_REPRESENTATION_CONTEXT(2) 
PARAMETRIC_REPRESENTATION_CONTEXT() REPRESENTATION_CONTEXT('2D SPACE',''
  ) );
#10522 = ORIENTED_EDGE('',*,*,#6407,.T.);
#10523 = ORIENTED_EDGE('',*,*,#10406,.F.);
#10524 = ADVANCED_FACE('',(#10525),#2847,.F.);
#10525 = FACE_BOUND('',#10526,.F.);
#10526 = EDGE_LOOP('',(#10527,#10528,#10529,#10530));
#10527 = ORIENTED_EDGE('',*,*,#2826,.F.);
#10528 = ORIENTED_EDGE('',*,*,#10481,.F.);
#10529 = ORIENTED_EDGE('',*,*,#6169,.T.);
#10530 = ORIENTED_EDGE('',*,*,#10531,.T.);
#10531 = EDGE_CURVE('',#6170,#2827,#10532,.T.);
#10532 = SURFACE_CURVE('',#10533,(#10537,#10543),.PCURVE_S1.);
#10533 = LINE('',#10534,#10535);
#10534 = CARTESIAN_POINT('',(53.492241435098,5.349044307891,-5.E-02));
#10535 = VECTOR('',#10536,1.);
#10536 = DIRECTION('',(0.,0.,-1.));
#10537 = PCURVE('',#2847,#10538);
#10538 = DEFINITIONAL_REPRESENTATION('',(#10539),#10542);
#10539 = B_SPLINE_CURVE_WITH_KNOTS('',1,(#10540,#10541),.UNSPECIFIED.,
  .F.,.F.,(2,2),(-6.0500006,-4.99994E-02),.PIECEWISE_BEZIER_KNOTS.);
#10540 = CARTESIAN_POINT('',(2.316231397386,-6.0500006));
#10541 = CARTESIAN_POINT('',(2.316231397386,-4.99994E-02));
#10542 = ( GEOMETRIC_REPRESENTATION_CONTEXT(2) 
PARAMETRIC_REPRESENTATION_CONTEXT() REPRESENTATION_CONTEXT('2D SPACE',''
  ) );
#10543 = PCURVE('',#2880,#10544);
#10544 = DEFINITIONAL_REPRESENTATION('',(#10545),#10548);
#10545 = B_SPLINE_CURVE_WITH_KNOTS('',1,(#10546,#10547),.UNSPECIFIED.,
  .F.,.F.,(2,2),(-6.0500006,-4.99994E-02),.PIECEWISE_BEZIER_KNOTS.);
#10546 = CARTESIAN_POINT('',(1.968817735464,-6.0500006));
#10547 = CARTESIAN_POINT('',(1.968817735464,-4.99994E-02));
#10548 = ( GEOMETRIC_REPRESENTATION_CONTEXT(2) 
PARAMETRIC_REPRESENTATION_CONTEXT() REPRESENTATION_CONTEXT('2D SPACE',''
  ) );
#10549 = ADVANCED_FACE('',(#10550),#2972,.F.);
#10550 = FACE_BOUND('',#10551,.F.);
#10551 = EDGE_LOOP('',(#10552,#10553,#10572,#10573));
#10552 = ORIENTED_EDGE('',*,*,#2951,.F.);
#10553 = ORIENTED_EDGE('',*,*,#10554,.F.);
#10554 = EDGE_CURVE('',#6352,#2919,#10555,.T.);
#10555 = SURFACE_CURVE('',#10556,(#10560,#10566),.PCURVE_S1.);
#10556 = LINE('',#10557,#10558);
#10557 = CARTESIAN_POINT('',(53.492241435098,-5.349044307891,-5.E-02));
#10558 = VECTOR('',#10559,1.);
#10559 = DIRECTION('',(0.,-0.,-1.));
#10560 = PCURVE('',#2972,#10561);
#10561 = DEFINITIONAL_REPRESENTATION('',(#10562),#10565);
#10562 = B_SPLINE_CURVE_WITH_KNOTS('',1,(#10563,#10564),.UNSPECIFIED.,
  .F.,.F.,(2,2),(-6.0500006,-4.99994E-02),.PIECEWISE_BEZIER_KNOTS.);
#10563 = CARTESIAN_POINT('',(0.825361256204,-6.0500006));
#10564 = CARTESIAN_POINT('',(0.825361256204,-4.99994E-02));
#10565 = ( GEOMETRIC_REPRESENTATION_CONTEXT(2) 
PARAMETRIC_REPRESENTATION_CONTEXT() REPRESENTATION_CONTEXT('2D SPACE',''
  ) );
#10566 = PCURVE('',#2939,#10567);
#10567 = DEFINITIONAL_REPRESENTATION('',(#10568),#10571);
#10568 = B_SPLINE_CURVE_WITH_KNOTS('',1,(#10569,#10570),.UNSPECIFIED.,
  .F.,.F.,(2,2),(-6.0500006,-4.99994E-02),.PIECEWISE_BEZIER_KNOTS.);
#10569 = CARTESIAN_POINT('',(1.172774918126,-6.0500006));
#10570 = CARTESIAN_POINT('',(1.172774918126,-4.99994E-02));
#10571 = ( GEOMETRIC_REPRESENTATION_CONTEXT(2) 
PARAMETRIC_REPRESENTATION_CONTEXT() REPRESENTATION_CONTEXT('2D SPACE',''
  ) );
#10572 = ORIENTED_EDGE('',*,*,#6379,.T.);
#10573 = ORIENTED_EDGE('',*,*,#10504,.T.);
#10574 = ADVANCED_FACE('',(#10575),#2880,.F.);
#10575 = FACE_BOUND('',#10576,.F.);
#10576 = EDGE_LOOP('',(#10577,#10578,#10579,#10580));
#10577 = ORIENTED_EDGE('',*,*,#2859,.F.);
#10578 = ORIENTED_EDGE('',*,*,#10531,.F.);
#10579 = ORIENTED_EDGE('',*,*,#6197,.T.);
#10580 = ORIENTED_EDGE('',*,*,#10581,.F.);
#10581 = EDGE_CURVE('',#2860,#6198,#10582,.T.);
#10582 = SURFACE_CURVE('',#10583,(#10587,#10594),.PCURVE_S1.);
#10583 = LINE('',#10584,#10585);
#10584 = CARTESIAN_POINT('',(55.85,1.8,-5.E-02));
#10585 = VECTOR('',#10586,1.);
#10586 = DIRECTION('',(0.,0.,1.));
#10587 = PCURVE('',#2880,#10588);
#10588 = DEFINITIONAL_REPRESENTATION('',(#10589),#10593);
#10589 = LINE('',#10590,#10591);
#10590 = CARTESIAN_POINT('',(3.14159265359,0.));
#10591 = VECTOR('',#10592,1.);
#10592 = DIRECTION('',(0.,-1.));
#10593 = ( GEOMETRIC_REPRESENTATION_CONTEXT(2) 
PARAMETRIC_REPRESENTATION_CONTEXT() REPRESENTATION_CONTEXT('2D SPACE',''
  ) );
#10594 = PCURVE('',#2907,#10595);
#10595 = DEFINITIONAL_REPRESENTATION('',(#10596),#10600);
#10596 = LINE('',#10597,#10598);
#10597 = CARTESIAN_POINT('',(0.,0.));
#10598 = VECTOR('',#10599,1.);
#10599 = DIRECTION('',(0.,-1.));
#10600 = ( GEOMETRIC_REPRESENTATION_CONTEXT(2) 
PARAMETRIC_REPRESENTATION_CONTEXT() REPRESENTATION_CONTEXT('2D SPACE',''
  ) );
#10601 = ADVANCED_FACE('',(#10602),#2939,.F.);
#10602 = FACE_BOUND('',#10603,.F.);
#10603 = EDGE_LOOP('',(#10604,#10605,#10626,#10627));
#10604 = ORIENTED_EDGE('',*,*,#2918,.F.);
#10605 = ORIENTED_EDGE('',*,*,#10606,.T.);
#10606 = EDGE_CURVE('',#2893,#6331,#10607,.T.);
#10607 = SURFACE_CURVE('',#10608,(#10612,#10619),.PCURVE_S1.);
#10608 = LINE('',#10609,#10610);
#10609 = CARTESIAN_POINT('',(55.85,-1.8,-5.E-02));
#10610 = VECTOR('',#10611,1.);
#10611 = DIRECTION('',(0.,0.,1.));
#10612 = PCURVE('',#2939,#10613);
#10613 = DEFINITIONAL_REPRESENTATION('',(#10614),#10618);
#10614 = LINE('',#10615,#10616);
#10615 = CARTESIAN_POINT('',(0.,0.));
#10616 = VECTOR('',#10617,1.);
#10617 = DIRECTION('',(0.,-1.));
#10618 = ( GEOMETRIC_REPRESENTATION_CONTEXT(2) 
PARAMETRIC_REPRESENTATION_CONTEXT() REPRESENTATION_CONTEXT('2D SPACE',''
  ) );
#10619 = PCURVE('',#2907,#10620);
#10620 = DEFINITIONAL_REPRESENTATION('',(#10621),#10625);
#10621 = LINE('',#10622,#10623);
#10622 = CARTESIAN_POINT('',(3.6,0.));
#10623 = VECTOR('',#10624,1.);
#10624 = DIRECTION('',(0.,-1.));
#10625 = ( GEOMETRIC_REPRESENTATION_CONTEXT(2) 
PARAMETRIC_REPRESENTATION_CONTEXT() REPRESENTATION_CONTEXT('2D SPACE',''
  ) );
#10626 = ORIENTED_EDGE('',*,*,#6351,.T.);
#10627 = ORIENTED_EDGE('',*,*,#10554,.T.);
#10628 = ADVANCED_FACE('',(#10629),#2907,.F.);
#10629 = FACE_BOUND('',#10630,.F.);
#10630 = EDGE_LOOP('',(#10631,#10632,#10633,#10634,#10654,#10655));
#10631 = ORIENTED_EDGE('',*,*,#2892,.T.);
#10632 = ORIENTED_EDGE('',*,*,#10581,.T.);
#10633 = ORIENTED_EDGE('',*,*,#6225,.F.);
#10634 = ORIENTED_EDGE('',*,*,#10635,.F.);
#10635 = EDGE_CURVE('',#6303,#6226,#10636,.T.);
#10636 = SURFACE_CURVE('',#10637,(#10641,#10647),.PCURVE_S1.);
#10637 = LINE('',#10638,#10639);
#10638 = CARTESIAN_POINT('',(55.85,0.9,6.));
#10639 = VECTOR('',#10640,1.);
#10640 = DIRECTION('',(1.110223024625E-16,1.,-0.));
#10641 = PCURVE('',#2907,#10642);
#10642 = DEFINITIONAL_REPRESENTATION('',(#10643),#10646);
#10643 = B_SPLINE_CURVE_WITH_KNOTS('',1,(#10644,#10645),.UNSPECIFIED.,
  .F.,.F.,(2,2),(-2.7,0.9),.PIECEWISE_BEZIER_KNOTS.);
#10644 = CARTESIAN_POINT('',(3.6,-6.05));
#10645 = CARTESIAN_POINT('',(0.,-6.05));
#10646 = ( GEOMETRIC_REPRESENTATION_CONTEXT(2) 
PARAMETRIC_REPRESENTATION_CONTEXT() REPRESENTATION_CONTEXT('2D SPACE',''
  ) );
#10647 = PCURVE('',#10441,#10648);
#10648 = DEFINITIONAL_REPRESENTATION('',(#10649),#10653);
#10649 = LINE('',#10650,#10651);
#10650 = CARTESIAN_POINT('',(13.85,0.9));
#10651 = VECTOR('',#10652,1.);
#10652 = DIRECTION('',(1.110223024625E-16,1.));
#10653 = ( GEOMETRIC_REPRESENTATION_CONTEXT(2) 
PARAMETRIC_REPRESENTATION_CONTEXT() REPRESENTATION_CONTEXT('2D SPACE',''
  ) );
#10654 = ORIENTED_EDGE('',*,*,#6330,.F.);
#10655 = ORIENTED_EDGE('',*,*,#10606,.F.);
#10656 = ADVANCED_FACE('',(#10657),#3034,.F.);
#10657 = FACE_BOUND('',#10658,.F.);
#10658 = EDGE_LOOP('',(#10659,#10660,#10681,#10682));
#10659 = ORIENTED_EDGE('',*,*,#3017,.T.);
#10660 = ORIENTED_EDGE('',*,*,#10661,.T.);
#10661 = EDGE_CURVE('',#3020,#7217,#10662,.T.);
#10662 = SURFACE_CURVE('',#10663,(#10667,#10674),.PCURVE_S1.);
#10663 = LINE('',#10664,#10665);
#10664 = CARTESIAN_POINT('',(42.599123192221,22.516154273188,-5.E-02));
#10665 = VECTOR('',#10666,1.);
#10666 = DIRECTION('',(0.,0.,1.));
#10667 = PCURVE('',#3034,#10668);
#10668 = DEFINITIONAL_REPRESENTATION('',(#10669),#10673);
#10669 = LINE('',#10670,#10671);
#10670 = CARTESIAN_POINT('',(0.,0.));
#10671 = VECTOR('',#10672,1.);
#10672 = DIRECTION('',(0.,-1.));
#10673 = ( GEOMETRIC_REPRESENTATION_CONTEXT(2) 
PARAMETRIC_REPRESENTATION_CONTEXT() REPRESENTATION_CONTEXT('2D SPACE',''
  ) );
#10674 = PCURVE('',#3255,#10675);
#10675 = DEFINITIONAL_REPRESENTATION('',(#10676),#10680);
#10676 = LINE('',#10677,#10678);
#10677 = CARTESIAN_POINT('',(3.14159265359,0.));
#10678 = VECTOR('',#10679,1.);
#10679 = DIRECTION('',(0.,-1.));
#10680 = ( GEOMETRIC_REPRESENTATION_CONTEXT(2) 
PARAMETRIC_REPRESENTATION_CONTEXT() REPRESENTATION_CONTEXT('2D SPACE',''
  ) );
#10681 = ORIENTED_EDGE('',*,*,#7214,.F.);
#10682 = ORIENTED_EDGE('',*,*,#10683,.F.);
#10683 = EDGE_CURVE('',#3018,#7215,#10684,.T.);
#10684 = SURFACE_CURVE('',#10685,(#10689,#10696),.PCURVE_S1.);
#10685 = LINE('',#10686,#10687);
#10686 = CARTESIAN_POINT('',(40.799123192221,25.633845726812,-5.E-02));
#10687 = VECTOR('',#10688,1.);
#10688 = DIRECTION('',(0.,0.,1.));
#10689 = PCURVE('',#3034,#10690);
#10690 = DEFINITIONAL_REPRESENTATION('',(#10691),#10695);
#10691 = LINE('',#10692,#10693);
#10692 = CARTESIAN_POINT('',(3.6,0.));
#10693 = VECTOR('',#10694,1.);
#10694 = DIRECTION('',(0.,-1.));
#10695 = ( GEOMETRIC_REPRESENTATION_CONTEXT(2) 
PARAMETRIC_REPRESENTATION_CONTEXT() REPRESENTATION_CONTEXT('2D SPACE',''
  ) );
#10696 = PCURVE('',#3066,#10697);
#10697 = DEFINITIONAL_REPRESENTATION('',(#10698),#10702);
#10698 = LINE('',#10699,#10700);
#10699 = CARTESIAN_POINT('',(0.,0.));
#10700 = VECTOR('',#10701,1.);
#10701 = DIRECTION('',(0.,-1.));
#10702 = ( GEOMETRIC_REPRESENTATION_CONTEXT(2) 
PARAMETRIC_REPRESENTATION_CONTEXT() REPRESENTATION_CONTEXT('2D SPACE',''
  ) );
#10703 = ADVANCED_FACE('',(#10704),#3066,.F.);
#10704 = FACE_BOUND('',#10705,.F.);
#10705 = EDGE_LOOP('',(#10706,#10707,#10708,#10709));
#10706 = ORIENTED_EDGE('',*,*,#3045,.F.);
#10707 = ORIENTED_EDGE('',*,*,#10683,.T.);
#10708 = ORIENTED_EDGE('',*,*,#7237,.T.);
#10709 = ORIENTED_EDGE('',*,*,#10710,.T.);
#10710 = EDGE_CURVE('',#7238,#3046,#10711,.T.);
#10711 = SURFACE_CURVE('',#10712,(#10716,#10722),.PCURVE_S1.);
#10712 = LINE('',#10713,#10714);
#10713 = CARTESIAN_POINT('',(41.06647985147,29.886287539053,-5.E-02));
#10714 = VECTOR('',#10715,1.);
#10715 = DIRECTION('',(-0.,0.,-1.));
#10716 = PCURVE('',#3066,#10717);
#10717 = DEFINITIONAL_REPRESENTATION('',(#10718),#10721);
#10718 = B_SPLINE_CURVE_WITH_KNOTS('',1,(#10719,#10720),.UNSPECIFIED.,
  .F.,.F.,(2,2),(-6.0500006,-4.99994E-02),.PIECEWISE_BEZIER_KNOTS.);
#10719 = CARTESIAN_POINT('',(1.172774918126,-6.0500006));
#10720 = CARTESIAN_POINT('',(1.172774918126,-4.99994E-02));
#10721 = ( GEOMETRIC_REPRESENTATION_CONTEXT(2) 
PARAMETRIC_REPRESENTATION_CONTEXT() REPRESENTATION_CONTEXT('2D SPACE',''
  ) );
#10722 = PCURVE('',#3099,#10723);
#10723 = DEFINITIONAL_REPRESENTATION('',(#10724),#10727);
#10724 = B_SPLINE_CURVE_WITH_KNOTS('',1,(#10725,#10726),.UNSPECIFIED.,
  .F.,.F.,(2,2),(-6.0500006,-4.99994E-02),.PIECEWISE_BEZIER_KNOTS.);
#10725 = CARTESIAN_POINT('',(0.825361256204,-6.0500006));
#10726 = CARTESIAN_POINT('',(0.825361256204,-4.99994E-02));
#10727 = ( GEOMETRIC_REPRESENTATION_CONTEXT(2) 
PARAMETRIC_REPRESENTATION_CONTEXT() REPRESENTATION_CONTEXT('2D SPACE',''
  ) );
#10728 = ADVANCED_FACE('',(#10729),#3255,.F.);
#10729 = FACE_BOUND('',#10730,.F.);
#10730 = EDGE_LOOP('',(#10731,#10732,#10751,#10752));
#10731 = ORIENTED_EDGE('',*,*,#3236,.F.);
#10732 = ORIENTED_EDGE('',*,*,#10733,.F.);
#10733 = EDGE_CURVE('',#7371,#3204,#10734,.T.);
#10734 = SURFACE_CURVE('',#10735,(#10739,#10745),.PCURVE_S1.);
#10735 = LINE('',#10736,#10737);
#10736 = CARTESIAN_POINT('',(46.415524159362,20.621471025848,-5.E-02));
#10737 = VECTOR('',#10738,1.);
#10738 = DIRECTION('',(0.,-0.,-1.));
#10739 = PCURVE('',#3255,#10740);
#10740 = DEFINITIONAL_REPRESENTATION('',(#10741),#10744);
#10741 = B_SPLINE_CURVE_WITH_KNOTS('',1,(#10742,#10743),.UNSPECIFIED.,
  .F.,.F.,(2,2),(-6.0500006,-4.99994E-02),.PIECEWISE_BEZIER_KNOTS.);
#10742 = CARTESIAN_POINT('',(1.968817735464,-6.0500006));
#10743 = CARTESIAN_POINT('',(1.968817735464,-4.99994E-02));
#10744 = ( GEOMETRIC_REPRESENTATION_CONTEXT(2) 
PARAMETRIC_REPRESENTATION_CONTEXT() REPRESENTATION_CONTEXT('2D SPACE',''
  ) );
#10745 = PCURVE('',#3224,#10746);
#10746 = DEFINITIONAL_REPRESENTATION('',(#10747),#10750);
#10747 = B_SPLINE_CURVE_WITH_KNOTS('',1,(#10748,#10749),.UNSPECIFIED.,
  .F.,.F.,(2,2),(-6.0500006,-4.99994E-02),.PIECEWISE_BEZIER_KNOTS.);
#10748 = CARTESIAN_POINT('',(2.316231397386,-6.0500006));
#10749 = CARTESIAN_POINT('',(2.316231397386,-4.99994E-02));
#10750 = ( GEOMETRIC_REPRESENTATION_CONTEXT(2) 
PARAMETRIC_REPRESENTATION_CONTEXT() REPRESENTATION_CONTEXT('2D SPACE',''
  ) );
#10751 = ORIENTED_EDGE('',*,*,#7398,.T.);
#10752 = ORIENTED_EDGE('',*,*,#10661,.F.);
#10753 = ADVANCED_FACE('',(#10754),#3099,.F.);
#10754 = FACE_BOUND('',#10755,.F.);
#10755 = EDGE_LOOP('',(#10756,#10757,#10758,#10759));
#10756 = ORIENTED_EDGE('',*,*,#3078,.F.);
#10757 = ORIENTED_EDGE('',*,*,#10710,.F.);
#10758 = ORIENTED_EDGE('',*,*,#7265,.T.);
#10759 = ORIENTED_EDGE('',*,*,#10760,.T.);
#10760 = EDGE_CURVE('',#7266,#3079,#10761,.T.);
#10761 = SURFACE_CURVE('',#10762,(#10766,#10772),.PCURVE_S1.);
#10762 = LINE('',#10763,#10764);
#10763 = CARTESIAN_POINT('',(43.65111783422,31.378528974152,-5.E-02));
#10764 = VECTOR('',#10765,1.);
#10765 = DIRECTION('',(-0.,0.,-1.));
#10766 = PCURVE('',#3099,#10767);
#10767 = DEFINITIONAL_REPRESENTATION('',(#10768),#10771);
#10768 = B_SPLINE_CURVE_WITH_KNOTS('',1,(#10769,#10770),.UNSPECIFIED.,
  .F.,.F.,(2,2),(-6.0500006,-4.99994E-02),.PIECEWISE_BEZIER_KNOTS.);
#10769 = CARTESIAN_POINT('',(2.316231397386,-6.0500006));
#10770 = CARTESIAN_POINT('',(2.316231397386,-4.99994E-02));
#10771 = ( GEOMETRIC_REPRESENTATION_CONTEXT(2) 
PARAMETRIC_REPRESENTATION_CONTEXT() REPRESENTATION_CONTEXT('2D SPACE',''
  ) );
#10772 = PCURVE('',#3132,#10773);
#10773 = DEFINITIONAL_REPRESENTATION('',(#10774),#10777);
#10774 = B_SPLINE_CURVE_WITH_KNOTS('',1,(#10775,#10776),.UNSPECIFIED.,
  .F.,.F.,(2,2),(-6.0500006,-4.99994E-02),.PIECEWISE_BEZIER_KNOTS.);
#10775 = CARTESIAN_POINT('',(1.968817735464,-6.0500006));
#10776 = CARTESIAN_POINT('',(1.968817735464,-4.99994E-02));
#10777 = ( GEOMETRIC_REPRESENTATION_CONTEXT(2) 
PARAMETRIC_REPRESENTATION_CONTEXT() REPRESENTATION_CONTEXT('2D SPACE',''
  ) );
#10778 = ADVANCED_FACE('',(#10779),#3224,.F.);
#10779 = FACE_BOUND('',#10780,.F.);
#10780 = EDGE_LOOP('',(#10781,#10782,#10801,#10802));
#10781 = ORIENTED_EDGE('',*,*,#3203,.F.);
#10782 = ORIENTED_EDGE('',*,*,#10783,.F.);
#10783 = EDGE_CURVE('',#7343,#3171,#10784,.T.);
#10784 = SURFACE_CURVE('',#10785,(#10789,#10795),.PCURVE_S1.);
#10785 = LINE('',#10786,#10787);
#10786 = CARTESIAN_POINT('',(49.000162142111,22.113712460947,-5.E-02));
#10787 = VECTOR('',#10788,1.);
#10788 = DIRECTION('',(0.,-0.,-1.));
#10789 = PCURVE('',#3224,#10790);
#10790 = DEFINITIONAL_REPRESENTATION('',(#10791),#10794);
#10791 = B_SPLINE_CURVE_WITH_KNOTS('',1,(#10792,#10793),.UNSPECIFIED.,
  .F.,.F.,(2,2),(-6.0500006,-4.99994E-02),.PIECEWISE_BEZIER_KNOTS.);
#10792 = CARTESIAN_POINT('',(0.825361256204,-6.0500006));
#10793 = CARTESIAN_POINT('',(0.825361256204,-4.99994E-02));
#10794 = ( GEOMETRIC_REPRESENTATION_CONTEXT(2) 
PARAMETRIC_REPRESENTATION_CONTEXT() REPRESENTATION_CONTEXT('2D SPACE',''
  ) );
#10795 = PCURVE('',#3191,#10796);
#10796 = DEFINITIONAL_REPRESENTATION('',(#10797),#10800);
#10797 = B_SPLINE_CURVE_WITH_KNOTS('',1,(#10798,#10799),.UNSPECIFIED.,
  .F.,.F.,(2,2),(-6.0500006,-4.99994E-02),.PIECEWISE_BEZIER_KNOTS.);
#10798 = CARTESIAN_POINT('',(1.172774918126,-6.0500006));
#10799 = CARTESIAN_POINT('',(1.172774918126,-4.99994E-02));
#10800 = ( GEOMETRIC_REPRESENTATION_CONTEXT(2) 
PARAMETRIC_REPRESENTATION_CONTEXT() REPRESENTATION_CONTEXT('2D SPACE',''
  ) );
#10801 = ORIENTED_EDGE('',*,*,#7370,.T.);
#10802 = ORIENTED_EDGE('',*,*,#10733,.T.);
#10803 = ADVANCED_FACE('',(#10804),#3132,.F.);
#10804 = FACE_BOUND('',#10805,.F.);
#10805 = EDGE_LOOP('',(#10806,#10807,#10808,#10809));
#10806 = ORIENTED_EDGE('',*,*,#3111,.F.);
#10807 = ORIENTED_EDGE('',*,*,#10760,.F.);
#10808 = ORIENTED_EDGE('',*,*,#7293,.T.);
#10809 = ORIENTED_EDGE('',*,*,#10810,.F.);
#10810 = EDGE_CURVE('',#3112,#7294,#10811,.T.);
#10811 = SURFACE_CURVE('',#10812,(#10816,#10823),.PCURVE_S1.);
#10812 = LINE('',#10813,#10814);
#10813 = CARTESIAN_POINT('',(47.467518801361,29.483845726812,-5.E-02));
#10814 = VECTOR('',#10815,1.);
#10815 = DIRECTION('',(0.,0.,1.));
#10816 = PCURVE('',#3132,#10817);
#10817 = DEFINITIONAL_REPRESENTATION('',(#10818),#10822);
#10818 = LINE('',#10819,#10820);
#10819 = CARTESIAN_POINT('',(3.14159265359,0.));
#10820 = VECTOR('',#10821,1.);
#10821 = DIRECTION('',(0.,-1.));
#10822 = ( GEOMETRIC_REPRESENTATION_CONTEXT(2) 
PARAMETRIC_REPRESENTATION_CONTEXT() REPRESENTATION_CONTEXT('2D SPACE',''
  ) );
#10823 = PCURVE('',#3159,#10824);
#10824 = DEFINITIONAL_REPRESENTATION('',(#10825),#10829);
#10825 = LINE('',#10826,#10827);
#10826 = CARTESIAN_POINT('',(0.,0.));
#10827 = VECTOR('',#10828,1.);
#10828 = DIRECTION('',(0.,-1.));
#10829 = ( GEOMETRIC_REPRESENTATION_CONTEXT(2) 
PARAMETRIC_REPRESENTATION_CONTEXT() REPRESENTATION_CONTEXT('2D SPACE',''
  ) );
#10830 = ADVANCED_FACE('',(#10831),#3191,.F.);
#10831 = FACE_BOUND('',#10832,.F.);
#10832 = EDGE_LOOP('',(#10833,#10834,#10855,#10856));
#10833 = ORIENTED_EDGE('',*,*,#3170,.F.);
#10834 = ORIENTED_EDGE('',*,*,#10835,.T.);
#10835 = EDGE_CURVE('',#3145,#7322,#10836,.T.);
#10836 = SURFACE_CURVE('',#10837,(#10841,#10848),.PCURVE_S1.);
#10837 = LINE('',#10838,#10839);
#10838 = CARTESIAN_POINT('',(49.267518801361,26.366154273188,-5.E-02));
#10839 = VECTOR('',#10840,1.);
#10840 = DIRECTION('',(0.,0.,1.));
#10841 = PCURVE('',#3191,#10842);
#10842 = DEFINITIONAL_REPRESENTATION('',(#10843),#10847);
#10843 = LINE('',#10844,#10845);
#10844 = CARTESIAN_POINT('',(0.,0.));
#10845 = VECTOR('',#10846,1.);
#10846 = DIRECTION('',(0.,-1.));
#10847 = ( GEOMETRIC_REPRESENTATION_CONTEXT(2) 
PARAMETRIC_REPRESENTATION_CONTEXT() REPRESENTATION_CONTEXT('2D SPACE',''
  ) );
#10848 = PCURVE('',#3159,#10849);
#10849 = DEFINITIONAL_REPRESENTATION('',(#10850),#10854);
#10850 = LINE('',#10851,#10852);
#10851 = CARTESIAN_POINT('',(3.6,0.));
#10852 = VECTOR('',#10853,1.);
#10853 = DIRECTION('',(0.,-1.));
#10854 = ( GEOMETRIC_REPRESENTATION_CONTEXT(2) 
PARAMETRIC_REPRESENTATION_CONTEXT() REPRESENTATION_CONTEXT('2D SPACE',''
  ) );
#10855 = ORIENTED_EDGE('',*,*,#7342,.T.);
#10856 = ORIENTED_EDGE('',*,*,#10783,.T.);
#10857 = ADVANCED_FACE('',(#10858),#3159,.F.);
#10858 = FACE_BOUND('',#10859,.F.);
#10859 = EDGE_LOOP('',(#10860,#10861,#10862,#10863));
#10860 = ORIENTED_EDGE('',*,*,#3144,.T.);
#10861 = ORIENTED_EDGE('',*,*,#10810,.T.);
#10862 = ORIENTED_EDGE('',*,*,#7321,.F.);
#10863 = ORIENTED_EDGE('',*,*,#10835,.F.);
#10864 = ADVANCED_FACE('',(#10865),#3286,.F.);
#10865 = FACE_BOUND('',#10866,.F.);
#10866 = EDGE_LOOP('',(#10867,#10868,#10889,#10890));
#10867 = ORIENTED_EDGE('',*,*,#3269,.T.);
#10868 = ORIENTED_EDGE('',*,*,#10869,.T.);
#10869 = EDGE_CURVE('',#3272,#7841,#10870,.T.);
#10870 = SURFACE_CURVE('',#10871,(#10875,#10882),.PCURVE_S1.);
#10871 = LINE('',#10872,#10873);
#10872 = CARTESIAN_POINT('',(1.8,48.15,-5.E-02));
#10873 = VECTOR('',#10874,1.);
#10874 = DIRECTION('',(0.,0.,1.));
#10875 = PCURVE('',#3286,#10876);
#10876 = DEFINITIONAL_REPRESENTATION('',(#10877),#10881);
#10877 = LINE('',#10878,#10879);
#10878 = CARTESIAN_POINT('',(0.,0.));
#10879 = VECTOR('',#10880,1.);
#10880 = DIRECTION('',(0.,-1.));
#10881 = ( GEOMETRIC_REPRESENTATION_CONTEXT(2) 
PARAMETRIC_REPRESENTATION_CONTEXT() REPRESENTATION_CONTEXT('2D SPACE',''
  ) );
#10882 = PCURVE('',#3507,#10883);
#10883 = DEFINITIONAL_REPRESENTATION('',(#10884),#10888);
#10884 = LINE('',#10885,#10886);
#10885 = CARTESIAN_POINT('',(3.14159265359,0.));
#10886 = VECTOR('',#10887,1.);
#10887 = DIRECTION('',(0.,-1.));
#10888 = ( GEOMETRIC_REPRESENTATION_CONTEXT(2) 
PARAMETRIC_REPRESENTATION_CONTEXT() REPRESENTATION_CONTEXT('2D SPACE',''
  ) );
#10889 = ORIENTED_EDGE('',*,*,#7838,.F.);
#10890 = ORIENTED_EDGE('',*,*,#10891,.F.);
#10891 = EDGE_CURVE('',#3270,#7839,#10892,.T.);
#10892 = SURFACE_CURVE('',#10893,(#10897,#10904),.PCURVE_S1.);
#10893 = LINE('',#10894,#10895);
#10894 = CARTESIAN_POINT('',(-1.8,48.15,-5.E-02));
#10895 = VECTOR('',#10896,1.);
#10896 = DIRECTION('',(0.,0.,1.));
#10897 = PCURVE('',#3286,#10898);
#10898 = DEFINITIONAL_REPRESENTATION('',(#10899),#10903);
#10899 = LINE('',#10900,#10901);
#10900 = CARTESIAN_POINT('',(3.6,0.));
#10901 = VECTOR('',#10902,1.);
#10902 = DIRECTION('',(0.,-1.));
#10903 = ( GEOMETRIC_REPRESENTATION_CONTEXT(2) 
PARAMETRIC_REPRESENTATION_CONTEXT() REPRESENTATION_CONTEXT('2D SPACE',''
  ) );
#10904 = PCURVE('',#3318,#10905);
#10905 = DEFINITIONAL_REPRESENTATION('',(#10906),#10910);
#10906 = LINE('',#10907,#10908);
#10907 = CARTESIAN_POINT('',(0.,0.));
#10908 = VECTOR('',#10909,1.);
#10909 = DIRECTION('',(0.,-1.));
#10910 = ( GEOMETRIC_REPRESENTATION_CONTEXT(2) 
PARAMETRIC_REPRESENTATION_CONTEXT() REPRESENTATION_CONTEXT('2D SPACE',''
  ) );
#10911 = ADVANCED_FACE('',(#10912),#3318,.F.);
#10912 = FACE_BOUND('',#10913,.F.);
#10913 = EDGE_LOOP('',(#10914,#10915,#10916,#10917));
#10914 = ORIENTED_EDGE('',*,*,#3297,.F.);
#10915 = ORIENTED_EDGE('',*,*,#10891,.T.);
#10916 = ORIENTED_EDGE('',*,*,#7861,.T.);
#10917 = ORIENTED_EDGE('',*,*,#10918,.T.);
#10918 = EDGE_CURVE('',#7862,#3298,#10919,.T.);
#10919 = SURFACE_CURVE('',#10920,(#10924,#10930),.PCURVE_S1.);
#10920 = LINE('',#10921,#10922);
#10921 = CARTESIAN_POINT('',(-5.349044307891,50.507758564902,-5.E-02));
#10922 = VECTOR('',#10923,1.);
#10923 = DIRECTION('',(-0.,0.,-1.));
#10924 = PCURVE('',#3318,#10925);
#10925 = DEFINITIONAL_REPRESENTATION('',(#10926),#10929);
#10926 = B_SPLINE_CURVE_WITH_KNOTS('',1,(#10927,#10928),.UNSPECIFIED.,
  .F.,.F.,(2,2),(-6.0500006,-4.99994E-02),.PIECEWISE_BEZIER_KNOTS.);
#10927 = CARTESIAN_POINT('',(1.172774918126,-6.0500006));
#10928 = CARTESIAN_POINT('',(1.172774918126,-4.99994E-02));
#10929 = ( GEOMETRIC_REPRESENTATION_CONTEXT(2) 
PARAMETRIC_REPRESENTATION_CONTEXT() REPRESENTATION_CONTEXT('2D SPACE',''
  ) );
#10930 = PCURVE('',#3351,#10931);
#10931 = DEFINITIONAL_REPRESENTATION('',(#10932),#10935);
#10932 = B_SPLINE_CURVE_WITH_KNOTS('',1,(#10933,#10934),.UNSPECIFIED.,
  .F.,.F.,(2,2),(-6.0500006,-4.99994E-02),.PIECEWISE_BEZIER_KNOTS.);
#10933 = CARTESIAN_POINT('',(0.825361256204,-6.0500006));
#10934 = CARTESIAN_POINT('',(0.825361256204,-4.99994E-02));
#10935 = ( GEOMETRIC_REPRESENTATION_CONTEXT(2) 
PARAMETRIC_REPRESENTATION_CONTEXT() REPRESENTATION_CONTEXT('2D SPACE',''
  ) );
#10936 = ADVANCED_FACE('',(#10937),#3507,.F.);
#10937 = FACE_BOUND('',#10938,.F.);
#10938 = EDGE_LOOP('',(#10939,#10940,#10959,#10960));
#10939 = ORIENTED_EDGE('',*,*,#3488,.F.);
#10940 = ORIENTED_EDGE('',*,*,#10941,.F.);
#10941 = EDGE_CURVE('',#7995,#3456,#10942,.T.);
#10942 = SURFACE_CURVE('',#10943,(#10947,#10953),.PCURVE_S1.);
#10943 = LINE('',#10944,#10945);
#10944 = CARTESIAN_POINT('',(5.349044307891,50.507758564902,-5.E-02));
#10945 = VECTOR('',#10946,1.);
#10946 = DIRECTION('',(0.,-0.,-1.));
#10947 = PCURVE('',#3507,#10948);
#10948 = DEFINITIONAL_REPRESENTATION('',(#10949),#10952);
#10949 = B_SPLINE_CURVE_WITH_KNOTS('',1,(#10950,#10951),.UNSPECIFIED.,
  .F.,.F.,(2,2),(-6.0500006,-4.99994E-02),.PIECEWISE_BEZIER_KNOTS.);
#10950 = CARTESIAN_POINT('',(1.968817735464,-6.0500006));
#10951 = CARTESIAN_POINT('',(1.968817735464,-4.99994E-02));
#10952 = ( GEOMETRIC_REPRESENTATION_CONTEXT(2) 
PARAMETRIC_REPRESENTATION_CONTEXT() REPRESENTATION_CONTEXT('2D SPACE',''
  ) );
#10953 = PCURVE('',#3476,#10954);
#10954 = DEFINITIONAL_REPRESENTATION('',(#10955),#10958);
#10955 = B_SPLINE_CURVE_WITH_KNOTS('',1,(#10956,#10957),.UNSPECIFIED.,
  .F.,.F.,(2,2),(-6.0500006,-4.99994E-02),.PIECEWISE_BEZIER_KNOTS.);
#10956 = CARTESIAN_POINT('',(2.316231397386,-6.0500006));
#10957 = CARTESIAN_POINT('',(2.316231397386,-4.99994E-02));
#10958 = ( GEOMETRIC_REPRESENTATION_CONTEXT(2) 
PARAMETRIC_REPRESENTATION_CONTEXT() REPRESENTATION_CONTEXT('2D SPACE',''
  ) );
#10959 = ORIENTED_EDGE('',*,*,#8022,.T.);
#10960 = ORIENTED_EDGE('',*,*,#10869,.F.);
#10961 = ADVANCED_FACE('',(#10962),#3351,.F.);
#10962 = FACE_BOUND('',#10963,.F.);
#10963 = EDGE_LOOP('',(#10964,#10965,#10966,#10967));
#10964 = ORIENTED_EDGE('',*,*,#3330,.F.);
#10965 = ORIENTED_EDGE('',*,*,#10918,.F.);
#10966 = ORIENTED_EDGE('',*,*,#7889,.T.);
#10967 = ORIENTED_EDGE('',*,*,#10968,.T.);
#10968 = EDGE_CURVE('',#7890,#3331,#10969,.T.);
#10969 = SURFACE_CURVE('',#10970,(#10974,#10980),.PCURVE_S1.);
#10970 = LINE('',#10971,#10972);
#10971 = CARTESIAN_POINT('',(-5.349044307891,53.492241435098,-5.E-02));
#10972 = VECTOR('',#10973,1.);
#10973 = DIRECTION('',(-0.,0.,-1.));
#10974 = PCURVE('',#3351,#10975);
#10975 = DEFINITIONAL_REPRESENTATION('',(#10976),#10979);
#10976 = B_SPLINE_CURVE_WITH_KNOTS('',1,(#10977,#10978),.UNSPECIFIED.,
  .F.,.F.,(2,2),(-6.0500006,-4.99994E-02),.PIECEWISE_BEZIER_KNOTS.);
#10977 = CARTESIAN_POINT('',(2.316231397386,-6.0500006));
#10978 = CARTESIAN_POINT('',(2.316231397386,-4.99994E-02));
#10979 = ( GEOMETRIC_REPRESENTATION_CONTEXT(2) 
PARAMETRIC_REPRESENTATION_CONTEXT() REPRESENTATION_CONTEXT('2D SPACE',''
  ) );
#10980 = PCURVE('',#3384,#10981);
#10981 = DEFINITIONAL_REPRESENTATION('',(#10982),#10985);
#10982 = B_SPLINE_CURVE_WITH_KNOTS('',1,(#10983,#10984),.UNSPECIFIED.,
  .F.,.F.,(2,2),(-6.0500006,-4.99994E-02),.PIECEWISE_BEZIER_KNOTS.);
#10983 = CARTESIAN_POINT('',(1.968817735464,-6.0500006));
#10984 = CARTESIAN_POINT('',(1.968817735464,-4.99994E-02));
#10985 = ( GEOMETRIC_REPRESENTATION_CONTEXT(2) 
PARAMETRIC_REPRESENTATION_CONTEXT() REPRESENTATION_CONTEXT('2D SPACE',''
  ) );
#10986 = ADVANCED_FACE('',(#10987),#3476,.F.);
#10987 = FACE_BOUND('',#10988,.F.);
#10988 = EDGE_LOOP('',(#10989,#10990,#11009,#11010));
#10989 = ORIENTED_EDGE('',*,*,#3455,.F.);
#10990 = ORIENTED_EDGE('',*,*,#10991,.F.);
#10991 = EDGE_CURVE('',#7967,#3423,#10992,.T.);
#10992 = SURFACE_CURVE('',#10993,(#10997,#11003),.PCURVE_S1.);
#10993 = LINE('',#10994,#10995);
#10994 = CARTESIAN_POINT('',(5.349044307891,53.492241435098,-5.E-02));
#10995 = VECTOR('',#10996,1.);
#10996 = DIRECTION('',(0.,-0.,-1.));
#10997 = PCURVE('',#3476,#10998);
#10998 = DEFINITIONAL_REPRESENTATION('',(#10999),#11002);
#10999 = B_SPLINE_CURVE_WITH_KNOTS('',1,(#11000,#11001),.UNSPECIFIED.,
  .F.,.F.,(2,2),(-6.0500006,-4.99994E-02),.PIECEWISE_BEZIER_KNOTS.);
#11000 = CARTESIAN_POINT('',(0.825361256204,-6.0500006));
#11001 = CARTESIAN_POINT('',(0.825361256204,-4.99994E-02));
#11002 = ( GEOMETRIC_REPRESENTATION_CONTEXT(2) 
PARAMETRIC_REPRESENTATION_CONTEXT() REPRESENTATION_CONTEXT('2D SPACE',''
  ) );
#11003 = PCURVE('',#3443,#11004);
#11004 = DEFINITIONAL_REPRESENTATION('',(#11005),#11008);
#11005 = B_SPLINE_CURVE_WITH_KNOTS('',1,(#11006,#11007),.UNSPECIFIED.,
  .F.,.F.,(2,2),(-6.0500006,-4.99994E-02),.PIECEWISE_BEZIER_KNOTS.);
#11006 = CARTESIAN_POINT('',(1.172774918126,-6.0500006));
#11007 = CARTESIAN_POINT('',(1.172774918126,-4.99994E-02));
#11008 = ( GEOMETRIC_REPRESENTATION_CONTEXT(2) 
PARAMETRIC_REPRESENTATION_CONTEXT() REPRESENTATION_CONTEXT('2D SPACE',''
  ) );
#11009 = ORIENTED_EDGE('',*,*,#7994,.T.);
#11010 = ORIENTED_EDGE('',*,*,#10941,.T.);
#11011 = ADVANCED_FACE('',(#11012),#3384,.F.);
#11012 = FACE_BOUND('',#11013,.F.);
#11013 = EDGE_LOOP('',(#11014,#11015,#11016,#11017));
#11014 = ORIENTED_EDGE('',*,*,#3363,.F.);
#11015 = ORIENTED_EDGE('',*,*,#10968,.F.);
#11016 = ORIENTED_EDGE('',*,*,#7917,.T.);
#11017 = ORIENTED_EDGE('',*,*,#11018,.F.);
#11018 = EDGE_CURVE('',#3364,#7918,#11019,.T.);
#11019 = SURFACE_CURVE('',#11020,(#11024,#11031),.PCURVE_S1.);
#11020 = LINE('',#11021,#11022);
#11021 = CARTESIAN_POINT('',(-1.8,55.85,-5.E-02));
#11022 = VECTOR('',#11023,1.);
#11023 = DIRECTION('',(0.,0.,1.));
#11024 = PCURVE('',#3384,#11025);
#11025 = DEFINITIONAL_REPRESENTATION('',(#11026),#11030);
#11026 = LINE('',#11027,#11028);
#11027 = CARTESIAN_POINT('',(3.14159265359,0.));
#11028 = VECTOR('',#11029,1.);
#11029 = DIRECTION('',(0.,-1.));
#11030 = ( GEOMETRIC_REPRESENTATION_CONTEXT(2) 
PARAMETRIC_REPRESENTATION_CONTEXT() REPRESENTATION_CONTEXT('2D SPACE',''
  ) );
#11031 = PCURVE('',#3411,#11032);
#11032 = DEFINITIONAL_REPRESENTATION('',(#11033),#11037);
#11033 = LINE('',#11034,#11035);
#11034 = CARTESIAN_POINT('',(0.,0.));
#11035 = VECTOR('',#11036,1.);
#11036 = DIRECTION('',(0.,-1.));
#11037 = ( GEOMETRIC_REPRESENTATION_CONTEXT(2) 
PARAMETRIC_REPRESENTATION_CONTEXT() REPRESENTATION_CONTEXT('2D SPACE',''
  ) );
#11038 = ADVANCED_FACE('',(#11039),#3443,.F.);
#11039 = FACE_BOUND('',#11040,.F.);
#11040 = EDGE_LOOP('',(#11041,#11042,#11063,#11064));
#11041 = ORIENTED_EDGE('',*,*,#3422,.F.);
#11042 = ORIENTED_EDGE('',*,*,#11043,.T.);
#11043 = EDGE_CURVE('',#3397,#7946,#11044,.T.);
#11044 = SURFACE_CURVE('',#11045,(#11049,#11056),.PCURVE_S1.);
#11045 = LINE('',#11046,#11047);
#11046 = CARTESIAN_POINT('',(1.8,55.85,-5.E-02));
#11047 = VECTOR('',#11048,1.);
#11048 = DIRECTION('',(0.,0.,1.));
#11049 = PCURVE('',#3443,#11050);
#11050 = DEFINITIONAL_REPRESENTATION('',(#11051),#11055);
#11051 = LINE('',#11052,#11053);
#11052 = CARTESIAN_POINT('',(0.,0.));
#11053 = VECTOR('',#11054,1.);
#11054 = DIRECTION('',(0.,-1.));
#11055 = ( GEOMETRIC_REPRESENTATION_CONTEXT(2) 
PARAMETRIC_REPRESENTATION_CONTEXT() REPRESENTATION_CONTEXT('2D SPACE',''
  ) );
#11056 = PCURVE('',#3411,#11057);
#11057 = DEFINITIONAL_REPRESENTATION('',(#11058),#11062);
#11058 = LINE('',#11059,#11060);
#11059 = CARTESIAN_POINT('',(3.6,0.));
#11060 = VECTOR('',#11061,1.);
#11061 = DIRECTION('',(0.,-1.));
#11062 = ( GEOMETRIC_REPRESENTATION_CONTEXT(2) 
PARAMETRIC_REPRESENTATION_CONTEXT() REPRESENTATION_CONTEXT('2D SPACE',''
  ) );
#11063 = ORIENTED_EDGE('',*,*,#7966,.T.);
#11064 = ORIENTED_EDGE('',*,*,#10991,.T.);
#11065 = ADVANCED_FACE('',(#11066),#3411,.F.);
#11066 = FACE_BOUND('',#11067,.F.);
#11067 = EDGE_LOOP('',(#11068,#11069,#11070,#11071));
#11068 = ORIENTED_EDGE('',*,*,#3396,.T.);
#11069 = ORIENTED_EDGE('',*,*,#11018,.T.);
#11070 = ORIENTED_EDGE('',*,*,#7945,.F.);
#11071 = ORIENTED_EDGE('',*,*,#11043,.F.);
#11072 = ADVANCED_FACE('',(#11073),#3538,.F.);
#11073 = FACE_BOUND('',#11074,.F.);
#11074 = EDGE_LOOP('',(#11075,#11076,#11097,#11098,#11123,#11124));
#11075 = ORIENTED_EDGE('',*,*,#3521,.T.);
#11076 = ORIENTED_EDGE('',*,*,#11077,.T.);
#11077 = EDGE_CURVE('',#3524,#7716,#11078,.T.);
#11078 = SURFACE_CURVE('',#11079,(#11083,#11090),.PCURVE_S1.);
#11079 = LINE('',#11080,#11081);
#11080 = CARTESIAN_POINT('',(25.633845726812,40.799123192221,-5.E-02));
#11081 = VECTOR('',#11082,1.);
#11082 = DIRECTION('',(0.,0.,1.));
#11083 = PCURVE('',#3538,#11084);
#11084 = DEFINITIONAL_REPRESENTATION('',(#11085),#11089);
#11085 = LINE('',#11086,#11087);
#11086 = CARTESIAN_POINT('',(0.,0.));
#11087 = VECTOR('',#11088,1.);
#11088 = DIRECTION('',(0.,-1.));
#11089 = ( GEOMETRIC_REPRESENTATION_CONTEXT(2) 
PARAMETRIC_REPRESENTATION_CONTEXT() REPRESENTATION_CONTEXT('2D SPACE',''
  ) );
#11090 = PCURVE('',#3759,#11091);
#11091 = DEFINITIONAL_REPRESENTATION('',(#11092),#11096);
#11092 = LINE('',#11093,#11094);
#11093 = CARTESIAN_POINT('',(3.14159265359,0.));
#11094 = VECTOR('',#11095,1.);
#11095 = DIRECTION('',(0.,-1.));
#11096 = ( GEOMETRIC_REPRESENTATION_CONTEXT(2) 
PARAMETRIC_REPRESENTATION_CONTEXT() REPRESENTATION_CONTEXT('2D SPACE',''
  ) );
#11097 = ORIENTED_EDGE('',*,*,#7743,.F.);
#11098 = ORIENTED_EDGE('',*,*,#11099,.F.);
#11099 = EDGE_CURVE('',#7429,#7744,#11100,.T.);
#11100 = SURFACE_CURVE('',#11101,(#11105,#11111),.PCURVE_S1.);
#11101 = LINE('',#11102,#11103);
#11102 = CARTESIAN_POINT('',(24.854422863406,41.249123192221,6.));
#11103 = VECTOR('',#11104,1.);
#11104 = DIRECTION('',(0.866025403784,-0.5,0.));
#11105 = PCURVE('',#3538,#11106);
#11106 = DEFINITIONAL_REPRESENTATION('',(#11107),#11110);
#11107 = B_SPLINE_CURVE_WITH_KNOTS('',1,(#11108,#11109),.UNSPECIFIED.,
  .F.,.F.,(2,2),(-2.7,0.9),.PIECEWISE_BEZIER_KNOTS.);
#11108 = CARTESIAN_POINT('',(3.6,-6.05));
#11109 = CARTESIAN_POINT('',(0.,-6.05));
#11110 = ( GEOMETRIC_REPRESENTATION_CONTEXT(2) 
PARAMETRIC_REPRESENTATION_CONTEXT() REPRESENTATION_CONTEXT('2D SPACE',''
  ) );
#11111 = PCURVE('',#11112,#11117);
#11112 = PLANE('',#11113);
#11113 = AXIS2_PLACEMENT_3D('',#11114,#11115,#11116);
#11114 = CARTESIAN_POINT('',(21.,36.373066958946,6.));
#11115 = DIRECTION('',(0.,0.,1.));
#11116 = DIRECTION('',(1.,0.,-0.));
#11117 = DEFINITIONAL_REPRESENTATION('',(#11118),#11122);
#11118 = LINE('',#11119,#11120);
#11119 = CARTESIAN_POINT('',(3.854422863406,4.876056233274));
#11120 = VECTOR('',#11121,1.);
#11121 = DIRECTION('',(0.866025403784,-0.5));
#11122 = ( GEOMETRIC_REPRESENTATION_CONTEXT(2) 
PARAMETRIC_REPRESENTATION_CONTEXT() REPRESENTATION_CONTEXT('2D SPACE',''
  ) );
#11123 = ORIENTED_EDGE('',*,*,#7426,.F.);
#11124 = ORIENTED_EDGE('',*,*,#11125,.F.);
#11125 = EDGE_CURVE('',#3522,#7427,#11126,.T.);
#11126 = SURFACE_CURVE('',#11127,(#11131,#11138),.PCURVE_S1.);
#11127 = LINE('',#11128,#11129);
#11128 = CARTESIAN_POINT('',(22.516154273188,42.599123192221,-5.E-02));
#11129 = VECTOR('',#11130,1.);
#11130 = DIRECTION('',(0.,0.,1.));
#11131 = PCURVE('',#3538,#11132);
#11132 = DEFINITIONAL_REPRESENTATION('',(#11133),#11137);
#11133 = LINE('',#11134,#11135);
#11134 = CARTESIAN_POINT('',(3.6,0.));
#11135 = VECTOR('',#11136,1.);
#11136 = DIRECTION('',(0.,-1.));
#11137 = ( GEOMETRIC_REPRESENTATION_CONTEXT(2) 
PARAMETRIC_REPRESENTATION_CONTEXT() REPRESENTATION_CONTEXT('2D SPACE',''
  ) );
#11138 = PCURVE('',#3570,#11139);
#11139 = DEFINITIONAL_REPRESENTATION('',(#11140),#11144);
#11140 = LINE('',#11141,#11142);
#11141 = CARTESIAN_POINT('',(0.,0.));
#11142 = VECTOR('',#11143,1.);
#11143 = DIRECTION('',(0.,-1.));
#11144 = ( GEOMETRIC_REPRESENTATION_CONTEXT(2) 
PARAMETRIC_REPRESENTATION_CONTEXT() REPRESENTATION_CONTEXT('2D SPACE',''
  ) );
#11145 = ADVANCED_FACE('',(#11146),#3570,.F.);
#11146 = FACE_BOUND('',#11147,.F.);
#11147 = EDGE_LOOP('',(#11148,#11149,#11150,#11151));
#11148 = ORIENTED_EDGE('',*,*,#3549,.F.);
#11149 = ORIENTED_EDGE('',*,*,#11125,.T.);
#11150 = ORIENTED_EDGE('',*,*,#7449,.T.);
#11151 = ORIENTED_EDGE('',*,*,#11152,.T.);
#11152 = EDGE_CURVE('',#7450,#3550,#11153,.T.);
#11153 = SURFACE_CURVE('',#11154,(#11158,#11164),.PCURVE_S1.);
#11154 = LINE('',#11155,#11156);
#11155 = CARTESIAN_POINT('',(20.621471025848,46.415524159362,-5.E-02));
#11156 = VECTOR('',#11157,1.);
#11157 = DIRECTION('',(-0.,0.,-1.));
#11158 = PCURVE('',#3570,#11159);
#11159 = DEFINITIONAL_REPRESENTATION('',(#11160),#11163);
#11160 = B_SPLINE_CURVE_WITH_KNOTS('',1,(#11161,#11162),.UNSPECIFIED.,
  .F.,.F.,(2,2),(-6.0500006,-4.99994E-02),.PIECEWISE_BEZIER_KNOTS.);
#11161 = CARTESIAN_POINT('',(1.172774918126,-6.0500006));
#11162 = CARTESIAN_POINT('',(1.172774918126,-4.99994E-02));
#11163 = ( GEOMETRIC_REPRESENTATION_CONTEXT(2) 
PARAMETRIC_REPRESENTATION_CONTEXT() REPRESENTATION_CONTEXT('2D SPACE',''
  ) );
#11164 = PCURVE('',#3603,#11165);
#11165 = DEFINITIONAL_REPRESENTATION('',(#11166),#11169);
#11166 = B_SPLINE_CURVE_WITH_KNOTS('',1,(#11167,#11168),.UNSPECIFIED.,
  .F.,.F.,(2,2),(-6.0500006,-4.99994E-02),.PIECEWISE_BEZIER_KNOTS.);
#11167 = CARTESIAN_POINT('',(0.825361256204,-6.0500006));
#11168 = CARTESIAN_POINT('',(0.825361256204,-4.99994E-02));
#11169 = ( GEOMETRIC_REPRESENTATION_CONTEXT(2) 
PARAMETRIC_REPRESENTATION_CONTEXT() REPRESENTATION_CONTEXT('2D SPACE',''
  ) );
#11170 = ADVANCED_FACE('',(#11171),#3759,.F.);
#11171 = FACE_BOUND('',#11172,.F.);
#11172 = EDGE_LOOP('',(#11173,#11174,#11193,#11194));
#11173 = ORIENTED_EDGE('',*,*,#3740,.F.);
#11174 = ORIENTED_EDGE('',*,*,#11175,.F.);
#11175 = EDGE_CURVE('',#7688,#3708,#11176,.T.);
#11176 = SURFACE_CURVE('',#11177,(#11181,#11187),.PCURVE_S1.);
#11177 = LINE('',#11178,#11179);
#11178 = CARTESIAN_POINT('',(29.886287539053,41.06647985147,-5.E-02));
#11179 = VECTOR('',#11180,1.);
#11180 = DIRECTION('',(0.,-0.,-1.));
#11181 = PCURVE('',#3759,#11182);
#11182 = DEFINITIONAL_REPRESENTATION('',(#11183),#11186);
#11183 = B_SPLINE_CURVE_WITH_KNOTS('',1,(#11184,#11185),.UNSPECIFIED.,
  .F.,.F.,(2,2),(-6.0500006,-4.99994E-02),.PIECEWISE_BEZIER_KNOTS.);
#11184 = CARTESIAN_POINT('',(1.968817735464,-6.0500006));
#11185 = CARTESIAN_POINT('',(1.968817735464,-4.99994E-02));
#11186 = ( GEOMETRIC_REPRESENTATION_CONTEXT(2) 
PARAMETRIC_REPRESENTATION_CONTEXT() REPRESENTATION_CONTEXT('2D SPACE',''
  ) );
#11187 = PCURVE('',#3728,#11188);
#11188 = DEFINITIONAL_REPRESENTATION('',(#11189),#11192);
#11189 = B_SPLINE_CURVE_WITH_KNOTS('',1,(#11190,#11191),.UNSPECIFIED.,
  .F.,.F.,(2,2),(-6.0500006,-4.99994E-02),.PIECEWISE_BEZIER_KNOTS.);
#11190 = CARTESIAN_POINT('',(2.316231397386,-6.0500006));
#11191 = CARTESIAN_POINT('',(2.316231397386,-4.99994E-02));
#11192 = ( GEOMETRIC_REPRESENTATION_CONTEXT(2) 
PARAMETRIC_REPRESENTATION_CONTEXT() REPRESENTATION_CONTEXT('2D SPACE',''
  ) );
#11193 = ORIENTED_EDGE('',*,*,#7715,.T.);
#11194 = ORIENTED_EDGE('',*,*,#11077,.F.);
#11195 = ADVANCED_FACE('',(#11196),#3603,.F.);
#11196 = FACE_BOUND('',#11197,.F.);
#11197 = EDGE_LOOP('',(#11198,#11199,#11200,#11201));
#11198 = ORIENTED_EDGE('',*,*,#3582,.F.);
#11199 = ORIENTED_EDGE('',*,*,#11152,.F.);
#11200 = ORIENTED_EDGE('',*,*,#7477,.T.);
#11201 = ORIENTED_EDGE('',*,*,#11202,.T.);
#11202 = EDGE_CURVE('',#7478,#3583,#11203,.T.);
#11203 = SURFACE_CURVE('',#11204,(#11208,#11214),.PCURVE_S1.);
#11204 = LINE('',#11205,#11206);
#11205 = CARTESIAN_POINT('',(22.113712460947,49.000162142111,-5.E-02));
#11206 = VECTOR('',#11207,1.);
#11207 = DIRECTION('',(-0.,0.,-1.));
#11208 = PCURVE('',#3603,#11209);
#11209 = DEFINITIONAL_REPRESENTATION('',(#11210),#11213);
#11210 = B_SPLINE_CURVE_WITH_KNOTS('',1,(#11211,#11212),.UNSPECIFIED.,
  .F.,.F.,(2,2),(-6.0500006,-4.99994E-02),.PIECEWISE_BEZIER_KNOTS.);
#11211 = CARTESIAN_POINT('',(2.316231397386,-6.0500006));
#11212 = CARTESIAN_POINT('',(2.316231397386,-4.99994E-02));
#11213 = ( GEOMETRIC_REPRESENTATION_CONTEXT(2) 
PARAMETRIC_REPRESENTATION_CONTEXT() REPRESENTATION_CONTEXT('2D SPACE',''
  ) );
#11214 = PCURVE('',#3636,#11215);
#11215 = DEFINITIONAL_REPRESENTATION('',(#11216),#11219);
#11216 = B_SPLINE_CURVE_WITH_KNOTS('',1,(#11217,#11218),.UNSPECIFIED.,
  .F.,.F.,(2,2),(-6.0500006,-4.99994E-02),.PIECEWISE_BEZIER_KNOTS.);
#11217 = CARTESIAN_POINT('',(1.968817735464,-6.0500006));
#11218 = CARTESIAN_POINT('',(1.968817735464,-4.99994E-02));
#11219 = ( GEOMETRIC_REPRESENTATION_CONTEXT(2) 
PARAMETRIC_REPRESENTATION_CONTEXT() REPRESENTATION_CONTEXT('2D SPACE',''
  ) );
#11220 = ADVANCED_FACE('',(#11221),#3728,.F.);
#11221 = FACE_BOUND('',#11222,.F.);
#11222 = EDGE_LOOP('',(#11223,#11224,#11243,#11244));
#11223 = ORIENTED_EDGE('',*,*,#3707,.F.);
#11224 = ORIENTED_EDGE('',*,*,#11225,.F.);
#11225 = EDGE_CURVE('',#7660,#3675,#11226,.T.);
#11226 = SURFACE_CURVE('',#11227,(#11231,#11237),.PCURVE_S1.);
#11227 = LINE('',#11228,#11229);
#11228 = CARTESIAN_POINT('',(31.378528974152,43.65111783422,-5.E-02));
#11229 = VECTOR('',#11230,1.);
#11230 = DIRECTION('',(0.,-0.,-1.));
#11231 = PCURVE('',#3728,#11232);
#11232 = DEFINITIONAL_REPRESENTATION('',(#11233),#11236);
#11233 = B_SPLINE_CURVE_WITH_KNOTS('',1,(#11234,#11235),.UNSPECIFIED.,
  .F.,.F.,(2,2),(-6.0500006,-4.99994E-02),.PIECEWISE_BEZIER_KNOTS.);
#11234 = CARTESIAN_POINT('',(0.825361256204,-6.0500006));
#11235 = CARTESIAN_POINT('',(0.825361256204,-4.99994E-02));
#11236 = ( GEOMETRIC_REPRESENTATION_CONTEXT(2) 
PARAMETRIC_REPRESENTATION_CONTEXT() REPRESENTATION_CONTEXT('2D SPACE',''
  ) );
#11237 = PCURVE('',#3695,#11238);
#11238 = DEFINITIONAL_REPRESENTATION('',(#11239),#11242);
#11239 = B_SPLINE_CURVE_WITH_KNOTS('',1,(#11240,#11241),.UNSPECIFIED.,
  .F.,.F.,(2,2),(-6.0500006,-4.99994E-02),.PIECEWISE_BEZIER_KNOTS.);
#11240 = CARTESIAN_POINT('',(1.172774918126,-6.0500006));
#11241 = CARTESIAN_POINT('',(1.172774918126,-4.99994E-02));
#11242 = ( GEOMETRIC_REPRESENTATION_CONTEXT(2) 
PARAMETRIC_REPRESENTATION_CONTEXT() REPRESENTATION_CONTEXT('2D SPACE',''
  ) );
#11243 = ORIENTED_EDGE('',*,*,#7687,.T.);
#11244 = ORIENTED_EDGE('',*,*,#11175,.T.);
#11245 = ADVANCED_FACE('',(#11246),#3636,.F.);
#11246 = FACE_BOUND('',#11247,.F.);
#11247 = EDGE_LOOP('',(#11248,#11249,#11250,#11251));
#11248 = ORIENTED_EDGE('',*,*,#3615,.F.);
#11249 = ORIENTED_EDGE('',*,*,#11202,.F.);
#11250 = ORIENTED_EDGE('',*,*,#7505,.T.);
#11251 = ORIENTED_EDGE('',*,*,#11252,.F.);
#11252 = EDGE_CURVE('',#3616,#7506,#11253,.T.);
#11253 = SURFACE_CURVE('',#11254,(#11258,#11265),.PCURVE_S1.);
#11254 = LINE('',#11255,#11256);
#11255 = CARTESIAN_POINT('',(26.366154273188,49.267518801361,-5.E-02));
#11256 = VECTOR('',#11257,1.);
#11257 = DIRECTION('',(0.,0.,1.));
#11258 = PCURVE('',#3636,#11259);
#11259 = DEFINITIONAL_REPRESENTATION('',(#11260),#11264);
#11260 = LINE('',#11261,#11262);
#11261 = CARTESIAN_POINT('',(3.14159265359,0.));
#11262 = VECTOR('',#11263,1.);
#11263 = DIRECTION('',(0.,-1.));
#11264 = ( GEOMETRIC_REPRESENTATION_CONTEXT(2) 
PARAMETRIC_REPRESENTATION_CONTEXT() REPRESENTATION_CONTEXT('2D SPACE',''
  ) );
#11265 = PCURVE('',#3663,#11266);
#11266 = DEFINITIONAL_REPRESENTATION('',(#11267),#11271);
#11267 = LINE('',#11268,#11269);
#11268 = CARTESIAN_POINT('',(0.,0.));
#11269 = VECTOR('',#11270,1.);
#11270 = DIRECTION('',(0.,-1.));
#11271 = ( GEOMETRIC_REPRESENTATION_CONTEXT(2) 
PARAMETRIC_REPRESENTATION_CONTEXT() REPRESENTATION_CONTEXT('2D SPACE',''
  ) );
#11272 = ADVANCED_FACE('',(#11273),#3695,.F.);
#11273 = FACE_BOUND('',#11274,.F.);
#11274 = EDGE_LOOP('',(#11275,#11276,#11297,#11298));
#11275 = ORIENTED_EDGE('',*,*,#3674,.F.);
#11276 = ORIENTED_EDGE('',*,*,#11277,.T.);
#11277 = EDGE_CURVE('',#3649,#7639,#11278,.T.);
#11278 = SURFACE_CURVE('',#11279,(#11283,#11290),.PCURVE_S1.);
#11279 = LINE('',#11280,#11281);
#11280 = CARTESIAN_POINT('',(29.483845726812,47.467518801361,-5.E-02));
#11281 = VECTOR('',#11282,1.);
#11282 = DIRECTION('',(0.,0.,1.));
#11283 = PCURVE('',#3695,#11284);
#11284 = DEFINITIONAL_REPRESENTATION('',(#11285),#11289);
#11285 = LINE('',#11286,#11287);
#11286 = CARTESIAN_POINT('',(0.,0.));
#11287 = VECTOR('',#11288,1.);
#11288 = DIRECTION('',(0.,-1.));
#11289 = ( GEOMETRIC_REPRESENTATION_CONTEXT(2) 
PARAMETRIC_REPRESENTATION_CONTEXT() REPRESENTATION_CONTEXT('2D SPACE',''
  ) );
#11290 = PCURVE('',#3663,#11291);
#11291 = DEFINITIONAL_REPRESENTATION('',(#11292),#11296);
#11292 = LINE('',#11293,#11294);
#11293 = CARTESIAN_POINT('',(3.6,0.));
#11294 = VECTOR('',#11295,1.);
#11295 = DIRECTION('',(0.,-1.));
#11296 = ( GEOMETRIC_REPRESENTATION_CONTEXT(2) 
PARAMETRIC_REPRESENTATION_CONTEXT() REPRESENTATION_CONTEXT('2D SPACE',''
  ) );
#11297 = ORIENTED_EDGE('',*,*,#7659,.T.);
#11298 = ORIENTED_EDGE('',*,*,#11225,.T.);
#11299 = ADVANCED_FACE('',(#11300),#3663,.F.);
#11300 = FACE_BOUND('',#11301,.F.);
#11301 = EDGE_LOOP('',(#11302,#11303,#11304,#11305,#11325,#11326));
#11302 = ORIENTED_EDGE('',*,*,#3648,.T.);
#11303 = ORIENTED_EDGE('',*,*,#11252,.T.);
#11304 = ORIENTED_EDGE('',*,*,#7533,.F.);
#11305 = ORIENTED_EDGE('',*,*,#11306,.F.);
#11306 = EDGE_CURVE('',#7611,#7534,#11307,.T.);
#11307 = SURFACE_CURVE('',#11308,(#11312,#11318),.PCURVE_S1.);
#11308 = LINE('',#11309,#11310);
#11309 = CARTESIAN_POINT('',(27.145577136594,48.817518801361,6.));
#11310 = VECTOR('',#11311,1.);
#11311 = DIRECTION('',(-0.866025403784,0.5,0.));
#11312 = PCURVE('',#3663,#11313);
#11313 = DEFINITIONAL_REPRESENTATION('',(#11314),#11317);
#11314 = B_SPLINE_CURVE_WITH_KNOTS('',1,(#11315,#11316),.UNSPECIFIED.,
  .F.,.F.,(2,2),(-2.7,0.9),.PIECEWISE_BEZIER_KNOTS.);
#11315 = CARTESIAN_POINT('',(3.6,-6.05));
#11316 = CARTESIAN_POINT('',(0.,-6.05));
#11317 = ( GEOMETRIC_REPRESENTATION_CONTEXT(2) 
PARAMETRIC_REPRESENTATION_CONTEXT() REPRESENTATION_CONTEXT('2D SPACE',''
  ) );
#11318 = PCURVE('',#11112,#11319);
#11319 = DEFINITIONAL_REPRESENTATION('',(#11320),#11324);
#11320 = LINE('',#11321,#11322);
#11321 = CARTESIAN_POINT('',(6.145577136594,12.444451842414));
#11322 = VECTOR('',#11323,1.);
#11323 = DIRECTION('',(-0.866025403784,0.5));
#11324 = ( GEOMETRIC_REPRESENTATION_CONTEXT(2) 
PARAMETRIC_REPRESENTATION_CONTEXT() REPRESENTATION_CONTEXT('2D SPACE',''
  ) );
#11325 = ORIENTED_EDGE('',*,*,#7638,.F.);
#11326 = ORIENTED_EDGE('',*,*,#11277,.F.);
#11327 = ADVANCED_FACE('',(#11328),#4024,.F.);
#11328 = FACE_BOUND('',#11329,.F.);
#11329 = EDGE_LOOP('',(#11330,#11353,#11381,#11402,#11403,#11424));
#11330 = ORIENTED_EDGE('',*,*,#11331,.T.);
#11331 = EDGE_CURVE('',#4009,#11332,#11334,.T.);
#11332 = VERTEX_POINT('',#11333);
#11333 = CARTESIAN_POINT('',(-32.96076951545,-59.48972745734,7.2));
#11334 = SURFACE_CURVE('',#11335,(#11339,#11346),.PCURVE_S1.);
#11335 = LINE('',#11336,#11337);
#11336 = CARTESIAN_POINT('',(-32.96076951545,-59.48972745734,6.));
#11337 = VECTOR('',#11338,1.);
#11338 = DIRECTION('',(0.,0.,1.));
#11339 = PCURVE('',#4024,#11340);
#11340 = DEFINITIONAL_REPRESENTATION('',(#11341),#11345);
#11341 = LINE('',#11342,#11343);
#11342 = CARTESIAN_POINT('',(0.,0.));
#11343 = VECTOR('',#11344,1.);
#11344 = DIRECTION('',(0.,-1.));
#11345 = ( GEOMETRIC_REPRESENTATION_CONTEXT(2) 
PARAMETRIC_REPRESENTATION_CONTEXT() REPRESENTATION_CONTEXT('2D SPACE',''
  ) );
#11346 = PCURVE('',#4052,#11347);
#11347 = DEFINITIONAL_REPRESENTATION('',(#11348),#11352);
#11348 = LINE('',#11349,#11350);
#11349 = CARTESIAN_POINT('',(2.4,0.));
#11350 = VECTOR('',#11351,1.);
#11351 = DIRECTION('',(0.,-1.));
#11352 = ( GEOMETRIC_REPRESENTATION_CONTEXT(2) 
PARAMETRIC_REPRESENTATION_CONTEXT() REPRESENTATION_CONTEXT('2D SPACE',''
  ) );
#11353 = ORIENTED_EDGE('',*,*,#11354,.T.);
#11354 = EDGE_CURVE('',#11332,#11355,#11357,.T.);
#11355 = VERTEX_POINT('',#11356);
#11356 = CARTESIAN_POINT('',(-6.960769515459,-14.45640646055,7.2));
#11357 = SURFACE_CURVE('',#11358,(#11362,#11369),.PCURVE_S1.);
#11358 = LINE('',#11359,#11360);
#11359 = CARTESIAN_POINT('',(-32.96076951545,-59.48972745734,7.2));
#11360 = VECTOR('',#11361,1.);
#11361 = DIRECTION('',(0.5,0.866025403784,0.));
#11362 = PCURVE('',#4024,#11363);
#11363 = DEFINITIONAL_REPRESENTATION('',(#11364),#11368);
#11364 = LINE('',#11365,#11366);
#11365 = CARTESIAN_POINT('',(0.,-1.2));
#11366 = VECTOR('',#11367,1.);
#11367 = DIRECTION('',(1.,0.));
#11368 = ( GEOMETRIC_REPRESENTATION_CONTEXT(2) 
PARAMETRIC_REPRESENTATION_CONTEXT() REPRESENTATION_CONTEXT('2D SPACE',''
  ) );
#11369 = PCURVE('',#11370,#11375);
#11370 = PLANE('',#11371);
#11371 = AXIS2_PLACEMENT_3D('',#11372,#11373,#11374);
#11372 = CARTESIAN_POINT('',(-21.,-36.37306695894,7.2));
#11373 = DIRECTION('',(0.,0.,1.));
#11374 = DIRECTION('',(1.,0.,-0.));
#11375 = DEFINITIONAL_REPRESENTATION('',(#11376),#11380);
#11376 = LINE('',#11377,#11378);
#11377 = CARTESIAN_POINT('',(-11.96076951545,-23.11666049839));
#11378 = VECTOR('',#11379,1.);
#11379 = DIRECTION('',(0.5,0.866025403784));
#11380 = ( GEOMETRIC_REPRESENTATION_CONTEXT(2) 
PARAMETRIC_REPRESENTATION_CONTEXT() REPRESENTATION_CONTEXT('2D SPACE',''
  ) );
#11381 = ORIENTED_EDGE('',*,*,#11382,.F.);
#11382 = EDGE_CURVE('',#4242,#11355,#11383,.T.);
#11383 = SURFACE_CURVE('',#11384,(#11388,#11395),.PCURVE_S1.);
#11384 = LINE('',#11385,#11386);
#11385 = CARTESIAN_POINT('',(-6.960769515459,-14.45640646055,6.));
#11386 = VECTOR('',#11387,1.);
#11387 = DIRECTION('',(0.,0.,1.));
#11388 = PCURVE('',#4024,#11389);
#11389 = DEFINITIONAL_REPRESENTATION('',(#11390),#11394);
#11390 = LINE('',#11391,#11392);
#11391 = CARTESIAN_POINT('',(52.,0.));
#11392 = VECTOR('',#11393,1.);
#11393 = DIRECTION('',(0.,-1.));
#11394 = ( GEOMETRIC_REPRESENTATION_CONTEXT(2) 
PARAMETRIC_REPRESENTATION_CONTEXT() REPRESENTATION_CONTEXT('2D SPACE',''
  ) );
#11395 = PCURVE('',#4257,#11396);
#11396 = DEFINITIONAL_REPRESENTATION('',(#11397),#11401);
#11397 = LINE('',#11398,#11399);
#11398 = CARTESIAN_POINT('',(0.,0.));
#11399 = VECTOR('',#11400,1.);
#11400 = DIRECTION('',(0.,-1.));
#11401 = ( GEOMETRIC_REPRESENTATION_CONTEXT(2) 
PARAMETRIC_REPRESENTATION_CONTEXT() REPRESENTATION_CONTEXT('2D SPACE',''
  ) );
#11402 = ORIENTED_EDGE('',*,*,#4269,.F.);
#11403 = ORIENTED_EDGE('',*,*,#11404,.F.);
#11404 = EDGE_CURVE('',#3988,#3883,#11405,.T.);
#11405 = SURFACE_CURVE('',#11406,(#11410,#11417),.PCURVE_S1.);
#11406 = LINE('',#11407,#11408);
#11407 = CARTESIAN_POINT('',(-32.96076951545,-59.48972745734,6.));
#11408 = VECTOR('',#11409,1.);
#11409 = DIRECTION('',(0.5,0.866025403784,0.));
#11410 = PCURVE('',#4024,#11411);
#11411 = DEFINITIONAL_REPRESENTATION('',(#11412),#11416);
#11412 = LINE('',#11413,#11414);
#11413 = CARTESIAN_POINT('',(0.,0.));
#11414 = VECTOR('',#11415,1.);
#11415 = DIRECTION('',(1.,0.));
#11416 = ( GEOMETRIC_REPRESENTATION_CONTEXT(2) 
PARAMETRIC_REPRESENTATION_CONTEXT() REPRESENTATION_CONTEXT('2D SPACE',''
  ) );
#11417 = PCURVE('',#8119,#11418);
#11418 = DEFINITIONAL_REPRESENTATION('',(#11419),#11423);
#11419 = LINE('',#11420,#11421);
#11420 = CARTESIAN_POINT('',(-11.96076951545,-23.11666049839));
#11421 = VECTOR('',#11422,1.);
#11422 = DIRECTION('',(0.5,0.866025403784));
#11423 = ( GEOMETRIC_REPRESENTATION_CONTEXT(2) 
PARAMETRIC_REPRESENTATION_CONTEXT() REPRESENTATION_CONTEXT('2D SPACE',''
  ) );
#11424 = ORIENTED_EDGE('',*,*,#4008,.F.);
#11425 = ADVANCED_FACE('',(#11426),#4257,.F.);
#11426 = FACE_BOUND('',#11427,.F.);
#11427 = EDGE_LOOP('',(#11428,#11429,#11452,#11473));
#11428 = ORIENTED_EDGE('',*,*,#11382,.T.);
#11429 = ORIENTED_EDGE('',*,*,#11430,.T.);
#11430 = EDGE_CURVE('',#11355,#11431,#11433,.T.);
#11431 = VERTEX_POINT('',#11432);
#11432 = CARTESIAN_POINT('',(-9.039230484541,-13.25640646055,7.2));
#11433 = SURFACE_CURVE('',#11434,(#11438,#11445),.PCURVE_S1.);
#11434 = LINE('',#11435,#11436);
#11435 = CARTESIAN_POINT('',(-6.960769515459,-14.45640646055,7.2));
#11436 = VECTOR('',#11437,1.);
#11437 = DIRECTION('',(-0.866025403784,0.5,0.));
#11438 = PCURVE('',#4257,#11439);
#11439 = DEFINITIONAL_REPRESENTATION('',(#11440),#11444);
#11440 = LINE('',#11441,#11442);
#11441 = CARTESIAN_POINT('',(0.,-1.2));
#11442 = VECTOR('',#11443,1.);
#11443 = DIRECTION('',(1.,0.));
#11444 = ( GEOMETRIC_REPRESENTATION_CONTEXT(2) 
PARAMETRIC_REPRESENTATION_CONTEXT() REPRESENTATION_CONTEXT('2D SPACE',''
  ) );
#11445 = PCURVE('',#11370,#11446);
#11446 = DEFINITIONAL_REPRESENTATION('',(#11447),#11451);
#11447 = LINE('',#11448,#11449);
#11448 = CARTESIAN_POINT('',(14.039230484541,21.916660498395));
#11449 = VECTOR('',#11450,1.);
#11450 = DIRECTION('',(-0.866025403784,0.5));
#11451 = ( GEOMETRIC_REPRESENTATION_CONTEXT(2) 
PARAMETRIC_REPRESENTATION_CONTEXT() REPRESENTATION_CONTEXT('2D SPACE',''
  ) );
#11452 = ORIENTED_EDGE('',*,*,#11453,.F.);
#11453 = EDGE_CURVE('',#4219,#11431,#11454,.T.);
#11454 = SURFACE_CURVE('',#11455,(#11459,#11466),.PCURVE_S1.);
#11455 = LINE('',#11456,#11457);
#11456 = CARTESIAN_POINT('',(-9.039230484541,-13.25640646055,6.));
#11457 = VECTOR('',#11458,1.);
#11458 = DIRECTION('',(0.,0.,1.));
#11459 = PCURVE('',#4257,#11460);
#11460 = DEFINITIONAL_REPRESENTATION('',(#11461),#11465);
#11461 = LINE('',#11462,#11463);
#11462 = CARTESIAN_POINT('',(2.4,0.));
#11463 = VECTOR('',#11464,1.);
#11464 = DIRECTION('',(0.,-1.));
#11465 = ( GEOMETRIC_REPRESENTATION_CONTEXT(2) 
PARAMETRIC_REPRESENTATION_CONTEXT() REPRESENTATION_CONTEXT('2D SPACE',''
  ) );
#11466 = PCURVE('',#4080,#11467);
#11467 = DEFINITIONAL_REPRESENTATION('',(#11468),#11472);
#11468 = LINE('',#11469,#11470);
#11469 = CARTESIAN_POINT('',(0.,0.));
#11470 = VECTOR('',#11471,1.);
#11471 = DIRECTION('',(0.,-1.));
#11472 = ( GEOMETRIC_REPRESENTATION_CONTEXT(2) 
PARAMETRIC_REPRESENTATION_CONTEXT() REPRESENTATION_CONTEXT('2D SPACE',''
  ) );
#11473 = ORIENTED_EDGE('',*,*,#4241,.F.);
#11474 = ADVANCED_FACE('',(#11475),#4080,.F.);
#11475 = FACE_BOUND('',#11476,.F.);
#11476 = EDGE_LOOP('',(#11477,#11478,#11501,#11522,#11523,#11544));
#11477 = ORIENTED_EDGE('',*,*,#11453,.T.);
#11478 = ORIENTED_EDGE('',*,*,#11479,.T.);
#11479 = EDGE_CURVE('',#11431,#11480,#11482,.T.);
#11480 = VERTEX_POINT('',#11481);
#11481 = CARTESIAN_POINT('',(-35.03923048454,-58.28972745734,7.2));
#11482 = SURFACE_CURVE('',#11483,(#11487,#11494),.PCURVE_S1.);
#11483 = LINE('',#11484,#11485);
#11484 = CARTESIAN_POINT('',(-9.039230484541,-13.25640646055,7.2));
#11485 = VECTOR('',#11486,1.);
#11486 = DIRECTION('',(-0.5,-0.866025403784,0.));
#11487 = PCURVE('',#4080,#11488);
#11488 = DEFINITIONAL_REPRESENTATION('',(#11489),#11493);
#11489 = LINE('',#11490,#11491);
#11490 = CARTESIAN_POINT('',(0.,-1.2));
#11491 = VECTOR('',#11492,1.);
#11492 = DIRECTION('',(1.,0.));
#11493 = ( GEOMETRIC_REPRESENTATION_CONTEXT(2) 
PARAMETRIC_REPRESENTATION_CONTEXT() REPRESENTATION_CONTEXT('2D SPACE',''
  ) );
#11494 = PCURVE('',#11370,#11495);
#11495 = DEFINITIONAL_REPRESENTATION('',(#11496),#11500);
#11496 = LINE('',#11497,#11498);
#11497 = CARTESIAN_POINT('',(11.960769515459,23.116660498395));
#11498 = VECTOR('',#11499,1.);
#11499 = DIRECTION('',(-0.5,-0.866025403784));
#11500 = ( GEOMETRIC_REPRESENTATION_CONTEXT(2) 
PARAMETRIC_REPRESENTATION_CONTEXT() REPRESENTATION_CONTEXT('2D SPACE',''
  ) );
#11501 = ORIENTED_EDGE('',*,*,#11502,.F.);
#11502 = EDGE_CURVE('',#4037,#11480,#11503,.T.);
#11503 = SURFACE_CURVE('',#11504,(#11508,#11515),.PCURVE_S1.);
#11504 = LINE('',#11505,#11506);
#11505 = CARTESIAN_POINT('',(-35.03923048454,-58.28972745734,6.));
#11506 = VECTOR('',#11507,1.);
#11507 = DIRECTION('',(0.,0.,1.));
#11508 = PCURVE('',#4080,#11509);
#11509 = DEFINITIONAL_REPRESENTATION('',(#11510),#11514);
#11510 = LINE('',#11511,#11512);
#11511 = CARTESIAN_POINT('',(52.,0.));
#11512 = VECTOR('',#11513,1.);
#11513 = DIRECTION('',(0.,-1.));
#11514 = ( GEOMETRIC_REPRESENTATION_CONTEXT(2) 
PARAMETRIC_REPRESENTATION_CONTEXT() REPRESENTATION_CONTEXT('2D SPACE',''
  ) );
#11515 = PCURVE('',#4052,#11516);
#11516 = DEFINITIONAL_REPRESENTATION('',(#11517),#11521);
#11517 = LINE('',#11518,#11519);
#11518 = CARTESIAN_POINT('',(0.,0.));
#11519 = VECTOR('',#11520,1.);
#11520 = DIRECTION('',(0.,-1.));
#11521 = ( GEOMETRIC_REPRESENTATION_CONTEXT(2) 
PARAMETRIC_REPRESENTATION_CONTEXT() REPRESENTATION_CONTEXT('2D SPACE',''
  ) );
#11522 = ORIENTED_EDGE('',*,*,#4064,.F.);
#11523 = ORIENTED_EDGE('',*,*,#11524,.F.);
#11524 = EDGE_CURVE('',#4198,#4065,#11525,.T.);
#11525 = SURFACE_CURVE('',#11526,(#11530,#11537),.PCURVE_S1.);
#11526 = LINE('',#11527,#11528);
#11527 = CARTESIAN_POINT('',(-9.039230484541,-13.25640646055,6.));
#11528 = VECTOR('',#11529,1.);
#11529 = DIRECTION('',(-0.5,-0.866025403784,0.));
#11530 = PCURVE('',#4080,#11531);
#11531 = DEFINITIONAL_REPRESENTATION('',(#11532),#11536);
#11532 = LINE('',#11533,#11534);
#11533 = CARTESIAN_POINT('',(0.,0.));
#11534 = VECTOR('',#11535,1.);
#11535 = DIRECTION('',(1.,0.));
#11536 = ( GEOMETRIC_REPRESENTATION_CONTEXT(2) 
PARAMETRIC_REPRESENTATION_CONTEXT() REPRESENTATION_CONTEXT('2D SPACE',''
  ) );
#11537 = PCURVE('',#8119,#11538);
#11538 = DEFINITIONAL_REPRESENTATION('',(#11539),#11543);
#11539 = LINE('',#11540,#11541);
#11540 = CARTESIAN_POINT('',(11.960769515459,23.116660498395));
#11541 = VECTOR('',#11542,1.);
#11542 = DIRECTION('',(-0.5,-0.866025403784));
#11543 = ( GEOMETRIC_REPRESENTATION_CONTEXT(2) 
PARAMETRIC_REPRESENTATION_CONTEXT() REPRESENTATION_CONTEXT('2D SPACE',''
  ) );
#11544 = ORIENTED_EDGE('',*,*,#4218,.F.);
#11545 = ADVANCED_FACE('',(#11546),#4052,.F.);
#11546 = FACE_BOUND('',#11547,.F.);
#11547 = EDGE_LOOP('',(#11548,#11549,#11570,#11571));
#11548 = ORIENTED_EDGE('',*,*,#11502,.T.);
#11549 = ORIENTED_EDGE('',*,*,#11550,.T.);
#11550 = EDGE_CURVE('',#11480,#11332,#11551,.T.);
#11551 = SURFACE_CURVE('',#11552,(#11556,#11563),.PCURVE_S1.);
#11552 = LINE('',#11553,#11554);
#11553 = CARTESIAN_POINT('',(-35.03923048454,-58.28972745734,7.2));
#11554 = VECTOR('',#11555,1.);
#11555 = DIRECTION('',(0.866025403784,-0.5,0.));
#11556 = PCURVE('',#4052,#11557);
#11557 = DEFINITIONAL_REPRESENTATION('',(#11558),#11562);
#11558 = LINE('',#11559,#11560);
#11559 = CARTESIAN_POINT('',(0.,-1.2));
#11560 = VECTOR('',#11561,1.);
#11561 = DIRECTION('',(1.,0.));
#11562 = ( GEOMETRIC_REPRESENTATION_CONTEXT(2) 
PARAMETRIC_REPRESENTATION_CONTEXT() REPRESENTATION_CONTEXT('2D SPACE',''
  ) );
#11563 = PCURVE('',#11370,#11564);
#11564 = DEFINITIONAL_REPRESENTATION('',(#11565),#11569);
#11565 = LINE('',#11566,#11567);
#11566 = CARTESIAN_POINT('',(-14.03923048454,-21.91666049839));
#11567 = VECTOR('',#11568,1.);
#11568 = DIRECTION('',(0.866025403784,-0.5));
#11569 = ( GEOMETRIC_REPRESENTATION_CONTEXT(2) 
PARAMETRIC_REPRESENTATION_CONTEXT() REPRESENTATION_CONTEXT('2D SPACE',''
  ) );
#11570 = ORIENTED_EDGE('',*,*,#11331,.F.);
#11571 = ORIENTED_EDGE('',*,*,#4036,.F.);
#11572 = ADVANCED_FACE('',(#11573),#4648,.F.);
#11573 = FACE_BOUND('',#11574,.F.);
#11574 = EDGE_LOOP('',(#11575,#11598,#11626,#11647,#11648,#11669));
#11575 = ORIENTED_EDGE('',*,*,#11576,.T.);
#11576 = EDGE_CURVE('',#4633,#11577,#11579,.T.);
#11577 = VERTEX_POINT('',#11578);
#11578 = CARTESIAN_POINT('',(-68.,-1.2,7.2));
#11579 = SURFACE_CURVE('',#11580,(#11584,#11591),.PCURVE_S1.);
#11580 = LINE('',#11581,#11582);
#11581 = CARTESIAN_POINT('',(-68.,-1.2,6.));
#11582 = VECTOR('',#11583,1.);
#11583 = DIRECTION('',(0.,0.,1.));
#11584 = PCURVE('',#4648,#11585);
#11585 = DEFINITIONAL_REPRESENTATION('',(#11586),#11590);
#11586 = LINE('',#11587,#11588);
#11587 = CARTESIAN_POINT('',(0.,0.));
#11588 = VECTOR('',#11589,1.);
#11589 = DIRECTION('',(0.,-1.));
#11590 = ( GEOMETRIC_REPRESENTATION_CONTEXT(2) 
PARAMETRIC_REPRESENTATION_CONTEXT() REPRESENTATION_CONTEXT('2D SPACE',''
  ) );
#11591 = PCURVE('',#4676,#11592);
#11592 = DEFINITIONAL_REPRESENTATION('',(#11593),#11597);
#11593 = LINE('',#11594,#11595);
#11594 = CARTESIAN_POINT('',(2.4,0.));
#11595 = VECTOR('',#11596,1.);
#11596 = DIRECTION('',(0.,-1.));
#11597 = ( GEOMETRIC_REPRESENTATION_CONTEXT(2) 
PARAMETRIC_REPRESENTATION_CONTEXT() REPRESENTATION_CONTEXT('2D SPACE',''
  ) );
#11598 = ORIENTED_EDGE('',*,*,#11599,.T.);
#11599 = EDGE_CURVE('',#11577,#11600,#11602,.T.);
#11600 = VERTEX_POINT('',#11601);
#11601 = CARTESIAN_POINT('',(-16.,-1.2,7.2));
#11602 = SURFACE_CURVE('',#11603,(#11607,#11614),.PCURVE_S1.);
#11603 = LINE('',#11604,#11605);
#11604 = CARTESIAN_POINT('',(-68.,-1.2,7.2));
#11605 = VECTOR('',#11606,1.);
#11606 = DIRECTION('',(1.,-1.224646799147E-16,0.));
#11607 = PCURVE('',#4648,#11608);
#11608 = DEFINITIONAL_REPRESENTATION('',(#11609),#11613);
#11609 = LINE('',#11610,#11611);
#11610 = CARTESIAN_POINT('',(0.,-1.2));
#11611 = VECTOR('',#11612,1.);
#11612 = DIRECTION('',(1.,0.));
#11613 = ( GEOMETRIC_REPRESENTATION_CONTEXT(2) 
PARAMETRIC_REPRESENTATION_CONTEXT() REPRESENTATION_CONTEXT('2D SPACE',''
  ) );
#11614 = PCURVE('',#11615,#11620);
#11615 = PLANE('',#11616);
#11616 = AXIS2_PLACEMENT_3D('',#11617,#11618,#11619);
#11617 = CARTESIAN_POINT('',(-42.,5.106209572816E-15,7.2));
#11618 = DIRECTION('',(0.,0.,1.));
#11619 = DIRECTION('',(1.,0.,-0.));
#11620 = DEFINITIONAL_REPRESENTATION('',(#11621),#11625);
#11621 = LINE('',#11622,#11623);
#11622 = CARTESIAN_POINT('',(-26.,-1.2));
#11623 = VECTOR('',#11624,1.);
#11624 = DIRECTION('',(1.,-1.224646799147E-16));
#11625 = ( GEOMETRIC_REPRESENTATION_CONTEXT(2) 
PARAMETRIC_REPRESENTATION_CONTEXT() REPRESENTATION_CONTEXT('2D SPACE',''
  ) );
#11626 = ORIENTED_EDGE('',*,*,#11627,.F.);
#11627 = EDGE_CURVE('',#4866,#11600,#11628,.T.);
#11628 = SURFACE_CURVE('',#11629,(#11633,#11640),.PCURVE_S1.);
#11629 = LINE('',#11630,#11631);
#11630 = CARTESIAN_POINT('',(-16.,-1.2,6.));
#11631 = VECTOR('',#11632,1.);
#11632 = DIRECTION('',(0.,0.,1.));
#11633 = PCURVE('',#4648,#11634);
#11634 = DEFINITIONAL_REPRESENTATION('',(#11635),#11639);
#11635 = LINE('',#11636,#11637);
#11636 = CARTESIAN_POINT('',(52.,0.));
#11637 = VECTOR('',#11638,1.);
#11638 = DIRECTION('',(0.,-1.));
#11639 = ( GEOMETRIC_REPRESENTATION_CONTEXT(2) 
PARAMETRIC_REPRESENTATION_CONTEXT() REPRESENTATION_CONTEXT('2D SPACE',''
  ) );
#11640 = PCURVE('',#4881,#11641);
#11641 = DEFINITIONAL_REPRESENTATION('',(#11642),#11646);
#11642 = LINE('',#11643,#11644);
#11643 = CARTESIAN_POINT('',(0.,0.));
#11644 = VECTOR('',#11645,1.);
#11645 = DIRECTION('',(0.,-1.));
#11646 = ( GEOMETRIC_REPRESENTATION_CONTEXT(2) 
PARAMETRIC_REPRESENTATION_CONTEXT() REPRESENTATION_CONTEXT('2D SPACE',''
  ) );
#11647 = ORIENTED_EDGE('',*,*,#4893,.F.);
#11648 = ORIENTED_EDGE('',*,*,#11649,.F.);
#11649 = EDGE_CURVE('',#4612,#4507,#11650,.T.);
#11650 = SURFACE_CURVE('',#11651,(#11655,#11662),.PCURVE_S1.);
#11651 = LINE('',#11652,#11653);
#11652 = CARTESIAN_POINT('',(-68.,-1.2,6.));
#11653 = VECTOR('',#11654,1.);
#11654 = DIRECTION('',(1.,-1.224646799147E-16,0.));
#11655 = PCURVE('',#4648,#11656);
#11656 = DEFINITIONAL_REPRESENTATION('',(#11657),#11661);
#11657 = LINE('',#11658,#11659);
#11658 = CARTESIAN_POINT('',(0.,0.));
#11659 = VECTOR('',#11660,1.);
#11660 = DIRECTION('',(1.,0.));
#11661 = ( GEOMETRIC_REPRESENTATION_CONTEXT(2) 
PARAMETRIC_REPRESENTATION_CONTEXT() REPRESENTATION_CONTEXT('2D SPACE',''
  ) );
#11662 = PCURVE('',#9253,#11663);
#11663 = DEFINITIONAL_REPRESENTATION('',(#11664),#11668);
#11664 = LINE('',#11665,#11666);
#11665 = CARTESIAN_POINT('',(-26.,-1.2));
#11666 = VECTOR('',#11667,1.);
#11667 = DIRECTION('',(1.,-1.224646799147E-16));
#11668 = ( GEOMETRIC_REPRESENTATION_CONTEXT(2) 
PARAMETRIC_REPRESENTATION_CONTEXT() REPRESENTATION_CONTEXT('2D SPACE',''
  ) );
#11669 = ORIENTED_EDGE('',*,*,#4632,.F.);
#11670 = ADVANCED_FACE('',(#11671),#4881,.F.);
#11671 = FACE_BOUND('',#11672,.F.);
#11672 = EDGE_LOOP('',(#11673,#11674,#11697,#11718));
#11673 = ORIENTED_EDGE('',*,*,#11627,.T.);
#11674 = ORIENTED_EDGE('',*,*,#11675,.T.);
#11675 = EDGE_CURVE('',#11600,#11676,#11678,.T.);
#11676 = VERTEX_POINT('',#11677);
#11677 = CARTESIAN_POINT('',(-16.,1.2,7.2));
#11678 = SURFACE_CURVE('',#11679,(#11683,#11690),.PCURVE_S1.);
#11679 = LINE('',#11680,#11681);
#11680 = CARTESIAN_POINT('',(-16.,-1.2,7.2));
#11681 = VECTOR('',#11682,1.);
#11682 = DIRECTION('',(1.224646799147E-16,1.,0.));
#11683 = PCURVE('',#4881,#11684);
#11684 = DEFINITIONAL_REPRESENTATION('',(#11685),#11689);
#11685 = LINE('',#11686,#11687);
#11686 = CARTESIAN_POINT('',(0.,-1.2));
#11687 = VECTOR('',#11688,1.);
#11688 = DIRECTION('',(1.,0.));
#11689 = ( GEOMETRIC_REPRESENTATION_CONTEXT(2) 
PARAMETRIC_REPRESENTATION_CONTEXT() REPRESENTATION_CONTEXT('2D SPACE',''
  ) );
#11690 = PCURVE('',#11615,#11691);
#11691 = DEFINITIONAL_REPRESENTATION('',(#11692),#11696);
#11692 = LINE('',#11693,#11694);
#11693 = CARTESIAN_POINT('',(26.,-1.2));
#11694 = VECTOR('',#11695,1.);
#11695 = DIRECTION('',(1.224646799147E-16,1.));
#11696 = ( GEOMETRIC_REPRESENTATION_CONTEXT(2) 
PARAMETRIC_REPRESENTATION_CONTEXT() REPRESENTATION_CONTEXT('2D SPACE',''
  ) );
#11697 = ORIENTED_EDGE('',*,*,#11698,.F.);
#11698 = EDGE_CURVE('',#4843,#11676,#11699,.T.);
#11699 = SURFACE_CURVE('',#11700,(#11704,#11711),.PCURVE_S1.);
#11700 = LINE('',#11701,#11702);
#11701 = CARTESIAN_POINT('',(-16.,1.2,6.));
#11702 = VECTOR('',#11703,1.);
#11703 = DIRECTION('',(0.,0.,1.));
#11704 = PCURVE('',#4881,#11705);
#11705 = DEFINITIONAL_REPRESENTATION('',(#11706),#11710);
#11706 = LINE('',#11707,#11708);
#11707 = CARTESIAN_POINT('',(2.4,0.));
#11708 = VECTOR('',#11709,1.);
#11709 = DIRECTION('',(0.,-1.));
#11710 = ( GEOMETRIC_REPRESENTATION_CONTEXT(2) 
PARAMETRIC_REPRESENTATION_CONTEXT() REPRESENTATION_CONTEXT('2D SPACE',''
  ) );
#11711 = PCURVE('',#4704,#11712);
#11712 = DEFINITIONAL_REPRESENTATION('',(#11713),#11717);
#11713 = LINE('',#11714,#11715);
#11714 = CARTESIAN_POINT('',(0.,0.));
#11715 = VECTOR('',#11716,1.);
#11716 = DIRECTION('',(0.,-1.));
#11717 = ( GEOMETRIC_REPRESENTATION_CONTEXT(2) 
PARAMETRIC_REPRESENTATION_CONTEXT() REPRESENTATION_CONTEXT('2D SPACE',''
  ) );
#11718 = ORIENTED_EDGE('',*,*,#4865,.F.);
#11719 = ADVANCED_FACE('',(#11720),#4704,.F.);
#11720 = FACE_BOUND('',#11721,.F.);
#11721 = EDGE_LOOP('',(#11722,#11723,#11746,#11767,#11768,#11789));
#11722 = ORIENTED_EDGE('',*,*,#11698,.T.);
#11723 = ORIENTED_EDGE('',*,*,#11724,.T.);
#11724 = EDGE_CURVE('',#11676,#11725,#11727,.T.);
#11725 = VERTEX_POINT('',#11726);
#11726 = CARTESIAN_POINT('',(-68.,1.2,7.2));
#11727 = SURFACE_CURVE('',#11728,(#11732,#11739),.PCURVE_S1.);
#11728 = LINE('',#11729,#11730);
#11729 = CARTESIAN_POINT('',(-16.,1.2,7.2));
#11730 = VECTOR('',#11731,1.);
#11731 = DIRECTION('',(-1.,1.224646799147E-16,0.));
#11732 = PCURVE('',#4704,#11733);
#11733 = DEFINITIONAL_REPRESENTATION('',(#11734),#11738);
#11734 = LINE('',#11735,#11736);
#11735 = CARTESIAN_POINT('',(0.,-1.2));
#11736 = VECTOR('',#11737,1.);
#11737 = DIRECTION('',(1.,0.));
#11738 = ( GEOMETRIC_REPRESENTATION_CONTEXT(2) 
PARAMETRIC_REPRESENTATION_CONTEXT() REPRESENTATION_CONTEXT('2D SPACE',''
  ) );
#11739 = PCURVE('',#11615,#11740);
#11740 = DEFINITIONAL_REPRESENTATION('',(#11741),#11745);
#11741 = LINE('',#11742,#11743);
#11742 = CARTESIAN_POINT('',(26.,1.2));
#11743 = VECTOR('',#11744,1.);
#11744 = DIRECTION('',(-1.,1.224646799147E-16));
#11745 = ( GEOMETRIC_REPRESENTATION_CONTEXT(2) 
PARAMETRIC_REPRESENTATION_CONTEXT() REPRESENTATION_CONTEXT('2D SPACE',''
  ) );
#11746 = ORIENTED_EDGE('',*,*,#11747,.F.);
#11747 = EDGE_CURVE('',#4661,#11725,#11748,.T.);
#11748 = SURFACE_CURVE('',#11749,(#11753,#11760),.PCURVE_S1.);
#11749 = LINE('',#11750,#11751);
#11750 = CARTESIAN_POINT('',(-68.,1.2,6.));
#11751 = VECTOR('',#11752,1.);
#11752 = DIRECTION('',(0.,0.,1.));
#11753 = PCURVE('',#4704,#11754);
#11754 = DEFINITIONAL_REPRESENTATION('',(#11755),#11759);
#11755 = LINE('',#11756,#11757);
#11756 = CARTESIAN_POINT('',(52.,0.));
#11757 = VECTOR('',#11758,1.);
#11758 = DIRECTION('',(0.,-1.));
#11759 = ( GEOMETRIC_REPRESENTATION_CONTEXT(2) 
PARAMETRIC_REPRESENTATION_CONTEXT() REPRESENTATION_CONTEXT('2D SPACE',''
  ) );
#11760 = PCURVE('',#4676,#11761);
#11761 = DEFINITIONAL_REPRESENTATION('',(#11762),#11766);
#11762 = LINE('',#11763,#11764);
#11763 = CARTESIAN_POINT('',(0.,0.));
#11764 = VECTOR('',#11765,1.);
#11765 = DIRECTION('',(0.,-1.));
#11766 = ( GEOMETRIC_REPRESENTATION_CONTEXT(2) 
PARAMETRIC_REPRESENTATION_CONTEXT() REPRESENTATION_CONTEXT('2D SPACE',''
  ) );
#11767 = ORIENTED_EDGE('',*,*,#4688,.F.);
#11768 = ORIENTED_EDGE('',*,*,#11769,.F.);
#11769 = EDGE_CURVE('',#4822,#4689,#11770,.T.);
#11770 = SURFACE_CURVE('',#11771,(#11775,#11782),.PCURVE_S1.);
#11771 = LINE('',#11772,#11773);
#11772 = CARTESIAN_POINT('',(-16.,1.2,6.));
#11773 = VECTOR('',#11774,1.);
#11774 = DIRECTION('',(-1.,1.224646799147E-16,0.));
#11775 = PCURVE('',#4704,#11776);
#11776 = DEFINITIONAL_REPRESENTATION('',(#11777),#11781);
#11777 = LINE('',#11778,#11779);
#11778 = CARTESIAN_POINT('',(0.,0.));
#11779 = VECTOR('',#11780,1.);
#11780 = DIRECTION('',(1.,0.));
#11781 = ( GEOMETRIC_REPRESENTATION_CONTEXT(2) 
PARAMETRIC_REPRESENTATION_CONTEXT() REPRESENTATION_CONTEXT('2D SPACE',''
  ) );
#11782 = PCURVE('',#9253,#11783);
#11783 = DEFINITIONAL_REPRESENTATION('',(#11784),#11788);
#11784 = LINE('',#11785,#11786);
#11785 = CARTESIAN_POINT('',(26.,1.2));
#11786 = VECTOR('',#11787,1.);
#11787 = DIRECTION('',(-1.,1.224646799147E-16));
#11788 = ( GEOMETRIC_REPRESENTATION_CONTEXT(2) 
PARAMETRIC_REPRESENTATION_CONTEXT() REPRESENTATION_CONTEXT('2D SPACE',''
  ) );
#11789 = ORIENTED_EDGE('',*,*,#4842,.F.);
#11790 = ADVANCED_FACE('',(#11791),#4676,.F.);
#11791 = FACE_BOUND('',#11792,.F.);
#11792 = EDGE_LOOP('',(#11793,#11794,#11815,#11816));
#11793 = ORIENTED_EDGE('',*,*,#11747,.T.);
#11794 = ORIENTED_EDGE('',*,*,#11795,.T.);
#11795 = EDGE_CURVE('',#11725,#11577,#11796,.T.);
#11796 = SURFACE_CURVE('',#11797,(#11801,#11808),.PCURVE_S1.);
#11797 = LINE('',#11798,#11799);
#11798 = CARTESIAN_POINT('',(-68.,1.2,7.2));
#11799 = VECTOR('',#11800,1.);
#11800 = DIRECTION('',(-1.224646799147E-16,-1.,0.));
#11801 = PCURVE('',#4676,#11802);
#11802 = DEFINITIONAL_REPRESENTATION('',(#11803),#11807);
#11803 = LINE('',#11804,#11805);
#11804 = CARTESIAN_POINT('',(0.,-1.2));
#11805 = VECTOR('',#11806,1.);
#11806 = DIRECTION('',(1.,0.));
#11807 = ( GEOMETRIC_REPRESENTATION_CONTEXT(2) 
PARAMETRIC_REPRESENTATION_CONTEXT() REPRESENTATION_CONTEXT('2D SPACE',''
  ) );
#11808 = PCURVE('',#11615,#11809);
#11809 = DEFINITIONAL_REPRESENTATION('',(#11810),#11814);
#11810 = LINE('',#11811,#11812);
#11811 = CARTESIAN_POINT('',(-26.,1.2));
#11812 = VECTOR('',#11813,1.);
#11813 = DIRECTION('',(-1.224646799147E-16,-1.));
#11814 = ( GEOMETRIC_REPRESENTATION_CONTEXT(2) 
PARAMETRIC_REPRESENTATION_CONTEXT() REPRESENTATION_CONTEXT('2D SPACE',''
  ) );
#11815 = ORIENTED_EDGE('',*,*,#11576,.F.);
#11816 = ORIENTED_EDGE('',*,*,#4660,.F.);
#11817 = ADVANCED_FACE('',(#11818),#5272,.F.);
#11818 = FACE_BOUND('',#11819,.F.);
#11819 = EDGE_LOOP('',(#11820,#11843,#11871,#11892,#11893,#11914));
#11820 = ORIENTED_EDGE('',*,*,#11821,.T.);
#11821 = EDGE_CURVE('',#5257,#11822,#11824,.T.);
#11822 = VERTEX_POINT('',#11823);
#11823 = CARTESIAN_POINT('',(35.039230484541,-58.28972745734,7.2));
#11824 = SURFACE_CURVE('',#11825,(#11829,#11836),.PCURVE_S1.);
#11825 = LINE('',#11826,#11827);
#11826 = CARTESIAN_POINT('',(35.039230484541,-58.28972745734,6.));
#11827 = VECTOR('',#11828,1.);
#11828 = DIRECTION('',(0.,0.,1.));
#11829 = PCURVE('',#5272,#11830);
#11830 = DEFINITIONAL_REPRESENTATION('',(#11831),#11835);
#11831 = LINE('',#11832,#11833);
#11832 = CARTESIAN_POINT('',(0.,0.));
#11833 = VECTOR('',#11834,1.);
#11834 = DIRECTION('',(0.,-1.));
#11835 = ( GEOMETRIC_REPRESENTATION_CONTEXT(2) 
PARAMETRIC_REPRESENTATION_CONTEXT() REPRESENTATION_CONTEXT('2D SPACE',''
  ) );
#11836 = PCURVE('',#5300,#11837);
#11837 = DEFINITIONAL_REPRESENTATION('',(#11838),#11842);
#11838 = LINE('',#11839,#11840);
#11839 = CARTESIAN_POINT('',(2.4,0.));
#11840 = VECTOR('',#11841,1.);
#11841 = DIRECTION('',(0.,-1.));
#11842 = ( GEOMETRIC_REPRESENTATION_CONTEXT(2) 
PARAMETRIC_REPRESENTATION_CONTEXT() REPRESENTATION_CONTEXT('2D SPACE',''
  ) );
#11843 = ORIENTED_EDGE('',*,*,#11844,.T.);
#11844 = EDGE_CURVE('',#11822,#11845,#11847,.T.);
#11845 = VERTEX_POINT('',#11846);
#11846 = CARTESIAN_POINT('',(9.039230484541,-13.25640646055,7.2));
#11847 = SURFACE_CURVE('',#11848,(#11852,#11859),.PCURVE_S1.);
#11848 = LINE('',#11849,#11850);
#11849 = CARTESIAN_POINT('',(35.039230484541,-58.28972745734,7.2));
#11850 = VECTOR('',#11851,1.);
#11851 = DIRECTION('',(-0.5,0.866025403784,0.));
#11852 = PCURVE('',#5272,#11853);
#11853 = DEFINITIONAL_REPRESENTATION('',(#11854),#11858);
#11854 = LINE('',#11855,#11856);
#11855 = CARTESIAN_POINT('',(0.,-1.2));
#11856 = VECTOR('',#11857,1.);
#11857 = DIRECTION('',(1.,0.));
#11858 = ( GEOMETRIC_REPRESENTATION_CONTEXT(2) 
PARAMETRIC_REPRESENTATION_CONTEXT() REPRESENTATION_CONTEXT('2D SPACE',''
  ) );
#11859 = PCURVE('',#11860,#11865);
#11860 = PLANE('',#11861);
#11861 = AXIS2_PLACEMENT_3D('',#11862,#11863,#11864);
#11862 = CARTESIAN_POINT('',(21.,-36.37306695894,7.2));
#11863 = DIRECTION('',(0.,0.,1.));
#11864 = DIRECTION('',(1.,0.,-0.));
#11865 = DEFINITIONAL_REPRESENTATION('',(#11866),#11870);
#11866 = LINE('',#11867,#11868);
#11867 = CARTESIAN_POINT('',(14.039230484541,-21.91666049839));
#11868 = VECTOR('',#11869,1.);
#11869 = DIRECTION('',(-0.5,0.866025403784));
#11870 = ( GEOMETRIC_REPRESENTATION_CONTEXT(2) 
PARAMETRIC_REPRESENTATION_CONTEXT() REPRESENTATION_CONTEXT('2D SPACE',''
  ) );
#11871 = ORIENTED_EDGE('',*,*,#11872,.F.);
#11872 = EDGE_CURVE('',#5490,#11845,#11873,.T.);
#11873 = SURFACE_CURVE('',#11874,(#11878,#11885),.PCURVE_S1.);
#11874 = LINE('',#11875,#11876);
#11875 = CARTESIAN_POINT('',(9.039230484541,-13.25640646055,6.));
#11876 = VECTOR('',#11877,1.);
#11877 = DIRECTION('',(0.,0.,1.));
#11878 = PCURVE('',#5272,#11879);
#11879 = DEFINITIONAL_REPRESENTATION('',(#11880),#11884);
#11880 = LINE('',#11881,#11882);
#11881 = CARTESIAN_POINT('',(52.,0.));
#11882 = VECTOR('',#11883,1.);
#11883 = DIRECTION('',(0.,-1.));
#11884 = ( GEOMETRIC_REPRESENTATION_CONTEXT(2) 
PARAMETRIC_REPRESENTATION_CONTEXT() REPRESENTATION_CONTEXT('2D SPACE',''
  ) );
#11885 = PCURVE('',#5505,#11886);
#11886 = DEFINITIONAL_REPRESENTATION('',(#11887),#11891);
#11887 = LINE('',#11888,#11889);
#11888 = CARTESIAN_POINT('',(0.,0.));
#11889 = VECTOR('',#11890,1.);
#11890 = DIRECTION('',(0.,-1.));
#11891 = ( GEOMETRIC_REPRESENTATION_CONTEXT(2) 
PARAMETRIC_REPRESENTATION_CONTEXT() REPRESENTATION_CONTEXT('2D SPACE',''
  ) );
#11892 = ORIENTED_EDGE('',*,*,#5517,.F.);
#11893 = ORIENTED_EDGE('',*,*,#11894,.F.);
#11894 = EDGE_CURVE('',#5236,#5131,#11895,.T.);
#11895 = SURFACE_CURVE('',#11896,(#11900,#11907),.PCURVE_S1.);
#11896 = LINE('',#11897,#11898);
#11897 = CARTESIAN_POINT('',(35.039230484541,-58.28972745734,6.));
#11898 = VECTOR('',#11899,1.);
#11899 = DIRECTION('',(-0.5,0.866025403784,0.));
#11900 = PCURVE('',#5272,#11901);
#11901 = DEFINITIONAL_REPRESENTATION('',(#11902),#11906);
#11902 = LINE('',#11903,#11904);
#11903 = CARTESIAN_POINT('',(0.,0.));
#11904 = VECTOR('',#11905,1.);
#11905 = DIRECTION('',(1.,0.));
#11906 = ( GEOMETRIC_REPRESENTATION_CONTEXT(2) 
PARAMETRIC_REPRESENTATION_CONTEXT() REPRESENTATION_CONTEXT('2D SPACE',''
  ) );
#11907 = PCURVE('',#8790,#11908);
#11908 = DEFINITIONAL_REPRESENTATION('',(#11909),#11913);
#11909 = LINE('',#11910,#11911);
#11910 = CARTESIAN_POINT('',(14.039230484541,-21.91666049839));
#11911 = VECTOR('',#11912,1.);
#11912 = DIRECTION('',(-0.5,0.866025403784));
#11913 = ( GEOMETRIC_REPRESENTATION_CONTEXT(2) 
PARAMETRIC_REPRESENTATION_CONTEXT() REPRESENTATION_CONTEXT('2D SPACE',''
  ) );
#11914 = ORIENTED_EDGE('',*,*,#5256,.F.);
#11915 = ADVANCED_FACE('',(#11916),#5505,.F.);
#11916 = FACE_BOUND('',#11917,.F.);
#11917 = EDGE_LOOP('',(#11918,#11919,#11942,#11963));
#11918 = ORIENTED_EDGE('',*,*,#11872,.T.);
#11919 = ORIENTED_EDGE('',*,*,#11920,.T.);
#11920 = EDGE_CURVE('',#11845,#11921,#11923,.T.);
#11921 = VERTEX_POINT('',#11922);
#11922 = CARTESIAN_POINT('',(6.960769515459,-14.45640646055,7.2));
#11923 = SURFACE_CURVE('',#11924,(#11928,#11935),.PCURVE_S1.);
#11924 = LINE('',#11925,#11926);
#11925 = CARTESIAN_POINT('',(9.039230484541,-13.25640646055,7.2));
#11926 = VECTOR('',#11927,1.);
#11927 = DIRECTION('',(-0.866025403784,-0.5,0.));
#11928 = PCURVE('',#5505,#11929);
#11929 = DEFINITIONAL_REPRESENTATION('',(#11930),#11934);
#11930 = LINE('',#11931,#11932);
#11931 = CARTESIAN_POINT('',(0.,-1.2));
#11932 = VECTOR('',#11933,1.);
#11933 = DIRECTION('',(1.,0.));
#11934 = ( GEOMETRIC_REPRESENTATION_CONTEXT(2) 
PARAMETRIC_REPRESENTATION_CONTEXT() REPRESENTATION_CONTEXT('2D SPACE',''
  ) );
#11935 = PCURVE('',#11860,#11936);
#11936 = DEFINITIONAL_REPRESENTATION('',(#11937),#11941);
#11937 = LINE('',#11938,#11939);
#11938 = CARTESIAN_POINT('',(-11.96076951545,23.116660498395));
#11939 = VECTOR('',#11940,1.);
#11940 = DIRECTION('',(-0.866025403784,-0.5));
#11941 = ( GEOMETRIC_REPRESENTATION_CONTEXT(2) 
PARAMETRIC_REPRESENTATION_CONTEXT() REPRESENTATION_CONTEXT('2D SPACE',''
  ) );
#11942 = ORIENTED_EDGE('',*,*,#11943,.F.);
#11943 = EDGE_CURVE('',#5467,#11921,#11944,.T.);
#11944 = SURFACE_CURVE('',#11945,(#11949,#11956),.PCURVE_S1.);
#11945 = LINE('',#11946,#11947);
#11946 = CARTESIAN_POINT('',(6.960769515459,-14.45640646055,6.));
#11947 = VECTOR('',#11948,1.);
#11948 = DIRECTION('',(0.,0.,1.));
#11949 = PCURVE('',#5505,#11950);
#11950 = DEFINITIONAL_REPRESENTATION('',(#11951),#11955);
#11951 = LINE('',#11952,#11953);
#11952 = CARTESIAN_POINT('',(2.4,0.));
#11953 = VECTOR('',#11954,1.);
#11954 = DIRECTION('',(0.,-1.));
#11955 = ( GEOMETRIC_REPRESENTATION_CONTEXT(2) 
PARAMETRIC_REPRESENTATION_CONTEXT() REPRESENTATION_CONTEXT('2D SPACE',''
  ) );
#11956 = PCURVE('',#5328,#11957);
#11957 = DEFINITIONAL_REPRESENTATION('',(#11958),#11962);
#11958 = LINE('',#11959,#11960);
#11959 = CARTESIAN_POINT('',(0.,0.));
#11960 = VECTOR('',#11961,1.);
#11961 = DIRECTION('',(0.,-1.));
#11962 = ( GEOMETRIC_REPRESENTATION_CONTEXT(2) 
PARAMETRIC_REPRESENTATION_CONTEXT() REPRESENTATION_CONTEXT('2D SPACE',''
  ) );
#11963 = ORIENTED_EDGE('',*,*,#5489,.F.);
#11964 = ADVANCED_FACE('',(#11965),#5328,.F.);
#11965 = FACE_BOUND('',#11966,.F.);
#11966 = EDGE_LOOP('',(#11967,#11968,#11991,#12012,#12013,#12034));
#11967 = ORIENTED_EDGE('',*,*,#11943,.T.);
#11968 = ORIENTED_EDGE('',*,*,#11969,.T.);
#11969 = EDGE_CURVE('',#11921,#11970,#11972,.T.);
#11970 = VERTEX_POINT('',#11971);
#11971 = CARTESIAN_POINT('',(32.960769515459,-59.48972745734,7.2));
#11972 = SURFACE_CURVE('',#11973,(#11977,#11984),.PCURVE_S1.);
#11973 = LINE('',#11974,#11975);
#11974 = CARTESIAN_POINT('',(6.960769515459,-14.45640646055,7.2));
#11975 = VECTOR('',#11976,1.);
#11976 = DIRECTION('',(0.5,-0.866025403784,0.));
#11977 = PCURVE('',#5328,#11978);
#11978 = DEFINITIONAL_REPRESENTATION('',(#11979),#11983);
#11979 = LINE('',#11980,#11981);
#11980 = CARTESIAN_POINT('',(0.,-1.2));
#11981 = VECTOR('',#11982,1.);
#11982 = DIRECTION('',(1.,0.));
#11983 = ( GEOMETRIC_REPRESENTATION_CONTEXT(2) 
PARAMETRIC_REPRESENTATION_CONTEXT() REPRESENTATION_CONTEXT('2D SPACE',''
  ) );
#11984 = PCURVE('',#11860,#11985);
#11985 = DEFINITIONAL_REPRESENTATION('',(#11986),#11990);
#11986 = LINE('',#11987,#11988);
#11987 = CARTESIAN_POINT('',(-14.03923048454,21.916660498395));
#11988 = VECTOR('',#11989,1.);
#11989 = DIRECTION('',(0.5,-0.866025403784));
#11990 = ( GEOMETRIC_REPRESENTATION_CONTEXT(2) 
PARAMETRIC_REPRESENTATION_CONTEXT() REPRESENTATION_CONTEXT('2D SPACE',''
  ) );
#11991 = ORIENTED_EDGE('',*,*,#11992,.F.);
#11992 = EDGE_CURVE('',#5285,#11970,#11993,.T.);
#11993 = SURFACE_CURVE('',#11994,(#11998,#12005),.PCURVE_S1.);
#11994 = LINE('',#11995,#11996);
#11995 = CARTESIAN_POINT('',(32.960769515459,-59.48972745734,6.));
#11996 = VECTOR('',#11997,1.);
#11997 = DIRECTION('',(0.,0.,1.));
#11998 = PCURVE('',#5328,#11999);
#11999 = DEFINITIONAL_REPRESENTATION('',(#12000),#12004);
#12000 = LINE('',#12001,#12002);
#12001 = CARTESIAN_POINT('',(52.,0.));
#12002 = VECTOR('',#12003,1.);
#12003 = DIRECTION('',(0.,-1.));
#12004 = ( GEOMETRIC_REPRESENTATION_CONTEXT(2) 
PARAMETRIC_REPRESENTATION_CONTEXT() REPRESENTATION_CONTEXT('2D SPACE',''
  ) );
#12005 = PCURVE('',#5300,#12006);
#12006 = DEFINITIONAL_REPRESENTATION('',(#12007),#12011);
#12007 = LINE('',#12008,#12009);
#12008 = CARTESIAN_POINT('',(0.,0.));
#12009 = VECTOR('',#12010,1.);
#12010 = DIRECTION('',(0.,-1.));
#12011 = ( GEOMETRIC_REPRESENTATION_CONTEXT(2) 
PARAMETRIC_REPRESENTATION_CONTEXT() REPRESENTATION_CONTEXT('2D SPACE',''
  ) );
#12012 = ORIENTED_EDGE('',*,*,#5312,.F.);
#12013 = ORIENTED_EDGE('',*,*,#12014,.F.);
#12014 = EDGE_CURVE('',#5446,#5313,#12015,.T.);
#12015 = SURFACE_CURVE('',#12016,(#12020,#12027),.PCURVE_S1.);
#12016 = LINE('',#12017,#12018);
#12017 = CARTESIAN_POINT('',(6.960769515459,-14.45640646055,6.));
#12018 = VECTOR('',#12019,1.);
#12019 = DIRECTION('',(0.5,-0.866025403784,0.));
#12020 = PCURVE('',#5328,#12021);
#12021 = DEFINITIONAL_REPRESENTATION('',(#12022),#12026);
#12022 = LINE('',#12023,#12024);
#12023 = CARTESIAN_POINT('',(0.,0.));
#12024 = VECTOR('',#12025,1.);
#12025 = DIRECTION('',(1.,0.));
#12026 = ( GEOMETRIC_REPRESENTATION_CONTEXT(2) 
PARAMETRIC_REPRESENTATION_CONTEXT() REPRESENTATION_CONTEXT('2D SPACE',''
  ) );
#12027 = PCURVE('',#8790,#12028);
#12028 = DEFINITIONAL_REPRESENTATION('',(#12029),#12033);
#12029 = LINE('',#12030,#12031);
#12030 = CARTESIAN_POINT('',(-14.03923048454,21.916660498395));
#12031 = VECTOR('',#12032,1.);
#12032 = DIRECTION('',(0.5,-0.866025403784));
#12033 = ( GEOMETRIC_REPRESENTATION_CONTEXT(2) 
PARAMETRIC_REPRESENTATION_CONTEXT() REPRESENTATION_CONTEXT('2D SPACE',''
  ) );
#12034 = ORIENTED_EDGE('',*,*,#5466,.F.);
#12035 = ADVANCED_FACE('',(#12036),#5300,.F.);
#12036 = FACE_BOUND('',#12037,.F.);
#12037 = EDGE_LOOP('',(#12038,#12039,#12060,#12061));
#12038 = ORIENTED_EDGE('',*,*,#11992,.T.);
#12039 = ORIENTED_EDGE('',*,*,#12040,.T.);
#12040 = EDGE_CURVE('',#11970,#11822,#12041,.T.);
#12041 = SURFACE_CURVE('',#12042,(#12046,#12053),.PCURVE_S1.);
#12042 = LINE('',#12043,#12044);
#12043 = CARTESIAN_POINT('',(32.960769515459,-59.48972745734,7.2));
#12044 = VECTOR('',#12045,1.);
#12045 = DIRECTION('',(0.866025403784,0.5,0.));
#12046 = PCURVE('',#5300,#12047);
#12047 = DEFINITIONAL_REPRESENTATION('',(#12048),#12052);
#12048 = LINE('',#12049,#12050);
#12049 = CARTESIAN_POINT('',(0.,-1.2));
#12050 = VECTOR('',#12051,1.);
#12051 = DIRECTION('',(1.,0.));
#12052 = ( GEOMETRIC_REPRESENTATION_CONTEXT(2) 
PARAMETRIC_REPRESENTATION_CONTEXT() REPRESENTATION_CONTEXT('2D SPACE',''
  ) );
#12053 = PCURVE('',#11860,#12054);
#12054 = DEFINITIONAL_REPRESENTATION('',(#12055),#12059);
#12055 = LINE('',#12056,#12057);
#12056 = CARTESIAN_POINT('',(11.960769515459,-23.11666049839));
#12057 = VECTOR('',#12058,1.);
#12058 = DIRECTION('',(0.866025403784,0.5));
#12059 = ( GEOMETRIC_REPRESENTATION_CONTEXT(2) 
PARAMETRIC_REPRESENTATION_CONTEXT() REPRESENTATION_CONTEXT('2D SPACE',''
  ) );
#12060 = ORIENTED_EDGE('',*,*,#11821,.F.);
#12061 = ORIENTED_EDGE('',*,*,#5284,.F.);
#12062 = ADVANCED_FACE('',(#12063),#6262,.F.);
#12063 = FACE_BOUND('',#12064,.F.);
#12064 = EDGE_LOOP('',(#12065,#12088,#12116,#12137,#12138,#12159));
#12065 = ORIENTED_EDGE('',*,*,#12066,.T.);
#12066 = EDGE_CURVE('',#6247,#12067,#12069,.T.);
#12067 = VERTEX_POINT('',#12068);
#12068 = CARTESIAN_POINT('',(68.,1.2,7.2));
#12069 = SURFACE_CURVE('',#12070,(#12074,#12081),.PCURVE_S1.);
#12070 = LINE('',#12071,#12072);
#12071 = CARTESIAN_POINT('',(68.,1.2,6.));
#12072 = VECTOR('',#12073,1.);
#12073 = DIRECTION('',(0.,0.,1.));
#12074 = PCURVE('',#6262,#12075);
#12075 = DEFINITIONAL_REPRESENTATION('',(#12076),#12080);
#12076 = LINE('',#12077,#12078);
#12077 = CARTESIAN_POINT('',(0.,-0.));
#12078 = VECTOR('',#12079,1.);
#12079 = DIRECTION('',(0.,-1.));
#12080 = ( GEOMETRIC_REPRESENTATION_CONTEXT(2) 
PARAMETRIC_REPRESENTATION_CONTEXT() REPRESENTATION_CONTEXT('2D SPACE',''
  ) );
#12081 = PCURVE('',#6290,#12082);
#12082 = DEFINITIONAL_REPRESENTATION('',(#12083),#12087);
#12083 = LINE('',#12084,#12085);
#12084 = CARTESIAN_POINT('',(2.4,0.));
#12085 = VECTOR('',#12086,1.);
#12086 = DIRECTION('',(0.,-1.));
#12087 = ( GEOMETRIC_REPRESENTATION_CONTEXT(2) 
PARAMETRIC_REPRESENTATION_CONTEXT() REPRESENTATION_CONTEXT('2D SPACE',''
  ) );
#12088 = ORIENTED_EDGE('',*,*,#12089,.T.);
#12089 = EDGE_CURVE('',#12067,#12090,#12092,.T.);
#12090 = VERTEX_POINT('',#12091);
#12091 = CARTESIAN_POINT('',(16.,1.2,7.2));
#12092 = SURFACE_CURVE('',#12093,(#12097,#12104),.PCURVE_S1.);
#12093 = LINE('',#12094,#12095);
#12094 = CARTESIAN_POINT('',(68.,1.2,7.2));
#12095 = VECTOR('',#12096,1.);
#12096 = DIRECTION('',(-1.,0.,0.));
#12097 = PCURVE('',#6262,#12098);
#12098 = DEFINITIONAL_REPRESENTATION('',(#12099),#12103);
#12099 = LINE('',#12100,#12101);
#12100 = CARTESIAN_POINT('',(0.,-1.2));
#12101 = VECTOR('',#12102,1.);
#12102 = DIRECTION('',(1.,0.));
#12103 = ( GEOMETRIC_REPRESENTATION_CONTEXT(2) 
PARAMETRIC_REPRESENTATION_CONTEXT() REPRESENTATION_CONTEXT('2D SPACE',''
  ) );
#12104 = PCURVE('',#12105,#12110);
#12105 = PLANE('',#12106);
#12106 = AXIS2_PLACEMENT_3D('',#12107,#12108,#12109);
#12107 = CARTESIAN_POINT('',(42.,0.,7.2));
#12108 = DIRECTION('',(0.,0.,1.));
#12109 = DIRECTION('',(1.,0.,-0.));
#12110 = DEFINITIONAL_REPRESENTATION('',(#12111),#12115);
#12111 = LINE('',#12112,#12113);
#12112 = CARTESIAN_POINT('',(26.,1.2));
#12113 = VECTOR('',#12114,1.);
#12114 = DIRECTION('',(-1.,0.));
#12115 = ( GEOMETRIC_REPRESENTATION_CONTEXT(2) 
PARAMETRIC_REPRESENTATION_CONTEXT() REPRESENTATION_CONTEXT('2D SPACE',''
  ) );
#12116 = ORIENTED_EDGE('',*,*,#12117,.F.);
#12117 = EDGE_CURVE('',#6480,#12090,#12118,.T.);
#12118 = SURFACE_CURVE('',#12119,(#12123,#12130),.PCURVE_S1.);
#12119 = LINE('',#12120,#12121);
#12120 = CARTESIAN_POINT('',(16.,1.2,6.));
#12121 = VECTOR('',#12122,1.);
#12122 = DIRECTION('',(0.,0.,1.));
#12123 = PCURVE('',#6262,#12124);
#12124 = DEFINITIONAL_REPRESENTATION('',(#12125),#12129);
#12125 = LINE('',#12126,#12127);
#12126 = CARTESIAN_POINT('',(52.,0.));
#12127 = VECTOR('',#12128,1.);
#12128 = DIRECTION('',(0.,-1.));
#12129 = ( GEOMETRIC_REPRESENTATION_CONTEXT(2) 
PARAMETRIC_REPRESENTATION_CONTEXT() REPRESENTATION_CONTEXT('2D SPACE',''
  ) );
#12130 = PCURVE('',#6495,#12131);
#12131 = DEFINITIONAL_REPRESENTATION('',(#12132),#12136);
#12132 = LINE('',#12133,#12134);
#12133 = CARTESIAN_POINT('',(0.,0.));
#12134 = VECTOR('',#12135,1.);
#12135 = DIRECTION('',(0.,-1.));
#12136 = ( GEOMETRIC_REPRESENTATION_CONTEXT(2) 
PARAMETRIC_REPRESENTATION_CONTEXT() REPRESENTATION_CONTEXT('2D SPACE',''
  ) );
#12137 = ORIENTED_EDGE('',*,*,#6507,.F.);
#12138 = ORIENTED_EDGE('',*,*,#12139,.F.);
#12139 = EDGE_CURVE('',#6226,#6121,#12140,.T.);
#12140 = SURFACE_CURVE('',#12141,(#12145,#12152),.PCURVE_S1.);
#12141 = LINE('',#12142,#12143);
#12142 = CARTESIAN_POINT('',(68.,1.2,6.));
#12143 = VECTOR('',#12144,1.);
#12144 = DIRECTION('',(-1.,0.,0.));
#12145 = PCURVE('',#6262,#12146);
#12146 = DEFINITIONAL_REPRESENTATION('',(#12147),#12151);
#12147 = LINE('',#12148,#12149);
#12148 = CARTESIAN_POINT('',(0.,-0.));
#12149 = VECTOR('',#12150,1.);
#12150 = DIRECTION('',(1.,0.));
#12151 = ( GEOMETRIC_REPRESENTATION_CONTEXT(2) 
PARAMETRIC_REPRESENTATION_CONTEXT() REPRESENTATION_CONTEXT('2D SPACE',''
  ) );
#12152 = PCURVE('',#10441,#12153);
#12153 = DEFINITIONAL_REPRESENTATION('',(#12154),#12158);
#12154 = LINE('',#12155,#12156);
#12155 = CARTESIAN_POINT('',(26.,1.2));
#12156 = VECTOR('',#12157,1.);
#12157 = DIRECTION('',(-1.,0.));
#12158 = ( GEOMETRIC_REPRESENTATION_CONTEXT(2) 
PARAMETRIC_REPRESENTATION_CONTEXT() REPRESENTATION_CONTEXT('2D SPACE',''
  ) );
#12159 = ORIENTED_EDGE('',*,*,#6246,.F.);
#12160 = ADVANCED_FACE('',(#12161),#6495,.F.);
#12161 = FACE_BOUND('',#12162,.F.);
#12162 = EDGE_LOOP('',(#12163,#12164,#12187,#12208));
#12163 = ORIENTED_EDGE('',*,*,#12117,.T.);
#12164 = ORIENTED_EDGE('',*,*,#12165,.T.);
#12165 = EDGE_CURVE('',#12090,#12166,#12168,.T.);
#12166 = VERTEX_POINT('',#12167);
#12167 = CARTESIAN_POINT('',(16.,-1.2,7.2));
#12168 = SURFACE_CURVE('',#12169,(#12173,#12180),.PCURVE_S1.);
#12169 = LINE('',#12170,#12171);
#12170 = CARTESIAN_POINT('',(16.,1.2,7.2));
#12171 = VECTOR('',#12172,1.);
#12172 = DIRECTION('',(0.,-1.,0.));
#12173 = PCURVE('',#6495,#12174);
#12174 = DEFINITIONAL_REPRESENTATION('',(#12175),#12179);
#12175 = LINE('',#12176,#12177);
#12176 = CARTESIAN_POINT('',(0.,-1.2));
#12177 = VECTOR('',#12178,1.);
#12178 = DIRECTION('',(1.,0.));
#12179 = ( GEOMETRIC_REPRESENTATION_CONTEXT(2) 
PARAMETRIC_REPRESENTATION_CONTEXT() REPRESENTATION_CONTEXT('2D SPACE',''
  ) );
#12180 = PCURVE('',#12105,#12181);
#12181 = DEFINITIONAL_REPRESENTATION('',(#12182),#12186);
#12182 = LINE('',#12183,#12184);
#12183 = CARTESIAN_POINT('',(-26.,1.2));
#12184 = VECTOR('',#12185,1.);
#12185 = DIRECTION('',(0.,-1.));
#12186 = ( GEOMETRIC_REPRESENTATION_CONTEXT(2) 
PARAMETRIC_REPRESENTATION_CONTEXT() REPRESENTATION_CONTEXT('2D SPACE',''
  ) );
#12187 = ORIENTED_EDGE('',*,*,#12188,.F.);
#12188 = EDGE_CURVE('',#6457,#12166,#12189,.T.);
#12189 = SURFACE_CURVE('',#12190,(#12194,#12201),.PCURVE_S1.);
#12190 = LINE('',#12191,#12192);
#12191 = CARTESIAN_POINT('',(16.,-1.2,6.));
#12192 = VECTOR('',#12193,1.);
#12193 = DIRECTION('',(0.,0.,1.));
#12194 = PCURVE('',#6495,#12195);
#12195 = DEFINITIONAL_REPRESENTATION('',(#12196),#12200);
#12196 = LINE('',#12197,#12198);
#12197 = CARTESIAN_POINT('',(2.4,0.));
#12198 = VECTOR('',#12199,1.);
#12199 = DIRECTION('',(0.,-1.));
#12200 = ( GEOMETRIC_REPRESENTATION_CONTEXT(2) 
PARAMETRIC_REPRESENTATION_CONTEXT() REPRESENTATION_CONTEXT('2D SPACE',''
  ) );
#12201 = PCURVE('',#6318,#12202);
#12202 = DEFINITIONAL_REPRESENTATION('',(#12203),#12207);
#12203 = LINE('',#12204,#12205);
#12204 = CARTESIAN_POINT('',(0.,0.));
#12205 = VECTOR('',#12206,1.);
#12206 = DIRECTION('',(0.,-1.));
#12207 = ( GEOMETRIC_REPRESENTATION_CONTEXT(2) 
PARAMETRIC_REPRESENTATION_CONTEXT() REPRESENTATION_CONTEXT('2D SPACE',''
  ) );
#12208 = ORIENTED_EDGE('',*,*,#6479,.F.);
#12209 = ADVANCED_FACE('',(#12210),#6318,.F.);
#12210 = FACE_BOUND('',#12211,.F.);
#12211 = EDGE_LOOP('',(#12212,#12213,#12236,#12257,#12258,#12279));
#12212 = ORIENTED_EDGE('',*,*,#12188,.T.);
#12213 = ORIENTED_EDGE('',*,*,#12214,.T.);
#12214 = EDGE_CURVE('',#12166,#12215,#12217,.T.);
#12215 = VERTEX_POINT('',#12216);
#12216 = CARTESIAN_POINT('',(68.,-1.2,7.2));
#12217 = SURFACE_CURVE('',#12218,(#12222,#12229),.PCURVE_S1.);
#12218 = LINE('',#12219,#12220);
#12219 = CARTESIAN_POINT('',(16.,-1.2,7.2));
#12220 = VECTOR('',#12221,1.);
#12221 = DIRECTION('',(1.,0.,0.));
#12222 = PCURVE('',#6318,#12223);
#12223 = DEFINITIONAL_REPRESENTATION('',(#12224),#12228);
#12224 = LINE('',#12225,#12226);
#12225 = CARTESIAN_POINT('',(0.,-1.2));
#12226 = VECTOR('',#12227,1.);
#12227 = DIRECTION('',(1.,0.));
#12228 = ( GEOMETRIC_REPRESENTATION_CONTEXT(2) 
PARAMETRIC_REPRESENTATION_CONTEXT() REPRESENTATION_CONTEXT('2D SPACE',''
  ) );
#12229 = PCURVE('',#12105,#12230);
#12230 = DEFINITIONAL_REPRESENTATION('',(#12231),#12235);
#12231 = LINE('',#12232,#12233);
#12232 = CARTESIAN_POINT('',(-26.,-1.2));
#12233 = VECTOR('',#12234,1.);
#12234 = DIRECTION('',(1.,0.));
#12235 = ( GEOMETRIC_REPRESENTATION_CONTEXT(2) 
PARAMETRIC_REPRESENTATION_CONTEXT() REPRESENTATION_CONTEXT('2D SPACE',''
  ) );
#12236 = ORIENTED_EDGE('',*,*,#12237,.F.);
#12237 = EDGE_CURVE('',#6275,#12215,#12238,.T.);
#12238 = SURFACE_CURVE('',#12239,(#12243,#12250),.PCURVE_S1.);
#12239 = LINE('',#12240,#12241);
#12240 = CARTESIAN_POINT('',(68.,-1.2,6.));
#12241 = VECTOR('',#12242,1.);
#12242 = DIRECTION('',(0.,0.,1.));
#12243 = PCURVE('',#6318,#12244);
#12244 = DEFINITIONAL_REPRESENTATION('',(#12245),#12249);
#12245 = LINE('',#12246,#12247);
#12246 = CARTESIAN_POINT('',(52.,0.));
#12247 = VECTOR('',#12248,1.);
#12248 = DIRECTION('',(0.,-1.));
#12249 = ( GEOMETRIC_REPRESENTATION_CONTEXT(2) 
PARAMETRIC_REPRESENTATION_CONTEXT() REPRESENTATION_CONTEXT('2D SPACE',''
  ) );
#12250 = PCURVE('',#6290,#12251);
#12251 = DEFINITIONAL_REPRESENTATION('',(#12252),#12256);
#12252 = LINE('',#12253,#12254);
#12253 = CARTESIAN_POINT('',(0.,0.));
#12254 = VECTOR('',#12255,1.);
#12255 = DIRECTION('',(0.,-1.));
#12256 = ( GEOMETRIC_REPRESENTATION_CONTEXT(2) 
PARAMETRIC_REPRESENTATION_CONTEXT() REPRESENTATION_CONTEXT('2D SPACE',''
  ) );
#12257 = ORIENTED_EDGE('',*,*,#6302,.F.);
#12258 = ORIENTED_EDGE('',*,*,#12259,.F.);
#12259 = EDGE_CURVE('',#6436,#6303,#12260,.T.);
#12260 = SURFACE_CURVE('',#12261,(#12265,#12272),.PCURVE_S1.);
#12261 = LINE('',#12262,#12263);
#12262 = CARTESIAN_POINT('',(16.,-1.2,6.));
#12263 = VECTOR('',#12264,1.);
#12264 = DIRECTION('',(1.,0.,0.));
#12265 = PCURVE('',#6318,#12266);
#12266 = DEFINITIONAL_REPRESENTATION('',(#12267),#12271);
#12267 = LINE('',#12268,#12269);
#12268 = CARTESIAN_POINT('',(0.,0.));
#12269 = VECTOR('',#12270,1.);
#12270 = DIRECTION('',(1.,0.));
#12271 = ( GEOMETRIC_REPRESENTATION_CONTEXT(2) 
PARAMETRIC_REPRESENTATION_CONTEXT() REPRESENTATION_CONTEXT('2D SPACE',''
  ) );
#12272 = PCURVE('',#10441,#12273);
#12273 = DEFINITIONAL_REPRESENTATION('',(#12274),#12278);
#12274 = LINE('',#12275,#12276);
#12275 = CARTESIAN_POINT('',(-26.,-1.2));
#12276 = VECTOR('',#12277,1.);
#12277 = DIRECTION('',(1.,0.));
#12278 = ( GEOMETRIC_REPRESENTATION_CONTEXT(2) 
PARAMETRIC_REPRESENTATION_CONTEXT() REPRESENTATION_CONTEXT('2D SPACE',''
  ) );
#12279 = ORIENTED_EDGE('',*,*,#6456,.F.);
#12280 = ADVANCED_FACE('',(#12281),#6290,.F.);
#12281 = FACE_BOUND('',#12282,.F.);
#12282 = EDGE_LOOP('',(#12283,#12284,#12305,#12306));
#12283 = ORIENTED_EDGE('',*,*,#12237,.T.);
#12284 = ORIENTED_EDGE('',*,*,#12285,.T.);
#12285 = EDGE_CURVE('',#12215,#12067,#12286,.T.);
#12286 = SURFACE_CURVE('',#12287,(#12291,#12298),.PCURVE_S1.);
#12287 = LINE('',#12288,#12289);
#12288 = CARTESIAN_POINT('',(68.,-1.2,7.2));
#12289 = VECTOR('',#12290,1.);
#12290 = DIRECTION('',(0.,1.,0.));
#12291 = PCURVE('',#6290,#12292);
#12292 = DEFINITIONAL_REPRESENTATION('',(#12293),#12297);
#12293 = LINE('',#12294,#12295);
#12294 = CARTESIAN_POINT('',(0.,-1.2));
#12295 = VECTOR('',#12296,1.);
#12296 = DIRECTION('',(1.,0.));
#12297 = ( GEOMETRIC_REPRESENTATION_CONTEXT(2) 
PARAMETRIC_REPRESENTATION_CONTEXT() REPRESENTATION_CONTEXT('2D SPACE',''
  ) );
#12298 = PCURVE('',#12105,#12299);
#12299 = DEFINITIONAL_REPRESENTATION('',(#12300),#12304);
#12300 = LINE('',#12301,#12302);
#12301 = CARTESIAN_POINT('',(26.,-1.2));
#12302 = VECTOR('',#12303,1.);
#12303 = DIRECTION('',(0.,1.));
#12304 = ( GEOMETRIC_REPRESENTATION_CONTEXT(2) 
PARAMETRIC_REPRESENTATION_CONTEXT() REPRESENTATION_CONTEXT('2D SPACE',''
  ) );
#12305 = ORIENTED_EDGE('',*,*,#12066,.F.);
#12306 = ORIENTED_EDGE('',*,*,#6274,.F.);
#12307 = ADVANCED_FACE('',(#12308),#6916,.F.);
#12308 = FACE_BOUND('',#12309,.F.);
#12309 = EDGE_LOOP('',(#12310,#12333,#12361,#12382,#12383,#12404));
#12310 = ORIENTED_EDGE('',*,*,#12311,.T.);
#12311 = EDGE_CURVE('',#6901,#12312,#12314,.T.);
#12312 = VERTEX_POINT('',#12313);
#12313 = CARTESIAN_POINT('',(-35.03923048454,58.289727457342,7.2));
#12314 = SURFACE_CURVE('',#12315,(#12319,#12326),.PCURVE_S1.);
#12315 = LINE('',#12316,#12317);
#12316 = CARTESIAN_POINT('',(-35.03923048454,58.289727457342,6.));
#12317 = VECTOR('',#12318,1.);
#12318 = DIRECTION('',(0.,0.,1.));
#12319 = PCURVE('',#6916,#12320);
#12320 = DEFINITIONAL_REPRESENTATION('',(#12321),#12325);
#12321 = LINE('',#12322,#12323);
#12322 = CARTESIAN_POINT('',(0.,0.));
#12323 = VECTOR('',#12324,1.);
#12324 = DIRECTION('',(0.,-1.));
#12325 = ( GEOMETRIC_REPRESENTATION_CONTEXT(2) 
PARAMETRIC_REPRESENTATION_CONTEXT() REPRESENTATION_CONTEXT('2D SPACE',''
  ) );
#12326 = PCURVE('',#6944,#12327);
#12327 = DEFINITIONAL_REPRESENTATION('',(#12328),#12332);
#12328 = LINE('',#12329,#12330);
#12329 = CARTESIAN_POINT('',(2.4,0.));
#12330 = VECTOR('',#12331,1.);
#12331 = DIRECTION('',(0.,-1.));
#12332 = ( GEOMETRIC_REPRESENTATION_CONTEXT(2) 
PARAMETRIC_REPRESENTATION_CONTEXT() REPRESENTATION_CONTEXT('2D SPACE',''
  ) );
#12333 = ORIENTED_EDGE('',*,*,#12334,.T.);
#12334 = EDGE_CURVE('',#12312,#12335,#12337,.T.);
#12335 = VERTEX_POINT('',#12336);
#12336 = CARTESIAN_POINT('',(-9.039230484541,13.256406460551,7.2));
#12337 = SURFACE_CURVE('',#12338,(#12342,#12349),.PCURVE_S1.);
#12338 = LINE('',#12339,#12340);
#12339 = CARTESIAN_POINT('',(-35.03923048454,58.289727457342,7.2));
#12340 = VECTOR('',#12341,1.);
#12341 = DIRECTION('',(0.5,-0.866025403784,0.));
#12342 = PCURVE('',#6916,#12343);
#12343 = DEFINITIONAL_REPRESENTATION('',(#12344),#12348);
#12344 = LINE('',#12345,#12346);
#12345 = CARTESIAN_POINT('',(0.,-1.2));
#12346 = VECTOR('',#12347,1.);
#12347 = DIRECTION('',(1.,0.));
#12348 = ( GEOMETRIC_REPRESENTATION_CONTEXT(2) 
PARAMETRIC_REPRESENTATION_CONTEXT() REPRESENTATION_CONTEXT('2D SPACE',''
  ) );
#12349 = PCURVE('',#12350,#12355);
#12350 = PLANE('',#12351);
#12351 = AXIS2_PLACEMENT_3D('',#12352,#12353,#12354);
#12352 = CARTESIAN_POINT('',(-21.,36.373066958946,7.2));
#12353 = DIRECTION('',(0.,0.,1.));
#12354 = DIRECTION('',(1.,0.,-0.));
#12355 = DEFINITIONAL_REPRESENTATION('',(#12356),#12360);
#12356 = LINE('',#12357,#12358);
#12357 = CARTESIAN_POINT('',(-14.03923048454,21.916660498395));
#12358 = VECTOR('',#12359,1.);
#12359 = DIRECTION('',(0.5,-0.866025403784));
#12360 = ( GEOMETRIC_REPRESENTATION_CONTEXT(2) 
PARAMETRIC_REPRESENTATION_CONTEXT() REPRESENTATION_CONTEXT('2D SPACE',''
  ) );
#12361 = ORIENTED_EDGE('',*,*,#12362,.F.);
#12362 = EDGE_CURVE('',#7134,#12335,#12363,.T.);
#12363 = SURFACE_CURVE('',#12364,(#12368,#12375),.PCURVE_S1.);
#12364 = LINE('',#12365,#12366);
#12365 = CARTESIAN_POINT('',(-9.039230484541,13.256406460551,6.));
#12366 = VECTOR('',#12367,1.);
#12367 = DIRECTION('',(0.,0.,1.));
#12368 = PCURVE('',#6916,#12369);
#12369 = DEFINITIONAL_REPRESENTATION('',(#12370),#12374);
#12370 = LINE('',#12371,#12372);
#12371 = CARTESIAN_POINT('',(52.,0.));
#12372 = VECTOR('',#12373,1.);
#12373 = DIRECTION('',(0.,-1.));
#12374 = ( GEOMETRIC_REPRESENTATION_CONTEXT(2) 
PARAMETRIC_REPRESENTATION_CONTEXT() REPRESENTATION_CONTEXT('2D SPACE',''
  ) );
#12375 = PCURVE('',#7149,#12376);
#12376 = DEFINITIONAL_REPRESENTATION('',(#12377),#12381);
#12377 = LINE('',#12378,#12379);
#12378 = CARTESIAN_POINT('',(0.,0.));
#12379 = VECTOR('',#12380,1.);
#12380 = DIRECTION('',(0.,-1.));
#12381 = ( GEOMETRIC_REPRESENTATION_CONTEXT(2) 
PARAMETRIC_REPRESENTATION_CONTEXT() REPRESENTATION_CONTEXT('2D SPACE',''
  ) );
#12382 = ORIENTED_EDGE('',*,*,#7161,.F.);
#12383 = ORIENTED_EDGE('',*,*,#12384,.F.);
#12384 = EDGE_CURVE('',#6880,#6775,#12385,.T.);
#12385 = SURFACE_CURVE('',#12386,(#12390,#12397),.PCURVE_S1.);
#12386 = LINE('',#12387,#12388);
#12387 = CARTESIAN_POINT('',(-35.03923048454,58.289727457342,6.));
#12388 = VECTOR('',#12389,1.);
#12389 = DIRECTION('',(0.5,-0.866025403784,0.));
#12390 = PCURVE('',#6916,#12391);
#12391 = DEFINITIONAL_REPRESENTATION('',(#12392),#12396);
#12392 = LINE('',#12393,#12394);
#12393 = CARTESIAN_POINT('',(0.,0.));
#12394 = VECTOR('',#12395,1.);
#12395 = DIRECTION('',(1.,0.));
#12396 = ( GEOMETRIC_REPRESENTATION_CONTEXT(2) 
PARAMETRIC_REPRESENTATION_CONTEXT() REPRESENTATION_CONTEXT('2D SPACE',''
  ) );
#12397 = PCURVE('',#9743,#12398);
#12398 = DEFINITIONAL_REPRESENTATION('',(#12399),#12403);
#12399 = LINE('',#12400,#12401);
#12400 = CARTESIAN_POINT('',(-14.03923048454,21.916660498395));
#12401 = VECTOR('',#12402,1.);
#12402 = DIRECTION('',(0.5,-0.866025403784));
#12403 = ( GEOMETRIC_REPRESENTATION_CONTEXT(2) 
PARAMETRIC_REPRESENTATION_CONTEXT() REPRESENTATION_CONTEXT('2D SPACE',''
  ) );
#12404 = ORIENTED_EDGE('',*,*,#6900,.F.);
#12405 = ADVANCED_FACE('',(#12406),#7149,.F.);
#12406 = FACE_BOUND('',#12407,.F.);
#12407 = EDGE_LOOP('',(#12408,#12409,#12432,#12453));
#12408 = ORIENTED_EDGE('',*,*,#12362,.T.);
#12409 = ORIENTED_EDGE('',*,*,#12410,.T.);
#12410 = EDGE_CURVE('',#12335,#12411,#12413,.T.);
#12411 = VERTEX_POINT('',#12412);
#12412 = CARTESIAN_POINT('',(-6.960769515459,14.456406460551,7.2));
#12413 = SURFACE_CURVE('',#12414,(#12418,#12425),.PCURVE_S1.);
#12414 = LINE('',#12415,#12416);
#12415 = CARTESIAN_POINT('',(-9.039230484541,13.256406460551,7.2));
#12416 = VECTOR('',#12417,1.);
#12417 = DIRECTION('',(0.866025403784,0.5,0.));
#12418 = PCURVE('',#7149,#12419);
#12419 = DEFINITIONAL_REPRESENTATION('',(#12420),#12424);
#12420 = LINE('',#12421,#12422);
#12421 = CARTESIAN_POINT('',(0.,-1.2));
#12422 = VECTOR('',#12423,1.);
#12423 = DIRECTION('',(1.,0.));
#12424 = ( GEOMETRIC_REPRESENTATION_CONTEXT(2) 
PARAMETRIC_REPRESENTATION_CONTEXT() REPRESENTATION_CONTEXT('2D SPACE',''
  ) );
#12425 = PCURVE('',#12350,#12426);
#12426 = DEFINITIONAL_REPRESENTATION('',(#12427),#12431);
#12427 = LINE('',#12428,#12429);
#12428 = CARTESIAN_POINT('',(11.960769515459,-23.11666049839));
#12429 = VECTOR('',#12430,1.);
#12430 = DIRECTION('',(0.866025403784,0.5));
#12431 = ( GEOMETRIC_REPRESENTATION_CONTEXT(2) 
PARAMETRIC_REPRESENTATION_CONTEXT() REPRESENTATION_CONTEXT('2D SPACE',''
  ) );
#12432 = ORIENTED_EDGE('',*,*,#12433,.F.);
#12433 = EDGE_CURVE('',#7111,#12411,#12434,.T.);
#12434 = SURFACE_CURVE('',#12435,(#12439,#12446),.PCURVE_S1.);
#12435 = LINE('',#12436,#12437);
#12436 = CARTESIAN_POINT('',(-6.960769515459,14.456406460551,6.));
#12437 = VECTOR('',#12438,1.);
#12438 = DIRECTION('',(0.,0.,1.));
#12439 = PCURVE('',#7149,#12440);
#12440 = DEFINITIONAL_REPRESENTATION('',(#12441),#12445);
#12441 = LINE('',#12442,#12443);
#12442 = CARTESIAN_POINT('',(2.4,0.));
#12443 = VECTOR('',#12444,1.);
#12444 = DIRECTION('',(0.,-1.));
#12445 = ( GEOMETRIC_REPRESENTATION_CONTEXT(2) 
PARAMETRIC_REPRESENTATION_CONTEXT() REPRESENTATION_CONTEXT('2D SPACE',''
  ) );
#12446 = PCURVE('',#6972,#12447);
#12447 = DEFINITIONAL_REPRESENTATION('',(#12448),#12452);
#12448 = LINE('',#12449,#12450);
#12449 = CARTESIAN_POINT('',(0.,0.));
#12450 = VECTOR('',#12451,1.);
#12451 = DIRECTION('',(0.,-1.));
#12452 = ( GEOMETRIC_REPRESENTATION_CONTEXT(2) 
PARAMETRIC_REPRESENTATION_CONTEXT() REPRESENTATION_CONTEXT('2D SPACE',''
  ) );
#12453 = ORIENTED_EDGE('',*,*,#7133,.F.);
#12454 = ADVANCED_FACE('',(#12455),#6972,.F.);
#12455 = FACE_BOUND('',#12456,.F.);
#12456 = EDGE_LOOP('',(#12457,#12458,#12481,#12502,#12503,#12524));
#12457 = ORIENTED_EDGE('',*,*,#12433,.T.);
#12458 = ORIENTED_EDGE('',*,*,#12459,.T.);
#12459 = EDGE_CURVE('',#12411,#12460,#12462,.T.);
#12460 = VERTEX_POINT('',#12461);
#12461 = CARTESIAN_POINT('',(-32.96076951545,59.489727457342,7.2));
#12462 = SURFACE_CURVE('',#12463,(#12467,#12474),.PCURVE_S1.);
#12463 = LINE('',#12464,#12465);
#12464 = CARTESIAN_POINT('',(-6.960769515459,14.456406460551,7.2));
#12465 = VECTOR('',#12466,1.);
#12466 = DIRECTION('',(-0.5,0.866025403784,0.));
#12467 = PCURVE('',#6972,#12468);
#12468 = DEFINITIONAL_REPRESENTATION('',(#12469),#12473);
#12469 = LINE('',#12470,#12471);
#12470 = CARTESIAN_POINT('',(0.,-1.2));
#12471 = VECTOR('',#12472,1.);
#12472 = DIRECTION('',(1.,0.));
#12473 = ( GEOMETRIC_REPRESENTATION_CONTEXT(2) 
PARAMETRIC_REPRESENTATION_CONTEXT() REPRESENTATION_CONTEXT('2D SPACE',''
  ) );
#12474 = PCURVE('',#12350,#12475);
#12475 = DEFINITIONAL_REPRESENTATION('',(#12476),#12480);
#12476 = LINE('',#12477,#12478);
#12477 = CARTESIAN_POINT('',(14.039230484541,-21.91666049839));
#12478 = VECTOR('',#12479,1.);
#12479 = DIRECTION('',(-0.5,0.866025403784));
#12480 = ( GEOMETRIC_REPRESENTATION_CONTEXT(2) 
PARAMETRIC_REPRESENTATION_CONTEXT() REPRESENTATION_CONTEXT('2D SPACE',''
  ) );
#12481 = ORIENTED_EDGE('',*,*,#12482,.F.);
#12482 = EDGE_CURVE('',#6929,#12460,#12483,.T.);
#12483 = SURFACE_CURVE('',#12484,(#12488,#12495),.PCURVE_S1.);
#12484 = LINE('',#12485,#12486);
#12485 = CARTESIAN_POINT('',(-32.96076951545,59.489727457342,6.));
#12486 = VECTOR('',#12487,1.);
#12487 = DIRECTION('',(0.,0.,1.));
#12488 = PCURVE('',#6972,#12489);
#12489 = DEFINITIONAL_REPRESENTATION('',(#12490),#12494);
#12490 = LINE('',#12491,#12492);
#12491 = CARTESIAN_POINT('',(52.,0.));
#12492 = VECTOR('',#12493,1.);
#12493 = DIRECTION('',(0.,-1.));
#12494 = ( GEOMETRIC_REPRESENTATION_CONTEXT(2) 
PARAMETRIC_REPRESENTATION_CONTEXT() REPRESENTATION_CONTEXT('2D SPACE',''
  ) );
#12495 = PCURVE('',#6944,#12496);
#12496 = DEFINITIONAL_REPRESENTATION('',(#12497),#12501);
#12497 = LINE('',#12498,#12499);
#12498 = CARTESIAN_POINT('',(0.,0.));
#12499 = VECTOR('',#12500,1.);
#12500 = DIRECTION('',(0.,-1.));
#12501 = ( GEOMETRIC_REPRESENTATION_CONTEXT(2) 
PARAMETRIC_REPRESENTATION_CONTEXT() REPRESENTATION_CONTEXT('2D SPACE',''
  ) );
#12502 = ORIENTED_EDGE('',*,*,#6956,.F.);
#12503 = ORIENTED_EDGE('',*,*,#12504,.F.);
#12504 = EDGE_CURVE('',#7090,#6957,#12505,.T.);
#12505 = SURFACE_CURVE('',#12506,(#12510,#12517),.PCURVE_S1.);
#12506 = LINE('',#12507,#12508);
#12507 = CARTESIAN_POINT('',(-6.960769515459,14.456406460551,6.));
#12508 = VECTOR('',#12509,1.);
#12509 = DIRECTION('',(-0.5,0.866025403784,0.));
#12510 = PCURVE('',#6972,#12511);
#12511 = DEFINITIONAL_REPRESENTATION('',(#12512),#12516);
#12512 = LINE('',#12513,#12514);
#12513 = CARTESIAN_POINT('',(0.,0.));
#12514 = VECTOR('',#12515,1.);
#12515 = DIRECTION('',(1.,0.));
#12516 = ( GEOMETRIC_REPRESENTATION_CONTEXT(2) 
PARAMETRIC_REPRESENTATION_CONTEXT() REPRESENTATION_CONTEXT('2D SPACE',''
  ) );
#12517 = PCURVE('',#9743,#12518);
#12518 = DEFINITIONAL_REPRESENTATION('',(#12519),#12523);
#12519 = LINE('',#12520,#12521);
#12520 = CARTESIAN_POINT('',(14.039230484541,-21.91666049839));
#12521 = VECTOR('',#12522,1.);
#12522 = DIRECTION('',(-0.5,0.866025403784));
#12523 = ( GEOMETRIC_REPRESENTATION_CONTEXT(2) 
PARAMETRIC_REPRESENTATION_CONTEXT() REPRESENTATION_CONTEXT('2D SPACE',''
  ) );
#12524 = ORIENTED_EDGE('',*,*,#7110,.F.);
#12525 = ADVANCED_FACE('',(#12526),#6944,.F.);
#12526 = FACE_BOUND('',#12527,.F.);
#12527 = EDGE_LOOP('',(#12528,#12529,#12550,#12551));
#12528 = ORIENTED_EDGE('',*,*,#12482,.T.);
#12529 = ORIENTED_EDGE('',*,*,#12530,.T.);
#12530 = EDGE_CURVE('',#12460,#12312,#12531,.T.);
#12531 = SURFACE_CURVE('',#12532,(#12536,#12543),.PCURVE_S1.);
#12532 = LINE('',#12533,#12534);
#12533 = CARTESIAN_POINT('',(-32.96076951545,59.489727457342,7.2));
#12534 = VECTOR('',#12535,1.);
#12535 = DIRECTION('',(-0.866025403784,-0.5,0.));
#12536 = PCURVE('',#6944,#12537);
#12537 = DEFINITIONAL_REPRESENTATION('',(#12538),#12542);
#12538 = LINE('',#12539,#12540);
#12539 = CARTESIAN_POINT('',(0.,-1.2));
#12540 = VECTOR('',#12541,1.);
#12541 = DIRECTION('',(1.,0.));
#12542 = ( GEOMETRIC_REPRESENTATION_CONTEXT(2) 
PARAMETRIC_REPRESENTATION_CONTEXT() REPRESENTATION_CONTEXT('2D SPACE',''
  ) );
#12543 = PCURVE('',#12350,#12544);
#12544 = DEFINITIONAL_REPRESENTATION('',(#12545),#12549);
#12545 = LINE('',#12546,#12547);
#12546 = CARTESIAN_POINT('',(-11.96076951545,23.116660498395));
#12547 = VECTOR('',#12548,1.);
#12548 = DIRECTION('',(-0.866025403784,-0.5));
#12549 = ( GEOMETRIC_REPRESENTATION_CONTEXT(2) 
PARAMETRIC_REPRESENTATION_CONTEXT() REPRESENTATION_CONTEXT('2D SPACE',''
  ) );
#12550 = ORIENTED_EDGE('',*,*,#12311,.F.);
#12551 = ORIENTED_EDGE('',*,*,#6928,.F.);
#12552 = ADVANCED_FACE('',(#12553),#7570,.F.);
#12553 = FACE_BOUND('',#12554,.F.);
#12554 = EDGE_LOOP('',(#12555,#12578,#12606,#12627,#12628,#12649));
#12555 = ORIENTED_EDGE('',*,*,#12556,.T.);
#12556 = EDGE_CURVE('',#7555,#12557,#12559,.T.);
#12557 = VERTEX_POINT('',#12558);
#12558 = CARTESIAN_POINT('',(32.960769515459,59.489727457342,7.2));
#12559 = SURFACE_CURVE('',#12560,(#12564,#12571),.PCURVE_S1.);
#12560 = LINE('',#12561,#12562);
#12561 = CARTESIAN_POINT('',(32.960769515459,59.489727457342,6.));
#12562 = VECTOR('',#12563,1.);
#12563 = DIRECTION('',(0.,0.,1.));
#12564 = PCURVE('',#7570,#12565);
#12565 = DEFINITIONAL_REPRESENTATION('',(#12566),#12570);
#12566 = LINE('',#12567,#12568);
#12567 = CARTESIAN_POINT('',(0.,0.));
#12568 = VECTOR('',#12569,1.);
#12569 = DIRECTION('',(0.,-1.));
#12570 = ( GEOMETRIC_REPRESENTATION_CONTEXT(2) 
PARAMETRIC_REPRESENTATION_CONTEXT() REPRESENTATION_CONTEXT('2D SPACE',''
  ) );
#12571 = PCURVE('',#7598,#12572);
#12572 = DEFINITIONAL_REPRESENTATION('',(#12573),#12577);
#12573 = LINE('',#12574,#12575);
#12574 = CARTESIAN_POINT('',(2.4,0.));
#12575 = VECTOR('',#12576,1.);
#12576 = DIRECTION('',(0.,-1.));
#12577 = ( GEOMETRIC_REPRESENTATION_CONTEXT(2) 
PARAMETRIC_REPRESENTATION_CONTEXT() REPRESENTATION_CONTEXT('2D SPACE',''
  ) );
#12578 = ORIENTED_EDGE('',*,*,#12579,.T.);
#12579 = EDGE_CURVE('',#12557,#12580,#12582,.T.);
#12580 = VERTEX_POINT('',#12581);
#12581 = CARTESIAN_POINT('',(6.960769515459,14.456406460551,7.2));
#12582 = SURFACE_CURVE('',#12583,(#12587,#12594),.PCURVE_S1.);
#12583 = LINE('',#12584,#12585);
#12584 = CARTESIAN_POINT('',(32.960769515459,59.489727457342,7.2));
#12585 = VECTOR('',#12586,1.);
#12586 = DIRECTION('',(-0.5,-0.866025403784,0.));
#12587 = PCURVE('',#7570,#12588);
#12588 = DEFINITIONAL_REPRESENTATION('',(#12589),#12593);
#12589 = LINE('',#12590,#12591);
#12590 = CARTESIAN_POINT('',(0.,-1.2));
#12591 = VECTOR('',#12592,1.);
#12592 = DIRECTION('',(1.,0.));
#12593 = ( GEOMETRIC_REPRESENTATION_CONTEXT(2) 
PARAMETRIC_REPRESENTATION_CONTEXT() REPRESENTATION_CONTEXT('2D SPACE',''
  ) );
#12594 = PCURVE('',#12595,#12600);
#12595 = PLANE('',#12596);
#12596 = AXIS2_PLACEMENT_3D('',#12597,#12598,#12599);
#12597 = CARTESIAN_POINT('',(21.,36.373066958946,7.2));
#12598 = DIRECTION('',(0.,0.,1.));
#12599 = DIRECTION('',(1.,0.,-0.));
#12600 = DEFINITIONAL_REPRESENTATION('',(#12601),#12605);
#12601 = LINE('',#12602,#12603);
#12602 = CARTESIAN_POINT('',(11.960769515459,23.116660498395));
#12603 = VECTOR('',#12604,1.);
#12604 = DIRECTION('',(-0.5,-0.866025403784));
#12605 = ( GEOMETRIC_REPRESENTATION_CONTEXT(2) 
PARAMETRIC_REPRESENTATION_CONTEXT() REPRESENTATION_CONTEXT('2D SPACE',''
  ) );
#12606 = ORIENTED_EDGE('',*,*,#12607,.F.);
#12607 = EDGE_CURVE('',#7788,#12580,#12608,.T.);
#12608 = SURFACE_CURVE('',#12609,(#12613,#12620),.PCURVE_S1.);
#12609 = LINE('',#12610,#12611);
#12610 = CARTESIAN_POINT('',(6.960769515459,14.456406460551,6.));
#12611 = VECTOR('',#12612,1.);
#12612 = DIRECTION('',(0.,0.,1.));
#12613 = PCURVE('',#7570,#12614);
#12614 = DEFINITIONAL_REPRESENTATION('',(#12615),#12619);
#12615 = LINE('',#12616,#12617);
#12616 = CARTESIAN_POINT('',(52.,0.));
#12617 = VECTOR('',#12618,1.);
#12618 = DIRECTION('',(0.,-1.));
#12619 = ( GEOMETRIC_REPRESENTATION_CONTEXT(2) 
PARAMETRIC_REPRESENTATION_CONTEXT() REPRESENTATION_CONTEXT('2D SPACE',''
  ) );
#12620 = PCURVE('',#7803,#12621);
#12621 = DEFINITIONAL_REPRESENTATION('',(#12622),#12626);
#12622 = LINE('',#12623,#12624);
#12623 = CARTESIAN_POINT('',(0.,0.));
#12624 = VECTOR('',#12625,1.);
#12625 = DIRECTION('',(0.,-1.));
#12626 = ( GEOMETRIC_REPRESENTATION_CONTEXT(2) 
PARAMETRIC_REPRESENTATION_CONTEXT() REPRESENTATION_CONTEXT('2D SPACE',''
  ) );
#12627 = ORIENTED_EDGE('',*,*,#7815,.F.);
#12628 = ORIENTED_EDGE('',*,*,#12629,.F.);
#12629 = EDGE_CURVE('',#7534,#7429,#12630,.T.);
#12630 = SURFACE_CURVE('',#12631,(#12635,#12642),.PCURVE_S1.);
#12631 = LINE('',#12632,#12633);
#12632 = CARTESIAN_POINT('',(32.960769515459,59.489727457342,6.));
#12633 = VECTOR('',#12634,1.);
#12634 = DIRECTION('',(-0.5,-0.866025403784,0.));
#12635 = PCURVE('',#7570,#12636);
#12636 = DEFINITIONAL_REPRESENTATION('',(#12637),#12641);
#12637 = LINE('',#12638,#12639);
#12638 = CARTESIAN_POINT('',(0.,0.));
#12639 = VECTOR('',#12640,1.);
#12640 = DIRECTION('',(1.,0.));
#12641 = ( GEOMETRIC_REPRESENTATION_CONTEXT(2) 
PARAMETRIC_REPRESENTATION_CONTEXT() REPRESENTATION_CONTEXT('2D SPACE',''
  ) );
#12642 = PCURVE('',#11112,#12643);
#12643 = DEFINITIONAL_REPRESENTATION('',(#12644),#12648);
#12644 = LINE('',#12645,#12646);
#12645 = CARTESIAN_POINT('',(11.960769515459,23.116660498395));
#12646 = VECTOR('',#12647,1.);
#12647 = DIRECTION('',(-0.5,-0.866025403784));
#12648 = ( GEOMETRIC_REPRESENTATION_CONTEXT(2) 
PARAMETRIC_REPRESENTATION_CONTEXT() REPRESENTATION_CONTEXT('2D SPACE',''
  ) );
#12649 = ORIENTED_EDGE('',*,*,#7554,.F.);
#12650 = ADVANCED_FACE('',(#12651),#7803,.F.);
#12651 = FACE_BOUND('',#12652,.F.);
#12652 = EDGE_LOOP('',(#12653,#12654,#12677,#12698));
#12653 = ORIENTED_EDGE('',*,*,#12607,.T.);
#12654 = ORIENTED_EDGE('',*,*,#12655,.T.);
#12655 = EDGE_CURVE('',#12580,#12656,#12658,.T.);
#12656 = VERTEX_POINT('',#12657);
#12657 = CARTESIAN_POINT('',(9.039230484541,13.256406460551,7.2));
#12658 = SURFACE_CURVE('',#12659,(#12663,#12670),.PCURVE_S1.);
#12659 = LINE('',#12660,#12661);
#12660 = CARTESIAN_POINT('',(6.960769515459,14.456406460551,7.2));
#12661 = VECTOR('',#12662,1.);
#12662 = DIRECTION('',(0.866025403784,-0.5,0.));
#12663 = PCURVE('',#7803,#12664);
#12664 = DEFINITIONAL_REPRESENTATION('',(#12665),#12669);
#12665 = LINE('',#12666,#12667);
#12666 = CARTESIAN_POINT('',(0.,-1.2));
#12667 = VECTOR('',#12668,1.);
#12668 = DIRECTION('',(1.,0.));
#12669 = ( GEOMETRIC_REPRESENTATION_CONTEXT(2) 
PARAMETRIC_REPRESENTATION_CONTEXT() REPRESENTATION_CONTEXT('2D SPACE',''
  ) );
#12670 = PCURVE('',#12595,#12671);
#12671 = DEFINITIONAL_REPRESENTATION('',(#12672),#12676);
#12672 = LINE('',#12673,#12674);
#12673 = CARTESIAN_POINT('',(-14.03923048454,-21.91666049839));
#12674 = VECTOR('',#12675,1.);
#12675 = DIRECTION('',(0.866025403784,-0.5));
#12676 = ( GEOMETRIC_REPRESENTATION_CONTEXT(2) 
PARAMETRIC_REPRESENTATION_CONTEXT() REPRESENTATION_CONTEXT('2D SPACE',''
  ) );
#12677 = ORIENTED_EDGE('',*,*,#12678,.F.);
#12678 = EDGE_CURVE('',#7765,#12656,#12679,.T.);
#12679 = SURFACE_CURVE('',#12680,(#12684,#12691),.PCURVE_S1.);
#12680 = LINE('',#12681,#12682);
#12681 = CARTESIAN_POINT('',(9.039230484541,13.256406460551,6.));
#12682 = VECTOR('',#12683,1.);
#12683 = DIRECTION('',(0.,0.,1.));
#12684 = PCURVE('',#7803,#12685);
#12685 = DEFINITIONAL_REPRESENTATION('',(#12686),#12690);
#12686 = LINE('',#12687,#12688);
#12687 = CARTESIAN_POINT('',(2.4,0.));
#12688 = VECTOR('',#12689,1.);
#12689 = DIRECTION('',(0.,-1.));
#12690 = ( GEOMETRIC_REPRESENTATION_CONTEXT(2) 
PARAMETRIC_REPRESENTATION_CONTEXT() REPRESENTATION_CONTEXT('2D SPACE',''
  ) );
#12691 = PCURVE('',#7626,#12692);
#12692 = DEFINITIONAL_REPRESENTATION('',(#12693),#12697);
#12693 = LINE('',#12694,#12695);
#12694 = CARTESIAN_POINT('',(0.,0.));
#12695 = VECTOR('',#12696,1.);
#12696 = DIRECTION('',(0.,-1.));
#12697 = ( GEOMETRIC_REPRESENTATION_CONTEXT(2) 
PARAMETRIC_REPRESENTATION_CONTEXT() REPRESENTATION_CONTEXT('2D SPACE',''
  ) );
#12698 = ORIENTED_EDGE('',*,*,#7787,.F.);
#12699 = ADVANCED_FACE('',(#12700),#7626,.F.);
#12700 = FACE_BOUND('',#12701,.F.);
#12701 = EDGE_LOOP('',(#12702,#12703,#12726,#12747,#12748,#12769));
#12702 = ORIENTED_EDGE('',*,*,#12678,.T.);
#12703 = ORIENTED_EDGE('',*,*,#12704,.T.);
#12704 = EDGE_CURVE('',#12656,#12705,#12707,.T.);
#12705 = VERTEX_POINT('',#12706);
#12706 = CARTESIAN_POINT('',(35.039230484541,58.289727457342,7.2));
#12707 = SURFACE_CURVE('',#12708,(#12712,#12719),.PCURVE_S1.);
#12708 = LINE('',#12709,#12710);
#12709 = CARTESIAN_POINT('',(9.039230484541,13.256406460551,7.2));
#12710 = VECTOR('',#12711,1.);
#12711 = DIRECTION('',(0.5,0.866025403784,0.));
#12712 = PCURVE('',#7626,#12713);
#12713 = DEFINITIONAL_REPRESENTATION('',(#12714),#12718);
#12714 = LINE('',#12715,#12716);
#12715 = CARTESIAN_POINT('',(0.,-1.2));
#12716 = VECTOR('',#12717,1.);
#12717 = DIRECTION('',(1.,0.));
#12718 = ( GEOMETRIC_REPRESENTATION_CONTEXT(2) 
PARAMETRIC_REPRESENTATION_CONTEXT() REPRESENTATION_CONTEXT('2D SPACE',''
  ) );
#12719 = PCURVE('',#12595,#12720);
#12720 = DEFINITIONAL_REPRESENTATION('',(#12721),#12725);
#12721 = LINE('',#12722,#12723);
#12722 = CARTESIAN_POINT('',(-11.96076951545,-23.11666049839));
#12723 = VECTOR('',#12724,1.);
#12724 = DIRECTION('',(0.5,0.866025403784));
#12725 = ( GEOMETRIC_REPRESENTATION_CONTEXT(2) 
PARAMETRIC_REPRESENTATION_CONTEXT() REPRESENTATION_CONTEXT('2D SPACE',''
  ) );
#12726 = ORIENTED_EDGE('',*,*,#12727,.F.);
#12727 = EDGE_CURVE('',#7583,#12705,#12728,.T.);
#12728 = SURFACE_CURVE('',#12729,(#12733,#12740),.PCURVE_S1.);
#12729 = LINE('',#12730,#12731);
#12730 = CARTESIAN_POINT('',(35.039230484541,58.289727457342,6.));
#12731 = VECTOR('',#12732,1.);
#12732 = DIRECTION('',(0.,0.,1.));
#12733 = PCURVE('',#7626,#12734);
#12734 = DEFINITIONAL_REPRESENTATION('',(#12735),#12739);
#12735 = LINE('',#12736,#12737);
#12736 = CARTESIAN_POINT('',(52.,0.));
#12737 = VECTOR('',#12738,1.);
#12738 = DIRECTION('',(0.,-1.));
#12739 = ( GEOMETRIC_REPRESENTATION_CONTEXT(2) 
PARAMETRIC_REPRESENTATION_CONTEXT() REPRESENTATION_CONTEXT('2D SPACE',''
  ) );
#12740 = PCURVE('',#7598,#12741);
#12741 = DEFINITIONAL_REPRESENTATION('',(#12742),#12746);
#12742 = LINE('',#12743,#12744);
#12743 = CARTESIAN_POINT('',(0.,0.));
#12744 = VECTOR('',#12745,1.);
#12745 = DIRECTION('',(0.,-1.));
#12746 = ( GEOMETRIC_REPRESENTATION_CONTEXT(2) 
PARAMETRIC_REPRESENTATION_CONTEXT() REPRESENTATION_CONTEXT('2D SPACE',''
  ) );
#12747 = ORIENTED_EDGE('',*,*,#7610,.F.);
#12748 = ORIENTED_EDGE('',*,*,#12749,.F.);
#12749 = EDGE_CURVE('',#7744,#7611,#12750,.T.);
#12750 = SURFACE_CURVE('',#12751,(#12755,#12762),.PCURVE_S1.);
#12751 = LINE('',#12752,#12753);
#12752 = CARTESIAN_POINT('',(9.039230484541,13.256406460551,6.));
#12753 = VECTOR('',#12754,1.);
#12754 = DIRECTION('',(0.5,0.866025403784,0.));
#12755 = PCURVE('',#7626,#12756);
#12756 = DEFINITIONAL_REPRESENTATION('',(#12757),#12761);
#12757 = LINE('',#12758,#12759);
#12758 = CARTESIAN_POINT('',(0.,0.));
#12759 = VECTOR('',#12760,1.);
#12760 = DIRECTION('',(1.,0.));
#12761 = ( GEOMETRIC_REPRESENTATION_CONTEXT(2) 
PARAMETRIC_REPRESENTATION_CONTEXT() REPRESENTATION_CONTEXT('2D SPACE',''
  ) );
#12762 = PCURVE('',#11112,#12763);
#12763 = DEFINITIONAL_REPRESENTATION('',(#12764),#12768);
#12764 = LINE('',#12765,#12766);
#12765 = CARTESIAN_POINT('',(-11.96076951545,-23.11666049839));
#12766 = VECTOR('',#12767,1.);
#12767 = DIRECTION('',(0.5,0.866025403784));
#12768 = ( GEOMETRIC_REPRESENTATION_CONTEXT(2) 
PARAMETRIC_REPRESENTATION_CONTEXT() REPRESENTATION_CONTEXT('2D SPACE',''
  ) );
#12769 = ORIENTED_EDGE('',*,*,#7764,.F.);
#12770 = ADVANCED_FACE('',(#12771),#7598,.F.);
#12771 = FACE_BOUND('',#12772,.F.);
#12772 = EDGE_LOOP('',(#12773,#12774,#12795,#12796));
#12773 = ORIENTED_EDGE('',*,*,#12727,.T.);
#12774 = ORIENTED_EDGE('',*,*,#12775,.T.);
#12775 = EDGE_CURVE('',#12705,#12557,#12776,.T.);
#12776 = SURFACE_CURVE('',#12777,(#12781,#12788),.PCURVE_S1.);
#12777 = LINE('',#12778,#12779);
#12778 = CARTESIAN_POINT('',(35.039230484541,58.289727457342,7.2));
#12779 = VECTOR('',#12780,1.);
#12780 = DIRECTION('',(-0.866025403784,0.5,0.));
#12781 = PCURVE('',#7598,#12782);
#12782 = DEFINITIONAL_REPRESENTATION('',(#12783),#12787);
#12783 = LINE('',#12784,#12785);
#12784 = CARTESIAN_POINT('',(0.,-1.2));
#12785 = VECTOR('',#12786,1.);
#12786 = DIRECTION('',(1.,0.));
#12787 = ( GEOMETRIC_REPRESENTATION_CONTEXT(2) 
PARAMETRIC_REPRESENTATION_CONTEXT() REPRESENTATION_CONTEXT('2D SPACE',''
  ) );
#12788 = PCURVE('',#12595,#12789);
#12789 = DEFINITIONAL_REPRESENTATION('',(#12790),#12794);
#12790 = LINE('',#12791,#12792);
#12791 = CARTESIAN_POINT('',(14.039230484541,21.916660498395));
#12792 = VECTOR('',#12793,1.);
#12793 = DIRECTION('',(-0.866025403784,0.5));
#12794 = ( GEOMETRIC_REPRESENTATION_CONTEXT(2) 
PARAMETRIC_REPRESENTATION_CONTEXT() REPRESENTATION_CONTEXT('2D SPACE',''
  ) );
#12795 = ORIENTED_EDGE('',*,*,#12556,.F.);
#12796 = ORIENTED_EDGE('',*,*,#7582,.F.);
#12797 = ADVANCED_FACE('',(#12798),#8119,.F.);
#12798 = FACE_BOUND('',#12799,.F.);
#12799 = EDGE_LOOP('',(#12800,#12801,#12802,#12803));
#12800 = ORIENTED_EDGE('',*,*,#8106,.T.);
#12801 = ORIENTED_EDGE('',*,*,#11524,.T.);
#12802 = ORIENTED_EDGE('',*,*,#8313,.T.);
#12803 = ORIENTED_EDGE('',*,*,#11404,.T.);
#12804 = ADVANCED_FACE('',(#12805),#8790,.F.);
#12805 = FACE_BOUND('',#12806,.F.);
#12806 = EDGE_LOOP('',(#12807,#12808,#12809,#12810));
#12807 = ORIENTED_EDGE('',*,*,#8777,.T.);
#12808 = ORIENTED_EDGE('',*,*,#12014,.T.);
#12809 = ORIENTED_EDGE('',*,*,#8984,.T.);
#12810 = ORIENTED_EDGE('',*,*,#11894,.T.);
#12811 = ADVANCED_FACE('',(#12812),#9253,.F.);
#12812 = FACE_BOUND('',#12813,.F.);
#12813 = EDGE_LOOP('',(#12814,#12815,#12816,#12817));
#12814 = ORIENTED_EDGE('',*,*,#9240,.T.);
#12815 = ORIENTED_EDGE('',*,*,#11769,.T.);
#12816 = ORIENTED_EDGE('',*,*,#9447,.T.);
#12817 = ORIENTED_EDGE('',*,*,#11649,.T.);
#12818 = ADVANCED_FACE('',(#12819),#9743,.F.);
#12819 = FACE_BOUND('',#12820,.F.);
#12820 = EDGE_LOOP('',(#12821,#12822,#12823,#12824));
#12821 = ORIENTED_EDGE('',*,*,#9730,.T.);
#12822 = ORIENTED_EDGE('',*,*,#12504,.T.);
#12823 = ORIENTED_EDGE('',*,*,#9937,.T.);
#12824 = ORIENTED_EDGE('',*,*,#12384,.T.);
#12825 = ADVANCED_FACE('',(#12826),#10441,.F.);
#12826 = FACE_BOUND('',#12827,.F.);
#12827 = EDGE_LOOP('',(#12828,#12829,#12830,#12831));
#12828 = ORIENTED_EDGE('',*,*,#10428,.T.);
#12829 = ORIENTED_EDGE('',*,*,#12259,.T.);
#12830 = ORIENTED_EDGE('',*,*,#10635,.T.);
#12831 = ORIENTED_EDGE('',*,*,#12139,.T.);
#12832 = ADVANCED_FACE('',(#12833),#11112,.F.);
#12833 = FACE_BOUND('',#12834,.F.);
#12834 = EDGE_LOOP('',(#12835,#12836,#12837,#12838));
#12835 = ORIENTED_EDGE('',*,*,#11099,.T.);
#12836 = ORIENTED_EDGE('',*,*,#12749,.T.);
#12837 = ORIENTED_EDGE('',*,*,#11306,.T.);
#12838 = ORIENTED_EDGE('',*,*,#12629,.T.);
#12839 = ADVANCED_FACE('',(#12840),#11370,.T.);
#12840 = FACE_BOUND('',#12841,.T.);
#12841 = EDGE_LOOP('',(#12842,#12843,#12844,#12845));
#12842 = ORIENTED_EDGE('',*,*,#11479,.T.);
#12843 = ORIENTED_EDGE('',*,*,#11550,.T.);
#12844 = ORIENTED_EDGE('',*,*,#11354,.T.);
#12845 = ORIENTED_EDGE('',*,*,#11430,.T.);
#12846 = ADVANCED_FACE('',(#12847),#11615,.T.);
#12847 = FACE_BOUND('',#12848,.T.);
#12848 = EDGE_LOOP('',(#12849,#12850,#12851,#12852));
#12849 = ORIENTED_EDGE('',*,*,#11724,.T.);
#12850 = ORIENTED_EDGE('',*,*,#11795,.T.);
#12851 = ORIENTED_EDGE('',*,*,#11599,.T.);
#12852 = ORIENTED_EDGE('',*,*,#11675,.T.);
#12853 = ADVANCED_FACE('',(#12854),#11860,.T.);
#12854 = FACE_BOUND('',#12855,.T.);
#12855 = EDGE_LOOP('',(#12856,#12857,#12858,#12859));
#12856 = ORIENTED_EDGE('',*,*,#11969,.T.);
#12857 = ORIENTED_EDGE('',*,*,#12040,.T.);
#12858 = ORIENTED_EDGE('',*,*,#11844,.T.);
#12859 = ORIENTED_EDGE('',*,*,#11920,.T.);
#12860 = ADVANCED_FACE('',(#12861),#12105,.T.);
#12861 = FACE_BOUND('',#12862,.T.);
#12862 = EDGE_LOOP('',(#12863,#12864,#12865,#12866));
#12863 = ORIENTED_EDGE('',*,*,#12214,.T.);
#12864 = ORIENTED_EDGE('',*,*,#12285,.T.);
#12865 = ORIENTED_EDGE('',*,*,#12089,.T.);
#12866 = ORIENTED_EDGE('',*,*,#12165,.T.);
#12867 = ADVANCED_FACE('',(#12868),#12350,.T.);
#12868 = FACE_BOUND('',#12869,.T.);
#12869 = EDGE_LOOP('',(#12870,#12871,#12872,#12873));
#12870 = ORIENTED_EDGE('',*,*,#12459,.T.);
#12871 = ORIENTED_EDGE('',*,*,#12530,.T.);
#12872 = ORIENTED_EDGE('',*,*,#12334,.T.);
#12873 = ORIENTED_EDGE('',*,*,#12410,.T.);
#12874 = ADVANCED_FACE('',(#12875),#12595,.T.);
#12875 = FACE_BOUND('',#12876,.T.);
#12876 = EDGE_LOOP('',(#12877,#12878,#12879,#12880));
#12877 = ORIENTED_EDGE('',*,*,#12704,.T.);
#12878 = ORIENTED_EDGE('',*,*,#12775,.T.);
#12879 = ORIENTED_EDGE('',*,*,#12579,.T.);
#12880 = ORIENTED_EDGE('',*,*,#12655,.T.);
#12881 = ( GEOMETRIC_REPRESENTATION_CONTEXT(3) 
GLOBAL_UNCERTAINTY_ASSIGNED_CONTEXT((#12885)) 
GLOBAL_UNIT_ASSIGNED_CONTEXT((#12882,#12883,#12884)) 
REPRESENTATION_CONTEXT('Context #1',
  '3D Context with UNIT and UNCERTAINTY') );
#12882 = ( LENGTH_UNIT() NAMED_UNIT(*) SI_UNIT(.MILLI.,.METRE.) );
#12883 = ( NAMED_UNIT(*) PLANE_ANGLE_UNIT() SI_UNIT($,.RADIAN.) );
#12884 = ( NAMED_UNIT(*) SI_UNIT($,.STERADIAN.) SOLID_ANGLE_UNIT() );
#12885 = UNCERTAINTY_MEASURE_WITH_UNIT(LENGTH_MEASURE(1.E-07),#12882,
  'distance_accuracy_value','confusion accuracy');
#12886 = PRODUCT_RELATED_PRODUCT_CATEGORY('part',$,(#7));
ENDSEC;
END-ISO-10303-21;
