ISO-10303-21;
HEADER;
FILE_DESCRIPTION(('Open CASCADE Model'),'2;1');
FILE_NAME('Open CASCADE Shape Model','2026-07-29T01:41:39',('Author'),(
    'Open CASCADE'),'Open CASCADE STEP processor 7.9','Open CASCADE 7.9'
  ,'Unknown');
FILE_SCHEMA(('AUTOMOTIVE_DESIGN { 1 0 10303 214 1 1 1 1 }'));
ENDSEC;
DATA;
#1 = APPLICATION_PROTOCOL_DEFINITION('international standard',
  'automotive_design',2000,#2);
#2 = APPLICATION_CONTEXT(
  'core data for automotive mechanical design processes');
#3 = SHAPE_DEFINITION_REPRESENTATION(#4,#10);
#4 = PRODUCT_DEFINITION_SHAPE('','',#5);
#5 = PRODUCT_DEFINITION('design','',#6,#9);
#6 = PRODUCT_DEFINITION_FORMATION('','',#7);
#7 = PRODUCT('Open CASCADE STEP translator 7.9 5',
  'Open CASCADE STEP translator 7.9 5','',(#8));
#8 = PRODUCT_CONTEXT('',#2,'mechanical');
#9 = PRODUCT_DEFINITION_CONTEXT('part definition',#2,'design');
#10 = ADVANCED_BREP_SHAPE_REPRESENTATION('',(#11,#15),#1791);
#11 = AXIS2_PLACEMENT_3D('',#12,#13,#14);
#12 = CARTESIAN_POINT('',(0.,0.,0.));
#13 = DIRECTION('',(0.,0.,1.));
#14 = DIRECTION('',(1.,0.,-0.));
#15 = MANIFOLD_SOLID_BREP('',#16);
#16 = CLOSED_SHELL('',(#17,#397,#572,#747,#922,#1097,#1272,#1447,#1622,
    #1722,#1765,#1778));
#17 = ADVANCED_FACE('',(#18),#63,.T.);
#18 = FACE_BOUND('',#19,.T.);
#19 = EDGE_LOOP('',(#20,#219,#245,#373));
#20 = ORIENTED_EDGE('',*,*,#21,.F.);
#21 = EDGE_CURVE('',#22,#24,#26,.T.);
#22 = VERTEX_POINT('',#23);
#23 = CARTESIAN_POINT('',(55.2,7.105427357601E-15,4.));
#24 = VERTEX_POINT('',#25);
#25 = CARTESIAN_POINT('',(-55.2,-1.294049027933E-07,67.999998024481));
#26 = SURFACE_CURVE('',#27,(#62,#138),.PCURVE_S1.);
#27 = B_SPLINE_CURVE_WITH_KNOTS('',9,(#28,#29,#30,#31,#32,#33,#34,#35,
    #36,#37,#38,#39,#40,#41,#42,#43,#44,#45,#46,#47,#48,#49,#50,#51,#52,
    #53,#54,#55,#56,#57,#58,#59,#60,#61),.UNSPECIFIED.,.F.,.F.,(10,8,8,8
    ,10),(0.,16.474867431233,32.949734862466,49.424602293699,
    65.899469724932),.UNSPECIFIED.);
#28 = CARTESIAN_POINT('',(55.2,-1.42108547152E-14,4.));
#29 = CARTESIAN_POINT('',(55.199999994274,24.08554626582,5.777768496127)
  );
#30 = CARTESIAN_POINT('',(43.376564634846,48.172821713417,7.555584325418
    ));
#31 = CARTESIAN_POINT('',(19.73330664719,65.614201315754,9.333268049773)
  );
#32 = CARTESIAN_POINT('',(-11.40107382223,69.84076831004,11.111202677256
    ));
#33 = CARTESIAN_POINT('',(-41.32310452021,57.44665762385,12.888796093937
    ));
#34 = CARTESIAN_POINT('',(-60.34980157048,32.442691418255,
    14.666728100672));
#35 = CARTESIAN_POINT('',(-64.73519203883,3.391465883534,16.444415870523
    ));
#36 = CARTESIAN_POINT('',(-56.06334726575,-22.00124143388,
    18.222227798199));
#37 = CARTESIAN_POINT('',(-22.00124129731,-56.06334731441,
    21.777770265076));
#38 = CARTESIAN_POINT('',(3.391466008639,-64.73519203742,23.555581803692
    ));
#39 = CARTESIAN_POINT('',(32.442691628834,-60.34980148224,25.33327091444
    ));
#40 = CARTESIAN_POINT('',(57.446657595256,-41.32310440432,
    27.111200073586));
#41 = CARTESIAN_POINT('',(69.840768511031,-11.40107363468,
    28.888797965276));
#42 = CARTESIAN_POINT('',(65.614201077928,19.733306776165,
    30.666727073944));
#43 = CARTESIAN_POINT('',(48.172821780285,43.37656476897,32.444416262609
    ));
#44 = CARTESIAN_POINT('',(24.085546018204,55.200000036141,
    34.222227726082));
#45 = CARTESIAN_POINT('',(-24.0855461476,55.199999979682,37.777770298393
    ));
#46 = CARTESIAN_POINT('',(-48.17282188198,43.376564656026,
    39.555581761896));
#47 = CARTESIAN_POINT('',(-65.61420112416,19.733306622368,
    41.333270950481));
#48 = CARTESIAN_POINT('',(-69.84076848433,-11.40107379843,
    43.111200059276));
#49 = CARTESIAN_POINT('',(-57.44665749835,-41.32310453898,
    44.888797950826));
#50 = CARTESIAN_POINT('',(-32.44269148737,-60.3498015583,46.666727110084
    ));
#51 = CARTESIAN_POINT('',(-3.391465856875,-64.73519204537,
    48.444416220768));
#52 = CARTESIAN_POINT('',(22.001241428738,-56.06334726283,
    50.222227759407));
#53 = CARTESIAN_POINT('',(56.063347317331,-22.00124130245,
    53.777770226279));
#54 = CARTESIAN_POINT('',(64.735192030893,3.391466035308,55.555582153957
    ));
#55 = CARTESIAN_POINT('',(60.349801494419,32.442691559696,57.33326992381
    ));
#56 = CARTESIAN_POINT('',(41.323104385572,57.446657720782,
    59.111201930536));
#57 = CARTESIAN_POINT('',(11.401073658479,69.840768336705,
    60.888795347233));
#58 = CARTESIAN_POINT('',(-19.73330680098,65.614201269538,
    62.666729974696));
#59 = CARTESIAN_POINT('',(-43.37656474778,48.172821611708,
    64.444413699069));
#60 = CARTESIAN_POINT('',(-55.20000005073,24.08554613642,66.22222952835)
  );
#61 = CARTESIAN_POINT('',(-55.2,-1.294049170042E-07,67.999998024481));
#62 = PCURVE('',#63,#132);
#63 = B_SPLINE_SURFACE_WITH_KNOTS('',1,9,(
    (#64,#65,#66,#67,#68,#69,#70,#71,#72,#73,#74,#75,#76,#77,#78,#79,#80
      ,#81,#82,#83,#84,#85,#86,#87,#88,#89,#90,#91,#92,#93,#94,#95,#96
      ,#97)
    ,(#98,#99,#100,#101,#102,#103,#104,#105,#106,#107,#108,#109,#110
      ,#111,#112,#113,#114,#115,#116,#117,#118,#119,#120,#121,#122,#123
      ,#124,#125,#126,#127,#128,#129,#130,#131
  )),.UNSPECIFIED.,.F.,.F.,.F.,(2,2),(10,8,8,8,10),(0.,14.),(0.,
    16.474867431233,32.949734862466,49.424602293699,65.899469724932),
  .UNSPECIFIED.);
#64 = CARTESIAN_POINT('',(55.2,-1.42108547152E-14,4.));
#65 = CARTESIAN_POINT('',(55.199999994274,24.08554626582,5.777768496127)
  );
#66 = CARTESIAN_POINT('',(43.376564634846,48.172821713417,7.555584325418
    ));
#67 = CARTESIAN_POINT('',(19.73330664719,65.614201315754,9.333268049773)
  );
#68 = CARTESIAN_POINT('',(-11.40107382223,69.84076831004,11.111202677256
    ));
#69 = CARTESIAN_POINT('',(-41.32310452021,57.44665762385,12.888796093937
    ));
#70 = CARTESIAN_POINT('',(-60.34980157048,32.442691418255,
    14.666728100672));
#71 = CARTESIAN_POINT('',(-64.73519203883,3.391465883534,16.444415870523
    ));
#72 = CARTESIAN_POINT('',(-56.06334726575,-22.00124143388,
    18.222227798199));
#73 = CARTESIAN_POINT('',(-22.00124129731,-56.06334731441,
    21.777770265076));
#74 = CARTESIAN_POINT('',(3.391466008639,-64.73519203742,23.555581803692
    ));
#75 = CARTESIAN_POINT('',(32.442691628834,-60.34980148224,25.33327091444
    ));
#76 = CARTESIAN_POINT('',(57.446657595256,-41.32310440432,
    27.111200073586));
#77 = CARTESIAN_POINT('',(69.840768511031,-11.40107363468,
    28.888797965276));
#78 = CARTESIAN_POINT('',(65.614201077928,19.733306776165,
    30.666727073944));
#79 = CARTESIAN_POINT('',(48.172821780285,43.37656476897,32.444416262609
    ));
#80 = CARTESIAN_POINT('',(24.085546018204,55.200000036141,
    34.222227726082));
#81 = CARTESIAN_POINT('',(-24.0855461476,55.199999979682,37.777770298393
    ));
#82 = CARTESIAN_POINT('',(-48.17282188198,43.376564656026,
    39.555581761896));
#83 = CARTESIAN_POINT('',(-65.61420112416,19.733306622368,
    41.333270950481));
#84 = CARTESIAN_POINT('',(-69.84076848433,-11.40107379843,
    43.111200059276));
#85 = CARTESIAN_POINT('',(-57.44665749835,-41.32310453898,
    44.888797950826));
#86 = CARTESIAN_POINT('',(-32.44269148737,-60.3498015583,46.666727110084
    ));
#87 = CARTESIAN_POINT('',(-3.391465856875,-64.73519204537,
    48.444416220768));
#88 = CARTESIAN_POINT('',(22.001241428738,-56.06334726283,
    50.222227759407));
#89 = CARTESIAN_POINT('',(56.063347317331,-22.00124130245,
    53.777770226279));
#90 = CARTESIAN_POINT('',(64.735192030893,3.391466035308,55.555582153957
    ));
#91 = CARTESIAN_POINT('',(60.349801494419,32.442691559696,57.33326992381
    ));
#92 = CARTESIAN_POINT('',(41.323104385572,57.446657720782,
    59.111201930536));
#93 = CARTESIAN_POINT('',(11.401073658479,69.840768336705,
    60.888795347233));
#94 = CARTESIAN_POINT('',(-19.73330680098,65.614201269538,
    62.666729974696));
#95 = CARTESIAN_POINT('',(-43.37656474778,48.172821611708,
    64.444413699069));
#96 = CARTESIAN_POINT('',(-55.20000005073,24.08554613642,66.22222952835)
  );
#97 = CARTESIAN_POINT('',(-55.2,-1.294049170042E-07,67.999998024481));
#98 = CARTESIAN_POINT('',(69.2,7.105427357601E-15,4.));
#99 = CARTESIAN_POINT('',(69.200000005727,30.194193471195,5.777787059428
    ));
#100 = CARTESIAN_POINT('',(54.377867365974,60.390584658942,
    7.555526785699));
#101 = CARTESIAN_POINT('',(24.73812935433,82.255456977059,9.333398616883
    ));
#102 = CARTESIAN_POINT('',(-14.29264197248,87.554023688866,
    11.111019544979));
#103 = CARTESIAN_POINT('',(-51.80361955325,72.016467794188,
    12.88898168383));
#104 = CARTESIAN_POINT('',(-75.65589050593,40.670892726654,
    14.666605232667));
#105 = CARTESIAN_POINT('',(-81.15355055455,4.251633192209,
    16.444473018364));
#106 = CARTESIAN_POINT('',(-70.28230836294,-27.58127009662,
    18.222216646246));
#107 = CARTESIAN_POINT('',(-27.5812702332,-70.28230831428,
    21.777785290478));
#108 = CARTESIAN_POINT('',(4.251633067129,-81.15355055598,
    23.555529307423));
#109 = CARTESIAN_POINT('',(40.67089251601,-75.65589059416,
    25.333395752217));
#110 = CARTESIAN_POINT('',(72.016467822889,-51.80361966917,
    27.11102214865));
#111 = CARTESIAN_POINT('',(87.554023487757,-14.29264216,28.888979812487)
  );
#112 = CARTESIAN_POINT('',(82.255457214973,24.738129225345,
    30.666606259399));
#113 = CARTESIAN_POINT('',(60.390584592032,54.377867231855,
    32.444472626274));
#114 = CARTESIAN_POINT('',(30.19419371882,69.199999963857,
    34.222216718365));
#115 = CARTESIAN_POINT('',(-30.19419358941,69.200000020321,
    37.777785257158));
#116 = CARTESIAN_POINT('',(-60.39058449035,54.377867344784,
    39.555529349234));
#117 = CARTESIAN_POINT('',(-82.25545716868,24.738129379174,
    41.333395716146));
#118 = CARTESIAN_POINT('',(-87.55402351451,-14.2926419963,43.111022163)
  );
#119 = CARTESIAN_POINT('',(-72.01646791973,-51.80361953446,
    44.888979826902));
#120 = CARTESIAN_POINT('',(-40.6708926575,-75.65589051814,
    46.666606223281));
#121 = CARTESIAN_POINT('',(-4.251633218881,-81.15355054801,
    48.444472668106));
#122 = CARTESIAN_POINT('',(27.581270101778,-70.28230836586,
    50.222216685041));
#123 = CARTESIAN_POINT('',(70.282308311364,-27.58127022805,
    53.777785329272));
#124 = CARTESIAN_POINT('',(81.153550562519,4.251633040456,
    55.555528957169));
#125 = CARTESIAN_POINT('',(75.655890581967,40.670892585159,
    57.333396742827));
#126 = CARTESIAN_POINT('',(51.803619687956,72.016467697347,
    59.111020291726));
#127 = CARTESIAN_POINT('',(14.292642136191,87.554023662098,
    60.888982430507));
#128 = CARTESIAN_POINT('',(-24.7381292005,82.255457023354,
    62.666603358662));
#129 = CARTESIAN_POINT('',(-54.37786725304,60.390584760612,
    64.444475189808));
#130 = CARTESIAN_POINT('',(-69.19999994926,30.194193600604,
    66.222214916098));
#131 = CARTESIAN_POINT('',(-69.2,1.294051656942E-07,68.000001975519));
#132 = DEFINITIONAL_REPRESENTATION('',(#133),#137);
#133 = LINE('',#134,#135);
#134 = CARTESIAN_POINT('',(0.,0.));
#135 = VECTOR('',#136,1.);
#136 = DIRECTION('',(0.,1.));
#137 = ( GEOMETRIC_REPRESENTATION_CONTEXT(2) 
PARAMETRIC_REPRESENTATION_CONTEXT() REPRESENTATION_CONTEXT('2D SPACE',''
  ) );
#138 = PCURVE('',#139,#214);
#139 = B_SPLINE_SURFACE_WITH_KNOTS('',1,9,(
    (#140,#141,#142,#143,#144,#145,#146,#147,#148,#149,#150,#151,#152
      ,#153,#154,#155,#156,#157,#158,#159,#160,#161,#162,#163,#164,#165
      ,#166,#167,#168,#169,#170,#171,#172,#173,#174,#175,#176)
    ,(#177,#178,#179,#180,#181,#182,#183,#184,#185,#186,#187,#188,#189
      ,#190,#191,#192,#193,#194,#195,#196,#197,#198,#199,#200,#201,#202
      ,#203,#204,#205,#206,#207,#208,#209,#210,#211,#212,#213
  )),.UNSPECIFIED.,.F.,.F.,.F.,(2,2),(10,9,9,9,10),(0.,2.8),(0.,
    16.474867431233,32.949734862466,49.424602293699,65.899469724932),
  .PIECEWISE_BEZIER_KNOTS.);
#140 = CARTESIAN_POINT('',(55.2,2.8,4.));
#141 = CARTESIAN_POINT('',(53.978270551099,26.885546275738,
    5.777768776119));
#142 = CARTESIAN_POINT('',(40.933012054384,50.373082228258,
    7.555583329898));
#143 = CARTESIAN_POINT('',(16.40505549376,66.615165934052,9.333269912237
    ));
#144 = CARTESIAN_POINT('',(-14.94372486044,69.262454543601,
    11.111200366571));
#145 = CARTESIAN_POINT('',(-44.23706660586,55.35055480452,
    12.888798349712));
#146 = CARTESIAN_POINT('',(-61.99544177582,29.38147342658,
    14.666725992215));
#147 = CARTESIAN_POINT('',(-64.90722554997,0.10779435976,16.444417848367
    ));
#148 = CARTESIAN_POINT('',(-54.94734149863,-24.84503377886,
    18.222226199494));
#149 = CARTESIAN_POINT('',(-37.05239533417,-41.01219330882,
    19.999999999999));
#150 = CARTESIAN_POINT('',(-19.15744905592,-57.17935323088,
    21.777768776123));
#151 = CARTESIAN_POINT('',(6.675137634811,-64.5631584309,23.555583329889
    ));
#152 = CARTESIAN_POINT('',(35.503909576485,-58.70416154724,
    25.333269912253));
#153 = CARTESIAN_POINT('',(59.542760474367,-38.40914210436,
    27.111200366548));
#154 = CARTESIAN_POINT('',(70.419082421561,-7.858422867937,
    28.888798349739));
#155 = CARTESIAN_POINT('',(64.6132363835,23.06155818117,30.66672599219)
  );
#156 = CARTESIAN_POINT('',(45.972561457164,45.820117211627,
    32.444417848385));
#157 = CARTESIAN_POINT('',(21.285545918011,56.421729645696,
    34.222226199484));
#158 = CARTESIAN_POINT('',(-2.8,55.2,36.000000000002));
#159 = CARTESIAN_POINT('',(-26.88554627573,53.978270551099,
    37.777768776106));
#160 = CARTESIAN_POINT('',(-50.37308222825,40.933012054381,
    39.555583329933));
#161 = CARTESIAN_POINT('',(-66.61516593407,16.405055493765,
    41.333269912174));
#162 = CARTESIAN_POINT('',(-69.26245454357,-14.94372486044,
    43.111200366652));
#163 = CARTESIAN_POINT('',(-55.35055480455,-44.23706660585,
    44.888798349635));
#164 = CARTESIAN_POINT('',(-29.38147342655,-61.99544177582,
    46.666725992267));
#165 = CARTESIAN_POINT('',(-0.107794359771,-64.90722554997,
    48.444417848343));
#166 = CARTESIAN_POINT('',(24.845033778863,-54.94734149863,50.2222261995
    ));
#167 = CARTESIAN_POINT('',(41.01219330882,-37.05239533417,
    51.999999999999));
#168 = CARTESIAN_POINT('',(57.179353225134,-19.1574490703,
    53.777768556621));
#169 = CARTESIAN_POINT('',(64.563158454572,6.675137693979,55.55558423318
    ));
#170 = CARTESIAN_POINT('',(58.704161489263,35.503909431557,
    57.333267699723));
#171 = CARTESIAN_POINT('',(38.409142207237,59.542760731508,
    59.111204292156));
#172 = CARTESIAN_POINT('',(7.858422726691,70.419082068477,
    60.888792959466));
#173 = CARTESIAN_POINT('',(-23.06155802687,64.613236769217,
    62.666731880603));
#174 = CARTESIAN_POINT('',(-45.82011734689,45.972561118993,
    64.444412685814));
#175 = CARTESIAN_POINT('',(-56.42172955102,21.285546154689,
    66.222229812652));
#176 = CARTESIAN_POINT('',(-55.20000005176,-2.800000129405,
    67.999998024481));
#177 = CARTESIAN_POINT('',(55.2,7.105427357601E-15,4.));
#178 = CARTESIAN_POINT('',(55.199999989834,24.085546271671,
    5.777768603722));
#179 = CARTESIAN_POINT('',(43.376564653118,48.172821689341,
    7.555583882642));
#180 = CARTESIAN_POINT('',(19.733306602434,65.614201374724,
    9.333269134311));
#181 = CARTESIAN_POINT('',(-11.40107374282,69.840768205411,
    11.111200753002));
#182 = CARTESIAN_POINT('',(-41.32310462926,57.446657767515,
    12.88879873614));
#183 = CARTESIAN_POINT('',(-60.34980145136,32.442691261315,
    14.666725214291));
#184 = CARTESIAN_POINT('',(-64.73519214327,3.391466021129,16.44441840111
    ));
#185 = CARTESIAN_POINT('',(-56.06334719265,-22.00124153018,
    18.222226027098));
#186 = CARTESIAN_POINT('',(-39.03229432149,-39.03229432149,
    19.999999999999));
#187 = CARTESIAN_POINT('',(-22.00124121702,-56.06334741159,
    21.777768603727));
#188 = CARTESIAN_POINT('',(3.391465874613,-64.73519189621,
    23.555583882631));
#189 = CARTESIAN_POINT('',(32.442691820424,-60.34980164804,
    25.333269134331));
#190 = CARTESIAN_POINT('',(57.446657357636,-41.32310424494,
    27.111200752974));
#191 = CARTESIAN_POINT('',(69.840768766991,-11.40107376089,
    28.888798736172));
#192 = CARTESIAN_POINT('',(65.61420084031,19.733306858713,
    30.666725214263));
#193 = CARTESIAN_POINT('',(48.172821967644,43.376564724222,
    32.44441840113));
#194 = CARTESIAN_POINT('',(24.085545895425,55.200000056461,
    34.222226027088));
#195 = CARTESIAN_POINT('',(-2.84217094304E-14,55.2,36.000000000002));
#196 = CARTESIAN_POINT('',(-24.08554627167,55.199999989834,
    37.777768603709));
#197 = CARTESIAN_POINT('',(-48.17282168933,43.376564653116,
    39.555583882676));
#198 = CARTESIAN_POINT('',(-65.61420137474,19.733306602438,
    41.33326913425));
#199 = CARTESIAN_POINT('',(-69.84076820538,-11.40107374282,
    43.111200753079));
#200 = CARTESIAN_POINT('',(-57.44665776754,-41.32310462926,
    44.888798736069));
#201 = CARTESIAN_POINT('',(-32.44269126129,-60.34980145136,
    46.666725214338));
#202 = CARTESIAN_POINT('',(-3.391466021138,-64.73519214328,
    48.444418401089));
#203 = CARTESIAN_POINT('',(22.001241530187,-56.06334719265,
    50.222226027103));
#204 = CARTESIAN_POINT('',(39.032294321497,-39.03229432149,
    51.999999999999));
#205 = CARTESIAN_POINT('',(56.063347411591,-22.0012412314,
    53.777768384224));
#206 = CARTESIAN_POINT('',(64.735191896213,3.391465933779,
    55.555584785925));
#207 = CARTESIAN_POINT('',(60.349801648033,32.4426916755,57.333266921797
    ));
#208 = CARTESIAN_POINT('',(41.323104244954,57.446657614772,
    59.111204678588));
#209 = CARTESIAN_POINT('',(11.401073760886,69.840768413911,
    60.888793345892));
#210 = CARTESIAN_POINT('',(-19.7333068587,65.614201226022,
    62.666731102681));
#211 = CARTESIAN_POINT('',(-43.37656472422,48.172821629474,
    64.444413238556));
#212 = CARTESIAN_POINT('',(-55.20000005646,24.085546132103,
    66.222229640256));
#213 = CARTESIAN_POINT('',(-55.2,-1.294049027933E-07,67.999998024481));
#214 = DEFINITIONAL_REPRESENTATION('',(#215),#218);
#215 = B_SPLINE_CURVE_WITH_KNOTS('',1,(#216,#217),.UNSPECIFIED.,.F.,.F.,
  (2,2),(0.,65.899469724932),.PIECEWISE_BEZIER_KNOTS.);
#216 = CARTESIAN_POINT('',(2.8,0.));
#217 = CARTESIAN_POINT('',(2.8,65.899469724932));
#218 = ( GEOMETRIC_REPRESENTATION_CONTEXT(2) 
PARAMETRIC_REPRESENTATION_CONTEXT() REPRESENTATION_CONTEXT('2D SPACE',''
  ) );
#219 = ORIENTED_EDGE('',*,*,#220,.T.);
#220 = EDGE_CURVE('',#22,#221,#223,.T.);
#221 = VERTEX_POINT('',#222);
#222 = CARTESIAN_POINT('',(69.2,-2.84217094304E-14,4.));
#223 = SURFACE_CURVE('',#224,(#227,#234),.PCURVE_S1.);
#224 = B_SPLINE_CURVE_WITH_KNOTS('',1,(#225,#226),.UNSPECIFIED.,.F.,.F.,
  (2,2),(0.,14.),.PIECEWISE_BEZIER_KNOTS.);
#225 = CARTESIAN_POINT('',(55.2,-1.42108547152E-14,4.));
#226 = CARTESIAN_POINT('',(69.2,7.105427357601E-15,4.));
#227 = PCURVE('',#63,#228);
#228 = DEFINITIONAL_REPRESENTATION('',(#229),#233);
#229 = LINE('',#230,#231);
#230 = CARTESIAN_POINT('',(0.,0.));
#231 = VECTOR('',#232,1.);
#232 = DIRECTION('',(1.,0.));
#233 = ( GEOMETRIC_REPRESENTATION_CONTEXT(2) 
PARAMETRIC_REPRESENTATION_CONTEXT() REPRESENTATION_CONTEXT('2D SPACE',''
  ) );
#234 = PCURVE('',#235,#240);
#235 = PLANE('',#236);
#236 = AXIS2_PLACEMENT_3D('',#237,#238,#239);
#237 = CARTESIAN_POINT('',(62.612080536913,6.528187919463,4.));
#238 = DIRECTION('',(0.,0.,1.));
#239 = DIRECTION('',(1.,0.,-0.));
#240 = DEFINITIONAL_REPRESENTATION('',(#241),#244);
#241 = B_SPLINE_CURVE_WITH_KNOTS('',1,(#242,#243),.UNSPECIFIED.,.F.,.F.,
  (2,2),(0.,14.),.PIECEWISE_BEZIER_KNOTS.);
#242 = CARTESIAN_POINT('',(-7.412080536913,-6.528187919463));
#243 = CARTESIAN_POINT('',(6.587919463087,-6.528187919463));
#244 = ( GEOMETRIC_REPRESENTATION_CONTEXT(2) 
PARAMETRIC_REPRESENTATION_CONTEXT() REPRESENTATION_CONTEXT('2D SPACE',''
  ) );
#245 = ORIENTED_EDGE('',*,*,#246,.T.);
#246 = EDGE_CURVE('',#221,#247,#249,.T.);
#247 = VERTEX_POINT('',#248);
#248 = CARTESIAN_POINT('',(-69.2,1.294051443779E-07,68.000001975519));
#249 = SURFACE_CURVE('',#250,(#285,#292),.PCURVE_S1.);
#250 = B_SPLINE_CURVE_WITH_KNOTS('',9,(#251,#252,#253,#254,#255,#256,
    #257,#258,#259,#260,#261,#262,#263,#264,#265,#266,#267,#268,#269,
    #270,#271,#272,#273,#274,#275,#276,#277,#278,#279,#280,#281,#282,
    #283,#284),.UNSPECIFIED.,.F.,.F.,(10,8,8,8,10),(0.,16.474867431233,
    32.949734862466,49.424602293699,65.899469724932),.UNSPECIFIED.);
#251 = CARTESIAN_POINT('',(69.2,7.105427357601E-15,4.));
#252 = CARTESIAN_POINT('',(69.200000005727,30.194193471195,
    5.777787059428));
#253 = CARTESIAN_POINT('',(54.377867365974,60.390584658942,
    7.555526785699));
#254 = CARTESIAN_POINT('',(24.73812935433,82.255456977059,9.333398616883
    ));
#255 = CARTESIAN_POINT('',(-14.29264197248,87.554023688866,
    11.111019544979));
#256 = CARTESIAN_POINT('',(-51.80361955325,72.016467794188,
    12.88898168383));
#257 = CARTESIAN_POINT('',(-75.65589050593,40.670892726654,
    14.666605232667));
#258 = CARTESIAN_POINT('',(-81.15355055455,4.251633192209,
    16.444473018364));
#259 = CARTESIAN_POINT('',(-70.28230836294,-27.58127009662,
    18.222216646246));
#260 = CARTESIAN_POINT('',(-27.5812702332,-70.28230831428,
    21.777785290478));
#261 = CARTESIAN_POINT('',(4.251633067129,-81.15355055598,
    23.555529307423));
#262 = CARTESIAN_POINT('',(40.67089251601,-75.65589059416,
    25.333395752217));
#263 = CARTESIAN_POINT('',(72.016467822889,-51.80361966917,
    27.11102214865));
#264 = CARTESIAN_POINT('',(87.554023487757,-14.29264216,28.888979812487)
  );
#265 = CARTESIAN_POINT('',(82.255457214973,24.738129225345,
    30.666606259399));
#266 = CARTESIAN_POINT('',(60.390584592032,54.377867231855,
    32.444472626274));
#267 = CARTESIAN_POINT('',(30.19419371882,69.199999963857,
    34.222216718365));
#268 = CARTESIAN_POINT('',(-30.19419358941,69.200000020321,
    37.777785257158));
#269 = CARTESIAN_POINT('',(-60.39058449035,54.377867344784,
    39.555529349234));
#270 = CARTESIAN_POINT('',(-82.25545716868,24.738129379174,
    41.333395716146));
#271 = CARTESIAN_POINT('',(-87.55402351451,-14.2926419963,43.111022163)
  );
#272 = CARTESIAN_POINT('',(-72.01646791973,-51.80361953446,
    44.888979826902));
#273 = CARTESIAN_POINT('',(-40.6708926575,-75.65589051814,
    46.666606223281));
#274 = CARTESIAN_POINT('',(-4.251633218881,-81.15355054801,
    48.444472668106));
#275 = CARTESIAN_POINT('',(27.581270101778,-70.28230836586,
    50.222216685041));
#276 = CARTESIAN_POINT('',(70.282308311364,-27.58127022805,
    53.777785329272));
#277 = CARTESIAN_POINT('',(81.153550562519,4.251633040456,
    55.555528957169));
#278 = CARTESIAN_POINT('',(75.655890581967,40.670892585159,
    57.333396742827));
#279 = CARTESIAN_POINT('',(51.803619687956,72.016467697347,
    59.111020291726));
#280 = CARTESIAN_POINT('',(14.292642136191,87.554023662098,
    60.888982430507));
#281 = CARTESIAN_POINT('',(-24.7381292005,82.255457023354,
    62.666603358662));
#282 = CARTESIAN_POINT('',(-54.37786725304,60.390584760612,
    64.444475189808));
#283 = CARTESIAN_POINT('',(-69.19999994926,30.194193600604,
    66.222214916098));
#284 = CARTESIAN_POINT('',(-69.2,1.294051656942E-07,68.000001975519));
#285 = PCURVE('',#63,#286);
#286 = DEFINITIONAL_REPRESENTATION('',(#287),#291);
#287 = LINE('',#288,#289);
#288 = CARTESIAN_POINT('',(14.,0.));
#289 = VECTOR('',#290,1.);
#290 = DIRECTION('',(0.,1.));
#291 = ( GEOMETRIC_REPRESENTATION_CONTEXT(2) 
PARAMETRIC_REPRESENTATION_CONTEXT() REPRESENTATION_CONTEXT('2D SPACE',''
  ) );
#292 = PCURVE('',#293,#368);
#293 = B_SPLINE_SURFACE_WITH_KNOTS('',1,9,(
    (#294,#295,#296,#297,#298,#299,#300,#301,#302,#303,#304,#305,#306
      ,#307,#308,#309,#310,#311,#312,#313,#314,#315,#316,#317,#318,#319
      ,#320,#321,#322,#323,#324,#325,#326,#327,#328,#329,#330)
    ,(#331,#332,#333,#334,#335,#336,#337,#338,#339,#340,#341,#342,#343
      ,#344,#345,#346,#347,#348,#349,#350,#351,#352,#353,#354,#355,#356
      ,#357,#358,#359,#360,#361,#362,#363,#364,#365,#366,#367
  )),.UNSPECIFIED.,.F.,.F.,.F.,(2,2),(10,9,9,9,10),(0.,2.8),(0.,
    16.474867431233,32.949734862466,49.424602293699,65.899469724932),
  .PIECEWISE_BEZIER_KNOTS.);
#294 = CARTESIAN_POINT('',(69.2,-2.84217094304E-14,4.));
#295 = CARTESIAN_POINT('',(69.200000010167,30.194193465344,
    5.777786951832));
#296 = CARTESIAN_POINT('',(54.3778673477,60.390584683016,7.555527228473)
  );
#297 = CARTESIAN_POINT('',(24.73812939909,82.255456918092,9.333397532347
    ));
#298 = CARTESIAN_POINT('',(-14.29264205189,87.554023793491,
    11.11102146923));
#299 = CARTESIAN_POINT('',(-51.8036194442,72.016467650525,12.88897904163
    ));
#300 = CARTESIAN_POINT('',(-75.65589062506,40.670892883594,
    14.666608119046));
#301 = CARTESIAN_POINT('',(-81.15355045011,4.251633054614,
    16.444470487778));
#302 = CARTESIAN_POINT('',(-70.28230843604,-27.58127000032,
    18.222218417347));
#303 = CARTESIAN_POINT('',(-48.9317892581,-48.9317892581,20.000000000001
    ));
#304 = CARTESIAN_POINT('',(-27.58127031349,-70.2823082171,
    21.777786951828));
#305 = CARTESIAN_POINT('',(4.251633201152,-81.15355069719,
    23.555527228484));
#306 = CARTESIAN_POINT('',(40.670892324427,-75.65589042836,
    25.333397532328));
#307 = CARTESIAN_POINT('',(72.016468060499,-51.80361982856,
    27.111021469258));
#308 = CARTESIAN_POINT('',(87.554023231808,-14.29264203379,
    28.888979041596));
#309 = CARTESIAN_POINT('',(82.255457452585,24.738129142793,
    30.666608119077));
#310 = CARTESIAN_POINT('',(60.390584404675,54.377867276605,
    32.444470487756));
#311 = CARTESIAN_POINT('',(30.194193841599,69.199999943537,
    34.222218417358));
#312 = CARTESIAN_POINT('',(-7.105427357601E-14,69.2,35.999999999997));
#313 = CARTESIAN_POINT('',(-30.19419346534,69.200000010168,
    37.777786951842));
#314 = CARTESIAN_POINT('',(-60.390584683,54.377867347695,39.555527228453
    ));
#315 = CARTESIAN_POINT('',(-82.2554569181,24.738129399104,
    41.333397532379));
#316 = CARTESIAN_POINT('',(-87.55402379347,-14.29264205191,
    43.111021469193));
#317 = CARTESIAN_POINT('',(-72.01646765053,-51.80361944418,
    44.888979041663));
#318 = CARTESIAN_POINT('',(-40.67089288359,-75.65589062508,
    46.666608119024));
#319 = CARTESIAN_POINT('',(-4.251633054612,-81.1535504501,
    48.444470487788));
#320 = CARTESIAN_POINT('',(27.581270000327,-70.28230843604,
    50.222218417344));
#321 = CARTESIAN_POINT('',(48.931789258109,-48.9317892581,
    52.000000000001));
#322 = CARTESIAN_POINT('',(70.282308217102,-27.58127029911,
    53.777787171328));
#323 = CARTESIAN_POINT('',(81.153550697202,4.251633141982,55.5555263252)
  );
#324 = CARTESIAN_POINT('',(75.655890428348,40.670892469362,
    57.333399744843));
#325 = CARTESIAN_POINT('',(51.80361982858,72.016467803345,
    59.111017543668));
#326 = CARTESIAN_POINT('',(14.292642033777,87.554023584905,
    60.888984431854));
#327 = CARTESIAN_POINT('',(-24.73812914278,82.255457066859,
    62.666602230673));
#328 = CARTESIAN_POINT('',(-54.3778672766,60.390584742851,
    64.444475650323));
#329 = CARTESIAN_POINT('',(-69.19999994353,30.19419360492,
    66.222214804191));
#330 = CARTESIAN_POINT('',(-69.2,1.294051443779E-07,68.000001975519));
#331 = CARTESIAN_POINT('',(69.2,2.8,4.));
#332 = CARTESIAN_POINT('',(67.978270571433,32.994193469411,
    5.777787124229));
#333 = CARTESIAN_POINT('',(51.934314748964,62.590845221934,7.55552667573
    ));
#334 = CARTESIAN_POINT('',(21.409878290419,83.256421477419,
    9.333398310271));
#335 = CARTESIAN_POINT('',(-17.83529316951,86.975710131683,
    11.111021082802));
#336 = CARTESIAN_POINT('',(-54.7175814208,69.92036468753,12.888978655198
    ));
#337 = CARTESIAN_POINT('',(-77.30153094952,37.60967504886,
    14.666608896972));
#338 = CARTESIAN_POINT('',(-81.3255838568,0.967961393245,16.444469935033
    ));
#339 = CARTESIAN_POINT('',(-69.16630274201,-30.425062249,18.222218589743
    ));
#340 = CARTESIAN_POINT('',(-46.95189027078,-50.91168824543,
    20.000000000001));
#341 = CARTESIAN_POINT('',(-24.73747815239,-71.39831403639,
    21.777787124224));
#342 = CARTESIAN_POINT('',(7.535304961351,-80.98151723188,
    23.555526675741));
#343 = CARTESIAN_POINT('',(43.732110080486,-74.01025032756,
    25.333398310251));
#344 = CARTESIAN_POINT('',(74.112571177232,-48.88965768798,
    27.111021082831));
#345 = CARTESIAN_POINT('',(88.132336886376,-10.74999114082,
    28.888978655164));
#346 = CARTESIAN_POINT('',(81.254492995776,28.066380465248,
    30.666608897004));
#347 = CARTESIAN_POINT('',(58.190323894195,56.821419764011,
    32.444469935011));
#348 = CARTESIAN_POINT('',(27.394193864185,70.421729532772,
    34.222218589755));
#349 = CARTESIAN_POINT('',(-2.8,69.2,35.999999999997));
#350 = CARTESIAN_POINT('',(-32.99419346941,67.978270571433,
    37.777787124239));
#351 = CARTESIAN_POINT('',(-62.59084522192,51.934314748961,
    39.555526675708));
#352 = CARTESIAN_POINT('',(-83.25642147743,21.409878290431,
    41.333398310305));
#353 = CARTESIAN_POINT('',(-86.97571013166,-17.83529316953,
    43.111021082763));
#354 = CARTESIAN_POINT('',(-69.92036468754,-54.71758142078,
    44.888978655232));
#355 = CARTESIAN_POINT('',(-37.60967504885,-77.30153094954,
    46.666608896951));
#356 = CARTESIAN_POINT('',(-0.967961393245,-81.32558385679,
    48.444469935043));
#357 = CARTESIAN_POINT('',(30.425062249003,-69.16630274201,
    50.222218589741));
#358 = CARTESIAN_POINT('',(50.911688245432,-46.95189027078,
    52.000000000001));
#359 = CARTESIAN_POINT('',(71.398314030645,-24.73747813801,
    53.777787343724));
#360 = CARTESIAN_POINT('',(80.981517255561,7.535304902179,
    55.555525772457));
#361 = CARTESIAN_POINT('',(74.010250269575,43.732110225425,
    57.333400522768));
#362 = CARTESIAN_POINT('',(48.889657790865,74.112570920072,
    59.111017157239));
#363 = CARTESIAN_POINT('',(10.749990999578,88.13233723948,
    60.888984045423));
#364 = CARTESIAN_POINT('',(-28.06638031095,81.254492610047,
    62.666603008599));
#365 = CARTESIAN_POINT('',(-56.82141989928,58.190324232372,
    64.444475097579));
#366 = CARTESIAN_POINT('',(-70.4217294381,27.394193627505,
    66.222214976588));
#367 = CARTESIAN_POINT('',(-69.20000005176,-2.799999870595,
    68.000001975519));
#368 = DEFINITIONAL_REPRESENTATION('',(#369),#372);
#369 = B_SPLINE_CURVE_WITH_KNOTS('',1,(#370,#371),.UNSPECIFIED.,.F.,.F.,
  (2,2),(0.,65.899469724932),.PIECEWISE_BEZIER_KNOTS.);
#370 = CARTESIAN_POINT('',(0.,0.));
#371 = CARTESIAN_POINT('',(0.,65.899469724932));
#372 = ( GEOMETRIC_REPRESENTATION_CONTEXT(2) 
PARAMETRIC_REPRESENTATION_CONTEXT() REPRESENTATION_CONTEXT('2D SPACE',''
  ) );
#373 = ORIENTED_EDGE('',*,*,#374,.F.);
#374 = EDGE_CURVE('',#24,#247,#375,.T.);
#375 = SURFACE_CURVE('',#376,(#379,#386),.PCURVE_S1.);
#376 = B_SPLINE_CURVE_WITH_KNOTS('',1,(#377,#378),.UNSPECIFIED.,.F.,.F.,
  (2,2),(0.,14.),.PIECEWISE_BEZIER_KNOTS.);
#377 = CARTESIAN_POINT('',(-55.2,-1.294049170042E-07,67.999998024481));
#378 = CARTESIAN_POINT('',(-69.2,1.294051656942E-07,68.000001975519));
#379 = PCURVE('',#63,#380);
#380 = DEFINITIONAL_REPRESENTATION('',(#381),#385);
#381 = LINE('',#382,#383);
#382 = CARTESIAN_POINT('',(0.,65.899469724932));
#383 = VECTOR('',#384,1.);
#384 = DIRECTION('',(1.,0.));
#385 = ( GEOMETRIC_REPRESENTATION_CONTEXT(2) 
PARAMETRIC_REPRESENTATION_CONTEXT() REPRESENTATION_CONTEXT('2D SPACE',''
  ) );
#386 = PCURVE('',#387,#392);
#387 = PLANE('',#388);
#388 = AXIS2_PLACEMENT_3D('',#389,#390,#391);
#389 = CARTESIAN_POINT('',(-62.61208065759,-6.528187911845,
    68.000000116296));
#390 = DIRECTION('',(2.82217034491E-07,4.679669886526E-15,1.));
#391 = DIRECTION('',(1.,0.,-2.82217034491E-07));
#392 = DEFINITIONAL_REPRESENTATION('',(#393),#396);
#393 = B_SPLINE_CURVE_WITH_KNOTS('',1,(#394,#395),.UNSPECIFIED.,.F.,.F.,
  (2,2),(0.,14.),.PIECEWISE_BEZIER_KNOTS.);
#394 = CARTESIAN_POINT('',(7.412080657596,6.52818778244));
#395 = CARTESIAN_POINT('',(-6.587919342404,6.52818804125));
#396 = ( GEOMETRIC_REPRESENTATION_CONTEXT(2) 
PARAMETRIC_REPRESENTATION_CONTEXT() REPRESENTATION_CONTEXT('2D SPACE',''
  ) );
#397 = ADVANCED_FACE('',(#398),#293,.T.);
#398 = FACE_BOUND('',#399,.T.);
#399 = EDGE_LOOP('',(#400,#401,#422,#553));
#400 = ORIENTED_EDGE('',*,*,#246,.F.);
#401 = ORIENTED_EDGE('',*,*,#402,.T.);
#402 = EDGE_CURVE('',#221,#403,#405,.T.);
#403 = VERTEX_POINT('',#404);
#404 = CARTESIAN_POINT('',(69.2,2.8,4.));
#405 = SURFACE_CURVE('',#406,(#409,#416),.PCURVE_S1.);
#406 = B_SPLINE_CURVE_WITH_KNOTS('',1,(#407,#408),.UNSPECIFIED.,.F.,.F.,
  (2,2),(0.,2.8),.PIECEWISE_BEZIER_KNOTS.);
#407 = CARTESIAN_POINT('',(69.2,-2.84217094304E-14,4.));
#408 = CARTESIAN_POINT('',(69.2,2.8,4.));
#409 = PCURVE('',#293,#410);
#410 = DEFINITIONAL_REPRESENTATION('',(#411),#415);
#411 = LINE('',#412,#413);
#412 = CARTESIAN_POINT('',(0.,0.));
#413 = VECTOR('',#414,1.);
#414 = DIRECTION('',(1.,0.));
#415 = ( GEOMETRIC_REPRESENTATION_CONTEXT(2) 
PARAMETRIC_REPRESENTATION_CONTEXT() REPRESENTATION_CONTEXT('2D SPACE',''
  ) );
#416 = PCURVE('',#235,#417);
#417 = DEFINITIONAL_REPRESENTATION('',(#418),#421);
#418 = B_SPLINE_CURVE_WITH_KNOTS('',1,(#419,#420),.UNSPECIFIED.,.F.,.F.,
  (2,2),(0.,2.8),.PIECEWISE_BEZIER_KNOTS.);
#419 = CARTESIAN_POINT('',(6.587919463087,-6.528187919463));
#420 = CARTESIAN_POINT('',(6.587919463087,-3.728187919463));
#421 = ( GEOMETRIC_REPRESENTATION_CONTEXT(2) 
PARAMETRIC_REPRESENTATION_CONTEXT() REPRESENTATION_CONTEXT('2D SPACE',''
  ) );
#422 = ORIENTED_EDGE('',*,*,#423,.T.);
#423 = EDGE_CURVE('',#403,#424,#426,.T.);
#424 = VERTEX_POINT('',#425);
#425 = CARTESIAN_POINT('',(-69.20000005176,-2.799999870595,
    68.000001975519));
#426 = SURFACE_CURVE('',#427,(#465,#472),.PCURVE_S1.);
#427 = B_SPLINE_CURVE_WITH_KNOTS('',9,(#428,#429,#430,#431,#432,#433,
    #434,#435,#436,#437,#438,#439,#440,#441,#442,#443,#444,#445,#446,
    #447,#448,#449,#450,#451,#452,#453,#454,#455,#456,#457,#458,#459,
    #460,#461,#462,#463,#464),.UNSPECIFIED.,.F.,.F.,(10,9,9,9,10),(0.,
    16.474867431233,32.949734862466,49.424602293699,65.899469724932),
  .PIECEWISE_BEZIER_KNOTS.);
#428 = CARTESIAN_POINT('',(69.2,2.8,4.));
#429 = CARTESIAN_POINT('',(67.978270571433,32.994193469411,
    5.777787124229));
#430 = CARTESIAN_POINT('',(51.934314748964,62.590845221934,7.55552667573
    ));
#431 = CARTESIAN_POINT('',(21.409878290419,83.256421477419,
    9.333398310271));
#432 = CARTESIAN_POINT('',(-17.83529316951,86.975710131683,
    11.111021082802));
#433 = CARTESIAN_POINT('',(-54.7175814208,69.92036468753,12.888978655198
    ));
#434 = CARTESIAN_POINT('',(-77.30153094952,37.60967504886,
    14.666608896972));
#435 = CARTESIAN_POINT('',(-81.3255838568,0.967961393245,16.444469935033
    ));
#436 = CARTESIAN_POINT('',(-69.16630274201,-30.425062249,18.222218589743
    ));
#437 = CARTESIAN_POINT('',(-46.95189027078,-50.91168824543,
    20.000000000001));
#438 = CARTESIAN_POINT('',(-24.73747815239,-71.39831403639,
    21.777787124224));
#439 = CARTESIAN_POINT('',(7.535304961351,-80.98151723188,
    23.555526675741));
#440 = CARTESIAN_POINT('',(43.732110080486,-74.01025032756,
    25.333398310251));
#441 = CARTESIAN_POINT('',(74.112571177232,-48.88965768798,
    27.111021082831));
#442 = CARTESIAN_POINT('',(88.132336886376,-10.74999114082,
    28.888978655164));
#443 = CARTESIAN_POINT('',(81.254492995776,28.066380465248,
    30.666608897004));
#444 = CARTESIAN_POINT('',(58.190323894195,56.821419764011,
    32.444469935011));
#445 = CARTESIAN_POINT('',(27.394193864185,70.421729532772,
    34.222218589755));
#446 = CARTESIAN_POINT('',(-2.8,69.2,35.999999999997));
#447 = CARTESIAN_POINT('',(-32.99419346941,67.978270571433,
    37.777787124239));
#448 = CARTESIAN_POINT('',(-62.59084522192,51.934314748961,
    39.555526675708));
#449 = CARTESIAN_POINT('',(-83.25642147743,21.409878290431,
    41.333398310305));
#450 = CARTESIAN_POINT('',(-86.97571013166,-17.83529316953,
    43.111021082763));
#451 = CARTESIAN_POINT('',(-69.92036468754,-54.71758142078,
    44.888978655232));
#452 = CARTESIAN_POINT('',(-37.60967504885,-77.30153094954,
    46.666608896951));
#453 = CARTESIAN_POINT('',(-0.967961393245,-81.32558385679,
    48.444469935043));
#454 = CARTESIAN_POINT('',(30.425062249003,-69.16630274201,
    50.222218589741));
#455 = CARTESIAN_POINT('',(50.911688245432,-46.95189027078,
    52.000000000001));
#456 = CARTESIAN_POINT('',(71.398314030645,-24.73747813801,
    53.777787343724));
#457 = CARTESIAN_POINT('',(80.981517255561,7.535304902179,
    55.555525772457));
#458 = CARTESIAN_POINT('',(74.010250269575,43.732110225425,
    57.333400522768));
#459 = CARTESIAN_POINT('',(48.889657790865,74.112570920072,
    59.111017157239));
#460 = CARTESIAN_POINT('',(10.749990999578,88.13233723948,
    60.888984045423));
#461 = CARTESIAN_POINT('',(-28.06638031095,81.254492610047,
    62.666603008599));
#462 = CARTESIAN_POINT('',(-56.82141989928,58.190324232372,
    64.444475097579));
#463 = CARTESIAN_POINT('',(-70.4217294381,27.394193627505,
    66.222214976588));
#464 = CARTESIAN_POINT('',(-69.20000005176,-2.799999870595,
    68.000001975519));
#465 = PCURVE('',#293,#466);
#466 = DEFINITIONAL_REPRESENTATION('',(#467),#471);
#467 = LINE('',#468,#469);
#468 = CARTESIAN_POINT('',(2.8,0.));
#469 = VECTOR('',#470,1.);
#470 = DIRECTION('',(0.,1.));
#471 = ( GEOMETRIC_REPRESENTATION_CONTEXT(2) 
PARAMETRIC_REPRESENTATION_CONTEXT() REPRESENTATION_CONTEXT('2D SPACE',''
  ) );
#472 = PCURVE('',#473,#548);
#473 = B_SPLINE_SURFACE_WITH_KNOTS('',1,9,(
    (#474,#475,#476,#477,#478,#479,#480,#481,#482,#483,#484,#485,#486
      ,#487,#488,#489,#490,#491,#492,#493,#494,#495,#496,#497,#498,#499
      ,#500,#501,#502,#503,#504,#505,#506,#507,#508,#509,#510)
    ,(#511,#512,#513,#514,#515,#516,#517,#518,#519,#520,#521,#522,#523
      ,#524,#525,#526,#527,#528,#529,#530,#531,#532,#533,#534,#535,#536
      ,#537,#538,#539,#540,#541,#542,#543,#544,#545,#546,#547
  )),.UNSPECIFIED.,.F.,.F.,.F.,(2,2),(10,9,9,9,10),(0.,2.2),(0.,
    16.474867431233,32.949734862466,49.424602293699,65.899469724932),
  .PIECEWISE_BEZIER_KNOTS.);
#474 = CARTESIAN_POINT('',(69.2,2.8,4.));
#475 = CARTESIAN_POINT('',(67.978270571432,32.994193469411,
    5.777787124229));
#476 = CARTESIAN_POINT('',(51.934314748966,62.590845221934,7.55552667573
    ));
#477 = CARTESIAN_POINT('',(21.409878290416,83.256421477418,
    9.333398310272));
#478 = CARTESIAN_POINT('',(-17.83529316951,86.975710131683,
    11.111021082801));
#479 = CARTESIAN_POINT('',(-54.7175814208,69.920364687529,12.8889786552)
  );
#480 = CARTESIAN_POINT('',(-77.30153094952,37.60967504886,
    14.666608896971));
#481 = CARTESIAN_POINT('',(-81.3255838568,0.967961393244,16.444469935034
    ));
#482 = CARTESIAN_POINT('',(-69.16630274201,-30.425062249,18.222218589743
    ));
#483 = CARTESIAN_POINT('',(-46.95189027078,-50.91168824543,
    20.000000000001));
#484 = CARTESIAN_POINT('',(-24.73747815239,-71.39831403639,
    21.777787124224));
#485 = CARTESIAN_POINT('',(7.53530496135,-80.98151723188,23.555526675741
    ));
#486 = CARTESIAN_POINT('',(43.732110080487,-74.01025032756,
    25.333398310253));
#487 = CARTESIAN_POINT('',(74.112571177229,-48.88965768798,
    27.111021082829));
#488 = CARTESIAN_POINT('',(88.132336886379,-10.74999114083,
    28.888978655166));
#489 = CARTESIAN_POINT('',(81.254492995775,28.06638046525,
    30.666608897002));
#490 = CARTESIAN_POINT('',(58.190323894196,56.821419764011,
    32.444469935012));
#491 = CARTESIAN_POINT('',(27.394193864185,70.421729532772,
    34.222218589755));
#492 = CARTESIAN_POINT('',(-2.8,69.2,35.999999999997));
#493 = CARTESIAN_POINT('',(-32.99419346941,67.978270571432,
    37.777787124239));
#494 = CARTESIAN_POINT('',(-62.59084522192,51.934314748961,
    39.555526675708));
#495 = CARTESIAN_POINT('',(-83.25642147743,21.40987829043,
    41.333398310305));
#496 = CARTESIAN_POINT('',(-86.97571013166,-17.83529316953,
    43.111021082763));
#497 = CARTESIAN_POINT('',(-69.92036468754,-54.71758142078,
    44.888978655232));
#498 = CARTESIAN_POINT('',(-37.60967504885,-77.30153094954,
    46.666608896951));
#499 = CARTESIAN_POINT('',(-0.967961393245,-81.32558385679,
    48.444469935043));
#500 = CARTESIAN_POINT('',(30.425062249003,-69.16630274201,
    50.222218589741));
#501 = CARTESIAN_POINT('',(50.911688245432,-46.95189027078,
    52.000000000001));
#502 = CARTESIAN_POINT('',(71.398314030645,-24.73747813801,
    53.777787343724));
#503 = CARTESIAN_POINT('',(80.98151725556,7.535304902181,55.555525772457
    ));
#504 = CARTESIAN_POINT('',(74.010250269577,43.73211022542,
    57.333400522768));
#505 = CARTESIAN_POINT('',(48.889657790864,74.112570920079,
    59.111017157239));
#506 = CARTESIAN_POINT('',(10.749990999579,88.132337239473,
    60.888984045423));
#507 = CARTESIAN_POINT('',(-28.06638031095,81.254492610052,
    62.666603008599));
#508 = CARTESIAN_POINT('',(-56.82141989928,58.19032423237,
    64.444475097579));
#509 = CARTESIAN_POINT('',(-70.4217294381,27.394193627506,
    66.222214976588));
#510 = CARTESIAN_POINT('',(-69.20000005176,-2.799999870595,
    68.000001975519));
#511 = CARTESIAN_POINT('',(67.,2.8,4.));
#512 = CARTESIAN_POINT('',(65.778270568237,32.034263196119,
    5.777784240954));
#513 = CARTESIAN_POINT('',(50.205538611245,60.670911037214,
    7.555535578528));
#514 = CARTESIAN_POINT('',(20.623406136658,80.641367034889,
    9.333378133438));
#515 = CARTESIAN_POINT('',(-17.3809038638,84.192198539271,
    11.111049255965));
#516 = CARTESIAN_POINT('',(-53.07064337845,67.630823134484,
    12.88895032148));
#517 = CARTESIAN_POINT('',(-74.89628836508,36.316671936788,
    14.666627297652));
#518 = CARTESIAN_POINT('',(-78.74555612287,0.832792287982,
    16.444461749986));
#519 = CARTESIAN_POINT('',(-66.93189454662,-29.54820063226,
    18.222219785561));
#520 = CARTESIAN_POINT('',(-45.39625535217,-49.35605332682,
    20.000000000001));
#521 = CARTESIAN_POINT('',(-23.86061643723,-69.16390590981,
    21.777784240951));
#522 = CARTESIAN_POINT('',(7.400135810039,-78.4014894203,23.555535578536
    ));
#523 = CARTESIAN_POINT('',(42.439107144139,-71.60500780493,
    25.333378133423));
#524 = CARTESIAN_POINT('',(71.823029495359,-47.24271952485,
    27.111049255986));
#525 = CARTESIAN_POINT('',(85.34882547047,-10.2956018408,28.888950321455
    ));
#526 = CARTESIAN_POINT('',(78.639438385282,27.279908392035,
    30.666627297675));
#527 = CARTESIAN_POINT('',(56.270389796944,55.092643648637,
    32.44446174997));
#528 = CARTESIAN_POINT('',(26.434263472644,68.221729550517,
    34.222219785569));
#529 = CARTESIAN_POINT('',(-2.8,67.,35.999999999998));
#530 = CARTESIAN_POINT('',(-32.03426319612,65.778270568237,
    37.777784240961));
#531 = CARTESIAN_POINT('',(-60.6709110372,50.205538611241,
    39.555535578514));
#532 = CARTESIAN_POINT('',(-80.64136703491,20.62340613667,
    41.333378133457));
#533 = CARTESIAN_POINT('',(-84.19219853924,-17.38090386382,
    43.111049255943));
#534 = CARTESIAN_POINT('',(-67.6308231345,-53.07064337843,
    44.888950321498));
#535 = CARTESIAN_POINT('',(-36.31667193677,-74.8962883651,
    46.666627297642));
#536 = CARTESIAN_POINT('',(-0.832792287985,-78.74555612286,
    48.444461749991));
#537 = CARTESIAN_POINT('',(29.548200632267,-66.93189454662,
    50.22221978556));
#538 = CARTESIAN_POINT('',(49.356053326821,-45.39625535217,
    52.000000000001));
#539 = CARTESIAN_POINT('',(69.163905904064,-23.86061642737,
    53.777784391465));
#540 = CARTESIAN_POINT('',(78.401489443979,7.400135769466,
    55.555534959142));
#541 = CARTESIAN_POINT('',(71.605007746952,42.439107243522,
    57.333379650576));
#542 = CARTESIAN_POINT('',(47.242719627727,71.823029319026,
    59.111046564153));
#543 = CARTESIAN_POINT('',(10.295601699549,85.348825712593,
    60.888954017632));
#544 = CARTESIAN_POINT('',(-27.27990823773,78.639438120784,
    62.666623259912));
#545 = CARTESIAN_POINT('',(-55.09264378391,56.270390028836,
    64.444465290017));
#546 = CARTESIAN_POINT('',(-68.22172945584,26.43426331035,
    66.222217307969));
#547 = CARTESIAN_POINT('',(-67.00000005176,-2.799999911265,
    68.000001354642));
#548 = DEFINITIONAL_REPRESENTATION('',(#549),#552);
#549 = B_SPLINE_CURVE_WITH_KNOTS('',1,(#550,#551),.UNSPECIFIED.,.F.,.F.,
  (2,2),(0.,65.899469724932),.PIECEWISE_BEZIER_KNOTS.);
#550 = CARTESIAN_POINT('',(0.,0.));
#551 = CARTESIAN_POINT('',(0.,65.899469724932));
#552 = ( GEOMETRIC_REPRESENTATION_CONTEXT(2) 
PARAMETRIC_REPRESENTATION_CONTEXT() REPRESENTATION_CONTEXT('2D SPACE',''
  ) );
#553 = ORIENTED_EDGE('',*,*,#554,.F.);
#554 = EDGE_CURVE('',#247,#424,#555,.T.);
#555 = SURFACE_CURVE('',#556,(#559,#566),.PCURVE_S1.);
#556 = B_SPLINE_CURVE_WITH_KNOTS('',1,(#557,#558),.UNSPECIFIED.,.F.,.F.,
  (2,2),(0.,2.8),.PIECEWISE_BEZIER_KNOTS.);
#557 = CARTESIAN_POINT('',(-69.2,1.294051443779E-07,68.000001975519));
#558 = CARTESIAN_POINT('',(-69.20000005176,-2.799999870595,
    68.000001975519));
#559 = PCURVE('',#293,#560);
#560 = DEFINITIONAL_REPRESENTATION('',(#561),#565);
#561 = LINE('',#562,#563);
#562 = CARTESIAN_POINT('',(0.,65.899469724932));
#563 = VECTOR('',#564,1.);
#564 = DIRECTION('',(1.,0.));
#565 = ( GEOMETRIC_REPRESENTATION_CONTEXT(2) 
PARAMETRIC_REPRESENTATION_CONTEXT() REPRESENTATION_CONTEXT('2D SPACE',''
  ) );
#566 = PCURVE('',#387,#567);
#567 = DEFINITIONAL_REPRESENTATION('',(#568),#571);
#568 = B_SPLINE_CURVE_WITH_KNOTS('',1,(#569,#570),.UNSPECIFIED.,.F.,.F.,
  (2,2),(0.,2.8),.PIECEWISE_BEZIER_KNOTS.);
#569 = CARTESIAN_POINT('',(-6.587919342404,6.52818804125));
#570 = CARTESIAN_POINT('',(-6.587919394166,3.72818804125));
#571 = ( GEOMETRIC_REPRESENTATION_CONTEXT(2) 
PARAMETRIC_REPRESENTATION_CONTEXT() REPRESENTATION_CONTEXT('2D SPACE',''
  ) );
#572 = ADVANCED_FACE('',(#573),#473,.T.);
#573 = FACE_BOUND('',#574,.T.);
#574 = EDGE_LOOP('',(#575,#576,#597,#728));
#575 = ORIENTED_EDGE('',*,*,#423,.F.);
#576 = ORIENTED_EDGE('',*,*,#577,.T.);
#577 = EDGE_CURVE('',#403,#578,#580,.T.);
#578 = VERTEX_POINT('',#579);
#579 = CARTESIAN_POINT('',(67.,2.8,4.));
#580 = SURFACE_CURVE('',#581,(#584,#591),.PCURVE_S1.);
#581 = B_SPLINE_CURVE_WITH_KNOTS('',1,(#582,#583),.UNSPECIFIED.,.F.,.F.,
  (2,2),(0.,2.2),.PIECEWISE_BEZIER_KNOTS.);
#582 = CARTESIAN_POINT('',(69.2,2.8,4.));
#583 = CARTESIAN_POINT('',(67.,2.8,4.));
#584 = PCURVE('',#473,#585);
#585 = DEFINITIONAL_REPRESENTATION('',(#586),#590);
#586 = LINE('',#587,#588);
#587 = CARTESIAN_POINT('',(0.,0.));
#588 = VECTOR('',#589,1.);
#589 = DIRECTION('',(1.,0.));
#590 = ( GEOMETRIC_REPRESENTATION_CONTEXT(2) 
PARAMETRIC_REPRESENTATION_CONTEXT() REPRESENTATION_CONTEXT('2D SPACE',''
  ) );
#591 = PCURVE('',#235,#592);
#592 = DEFINITIONAL_REPRESENTATION('',(#593),#596);
#593 = B_SPLINE_CURVE_WITH_KNOTS('',1,(#594,#595),.UNSPECIFIED.,.F.,.F.,
  (2,2),(0.,2.2),.PIECEWISE_BEZIER_KNOTS.);
#594 = CARTESIAN_POINT('',(6.587919463087,-3.728187919463));
#595 = CARTESIAN_POINT('',(4.387919463087,-3.728187919463));
#596 = ( GEOMETRIC_REPRESENTATION_CONTEXT(2) 
PARAMETRIC_REPRESENTATION_CONTEXT() REPRESENTATION_CONTEXT('2D SPACE',''
  ) );
#597 = ORIENTED_EDGE('',*,*,#598,.T.);
#598 = EDGE_CURVE('',#578,#599,#601,.T.);
#599 = VERTEX_POINT('',#600);
#600 = CARTESIAN_POINT('',(-67.00000005176,-2.799999911265,
    68.000001354642));
#601 = SURFACE_CURVE('',#602,(#640,#647),.PCURVE_S1.);
#602 = B_SPLINE_CURVE_WITH_KNOTS('',9,(#603,#604,#605,#606,#607,#608,
    #609,#610,#611,#612,#613,#614,#615,#616,#617,#618,#619,#620,#621,
    #622,#623,#624,#625,#626,#627,#628,#629,#630,#631,#632,#633,#634,
    #635,#636,#637,#638,#639),.UNSPECIFIED.,.F.,.F.,(10,9,9,9,10),(0.,
    16.474867431233,32.949734862466,49.424602293699,65.899469724932),
  .PIECEWISE_BEZIER_KNOTS.);
#603 = CARTESIAN_POINT('',(67.,2.8,4.));
#604 = CARTESIAN_POINT('',(65.778270568237,32.034263196119,
    5.777784240954));
#605 = CARTESIAN_POINT('',(50.205538611245,60.670911037214,
    7.555535578528));
#606 = CARTESIAN_POINT('',(20.623406136658,80.641367034889,
    9.333378133438));
#607 = CARTESIAN_POINT('',(-17.3809038638,84.192198539271,
    11.111049255965));
#608 = CARTESIAN_POINT('',(-53.07064337845,67.630823134484,
    12.88895032148));
#609 = CARTESIAN_POINT('',(-74.89628836508,36.316671936788,
    14.666627297652));
#610 = CARTESIAN_POINT('',(-78.74555612287,0.832792287982,
    16.444461749986));
#611 = CARTESIAN_POINT('',(-66.93189454662,-29.54820063226,
    18.222219785561));
#612 = CARTESIAN_POINT('',(-45.39625535217,-49.35605332682,
    20.000000000001));
#613 = CARTESIAN_POINT('',(-23.86061643723,-69.16390590981,
    21.777784240951));
#614 = CARTESIAN_POINT('',(7.400135810039,-78.4014894203,23.555535578536
    ));
#615 = CARTESIAN_POINT('',(42.439107144139,-71.60500780493,
    25.333378133423));
#616 = CARTESIAN_POINT('',(71.823029495359,-47.24271952485,
    27.111049255986));
#617 = CARTESIAN_POINT('',(85.34882547047,-10.2956018408,28.888950321455
    ));
#618 = CARTESIAN_POINT('',(78.639438385282,27.279908392035,
    30.666627297675));
#619 = CARTESIAN_POINT('',(56.270389796944,55.092643648637,
    32.44446174997));
#620 = CARTESIAN_POINT('',(26.434263472644,68.221729550517,
    34.222219785569));
#621 = CARTESIAN_POINT('',(-2.8,67.,35.999999999998));
#622 = CARTESIAN_POINT('',(-32.03426319612,65.778270568237,
    37.777784240961));
#623 = CARTESIAN_POINT('',(-60.6709110372,50.205538611241,
    39.555535578514));
#624 = CARTESIAN_POINT('',(-80.64136703491,20.62340613667,
    41.333378133457));
#625 = CARTESIAN_POINT('',(-84.19219853924,-17.38090386382,
    43.111049255943));
#626 = CARTESIAN_POINT('',(-67.6308231345,-53.07064337843,
    44.888950321498));
#627 = CARTESIAN_POINT('',(-36.31667193677,-74.8962883651,
    46.666627297642));
#628 = CARTESIAN_POINT('',(-0.832792287985,-78.74555612286,
    48.444461749991));
#629 = CARTESIAN_POINT('',(29.548200632267,-66.93189454662,
    50.22221978556));
#630 = CARTESIAN_POINT('',(49.356053326821,-45.39625535217,
    52.000000000001));
#631 = CARTESIAN_POINT('',(69.163905904064,-23.86061642737,
    53.777784391465));
#632 = CARTESIAN_POINT('',(78.401489443979,7.400135769466,
    55.555534959142));
#633 = CARTESIAN_POINT('',(71.605007746952,42.439107243522,
    57.333379650576));
#634 = CARTESIAN_POINT('',(47.242719627727,71.823029319026,
    59.111046564153));
#635 = CARTESIAN_POINT('',(10.295601699549,85.348825712593,
    60.888954017632));
#636 = CARTESIAN_POINT('',(-27.27990823773,78.639438120784,
    62.666623259912));
#637 = CARTESIAN_POINT('',(-55.09264378391,56.270390028836,
    64.444465290017));
#638 = CARTESIAN_POINT('',(-68.22172945584,26.43426331035,
    66.222217307969));
#639 = CARTESIAN_POINT('',(-67.00000005176,-2.799999911265,
    68.000001354642));
#640 = PCURVE('',#473,#641);
#641 = DEFINITIONAL_REPRESENTATION('',(#642),#646);
#642 = LINE('',#643,#644);
#643 = CARTESIAN_POINT('',(2.2,0.));
#644 = VECTOR('',#645,1.);
#645 = DIRECTION('',(0.,1.));
#646 = ( GEOMETRIC_REPRESENTATION_CONTEXT(2) 
PARAMETRIC_REPRESENTATION_CONTEXT() REPRESENTATION_CONTEXT('2D SPACE',''
  ) );
#647 = PCURVE('',#648,#723);
#648 = B_SPLINE_SURFACE_WITH_KNOTS('',1,9,(
    (#649,#650,#651,#652,#653,#654,#655,#656,#657,#658,#659,#660,#661
      ,#662,#663,#664,#665,#666,#667,#668,#669,#670,#671,#672,#673,#674
      ,#675,#676,#677,#678,#679,#680,#681,#682,#683,#684,#685)
    ,(#686,#687,#688,#689,#690,#691,#692,#693,#694,#695,#696,#697,#698
      ,#699,#700,#701,#702,#703,#704,#705,#706,#707,#708,#709,#710,#711
      ,#712,#713,#714,#715,#716,#717,#718,#719,#720,#721,#722
  )),.UNSPECIFIED.,.F.,.F.,.F.,(2,2),(10,9,9,9,10),(0.,8.),(0.,
    16.474867431233,32.949734862466,49.424602293699,65.899469724932),
  .PIECEWISE_BEZIER_KNOTS.);
#649 = CARTESIAN_POINT('',(67.,2.8,4.));
#650 = CARTESIAN_POINT('',(65.778270568237,32.03426319612,5.777784240954
    ));
#651 = CARTESIAN_POINT('',(50.205538611247,60.670911037212,
    7.555535578528));
#652 = CARTESIAN_POINT('',(20.623406136653,80.641367034893,
    9.333378133438));
#653 = CARTESIAN_POINT('',(-17.38090386379,84.192198539266,
    11.111049255965));
#654 = CARTESIAN_POINT('',(-53.07064337846,67.630823134488,
    12.88895032148));
#655 = CARTESIAN_POINT('',(-74.89628836508,36.316671936786,
    14.666627297652));
#656 = CARTESIAN_POINT('',(-78.74555612287,0.832792287983,
    16.444461749986));
#657 = CARTESIAN_POINT('',(-66.93189454662,-29.54820063226,
    18.222219785561));
#658 = CARTESIAN_POINT('',(-45.39625535217,-49.35605332682,
    20.000000000001));
#659 = CARTESIAN_POINT('',(-23.86061643723,-69.16390590981,
    21.777784240951));
#660 = CARTESIAN_POINT('',(7.400135810039,-78.4014894203,23.555535578536
    ));
#661 = CARTESIAN_POINT('',(42.439107144139,-71.60500780493,
    25.333378133423));
#662 = CARTESIAN_POINT('',(71.823029495358,-47.24271952484,
    27.111049255986));
#663 = CARTESIAN_POINT('',(85.34882547047,-10.2956018408,28.888950321455
    ));
#664 = CARTESIAN_POINT('',(78.639438385281,27.279908392036,
    30.666627297675));
#665 = CARTESIAN_POINT('',(56.270389796944,55.092643648637,
    32.44446174997));
#666 = CARTESIAN_POINT('',(26.434263472644,68.221729550517,
    34.222219785569));
#667 = CARTESIAN_POINT('',(-2.8,67.,35.999999999998));
#668 = CARTESIAN_POINT('',(-32.03426319612,65.778270568238,
    37.777784240961));
#669 = CARTESIAN_POINT('',(-60.6709110372,50.20553861124,39.555535578514
    ));
#670 = CARTESIAN_POINT('',(-80.6413670349,20.623406136672,
    41.333378133457));
#671 = CARTESIAN_POINT('',(-84.19219853924,-17.38090386382,
    43.111049255943));
#672 = CARTESIAN_POINT('',(-67.6308231345,-53.07064337843,
    44.888950321498));
#673 = CARTESIAN_POINT('',(-36.31667193677,-74.8962883651,
    46.666627297642));
#674 = CARTESIAN_POINT('',(-0.832792287985,-78.74555612286,
    48.444461749991));
#675 = CARTESIAN_POINT('',(29.548200632267,-66.93189454662,
    50.22221978556));
#676 = CARTESIAN_POINT('',(49.356053326821,-45.39625535217,
    52.000000000001));
#677 = CARTESIAN_POINT('',(69.163905904064,-23.86061642737,
    53.777784391465));
#678 = CARTESIAN_POINT('',(78.401489443978,7.400135769466,
    55.555534959142));
#679 = CARTESIAN_POINT('',(71.605007746953,42.439107243522,
    57.333379650576));
#680 = CARTESIAN_POINT('',(47.242719627726,71.823029319026,
    59.111046564153));
#681 = CARTESIAN_POINT('',(10.295601699551,85.348825712593,
    60.888954017632));
#682 = CARTESIAN_POINT('',(-27.27990823773,78.639438120785,
    62.666623259912));
#683 = CARTESIAN_POINT('',(-55.0926437839,56.270390028836,
    64.444465290017));
#684 = CARTESIAN_POINT('',(-68.22172945584,26.43426331035,
    66.222217307969));
#685 = CARTESIAN_POINT('',(-67.00000005176,-2.799999911265,
    68.000001354642));
#686 = CARTESIAN_POINT('',(67.,10.8,4.));
#687 = CARTESIAN_POINT('',(62.287615028995,40.034263207739,
    5.777784733516));
#688 = CARTESIAN_POINT('',(43.223959757715,66.957369719833,
    7.555533999259));
#689 = CARTESIAN_POINT('',(11.114117254738,83.501265775831,
    9.333380356083));
#690 = CARTESIAN_POINT('',(-27.50276419986,82.539873791239,
    11.111048151877));
#691 = CARTESIAN_POINT('',(-61.39624902587,61.64195752593,
    12.888949217397));
#692 = CARTESIAN_POINT('',(-79.59811786354,27.570335266115,
    14.666629520294));
#693 = CARTESIAN_POINT('',(-79.237080142,-8.5491267445,16.444460170719)
  );
#694 = CARTESIAN_POINT('',(-63.7433068494,-37.67332134276,
    18.222220278122));
#695 = CARTESIAN_POINT('',(-39.73940110268,-55.01290757631,
    20.000000000001));
#696 = CARTESIAN_POINT('',(-15.73549597693,-72.35249396494,
    21.777784733512));
#697 = CARTESIAN_POINT('',(16.782055124889,-77.9099652337,
    23.555533999269));
#698 = CARTESIAN_POINT('',(51.18544359003,-66.90317894551,
    25.333380356064));
#699 = CARTESIAN_POINT('',(77.811895543155,-38.91711340892,
    27.111048151902));
#700 = CARTESIAN_POINT('',(87.001150197821,-0.173742146623,
    28.88894921737));
#701 = CARTESIAN_POINT('',(75.77953993725,36.789197884765,
    30.666629520317));
#702 = CARTESIAN_POINT('',(49.983931195575,62.074222184083,
    32.444460170703));
#703 = CARTESIAN_POINT('',(18.434263537174,71.71238551976,
    34.222220278131));
#704 = CARTESIAN_POINT('',(-10.8,67.,35.999999999998));
#705 = CARTESIAN_POINT('',(-40.03426320774,62.287615028995,
    37.777784733524));
#706 = CARTESIAN_POINT('',(-66.95736971982,43.22395975771,
    39.555533999241));
#707 = CARTESIAN_POINT('',(-83.50126577585,11.114117254755,
    41.333380356109));
#708 = CARTESIAN_POINT('',(-82.5398737912,-27.50276419989,43.11104815185
    ));
#709 = CARTESIAN_POINT('',(-61.64195752596,-61.39624902584,
    44.888949217417));
#710 = CARTESIAN_POINT('',(-27.57033526609,-79.59811786357,
    46.666629520284));
#711 = CARTESIAN_POINT('',(8.549126744491,-79.23708014198,
    48.444460170723));
#712 = CARTESIAN_POINT('',(37.673321342772,-63.7433068494,
    50.222220278122));
#713 = CARTESIAN_POINT('',(55.012907576313,-39.73940110268,
    52.000000000001));
#714 = CARTESIAN_POINT('',(72.352493942757,-15.73549596708,
    53.777784884026));
#715 = CARTESIAN_POINT('',(77.909965325006,16.782055084319,
    55.555533379875));
#716 = CARTESIAN_POINT('',(66.903178721887,51.185443689409,
    57.333381873218));
#717 = CARTESIAN_POINT('',(38.917113805687,77.811895366826,
    59.111045460068));
#718 = CARTESIAN_POINT('',(0.173741601837,87.001150439941,
    60.888952913548));
#719 = CARTESIAN_POINT('',(-36.78919728964,75.779539672754,
    62.666625482553));
#720 = CARTESIAN_POINT('',(-62.07422270583,49.983931427466,
    64.444463710751));
#721 = CARTESIAN_POINT('',(-71.71238515459,18.434263374879,
    66.22221780053));
#722 = CARTESIAN_POINT('',(-67.00000019965,-10.79999991126,
    68.000001354642));
#723 = DEFINITIONAL_REPRESENTATION('',(#724),#727);
#724 = B_SPLINE_CURVE_WITH_KNOTS('',1,(#725,#726),.UNSPECIFIED.,.F.,.F.,
  (2,2),(0.,65.899469724932),.PIECEWISE_BEZIER_KNOTS.);
#725 = CARTESIAN_POINT('',(0.,0.));
#726 = CARTESIAN_POINT('',(0.,65.899469724932));
#727 = ( GEOMETRIC_REPRESENTATION_CONTEXT(2) 
PARAMETRIC_REPRESENTATION_CONTEXT() REPRESENTATION_CONTEXT('2D SPACE',''
  ) );
#728 = ORIENTED_EDGE('',*,*,#729,.F.);
#729 = EDGE_CURVE('',#424,#599,#730,.T.);
#730 = SURFACE_CURVE('',#731,(#734,#741),.PCURVE_S1.);
#731 = B_SPLINE_CURVE_WITH_KNOTS('',1,(#732,#733),.UNSPECIFIED.,.F.,.F.,
  (2,2),(0.,2.2),.PIECEWISE_BEZIER_KNOTS.);
#732 = CARTESIAN_POINT('',(-69.20000005176,-2.799999870595,
    68.000001975519));
#733 = CARTESIAN_POINT('',(-67.00000005176,-2.799999911265,
    68.000001354642));
#734 = PCURVE('',#473,#735);
#735 = DEFINITIONAL_REPRESENTATION('',(#736),#740);
#736 = LINE('',#737,#738);
#737 = CARTESIAN_POINT('',(0.,65.899469724932));
#738 = VECTOR('',#739,1.);
#739 = DIRECTION('',(1.,0.));
#740 = ( GEOMETRIC_REPRESENTATION_CONTEXT(2) 
PARAMETRIC_REPRESENTATION_CONTEXT() REPRESENTATION_CONTEXT('2D SPACE',''
  ) );
#741 = PCURVE('',#387,#742);
#742 = DEFINITIONAL_REPRESENTATION('',(#743),#746);
#743 = B_SPLINE_CURVE_WITH_KNOTS('',1,(#744,#745),.UNSPECIFIED.,.F.,.F.,
  (2,2),(0.,2.2),.PIECEWISE_BEZIER_KNOTS.);
#744 = CARTESIAN_POINT('',(-6.587919394166,3.72818804125));
#745 = CARTESIAN_POINT('',(-4.387919394166,3.72818800058));
#746 = ( GEOMETRIC_REPRESENTATION_CONTEXT(2) 
PARAMETRIC_REPRESENTATION_CONTEXT() REPRESENTATION_CONTEXT('2D SPACE',''
  ) );
#747 = ADVANCED_FACE('',(#748),#648,.T.);
#748 = FACE_BOUND('',#749,.T.);
#749 = EDGE_LOOP('',(#750,#751,#772,#903));
#750 = ORIENTED_EDGE('',*,*,#598,.F.);
#751 = ORIENTED_EDGE('',*,*,#752,.T.);
#752 = EDGE_CURVE('',#578,#753,#755,.T.);
#753 = VERTEX_POINT('',#754);
#754 = CARTESIAN_POINT('',(67.,10.8,4.));
#755 = SURFACE_CURVE('',#756,(#759,#766),.PCURVE_S1.);
#756 = B_SPLINE_CURVE_WITH_KNOTS('',1,(#757,#758),.UNSPECIFIED.,.F.,.F.,
  (2,2),(0.,8.),.PIECEWISE_BEZIER_KNOTS.);
#757 = CARTESIAN_POINT('',(67.,2.8,4.));
#758 = CARTESIAN_POINT('',(67.,10.8,4.));
#759 = PCURVE('',#648,#760);
#760 = DEFINITIONAL_REPRESENTATION('',(#761),#765);
#761 = LINE('',#762,#763);
#762 = CARTESIAN_POINT('',(0.,0.));
#763 = VECTOR('',#764,1.);
#764 = DIRECTION('',(1.,0.));
#765 = ( GEOMETRIC_REPRESENTATION_CONTEXT(2) 
PARAMETRIC_REPRESENTATION_CONTEXT() REPRESENTATION_CONTEXT('2D SPACE',''
  ) );
#766 = PCURVE('',#235,#767);
#767 = DEFINITIONAL_REPRESENTATION('',(#768),#771);
#768 = B_SPLINE_CURVE_WITH_KNOTS('',1,(#769,#770),.UNSPECIFIED.,.F.,.F.,
  (2,2),(0.,8.),.PIECEWISE_BEZIER_KNOTS.);
#769 = CARTESIAN_POINT('',(4.387919463087,-3.728187919463));
#770 = CARTESIAN_POINT('',(4.387919463087,4.271812080537));
#771 = ( GEOMETRIC_REPRESENTATION_CONTEXT(2) 
PARAMETRIC_REPRESENTATION_CONTEXT() REPRESENTATION_CONTEXT('2D SPACE',''
  ) );
#772 = ORIENTED_EDGE('',*,*,#773,.T.);
#773 = EDGE_CURVE('',#753,#774,#776,.T.);
#774 = VERTEX_POINT('',#775);
#775 = CARTESIAN_POINT('',(-67.00000019965,-10.79999991126,
    68.000001354642));
#776 = SURFACE_CURVE('',#777,(#815,#822),.PCURVE_S1.);
#777 = B_SPLINE_CURVE_WITH_KNOTS('',9,(#778,#779,#780,#781,#782,#783,
    #784,#785,#786,#787,#788,#789,#790,#791,#792,#793,#794,#795,#796,
    #797,#798,#799,#800,#801,#802,#803,#804,#805,#806,#807,#808,#809,
    #810,#811,#812,#813,#814),.UNSPECIFIED.,.F.,.F.,(10,9,9,9,10),(0.,
    16.474867431233,32.949734862466,49.424602293699,65.899469724932),
  .PIECEWISE_BEZIER_KNOTS.);
#778 = CARTESIAN_POINT('',(67.,10.8,4.));
#779 = CARTESIAN_POINT('',(62.287615028995,40.034263207739,
    5.777784733516));
#780 = CARTESIAN_POINT('',(43.223959757715,66.957369719833,
    7.555533999259));
#781 = CARTESIAN_POINT('',(11.114117254738,83.501265775831,
    9.333380356083));
#782 = CARTESIAN_POINT('',(-27.50276419986,82.539873791239,
    11.111048151877));
#783 = CARTESIAN_POINT('',(-61.39624902587,61.64195752593,
    12.888949217397));
#784 = CARTESIAN_POINT('',(-79.59811786354,27.570335266115,
    14.666629520294));
#785 = CARTESIAN_POINT('',(-79.237080142,-8.5491267445,16.444460170719)
  );
#786 = CARTESIAN_POINT('',(-63.7433068494,-37.67332134276,
    18.222220278122));
#787 = CARTESIAN_POINT('',(-39.73940110268,-55.01290757631,
    20.000000000001));
#788 = CARTESIAN_POINT('',(-15.73549597693,-72.35249396494,
    21.777784733512));
#789 = CARTESIAN_POINT('',(16.782055124889,-77.9099652337,
    23.555533999269));
#790 = CARTESIAN_POINT('',(51.18544359003,-66.90317894551,
    25.333380356064));
#791 = CARTESIAN_POINT('',(77.811895543155,-38.91711340892,
    27.111048151902));
#792 = CARTESIAN_POINT('',(87.001150197821,-0.173742146623,
    28.88894921737));
#793 = CARTESIAN_POINT('',(75.77953993725,36.789197884765,
    30.666629520317));
#794 = CARTESIAN_POINT('',(49.983931195575,62.074222184083,
    32.444460170703));
#795 = CARTESIAN_POINT('',(18.434263537174,71.71238551976,
    34.222220278131));
#796 = CARTESIAN_POINT('',(-10.8,67.,35.999999999998));
#797 = CARTESIAN_POINT('',(-40.03426320774,62.287615028995,
    37.777784733524));
#798 = CARTESIAN_POINT('',(-66.95736971982,43.22395975771,
    39.555533999241));
#799 = CARTESIAN_POINT('',(-83.50126577585,11.114117254755,
    41.333380356109));
#800 = CARTESIAN_POINT('',(-82.5398737912,-27.50276419989,43.11104815185
    ));
#801 = CARTESIAN_POINT('',(-61.64195752596,-61.39624902584,
    44.888949217417));
#802 = CARTESIAN_POINT('',(-27.57033526609,-79.59811786357,
    46.666629520284));
#803 = CARTESIAN_POINT('',(8.549126744491,-79.23708014198,
    48.444460170723));
#804 = CARTESIAN_POINT('',(37.673321342772,-63.7433068494,
    50.222220278122));
#805 = CARTESIAN_POINT('',(55.012907576313,-39.73940110268,
    52.000000000001));
#806 = CARTESIAN_POINT('',(72.352493942757,-15.73549596708,
    53.777784884026));
#807 = CARTESIAN_POINT('',(77.909965325006,16.782055084319,
    55.555533379875));
#808 = CARTESIAN_POINT('',(66.903178721887,51.185443689409,
    57.333381873218));
#809 = CARTESIAN_POINT('',(38.917113805687,77.811895366826,
    59.111045460068));
#810 = CARTESIAN_POINT('',(0.173741601837,87.001150439941,
    60.888952913548));
#811 = CARTESIAN_POINT('',(-36.78919728964,75.779539672754,
    62.666625482553));
#812 = CARTESIAN_POINT('',(-62.07422270583,49.983931427466,
    64.444463710751));
#813 = CARTESIAN_POINT('',(-71.71238515459,18.434263374879,
    66.22221780053));
#814 = CARTESIAN_POINT('',(-67.00000019965,-10.79999991126,
    68.000001354642));
#815 = PCURVE('',#648,#816);
#816 = DEFINITIONAL_REPRESENTATION('',(#817),#821);
#817 = LINE('',#818,#819);
#818 = CARTESIAN_POINT('',(8.,0.));
#819 = VECTOR('',#820,1.);
#820 = DIRECTION('',(0.,1.));
#821 = ( GEOMETRIC_REPRESENTATION_CONTEXT(2) 
PARAMETRIC_REPRESENTATION_CONTEXT() REPRESENTATION_CONTEXT('2D SPACE',''
  ) );
#822 = PCURVE('',#823,#898);
#823 = B_SPLINE_SURFACE_WITH_KNOTS('',1,9,(
    (#824,#825,#826,#827,#828,#829,#830,#831,#832,#833,#834,#835,#836
      ,#837,#838,#839,#840,#841,#842,#843,#844,#845,#846,#847,#848,#849
      ,#850,#851,#852,#853,#854,#855,#856,#857,#858,#859,#860)
    ,(#861,#862,#863,#864,#865,#866,#867,#868,#869,#870,#871,#872,#873
      ,#874,#875,#876,#877,#878,#879,#880,#881,#882,#883,#884,#885,#886
      ,#887,#888,#889,#890,#891,#892,#893,#894,#895,#896,#897
  )),.UNSPECIFIED.,.F.,.F.,.F.,(2,2),(10,9,9,9,10),(0.,2.2),(0.,
    16.474867431233,32.949734862466,49.424602293699,65.899469724932),
  .PIECEWISE_BEZIER_KNOTS.);
#824 = CARTESIAN_POINT('',(67.,10.8,4.));
#825 = CARTESIAN_POINT('',(62.287615028996,40.034263207739,
    5.777784733516));
#826 = CARTESIAN_POINT('',(43.223959757713,66.957369719833,
    7.555533999259));
#827 = CARTESIAN_POINT('',(11.114117254741,83.501265775831,
    9.333380356082));
#828 = CARTESIAN_POINT('',(-27.50276419986,82.539873791238,
    11.111048151878));
#829 = CARTESIAN_POINT('',(-61.39624902587,61.64195752593,
    12.888949217396));
#830 = CARTESIAN_POINT('',(-79.59811786354,27.570335266115,
    14.666629520295));
#831 = CARTESIAN_POINT('',(-79.237080142,-8.5491267445,16.444460170719)
  );
#832 = CARTESIAN_POINT('',(-63.7433068494,-37.67332134276,
    18.222220278122));
#833 = CARTESIAN_POINT('',(-39.73940110268,-55.01290757631,
    20.000000000001));
#834 = CARTESIAN_POINT('',(-15.73549597693,-72.35249396494,
    21.777784733512));
#835 = CARTESIAN_POINT('',(16.782055124889,-77.9099652337,
    23.555533999269));
#836 = CARTESIAN_POINT('',(51.185443590031,-66.9031789455,
    25.333380356065));
#837 = CARTESIAN_POINT('',(77.811895543153,-38.91711340892,
    27.111048151901));
#838 = CARTESIAN_POINT('',(87.001150197823,-0.173742146622,
    28.888949217371));
#839 = CARTESIAN_POINT('',(75.779539937248,36.789197884764,
    30.666629520317));
#840 = CARTESIAN_POINT('',(49.983931195576,62.074222184084,
    32.444460170704));
#841 = CARTESIAN_POINT('',(18.434263537174,71.71238551976,34.22222027813
    ));
#842 = CARTESIAN_POINT('',(-10.8,67.,35.999999999998));
#843 = CARTESIAN_POINT('',(-40.03426320774,62.287615028995,
    37.777784733524));
#844 = CARTESIAN_POINT('',(-66.95736971982,43.223959757712,
    39.555533999243));
#845 = CARTESIAN_POINT('',(-83.50126577586,11.114117254751,
    41.333380356105));
#846 = CARTESIAN_POINT('',(-82.53987379119,-27.50276419988,
    43.111048151855));
#847 = CARTESIAN_POINT('',(-61.64195752596,-61.39624902584,
    44.888949217412));
#848 = CARTESIAN_POINT('',(-27.57033526609,-79.59811786357,
    46.666629520288));
#849 = CARTESIAN_POINT('',(8.549126744489,-79.23708014198,
    48.444460170721));
#850 = CARTESIAN_POINT('',(37.673321342772,-63.7433068494,
    50.222220278122));
#851 = CARTESIAN_POINT('',(55.012907576313,-39.73940110268,
    52.000000000001));
#852 = CARTESIAN_POINT('',(72.352493942757,-15.73549596708,
    53.777784884026));
#853 = CARTESIAN_POINT('',(77.909965325005,16.782055084318,
    55.555533379875));
#854 = CARTESIAN_POINT('',(66.90317872189,51.185443689411,
    57.333381873218));
#855 = CARTESIAN_POINT('',(38.917113805684,77.811895366823,
    59.111045460068));
#856 = CARTESIAN_POINT('',(0.173741601841,87.001150439944,
    60.888952913548));
#857 = CARTESIAN_POINT('',(-36.78919728964,75.779539672752,
    62.666625482553));
#858 = CARTESIAN_POINT('',(-62.07422270583,49.983931427467,
    64.444463710751));
#859 = CARTESIAN_POINT('',(-71.71238515459,18.434263374879,
    66.22221780053));
#860 = CARTESIAN_POINT('',(-67.00000019965,-10.79999991126,
    68.000001354642));
#861 = CARTESIAN_POINT('',(69.2,10.8,4.));
#862 = CARTESIAN_POINT('',(64.48761503219,40.99419348103,5.77778761679)
  );
#863 = CARTESIAN_POINT('',(44.952735895435,68.877303904555,
    7.555525096461));
#864 = CARTESIAN_POINT('',(11.900589408498,86.116320218357,
    9.333400532917));
#865 = CARTESIAN_POINT('',(-27.95715350557,85.323385383655,
    11.111019978713));
#866 = CARTESIAN_POINT('',(-63.04318706822,63.931499078971,
    12.888977551116));
#867 = CARTESIAN_POINT('',(-82.00336044797,28.863338378189,
    14.666611119613));
#868 = CARTESIAN_POINT('',(-81.81710787593,-8.413957639239,
    16.444468355767));
#869 = CARTESIAN_POINT('',(-65.97771504478,-38.5501829595,
    18.222219082304));
#870 = CARTESIAN_POINT('',(-41.29503602129,-56.56854249492,
    20.000000000001));
#871 = CARTESIAN_POINT('',(-16.61235769209,-74.58690209152,
    21.777787616785));
#872 = CARTESIAN_POINT('',(16.917224276204,-80.48999304529,
    23.555525096474));
#873 = CARTESIAN_POINT('',(52.47844652637,-69.30842146813,
    25.333400532894));
#874 = CARTESIAN_POINT('',(80.101437225038,-40.56405157206,
    27.111019978744));
#875 = CARTESIAN_POINT('',(89.784661613717,-0.62813144665,
    28.888977551082));
#876 = CARTESIAN_POINT('',(78.394594547753,37.575669957979,
    30.666611119644));
#877 = CARTESIAN_POINT('',(51.903865292821,63.802998299457,
    32.444468355745));
#878 = CARTESIAN_POINT('',(19.394193928716,73.912385502015,
    34.222219082316));
#879 = CARTESIAN_POINT('',(-10.8,69.2,35.999999999997));
#880 = CARTESIAN_POINT('',(-40.99419348103,64.48761503219,
    37.777787616802));
#881 = CARTESIAN_POINT('',(-68.87730390454,44.952735895431,
    39.555525096436));
#882 = CARTESIAN_POINT('',(-86.11632021838,11.900589408515,
    41.333400532955));
#883 = CARTESIAN_POINT('',(-85.32338538361,-27.9571535056,
    43.111019978671));
#884 = CARTESIAN_POINT('',(-63.931499079,-63.04318706818,44.88897755115)
  );
#885 = CARTESIAN_POINT('',(-28.86333837816,-82.00336044801,
    46.666611119594));
#886 = CARTESIAN_POINT('',(8.413957639231,-81.81710787591,
    48.444468355774));
#887 = CARTESIAN_POINT('',(38.550182959508,-65.97771504479,
    50.222219082303));
#888 = CARTESIAN_POINT('',(56.568542494924,-41.29503602129,
    52.000000000001));
#889 = CARTESIAN_POINT('',(74.586902069337,-16.61235767772,
    53.777787836285));
#890 = CARTESIAN_POINT('',(80.48999313659,16.917224217037,
    55.555524193191));
#891 = CARTESIAN_POINT('',(69.308421244508,52.4784466713,57.333402745408
    ));
#892 = CARTESIAN_POINT('',(40.564051968829,80.101436967891,
    59.111016053156));
#893 = CARTESIAN_POINT('',(0.628130901862,89.784661966808,
    60.888982941337));
#894 = CARTESIAN_POINT('',(-37.57566936285,78.394594162031,
    62.666605231242));
#895 = CARTESIAN_POINT('',(-63.80299882121,51.903865630996,
    64.444473518312));
#896 = CARTESIAN_POINT('',(-73.91238513685,19.394193692036,
    66.222215469149));
#897 = CARTESIAN_POINT('',(-69.20000019965,-10.79999987059,
    68.000001975519));
#898 = DEFINITIONAL_REPRESENTATION('',(#899),#902);
#899 = B_SPLINE_CURVE_WITH_KNOTS('',1,(#900,#901),.UNSPECIFIED.,.F.,.F.,
  (2,2),(0.,65.899469724932),.PIECEWISE_BEZIER_KNOTS.);
#900 = CARTESIAN_POINT('',(0.,0.));
#901 = CARTESIAN_POINT('',(0.,65.899469724932));
#902 = ( GEOMETRIC_REPRESENTATION_CONTEXT(2) 
PARAMETRIC_REPRESENTATION_CONTEXT() REPRESENTATION_CONTEXT('2D SPACE',''
  ) );
#903 = ORIENTED_EDGE('',*,*,#904,.F.);
#904 = EDGE_CURVE('',#599,#774,#905,.T.);
#905 = SURFACE_CURVE('',#906,(#909,#916),.PCURVE_S1.);
#906 = B_SPLINE_CURVE_WITH_KNOTS('',1,(#907,#908),.UNSPECIFIED.,.F.,.F.,
  (2,2),(0.,8.),.PIECEWISE_BEZIER_KNOTS.);
#907 = CARTESIAN_POINT('',(-67.00000005176,-2.799999911265,
    68.000001354642));
#908 = CARTESIAN_POINT('',(-67.00000019965,-10.79999991126,
    68.000001354642));
#909 = PCURVE('',#648,#910);
#910 = DEFINITIONAL_REPRESENTATION('',(#911),#915);
#911 = LINE('',#912,#913);
#912 = CARTESIAN_POINT('',(0.,65.899469724932));
#913 = VECTOR('',#914,1.);
#914 = DIRECTION('',(1.,0.));
#915 = ( GEOMETRIC_REPRESENTATION_CONTEXT(2) 
PARAMETRIC_REPRESENTATION_CONTEXT() REPRESENTATION_CONTEXT('2D SPACE',''
  ) );
#916 = PCURVE('',#387,#917);
#917 = DEFINITIONAL_REPRESENTATION('',(#918),#921);
#918 = B_SPLINE_CURVE_WITH_KNOTS('',1,(#919,#920),.UNSPECIFIED.,.F.,.F.,
  (2,2),(0.,8.),.PIECEWISE_BEZIER_KNOTS.);
#919 = CARTESIAN_POINT('',(-4.387919394166,3.72818800058));
#920 = CARTESIAN_POINT('',(-4.387919542058,-4.27181199942));
#921 = ( GEOMETRIC_REPRESENTATION_CONTEXT(2) 
PARAMETRIC_REPRESENTATION_CONTEXT() REPRESENTATION_CONTEXT('2D SPACE',''
  ) );
#922 = ADVANCED_FACE('',(#923),#823,.T.);
#923 = FACE_BOUND('',#924,.T.);
#924 = EDGE_LOOP('',(#925,#926,#947,#1078));
#925 = ORIENTED_EDGE('',*,*,#773,.F.);
#926 = ORIENTED_EDGE('',*,*,#927,.T.);
#927 = EDGE_CURVE('',#753,#928,#930,.T.);
#928 = VERTEX_POINT('',#929);
#929 = CARTESIAN_POINT('',(69.2,10.8,4.));
#930 = SURFACE_CURVE('',#931,(#934,#941),.PCURVE_S1.);
#931 = B_SPLINE_CURVE_WITH_KNOTS('',1,(#932,#933),.UNSPECIFIED.,.F.,.F.,
  (2,2),(0.,2.2),.PIECEWISE_BEZIER_KNOTS.);
#932 = CARTESIAN_POINT('',(67.,10.8,4.));
#933 = CARTESIAN_POINT('',(69.2,10.8,4.));
#934 = PCURVE('',#823,#935);
#935 = DEFINITIONAL_REPRESENTATION('',(#936),#940);
#936 = LINE('',#937,#938);
#937 = CARTESIAN_POINT('',(0.,0.));
#938 = VECTOR('',#939,1.);
#939 = DIRECTION('',(1.,0.));
#940 = ( GEOMETRIC_REPRESENTATION_CONTEXT(2) 
PARAMETRIC_REPRESENTATION_CONTEXT() REPRESENTATION_CONTEXT('2D SPACE',''
  ) );
#941 = PCURVE('',#235,#942);
#942 = DEFINITIONAL_REPRESENTATION('',(#943),#946);
#943 = B_SPLINE_CURVE_WITH_KNOTS('',1,(#944,#945),.UNSPECIFIED.,.F.,.F.,
  (2,2),(0.,2.2),.PIECEWISE_BEZIER_KNOTS.);
#944 = CARTESIAN_POINT('',(4.387919463087,4.271812080537));
#945 = CARTESIAN_POINT('',(6.587919463087,4.271812080537));
#946 = ( GEOMETRIC_REPRESENTATION_CONTEXT(2) 
PARAMETRIC_REPRESENTATION_CONTEXT() REPRESENTATION_CONTEXT('2D SPACE',''
  ) );
#947 = ORIENTED_EDGE('',*,*,#948,.T.);
#948 = EDGE_CURVE('',#928,#949,#951,.T.);
#949 = VERTEX_POINT('',#950);
#950 = CARTESIAN_POINT('',(-69.20000019965,-10.79999987059,
    68.000001975519));
#951 = SURFACE_CURVE('',#952,(#990,#997),.PCURVE_S1.);
#952 = B_SPLINE_CURVE_WITH_KNOTS('',9,(#953,#954,#955,#956,#957,#958,
    #959,#960,#961,#962,#963,#964,#965,#966,#967,#968,#969,#970,#971,
    #972,#973,#974,#975,#976,#977,#978,#979,#980,#981,#982,#983,#984,
    #985,#986,#987,#988,#989),.UNSPECIFIED.,.F.,.F.,(10,9,9,9,10),(0.,
    16.474867431233,32.949734862466,49.424602293699,65.899469724932),
  .PIECEWISE_BEZIER_KNOTS.);
#953 = CARTESIAN_POINT('',(69.2,10.8,4.));
#954 = CARTESIAN_POINT('',(64.48761503219,40.99419348103,5.77778761679)
  );
#955 = CARTESIAN_POINT('',(44.952735895435,68.877303904555,
    7.555525096461));
#956 = CARTESIAN_POINT('',(11.900589408498,86.116320218357,
    9.333400532917));
#957 = CARTESIAN_POINT('',(-27.95715350557,85.323385383655,
    11.111019978713));
#958 = CARTESIAN_POINT('',(-63.04318706822,63.931499078971,
    12.888977551116));
#959 = CARTESIAN_POINT('',(-82.00336044797,28.863338378189,
    14.666611119613));
#960 = CARTESIAN_POINT('',(-81.81710787593,-8.413957639239,
    16.444468355767));
#961 = CARTESIAN_POINT('',(-65.97771504478,-38.5501829595,
    18.222219082304));
#962 = CARTESIAN_POINT('',(-41.29503602129,-56.56854249492,
    20.000000000001));
#963 = CARTESIAN_POINT('',(-16.61235769209,-74.58690209152,
    21.777787616785));
#964 = CARTESIAN_POINT('',(16.917224276204,-80.48999304529,
    23.555525096474));
#965 = CARTESIAN_POINT('',(52.47844652637,-69.30842146813,
    25.333400532894));
#966 = CARTESIAN_POINT('',(80.101437225038,-40.56405157206,
    27.111019978744));
#967 = CARTESIAN_POINT('',(89.784661613717,-0.62813144665,
    28.888977551082));
#968 = CARTESIAN_POINT('',(78.394594547753,37.575669957979,
    30.666611119644));
#969 = CARTESIAN_POINT('',(51.903865292821,63.802998299457,
    32.444468355745));
#970 = CARTESIAN_POINT('',(19.394193928716,73.912385502015,
    34.222219082316));
#971 = CARTESIAN_POINT('',(-10.8,69.2,35.999999999997));
#972 = CARTESIAN_POINT('',(-40.99419348103,64.48761503219,
    37.777787616802));
#973 = CARTESIAN_POINT('',(-68.87730390454,44.952735895431,
    39.555525096436));
#974 = CARTESIAN_POINT('',(-86.11632021838,11.900589408515,
    41.333400532955));
#975 = CARTESIAN_POINT('',(-85.32338538361,-27.9571535056,
    43.111019978671));
#976 = CARTESIAN_POINT('',(-63.931499079,-63.04318706818,44.88897755115)
  );
#977 = CARTESIAN_POINT('',(-28.86333837816,-82.00336044801,
    46.666611119594));
#978 = CARTESIAN_POINT('',(8.413957639231,-81.81710787591,
    48.444468355774));
#979 = CARTESIAN_POINT('',(38.550182959508,-65.97771504479,
    50.222219082303));
#980 = CARTESIAN_POINT('',(56.568542494924,-41.29503602129,
    52.000000000001));
#981 = CARTESIAN_POINT('',(74.586902069337,-16.61235767772,
    53.777787836285));
#982 = CARTESIAN_POINT('',(80.48999313659,16.917224217037,
    55.555524193191));
#983 = CARTESIAN_POINT('',(69.308421244508,52.4784466713,57.333402745408
    ));
#984 = CARTESIAN_POINT('',(40.564051968829,80.101436967891,
    59.111016053156));
#985 = CARTESIAN_POINT('',(0.628130901862,89.784661966808,
    60.888982941337));
#986 = CARTESIAN_POINT('',(-37.57566936285,78.394594162031,
    62.666605231242));
#987 = CARTESIAN_POINT('',(-63.80299882121,51.903865630996,
    64.444473518312));
#988 = CARTESIAN_POINT('',(-73.91238513685,19.394193692036,
    66.222215469149));
#989 = CARTESIAN_POINT('',(-69.20000019965,-10.79999987059,
    68.000001975519));
#990 = PCURVE('',#823,#991);
#991 = DEFINITIONAL_REPRESENTATION('',(#992),#996);
#992 = LINE('',#993,#994);
#993 = CARTESIAN_POINT('',(2.2,0.));
#994 = VECTOR('',#995,1.);
#995 = DIRECTION('',(0.,1.));
#996 = ( GEOMETRIC_REPRESENTATION_CONTEXT(2) 
PARAMETRIC_REPRESENTATION_CONTEXT() REPRESENTATION_CONTEXT('2D SPACE',''
  ) );
#997 = PCURVE('',#998,#1073);
#998 = B_SPLINE_SURFACE_WITH_KNOTS('',1,9,(
    (#999,#1000,#1001,#1002,#1003,#1004,#1005,#1006,#1007,#1008,#1009
      ,#1010,#1011,#1012,#1013,#1014,#1015,#1016,#1017,#1018,#1019,#1020
      ,#1021,#1022,#1023,#1024,#1025,#1026,#1027,#1028,#1029,#1030,#1031
      ,#1032,#1033,#1034,#1035)
    ,(#1036,#1037,#1038,#1039,#1040,#1041,#1042,#1043,#1044,#1045,#1046
      ,#1047,#1048,#1049,#1050,#1051,#1052,#1053,#1054,#1055,#1056,#1057
      ,#1058,#1059,#1060,#1061,#1062,#1063,#1064,#1065,#1066,#1067,#1068
      ,#1069,#1070,#1071,#1072
    )),.UNSPECIFIED.,.F.,.F.,.F.,(2,2),(10,9,9,9,10),(0.,2.8),(0.,
    16.474867431233,32.949734862466,49.424602293699,65.899469724932),
  .PIECEWISE_BEZIER_KNOTS.);
#999 = CARTESIAN_POINT('',(69.2,10.8,4.));
#1000 = CARTESIAN_POINT('',(64.487615032191,40.994193481031,
    5.77778761679));
#1001 = CARTESIAN_POINT('',(44.952735895433,68.877303904552,
    7.555525096461));
#1002 = CARTESIAN_POINT('',(11.900589408502,86.116320218364,
    9.333400532917));
#1003 = CARTESIAN_POINT('',(-27.95715350557,85.323385383647,
    11.111019978713));
#1004 = CARTESIAN_POINT('',(-63.04318706822,63.931499078979,
    12.888977551116));
#1005 = CARTESIAN_POINT('',(-82.00336044798,28.863338378184,
    14.666611119613));
#1006 = CARTESIAN_POINT('',(-81.81710787593,-8.413957639237,
    16.444468355767));
#1007 = CARTESIAN_POINT('',(-65.97771504478,-38.5501829595,
    18.222219082304));
#1008 = CARTESIAN_POINT('',(-41.29503602129,-56.56854249492,
    20.000000000001));
#1009 = CARTESIAN_POINT('',(-16.61235769209,-74.58690209152,
    21.777787616785));
#1010 = CARTESIAN_POINT('',(16.917224276204,-80.48999304529,
    23.555525096474));
#1011 = CARTESIAN_POINT('',(52.478446526371,-69.30842146813,
    25.333400532894));
#1012 = CARTESIAN_POINT('',(80.101437225036,-40.56405157206,
    27.111019978744));
#1013 = CARTESIAN_POINT('',(89.784661613718,-0.62813144665,
    28.888977551082));
#1014 = CARTESIAN_POINT('',(78.394594547753,37.575669957979,
    30.666611119644));
#1015 = CARTESIAN_POINT('',(51.903865292821,63.802998299457,
    32.444468355745));
#1016 = CARTESIAN_POINT('',(19.394193928716,73.912385502015,
    34.222219082316));
#1017 = CARTESIAN_POINT('',(-10.8,69.2,35.999999999997));
#1018 = CARTESIAN_POINT('',(-40.99419348103,64.48761503219,
    37.777787616802));
#1019 = CARTESIAN_POINT('',(-68.87730390454,44.952735895432,
    39.555525096436));
#1020 = CARTESIAN_POINT('',(-86.11632021838,11.900589408514,
    41.333400532955));
#1021 = CARTESIAN_POINT('',(-85.32338538361,-27.9571535056,
    43.111019978671));
#1022 = CARTESIAN_POINT('',(-63.931499079,-63.04318706818,44.88897755115
    ));
#1023 = CARTESIAN_POINT('',(-28.86333837816,-82.00336044801,
    46.666611119594));
#1024 = CARTESIAN_POINT('',(8.413957639231,-81.81710787591,
    48.444468355774));
#1025 = CARTESIAN_POINT('',(38.550182959508,-65.97771504479,
    50.222219082303));
#1026 = CARTESIAN_POINT('',(56.568542494924,-41.29503602129,
    52.000000000001));
#1027 = CARTESIAN_POINT('',(74.586902069337,-16.61235767772,
    53.777787836285));
#1028 = CARTESIAN_POINT('',(80.48999313659,16.917224217036,
    55.555524193191));
#1029 = CARTESIAN_POINT('',(69.308421244507,52.478446671302,
    57.333402745408));
#1030 = CARTESIAN_POINT('',(40.56405196883,80.101436967887,
    59.111016053156));
#1031 = CARTESIAN_POINT('',(0.628130901861,89.784661966812,
    60.888982941337));
#1032 = CARTESIAN_POINT('',(-37.57566936285,78.394594162029,
    62.666605231242));
#1033 = CARTESIAN_POINT('',(-63.80299882121,51.903865630997,
    64.444473518312));
#1034 = CARTESIAN_POINT('',(-73.91238513685,19.394193692036,
    66.222215469149));
#1035 = CARTESIAN_POINT('',(-69.20000019965,-10.79999987059,
    68.000001975519));
#1036 = CARTESIAN_POINT('',(69.2,13.6,4.));
#1037 = CARTESIAN_POINT('',(63.265885593456,43.794193485098,
    5.777787789187));
#1038 = CARTESIAN_POINT('',(42.509183296699,71.077564443467,
    7.555524543717));
#1039 = CARTESIAN_POINT('',(8.572338299828,87.117284777695,
    9.333401310842));
#1040 = CARTESIAN_POINT('',(-31.49980462319,84.745071721835,
    11.111019592282));
#1041 = CARTESIAN_POINT('',(-65.95714904482,61.835396115985,
    12.888977164688));
#1042 = CARTESIAN_POINT('',(-83.64900077244,25.80212054345,
    14.666611897537));
#1043 = CARTESIAN_POINT('',(-81.98914128263,-11.6976293006,
    16.444467803023));
#1044 = CARTESIAN_POINT('',(-64.86170935076,-41.39397520818,
    18.222219254701));
#1045 = CARTESIAN_POINT('',(-39.31513703397,-58.54844148224,
    20.000000000002));
#1046 = CARTESIAN_POINT('',(-13.76856553099,-75.70290791081,
    21.777787789181));
#1047 = CARTESIAN_POINT('',(20.2008960364,-80.31795957998,23.55552454373
    ));
#1048 = CARTESIAN_POINT('',(55.539664282435,-67.66278136733,
    25.33340131082));
#1049 = CARTESIAN_POINT('',(82.197540341762,-37.65008943149,
    27.111019592313));
#1050 = CARTESIAN_POINT('',(90.362975268293,2.914519446311,
    28.888977164654));
#1051 = CARTESIAN_POINT('',(77.39363009094,40.903921280436,
    30.666611897567));
#1052 = CARTESIAN_POINT('',(49.703604782343,66.246550786862,
    32.444467803002));
#1053 = CARTESIAN_POINT('',(16.594193951301,75.13411509125,
    34.222219254712));
#1054 = CARTESIAN_POINT('',(-13.6,69.2,35.999999999997));
#1055 = CARTESIAN_POINT('',(-43.7941934851,63.265885593455,
    37.777787789199));
#1056 = CARTESIAN_POINT('',(-71.07756444345,42.509183296697,
    39.555524543691));
#1057 = CARTESIAN_POINT('',(-87.11728477771,8.57233829984,
    41.333401310881));
#1058 = CARTESIAN_POINT('',(-84.7450717218,-31.49980462322,
    43.111019592242));
#1059 = CARTESIAN_POINT('',(-61.83539611601,-65.95714904478,
    44.888977164717));
#1060 = CARTESIAN_POINT('',(-25.80212054342,-83.64900077247,
    46.666611897522));
#1061 = CARTESIAN_POINT('',(11.697629300597,-81.98914128261,
    48.444467803028));
#1062 = CARTESIAN_POINT('',(41.393975208185,-64.86170935076,
    50.2222192547));
#1063 = CARTESIAN_POINT('',(58.548441482246,-39.31513703397,
    52.000000000001));
#1064 = CARTESIAN_POINT('',(75.70290788288,-13.76856551661,
    53.777788008681));
#1065 = CARTESIAN_POINT('',(80.317959694949,20.200895977234,
    55.555523640447));
#1066 = CARTESIAN_POINT('',(67.662781085737,55.539664427362,
    57.333403523335));
#1067 = CARTESIAN_POINT('',(37.650089931112,82.197540084618,
    59.111015666724));
#1068 = CARTESIAN_POINT('',(-2.914520132333,90.362975621382,
    60.888982554911));
#1069 = CARTESIAN_POINT('',(-40.90392053102,77.39362970522,
    62.666606009164));
#1070 = CARTESIAN_POINT('',(-66.24655144388,49.703605120517,
    64.44447296557));
#1071 = CARTESIAN_POINT('',(-75.13411463141,16.594193714622,
    66.222215641545));
#1072 = CARTESIAN_POINT('',(-69.20000025141,-13.59999987059,
    68.000001975519));
#1073 = DEFINITIONAL_REPRESENTATION('',(#1074),#1077);
#1074 = B_SPLINE_CURVE_WITH_KNOTS('',1,(#1075,#1076),.UNSPECIFIED.,.F.,
  .F.,(2,2),(0.,65.899469724932),.PIECEWISE_BEZIER_KNOTS.);
#1075 = CARTESIAN_POINT('',(0.,0.));
#1076 = CARTESIAN_POINT('',(0.,65.899469724932));
#1077 = ( GEOMETRIC_REPRESENTATION_CONTEXT(2) 
PARAMETRIC_REPRESENTATION_CONTEXT() REPRESENTATION_CONTEXT('2D SPACE',''
  ) );
#1078 = ORIENTED_EDGE('',*,*,#1079,.F.);
#1079 = EDGE_CURVE('',#774,#949,#1080,.T.);
#1080 = SURFACE_CURVE('',#1081,(#1084,#1091),.PCURVE_S1.);
#1081 = B_SPLINE_CURVE_WITH_KNOTS('',1,(#1082,#1083),.UNSPECIFIED.,.F.,
  .F.,(2,2),(0.,2.2),.PIECEWISE_BEZIER_KNOTS.);
#1082 = CARTESIAN_POINT('',(-67.00000019965,-10.79999991126,
    68.000001354642));
#1083 = CARTESIAN_POINT('',(-69.20000019965,-10.79999987059,
    68.000001975519));
#1084 = PCURVE('',#823,#1085);
#1085 = DEFINITIONAL_REPRESENTATION('',(#1086),#1090);
#1086 = LINE('',#1087,#1088);
#1087 = CARTESIAN_POINT('',(0.,65.899469724932));
#1088 = VECTOR('',#1089,1.);
#1089 = DIRECTION('',(1.,0.));
#1090 = ( GEOMETRIC_REPRESENTATION_CONTEXT(2) 
PARAMETRIC_REPRESENTATION_CONTEXT() REPRESENTATION_CONTEXT('2D SPACE',''
  ) );
#1091 = PCURVE('',#387,#1092);
#1092 = DEFINITIONAL_REPRESENTATION('',(#1093),#1096);
#1093 = B_SPLINE_CURVE_WITH_KNOTS('',1,(#1094,#1095),.UNSPECIFIED.,.F.,
  .F.,(2,2),(0.,2.2),.PIECEWISE_BEZIER_KNOTS.);
#1094 = CARTESIAN_POINT('',(-4.387919542058,-4.27181199942));
#1095 = CARTESIAN_POINT('',(-6.587919542058,-4.27181195875));
#1096 = ( GEOMETRIC_REPRESENTATION_CONTEXT(2) 
PARAMETRIC_REPRESENTATION_CONTEXT() REPRESENTATION_CONTEXT('2D SPACE',''
  ) );
#1097 = ADVANCED_FACE('',(#1098),#998,.T.);
#1098 = FACE_BOUND('',#1099,.T.);
#1099 = EDGE_LOOP('',(#1100,#1101,#1122,#1253));
#1100 = ORIENTED_EDGE('',*,*,#948,.F.);
#1101 = ORIENTED_EDGE('',*,*,#1102,.T.);
#1102 = EDGE_CURVE('',#928,#1103,#1105,.T.);
#1103 = VERTEX_POINT('',#1104);
#1104 = CARTESIAN_POINT('',(69.2,13.6,4.));
#1105 = SURFACE_CURVE('',#1106,(#1109,#1116),.PCURVE_S1.);
#1106 = B_SPLINE_CURVE_WITH_KNOTS('',1,(#1107,#1108),.UNSPECIFIED.,.F.,
  .F.,(2,2),(0.,2.8),.PIECEWISE_BEZIER_KNOTS.);
#1107 = CARTESIAN_POINT('',(69.2,10.8,4.));
#1108 = CARTESIAN_POINT('',(69.2,13.6,4.));
#1109 = PCURVE('',#998,#1110);
#1110 = DEFINITIONAL_REPRESENTATION('',(#1111),#1115);
#1111 = LINE('',#1112,#1113);
#1112 = CARTESIAN_POINT('',(0.,0.));
#1113 = VECTOR('',#1114,1.);
#1114 = DIRECTION('',(1.,0.));
#1115 = ( GEOMETRIC_REPRESENTATION_CONTEXT(2) 
PARAMETRIC_REPRESENTATION_CONTEXT() REPRESENTATION_CONTEXT('2D SPACE',''
  ) );
#1116 = PCURVE('',#235,#1117);
#1117 = DEFINITIONAL_REPRESENTATION('',(#1118),#1121);
#1118 = B_SPLINE_CURVE_WITH_KNOTS('',1,(#1119,#1120),.UNSPECIFIED.,.F.,
  .F.,(2,2),(0.,2.8),.PIECEWISE_BEZIER_KNOTS.);
#1119 = CARTESIAN_POINT('',(6.587919463087,4.271812080537));
#1120 = CARTESIAN_POINT('',(6.587919463087,7.071812080537));
#1121 = ( GEOMETRIC_REPRESENTATION_CONTEXT(2) 
PARAMETRIC_REPRESENTATION_CONTEXT() REPRESENTATION_CONTEXT('2D SPACE',''
  ) );
#1122 = ORIENTED_EDGE('',*,*,#1123,.T.);
#1123 = EDGE_CURVE('',#1103,#1124,#1126,.T.);
#1124 = VERTEX_POINT('',#1125);
#1125 = CARTESIAN_POINT('',(-69.20000025141,-13.59999987059,
    68.000001975519));
#1126 = SURFACE_CURVE('',#1127,(#1165,#1172),.PCURVE_S1.);
#1127 = B_SPLINE_CURVE_WITH_KNOTS('',9,(#1128,#1129,#1130,#1131,#1132,
    #1133,#1134,#1135,#1136,#1137,#1138,#1139,#1140,#1141,#1142,#1143,
    #1144,#1145,#1146,#1147,#1148,#1149,#1150,#1151,#1152,#1153,#1154,
    #1155,#1156,#1157,#1158,#1159,#1160,#1161,#1162,#1163,#1164),
  .UNSPECIFIED.,.F.,.F.,(10,9,9,9,10),(0.,16.474867431233,
    32.949734862466,49.424602293699,65.899469724932),
  .PIECEWISE_BEZIER_KNOTS.);
#1128 = CARTESIAN_POINT('',(69.2,13.6,4.));
#1129 = CARTESIAN_POINT('',(63.265885593456,43.794193485098,
    5.777787789187));
#1130 = CARTESIAN_POINT('',(42.509183296699,71.077564443467,
    7.555524543717));
#1131 = CARTESIAN_POINT('',(8.572338299828,87.117284777695,
    9.333401310842));
#1132 = CARTESIAN_POINT('',(-31.49980462319,84.745071721835,
    11.111019592282));
#1133 = CARTESIAN_POINT('',(-65.95714904482,61.835396115985,
    12.888977164688));
#1134 = CARTESIAN_POINT('',(-83.64900077244,25.80212054345,
    14.666611897537));
#1135 = CARTESIAN_POINT('',(-81.98914128263,-11.6976293006,
    16.444467803023));
#1136 = CARTESIAN_POINT('',(-64.86170935076,-41.39397520818,
    18.222219254701));
#1137 = CARTESIAN_POINT('',(-39.31513703397,-58.54844148224,
    20.000000000002));
#1138 = CARTESIAN_POINT('',(-13.76856553099,-75.70290791081,
    21.777787789181));
#1139 = CARTESIAN_POINT('',(20.2008960364,-80.31795957998,23.55552454373
    ));
#1140 = CARTESIAN_POINT('',(55.539664282435,-67.66278136733,
    25.33340131082));
#1141 = CARTESIAN_POINT('',(82.197540341762,-37.65008943149,
    27.111019592313));
#1142 = CARTESIAN_POINT('',(90.362975268293,2.914519446311,
    28.888977164654));
#1143 = CARTESIAN_POINT('',(77.39363009094,40.903921280436,
    30.666611897567));
#1144 = CARTESIAN_POINT('',(49.703604782343,66.246550786862,
    32.444467803002));
#1145 = CARTESIAN_POINT('',(16.594193951301,75.13411509125,
    34.222219254712));
#1146 = CARTESIAN_POINT('',(-13.6,69.2,35.999999999997));
#1147 = CARTESIAN_POINT('',(-43.7941934851,63.265885593455,
    37.777787789199));
#1148 = CARTESIAN_POINT('',(-71.07756444345,42.509183296697,
    39.555524543691));
#1149 = CARTESIAN_POINT('',(-87.11728477771,8.57233829984,
    41.333401310881));
#1150 = CARTESIAN_POINT('',(-84.7450717218,-31.49980462322,
    43.111019592242));
#1151 = CARTESIAN_POINT('',(-61.83539611601,-65.95714904478,
    44.888977164717));
#1152 = CARTESIAN_POINT('',(-25.80212054342,-83.64900077247,
    46.666611897522));
#1153 = CARTESIAN_POINT('',(11.697629300597,-81.98914128261,
    48.444467803028));
#1154 = CARTESIAN_POINT('',(41.393975208185,-64.86170935076,
    50.2222192547));
#1155 = CARTESIAN_POINT('',(58.548441482246,-39.31513703397,
    52.000000000001));
#1156 = CARTESIAN_POINT('',(75.70290788288,-13.76856551661,
    53.777788008681));
#1157 = CARTESIAN_POINT('',(80.317959694949,20.200895977234,
    55.555523640447));
#1158 = CARTESIAN_POINT('',(67.662781085737,55.539664427362,
    57.333403523335));
#1159 = CARTESIAN_POINT('',(37.650089931112,82.197540084618,
    59.111015666724));
#1160 = CARTESIAN_POINT('',(-2.914520132333,90.362975621382,
    60.888982554911));
#1161 = CARTESIAN_POINT('',(-40.90392053102,77.39362970522,
    62.666606009164));
#1162 = CARTESIAN_POINT('',(-66.24655144388,49.703605120517,
    64.44447296557));
#1163 = CARTESIAN_POINT('',(-75.13411463141,16.594193714622,
    66.222215641545));
#1164 = CARTESIAN_POINT('',(-69.20000025141,-13.59999987059,
    68.000001975519));
#1165 = PCURVE('',#998,#1166);
#1166 = DEFINITIONAL_REPRESENTATION('',(#1167),#1171);
#1167 = LINE('',#1168,#1169);
#1168 = CARTESIAN_POINT('',(2.8,0.));
#1169 = VECTOR('',#1170,1.);
#1170 = DIRECTION('',(0.,1.));
#1171 = ( GEOMETRIC_REPRESENTATION_CONTEXT(2) 
PARAMETRIC_REPRESENTATION_CONTEXT() REPRESENTATION_CONTEXT('2D SPACE',''
  ) );
#1172 = PCURVE('',#1173,#1248);
#1173 = B_SPLINE_SURFACE_WITH_KNOTS('',1,9,(
    (#1174,#1175,#1176,#1177,#1178,#1179,#1180,#1181,#1182,#1183,#1184
      ,#1185,#1186,#1187,#1188,#1189,#1190,#1191,#1192,#1193,#1194,#1195
      ,#1196,#1197,#1198,#1199,#1200,#1201,#1202,#1203,#1204,#1205,#1206
      ,#1207,#1208,#1209,#1210)
    ,(#1211,#1212,#1213,#1214,#1215,#1216,#1217,#1218,#1219,#1220,#1221
      ,#1222,#1223,#1224,#1225,#1226,#1227,#1228,#1229,#1230,#1231,#1232
      ,#1233,#1234,#1235,#1236,#1237,#1238,#1239,#1240,#1241,#1242,#1243
      ,#1244,#1245,#1246,#1247
    )),.UNSPECIFIED.,.F.,.F.,.F.,(2,2),(10,9,9,9,10),(0.,12.5),(0.,
    16.474867431233,32.949734862466,49.424602293699,65.899469724932),
  .PIECEWISE_BEZIER_KNOTS.);
#1174 = CARTESIAN_POINT('',(69.2,13.6,4.));
#1175 = CARTESIAN_POINT('',(63.265885593456,43.794193485097,
    5.777787789187));
#1176 = CARTESIAN_POINT('',(42.509183296698,71.077564443469,
    7.555524543717));
#1177 = CARTESIAN_POINT('',(8.572338299828,87.117284777691,
    9.333401310842));
#1178 = CARTESIAN_POINT('',(-31.49980462319,84.745071721838,
    11.111019592282));
#1179 = CARTESIAN_POINT('',(-65.95714904482,61.835396115983,
    12.888977164688));
#1180 = CARTESIAN_POINT('',(-83.64900077244,25.80212054345,
    14.666611897537));
#1181 = CARTESIAN_POINT('',(-81.98914128263,-11.6976293006,
    16.444467803023));
#1182 = CARTESIAN_POINT('',(-64.86170935076,-41.39397520818,
    18.222219254701));
#1183 = CARTESIAN_POINT('',(-39.31513703397,-58.54844148224,
    20.000000000002));
#1184 = CARTESIAN_POINT('',(-13.76856553099,-75.70290791081,
    21.777787789181));
#1185 = CARTESIAN_POINT('',(20.200896036399,-80.31795957998,
    23.55552454373));
#1186 = CARTESIAN_POINT('',(55.539664282437,-67.66278136733,
    25.33340131082));
#1187 = CARTESIAN_POINT('',(82.197540341759,-37.65008943149,
    27.111019592313));
#1188 = CARTESIAN_POINT('',(90.362975268297,2.914519446315,
    28.888977164654));
#1189 = CARTESIAN_POINT('',(77.393630090937,40.903921280433,
    30.666611897567));
#1190 = CARTESIAN_POINT('',(49.703604782344,66.246550786864,
    32.444467803003));
#1191 = CARTESIAN_POINT('',(16.594193951301,75.134115091249,
    34.222219254712));
#1192 = CARTESIAN_POINT('',(-13.6,69.2,35.999999999997));
#1193 = CARTESIAN_POINT('',(-43.7941934851,63.265885593455,
    37.777787789199));
#1194 = CARTESIAN_POINT('',(-71.07756444345,42.509183296696,
    39.555524543691));
#1195 = CARTESIAN_POINT('',(-87.11728477771,8.572338299844,
    41.333401310881));
#1196 = CARTESIAN_POINT('',(-84.7450717218,-31.49980462322,
    43.111019592242));
#1197 = CARTESIAN_POINT('',(-61.83539611601,-65.95714904478,
    44.888977164717));
#1198 = CARTESIAN_POINT('',(-25.80212054342,-83.64900077247,
    46.666611897522));
#1199 = CARTESIAN_POINT('',(11.697629300597,-81.98914128261,
    48.444467803028));
#1200 = CARTESIAN_POINT('',(41.393975208184,-64.86170935076,
    50.2222192547));
#1201 = CARTESIAN_POINT('',(58.548441482246,-39.31513703397,
    52.000000000001));
#1202 = CARTESIAN_POINT('',(75.70290788288,-13.76856551661,
    53.777788008681));
#1203 = CARTESIAN_POINT('',(80.317959694949,20.200895977233,
    55.555523640447));
#1204 = CARTESIAN_POINT('',(67.662781085737,55.539664427365,
    57.333403523335));
#1205 = CARTESIAN_POINT('',(37.650089931112,82.197540084613,
    59.111015666724));
#1206 = CARTESIAN_POINT('',(-2.914520132334,90.362975621388,
    60.888982554911));
#1207 = CARTESIAN_POINT('',(-40.90392053102,77.393629705215,
    62.666606009164));
#1208 = CARTESIAN_POINT('',(-66.24655144388,49.703605120519,
    64.44447296557));
#1209 = CARTESIAN_POINT('',(-75.13411463141,16.594193714621,
    66.222215641545));
#1210 = CARTESIAN_POINT('',(-69.20000025141,-13.59999987059,
    68.000001975519));
#1211 = CARTESIAN_POINT('',(56.7,13.6,4.));
#1212 = CARTESIAN_POINT('',(50.765885575301,38.340044205032,
    5.777771406946));
#1213 = CARTESIAN_POINT('',(32.686591605107,60.168847484831,
    7.555575127796));
#1214 = CARTESIAN_POINT('',(4.103746517101,72.259020899686,
    9.333286669739));
#1215 = CARTESIAN_POINT('',(-28.91804720438,68.929664946765,
    11.111179667079));
#1216 = CARTESIAN_POINT('',(-56.59954653147,48.826637291867,
    12.888816177643));
#1217 = CARTESIAN_POINT('',(-69.9828497245,18.455511952129,
    14.666716446863));
#1218 = CARTESIAN_POINT('',(-67.32989279438,-12.4656355805,
    16.44442129707));
#1219 = CARTESIAN_POINT('',(-52.16620824059,-36.41180693126,
    18.222226049121));
#1220 = CARTESIAN_POINT('',(-30.47630226914,-49.70960671741,
    19.999999999999));
#1221 = CARTESIAN_POINT('',(-8.786396694863,-63.0074071916,
    21.777771406948));
#1222 = CARTESIAN_POINT('',(19.432889494844,-65.65871065053,
    23.55557512779));
#1223 = CARTESIAN_POINT('',(48.193056689582,-53.99663067061,
    25.333286669751));
#1224 = CARTESIAN_POINT('',(69.188780785625,-28.29248623183,
    27.111179667059));
#1225 = CARTESIAN_POINT('',(74.547569496144,5.496276832824,
    28.888816177668));
#1226 = CARTESIAN_POINT('',(62.535365258546,36.435329955364,
    30.66671644684));
#1227 = CARTESIAN_POINT('',(38.79488832071,56.423959222235,
    32.444421297087));
#1228 = CARTESIAN_POINT('',(11.140043999359,62.634115192074,
    34.222226049113));
#1229 = CARTESIAN_POINT('',(-13.6,56.7,36.000000000002));
#1230 = CARTESIAN_POINT('',(-38.34004420503,50.7658855753,
    37.777771406937));
#1231 = CARTESIAN_POINT('',(-60.16884748482,32.686591605109,
    39.555575127819));
#1232 = CARTESIAN_POINT('',(-72.25902089971,4.103746517102,
    41.333286669695));
#1233 = CARTESIAN_POINT('',(-68.92966494672,-28.91804720438,
    43.11117966714));
#1234 = CARTESIAN_POINT('',(-48.82663729191,-56.59954653146,
    44.888816177581));
#1235 = CARTESIAN_POINT('',(-18.45551195209,-69.98284972451,
    46.666716446909));
#1236 = CARTESIAN_POINT('',(12.465635580485,-67.32989279437,
    48.444421297048));
#1237 = CARTESIAN_POINT('',(36.411806931273,-52.1662082406,
    50.222226049128));
#1238 = CARTESIAN_POINT('',(49.709606717414,-30.47630226914,
    51.999999999999));
#1239 = CARTESIAN_POINT('',(63.007407163674,-8.786396706161,
    53.777771234481));
#1240 = CARTESIAN_POINT('',(65.658710765493,19.432889541337,
    55.555575837523));
#1241 = CARTESIAN_POINT('',(53.996630389031,48.193056575705,
    57.333284931327));
#1242 = CARTESIAN_POINT('',(28.292486731442,69.188780987671,
    59.111182751475));
#1243 = CARTESIAN_POINT('',(-5.496277518838,74.547569218716,
    60.888811942445));
#1244 = CARTESIAN_POINT('',(-36.43532920595,62.53536556161,
    62.666721073456));
#1245 = CARTESIAN_POINT('',(-56.42395987925,38.794888055005,
    64.444417240778));
#1246 = CARTESIAN_POINT('',(-62.63411473224,11.14004418532,
    66.222228888031));
#1247 = CARTESIAN_POINT('',(-56.70000025141,-13.60000010167,
    67.999998447806));
#1248 = DEFINITIONAL_REPRESENTATION('',(#1249),#1252);
#1249 = B_SPLINE_CURVE_WITH_KNOTS('',1,(#1250,#1251),.UNSPECIFIED.,.F.,
  .F.,(2,2),(0.,65.899469724932),.PIECEWISE_BEZIER_KNOTS.);
#1250 = CARTESIAN_POINT('',(0.,0.));
#1251 = CARTESIAN_POINT('',(0.,65.899469724932));
#1252 = ( GEOMETRIC_REPRESENTATION_CONTEXT(2) 
PARAMETRIC_REPRESENTATION_CONTEXT() REPRESENTATION_CONTEXT('2D SPACE',''
  ) );
#1253 = ORIENTED_EDGE('',*,*,#1254,.F.);
#1254 = EDGE_CURVE('',#949,#1124,#1255,.T.);
#1255 = SURFACE_CURVE('',#1256,(#1259,#1266),.PCURVE_S1.);
#1256 = B_SPLINE_CURVE_WITH_KNOTS('',1,(#1257,#1258),.UNSPECIFIED.,.F.,
  .F.,(2,2),(0.,2.8),.PIECEWISE_BEZIER_KNOTS.);
#1257 = CARTESIAN_POINT('',(-69.20000019965,-10.79999987059,
    68.000001975519));
#1258 = CARTESIAN_POINT('',(-69.20000025141,-13.59999987059,
    68.000001975519));
#1259 = PCURVE('',#998,#1260);
#1260 = DEFINITIONAL_REPRESENTATION('',(#1261),#1265);
#1261 = LINE('',#1262,#1263);
#1262 = CARTESIAN_POINT('',(0.,65.899469724932));
#1263 = VECTOR('',#1264,1.);
#1264 = DIRECTION('',(1.,0.));
#1265 = ( GEOMETRIC_REPRESENTATION_CONTEXT(2) 
PARAMETRIC_REPRESENTATION_CONTEXT() REPRESENTATION_CONTEXT('2D SPACE',''
  ) );
#1266 = PCURVE('',#387,#1267);
#1267 = DEFINITIONAL_REPRESENTATION('',(#1268),#1271);
#1268 = B_SPLINE_CURVE_WITH_KNOTS('',1,(#1269,#1270),.UNSPECIFIED.,.F.,
  .F.,(2,2),(0.,2.8),.PIECEWISE_BEZIER_KNOTS.);
#1269 = CARTESIAN_POINT('',(-6.587919542058,-4.27181195875));
#1270 = CARTESIAN_POINT('',(-6.58791959382,-7.07181195875));
#1271 = ( GEOMETRIC_REPRESENTATION_CONTEXT(2) 
PARAMETRIC_REPRESENTATION_CONTEXT() REPRESENTATION_CONTEXT('2D SPACE',''
  ) );
#1272 = ADVANCED_FACE('',(#1273),#1173,.T.);
#1273 = FACE_BOUND('',#1274,.T.);
#1274 = EDGE_LOOP('',(#1275,#1276,#1297,#1428));
#1275 = ORIENTED_EDGE('',*,*,#1123,.F.);
#1276 = ORIENTED_EDGE('',*,*,#1277,.T.);
#1277 = EDGE_CURVE('',#1103,#1278,#1280,.T.);
#1278 = VERTEX_POINT('',#1279);
#1279 = CARTESIAN_POINT('',(56.7,13.6,4.));
#1280 = SURFACE_CURVE('',#1281,(#1284,#1291),.PCURVE_S1.);
#1281 = B_SPLINE_CURVE_WITH_KNOTS('',1,(#1282,#1283),.UNSPECIFIED.,.F.,
  .F.,(2,2),(0.,12.5),.PIECEWISE_BEZIER_KNOTS.);
#1282 = CARTESIAN_POINT('',(69.2,13.6,4.));
#1283 = CARTESIAN_POINT('',(56.7,13.6,4.));
#1284 = PCURVE('',#1173,#1285);
#1285 = DEFINITIONAL_REPRESENTATION('',(#1286),#1290);
#1286 = LINE('',#1287,#1288);
#1287 = CARTESIAN_POINT('',(0.,0.));
#1288 = VECTOR('',#1289,1.);
#1289 = DIRECTION('',(1.,0.));
#1290 = ( GEOMETRIC_REPRESENTATION_CONTEXT(2) 
PARAMETRIC_REPRESENTATION_CONTEXT() REPRESENTATION_CONTEXT('2D SPACE',''
  ) );
#1291 = PCURVE('',#235,#1292);
#1292 = DEFINITIONAL_REPRESENTATION('',(#1293),#1296);
#1293 = B_SPLINE_CURVE_WITH_KNOTS('',1,(#1294,#1295),.UNSPECIFIED.,.F.,
  .F.,(2,2),(0.,12.5),.PIECEWISE_BEZIER_KNOTS.);
#1294 = CARTESIAN_POINT('',(6.587919463087,7.071812080537));
#1295 = CARTESIAN_POINT('',(-5.912080536913,7.071812080537));
#1296 = ( GEOMETRIC_REPRESENTATION_CONTEXT(2) 
PARAMETRIC_REPRESENTATION_CONTEXT() REPRESENTATION_CONTEXT('2D SPACE',''
  ) );
#1297 = ORIENTED_EDGE('',*,*,#1298,.T.);
#1298 = EDGE_CURVE('',#1278,#1299,#1301,.T.);
#1299 = VERTEX_POINT('',#1300);
#1300 = CARTESIAN_POINT('',(-56.70000025141,-13.60000010167,
    67.999998447806));
#1301 = SURFACE_CURVE('',#1302,(#1340,#1347),.PCURVE_S1.);
#1302 = B_SPLINE_CURVE_WITH_KNOTS('',9,(#1303,#1304,#1305,#1306,#1307,
    #1308,#1309,#1310,#1311,#1312,#1313,#1314,#1315,#1316,#1317,#1318,
    #1319,#1320,#1321,#1322,#1323,#1324,#1325,#1326,#1327,#1328,#1329,
    #1330,#1331,#1332,#1333,#1334,#1335,#1336,#1337,#1338,#1339),
  .UNSPECIFIED.,.F.,.F.,(10,9,9,9,10),(0.,16.474867431233,
    32.949734862466,49.424602293699,65.899469724932),
  .PIECEWISE_BEZIER_KNOTS.);
#1303 = CARTESIAN_POINT('',(56.7,13.6,4.));
#1304 = CARTESIAN_POINT('',(50.765885575301,38.340044205032,
    5.777771406946));
#1305 = CARTESIAN_POINT('',(32.686591605107,60.168847484831,
    7.555575127796));
#1306 = CARTESIAN_POINT('',(4.103746517101,72.259020899686,
    9.333286669739));
#1307 = CARTESIAN_POINT('',(-28.91804720438,68.929664946765,
    11.111179667079));
#1308 = CARTESIAN_POINT('',(-56.59954653147,48.826637291867,
    12.888816177643));
#1309 = CARTESIAN_POINT('',(-69.9828497245,18.455511952129,
    14.666716446863));
#1310 = CARTESIAN_POINT('',(-67.32989279438,-12.4656355805,
    16.44442129707));
#1311 = CARTESIAN_POINT('',(-52.16620824059,-36.41180693126,
    18.222226049121));
#1312 = CARTESIAN_POINT('',(-30.47630226914,-49.70960671741,
    19.999999999999));
#1313 = CARTESIAN_POINT('',(-8.786396694863,-63.0074071916,
    21.777771406948));
#1314 = CARTESIAN_POINT('',(19.432889494844,-65.65871065053,
    23.55557512779));
#1315 = CARTESIAN_POINT('',(48.193056689582,-53.99663067061,
    25.333286669751));
#1316 = CARTESIAN_POINT('',(69.188780785625,-28.29248623183,
    27.111179667059));
#1317 = CARTESIAN_POINT('',(74.547569496144,5.496276832824,
    28.888816177668));
#1318 = CARTESIAN_POINT('',(62.535365258546,36.435329955364,
    30.66671644684));
#1319 = CARTESIAN_POINT('',(38.79488832071,56.423959222235,
    32.444421297087));
#1320 = CARTESIAN_POINT('',(11.140043999359,62.634115192074,
    34.222226049113));
#1321 = CARTESIAN_POINT('',(-13.6,56.7,36.000000000002));
#1322 = CARTESIAN_POINT('',(-38.34004420503,50.7658855753,
    37.777771406937));
#1323 = CARTESIAN_POINT('',(-60.16884748482,32.686591605109,
    39.555575127819));
#1324 = CARTESIAN_POINT('',(-72.25902089971,4.103746517102,
    41.333286669695));
#1325 = CARTESIAN_POINT('',(-68.92966494672,-28.91804720438,
    43.11117966714));
#1326 = CARTESIAN_POINT('',(-48.82663729191,-56.59954653146,
    44.888816177581));
#1327 = CARTESIAN_POINT('',(-18.45551195209,-69.98284972451,
    46.666716446909));
#1328 = CARTESIAN_POINT('',(12.465635580485,-67.32989279437,
    48.444421297048));
#1329 = CARTESIAN_POINT('',(36.411806931273,-52.1662082406,
    50.222226049128));
#1330 = CARTESIAN_POINT('',(49.709606717414,-30.47630226914,
    51.999999999999));
#1331 = CARTESIAN_POINT('',(63.007407163674,-8.786396706161,
    53.777771234481));
#1332 = CARTESIAN_POINT('',(65.658710765493,19.432889541337,
    55.555575837523));
#1333 = CARTESIAN_POINT('',(53.996630389031,48.193056575705,
    57.333284931327));
#1334 = CARTESIAN_POINT('',(28.292486731442,69.188780987671,
    59.111182751475));
#1335 = CARTESIAN_POINT('',(-5.496277518838,74.547569218716,
    60.888811942445));
#1336 = CARTESIAN_POINT('',(-36.43532920595,62.53536556161,
    62.666721073456));
#1337 = CARTESIAN_POINT('',(-56.42395987925,38.794888055005,
    64.444417240778));
#1338 = CARTESIAN_POINT('',(-62.63411473224,11.14004418532,
    66.222228888031));
#1339 = CARTESIAN_POINT('',(-56.70000025141,-13.60000010167,
    67.999998447806));
#1340 = PCURVE('',#1173,#1341);
#1341 = DEFINITIONAL_REPRESENTATION('',(#1342),#1346);
#1342 = LINE('',#1343,#1344);
#1343 = CARTESIAN_POINT('',(12.5,0.));
#1344 = VECTOR('',#1345,1.);
#1345 = DIRECTION('',(0.,1.));
#1346 = ( GEOMETRIC_REPRESENTATION_CONTEXT(2) 
PARAMETRIC_REPRESENTATION_CONTEXT() REPRESENTATION_CONTEXT('2D SPACE',''
  ) );
#1347 = PCURVE('',#1348,#1423);
#1348 = B_SPLINE_SURFACE_WITH_KNOTS('',1,9,(
    (#1349,#1350,#1351,#1352,#1353,#1354,#1355,#1356,#1357,#1358,#1359
      ,#1360,#1361,#1362,#1363,#1364,#1365,#1366,#1367,#1368,#1369,#1370
      ,#1371,#1372,#1373,#1374,#1375,#1376,#1377,#1378,#1379,#1380,#1381
      ,#1382,#1383,#1384,#1385)
    ,(#1386,#1387,#1388,#1389,#1390,#1391,#1392,#1393,#1394,#1395,#1396
      ,#1397,#1398,#1399,#1400,#1401,#1402,#1403,#1404,#1405,#1406,#1407
      ,#1408,#1409,#1410,#1411,#1412,#1413,#1414,#1415,#1416,#1417,#1418
      ,#1419,#1420,#1421,#1422
    )),.UNSPECIFIED.,.F.,.F.,.F.,(2,2),(10,9,9,9,10),(0.,10.8),(0.,
    16.474867431233,32.949734862466,49.424602293699,65.899469724932),
  .PIECEWISE_BEZIER_KNOTS.);
#1349 = CARTESIAN_POINT('',(56.7,13.6,4.));
#1350 = CARTESIAN_POINT('',(50.765885575301,38.340044205032,
    5.777771406946));
#1351 = CARTESIAN_POINT('',(32.686591605109,60.16884748483,
    7.555575127796));
#1352 = CARTESIAN_POINT('',(4.103746517097,72.259020899686,
    9.333286669739));
#1353 = CARTESIAN_POINT('',(-28.91804720437,68.929664946765,
    11.111179667079));
#1354 = CARTESIAN_POINT('',(-56.59954653148,48.826637291867,
    12.888816177643));
#1355 = CARTESIAN_POINT('',(-69.98284972449,18.455511952129,
    14.666716446864));
#1356 = CARTESIAN_POINT('',(-67.32989279438,-12.4656355805,
    16.44442129707));
#1357 = CARTESIAN_POINT('',(-52.16620824059,-36.41180693126,
    18.222226049121));
#1358 = CARTESIAN_POINT('',(-30.47630226914,-49.70960671741,
    19.999999999999));
#1359 = CARTESIAN_POINT('',(-8.786396694863,-63.0074071916,
    21.777771406948));
#1360 = CARTESIAN_POINT('',(19.432889494847,-65.65871065053,
    23.555575127791));
#1361 = CARTESIAN_POINT('',(48.193056689577,-53.99663067061,
    25.333286669749));
#1362 = CARTESIAN_POINT('',(69.188780785632,-28.29248623183,
    27.111179667061));
#1363 = CARTESIAN_POINT('',(74.547569496137,5.496276832825,
    28.888816177667));
#1364 = CARTESIAN_POINT('',(62.535365258551,36.435329955363,
    30.666716446841));
#1365 = CARTESIAN_POINT('',(38.794888320708,56.423959222235,
    32.444421297086));
#1366 = CARTESIAN_POINT('',(11.14004399936,62.634115192074,
    34.222226049113));
#1367 = CARTESIAN_POINT('',(-13.6,56.7,36.000000000002));
#1368 = CARTESIAN_POINT('',(-38.34004420503,50.7658855753,
    37.777771406937));
#1369 = CARTESIAN_POINT('',(-60.16884748482,32.686591605109,
    39.555575127819));
#1370 = CARTESIAN_POINT('',(-72.25902089971,4.103746517102,
    41.333286669695));
#1371 = CARTESIAN_POINT('',(-68.92966494672,-28.91804720438,
    43.11117966714));
#1372 = CARTESIAN_POINT('',(-48.82663729191,-56.59954653146,
    44.888816177581));
#1373 = CARTESIAN_POINT('',(-18.45551195209,-69.98284972451,
    46.666716446909));
#1374 = CARTESIAN_POINT('',(12.465635580485,-67.32989279437,
    48.444421297048));
#1375 = CARTESIAN_POINT('',(36.411806931273,-52.1662082406,
    50.222226049128));
#1376 = CARTESIAN_POINT('',(49.709606717414,-30.47630226914,
    51.999999999999));
#1377 = CARTESIAN_POINT('',(63.007407163674,-8.786396706161,
    53.777771234481));
#1378 = CARTESIAN_POINT('',(65.658710765493,19.432889541339,
    55.555575837523));
#1379 = CARTESIAN_POINT('',(53.996630389031,48.193056575701,
    57.333284931326));
#1380 = CARTESIAN_POINT('',(28.292486731442,69.188780987677,
    59.111182751477));
#1381 = CARTESIAN_POINT('',(-5.496277518839,74.54756921871,
    60.888811942442));
#1382 = CARTESIAN_POINT('',(-36.43532920595,62.535365561614,
    62.666721073459));
#1383 = CARTESIAN_POINT('',(-56.42395987925,38.794888055003,
    64.444417240776));
#1384 = CARTESIAN_POINT('',(-62.63411473224,11.140044185321,
    66.222228888032));
#1385 = CARTESIAN_POINT('',(-56.70000025141,-13.60000010167,
    67.999998447806));
#1386 = CARTESIAN_POINT('',(56.7,2.8,4.));
#1387 = CARTESIAN_POINT('',(55.478270553277,27.540044189345,
    5.777770741988));
#1388 = CARTESIAN_POINT('',(42.111723057375,51.682128263295,
    7.555577259809));
#1389 = CARTESIAN_POINT('',(16.941286507687,68.398157599413,
    9.333283669169));
#1390 = CARTESIAN_POINT('',(-15.25353575069,71.16030335661,
    11.111181157596));
#1391 = CARTESIAN_POINT('',(-45.35997890746,56.911605863414,
    12.888817668157));
#1392 = CARTESIAN_POINT('',(-63.63537990157,30.263066457538,
    14.666713446296));
#1393 = CARTESIAN_POINT('',(-66.66633536856,0.199955113348,
    16.444423429081));
#1394 = CARTESIAN_POINT('',(-56.47080163185,-25.44289397209,
    18.222225384164));
#1395 = CARTESIAN_POINT('',(-38.11305550595,-42.0728534806,
    19.999999999999));
#1396 = CARTESIAN_POINT('',(-19.75530931625,-58.70281331719,
    21.777770741991));
#1397 = CARTESIAN_POINT('',(6.767298419798,-66.32226830243,
    23.555577259801));
#1398 = CARTESIAN_POINT('',(36.385502487627,-60.34409963084,
    25.333283669182));
#1399 = CARTESIAN_POINT('',(61.103811621103,-39.53205448832,
    27.111181157577));
#1400 = CARTESIAN_POINT('',(72.316931114218,-8.168233754317,
    28.888817668178));
#1401 = CARTESIAN_POINT('',(66.396228163389,23.597789140178,
    30.666713446276));
#1402 = CARTESIAN_POINT('',(47.281607432559,46.998828199383,
    32.444423429095));
#1403 = CARTESIAN_POINT('',(21.940043912244,57.921729633597,
    34.222225384156));
#1404 = CARTESIAN_POINT('',(-2.8,56.7,36.000000000002));
#1405 = CARTESIAN_POINT('',(-27.54004418934,55.478270553278,
    37.777770741977));
#1406 = CARTESIAN_POINT('',(-51.68212826328,42.111723057371,
    39.555577259836));
#1407 = CARTESIAN_POINT('',(-68.39815759943,16.941286507695,
    41.333283669119));
#1408 = CARTESIAN_POINT('',(-71.16030335658,-15.2535357507,
    43.111181157661));
#1409 = CARTESIAN_POINT('',(-56.91160586344,-45.35997890745,
    44.888817668095));
#1410 = CARTESIAN_POINT('',(-30.26306645751,-63.63537990158,
    46.666713446338));
#1411 = CARTESIAN_POINT('',(-0.199955113357,-66.66633536856,
    48.444423429062));
#1412 = CARTESIAN_POINT('',(25.442893972092,-56.47080163185,
    50.222225384169));
#1413 = CARTESIAN_POINT('',(42.072853480599,-38.11305550595,
    51.999999999999));
#1414 = CARTESIAN_POINT('',(58.702813311439,-19.75530932755,
    53.777770569524));
#1415 = CARTESIAN_POINT('',(66.322268326106,6.767298466286,
    55.555577969532));
#1416 = CARTESIAN_POINT('',(60.34409957287,36.385502373759,
    57.333281930763));
#1417 = CARTESIAN_POINT('',(39.532054591195,61.103811823137,
    59.111184241987));
#1418 = CARTESIAN_POINT('',(8.168233613073,72.316930836801,
    60.888813432961));
#1419 = CARTESIAN_POINT('',(-23.59778898588,66.396228466447,
    62.666718072889));
#1420 = CARTESIAN_POINT('',(-46.99882833465,47.281607166855,
    64.444419372788));
#1421 = CARTESIAN_POINT('',(-57.92172953892,21.940044098205,
    66.222228223074));
#1422 = CARTESIAN_POINT('',(-56.70000005176,-2.800000101675,
    67.999998447806));
#1423 = DEFINITIONAL_REPRESENTATION('',(#1424),#1427);
#1424 = B_SPLINE_CURVE_WITH_KNOTS('',1,(#1425,#1426),.UNSPECIFIED.,.F.,
  .F.,(2,2),(0.,65.899469724932),.PIECEWISE_BEZIER_KNOTS.);
#1425 = CARTESIAN_POINT('',(0.,0.));
#1426 = CARTESIAN_POINT('',(0.,65.899469724932));
#1427 = ( GEOMETRIC_REPRESENTATION_CONTEXT(2) 
PARAMETRIC_REPRESENTATION_CONTEXT() REPRESENTATION_CONTEXT('2D SPACE',''
  ) );
#1428 = ORIENTED_EDGE('',*,*,#1429,.F.);
#1429 = EDGE_CURVE('',#1124,#1299,#1430,.T.);
#1430 = SURFACE_CURVE('',#1431,(#1434,#1441),.PCURVE_S1.);
#1431 = B_SPLINE_CURVE_WITH_KNOTS('',1,(#1432,#1433),.UNSPECIFIED.,.F.,
  .F.,(2,2),(0.,12.5),.PIECEWISE_BEZIER_KNOTS.);
#1432 = CARTESIAN_POINT('',(-69.20000025141,-13.59999987059,
    68.000001975519));
#1433 = CARTESIAN_POINT('',(-56.70000025141,-13.60000010167,
    67.999998447806));
#1434 = PCURVE('',#1173,#1435);
#1435 = DEFINITIONAL_REPRESENTATION('',(#1436),#1440);
#1436 = LINE('',#1437,#1438);
#1437 = CARTESIAN_POINT('',(0.,65.899469724932));
#1438 = VECTOR('',#1439,1.);
#1439 = DIRECTION('',(1.,0.));
#1440 = ( GEOMETRIC_REPRESENTATION_CONTEXT(2) 
PARAMETRIC_REPRESENTATION_CONTEXT() REPRESENTATION_CONTEXT('2D SPACE',''
  ) );
#1441 = PCURVE('',#387,#1442);
#1442 = DEFINITIONAL_REPRESENTATION('',(#1443),#1446);
#1443 = B_SPLINE_CURVE_WITH_KNOTS('',1,(#1444,#1445),.UNSPECIFIED.,.F.,
  .F.,(2,2),(0.,12.5),.PIECEWISE_BEZIER_KNOTS.);
#1444 = CARTESIAN_POINT('',(-6.58791959382,-7.07181195875));
#1445 = CARTESIAN_POINT('',(5.91208040618,-7.07181218983));
#1446 = ( GEOMETRIC_REPRESENTATION_CONTEXT(2) 
PARAMETRIC_REPRESENTATION_CONTEXT() REPRESENTATION_CONTEXT('2D SPACE',''
  ) );
#1447 = ADVANCED_FACE('',(#1448),#1348,.T.);
#1448 = FACE_BOUND('',#1449,.T.);
#1449 = EDGE_LOOP('',(#1450,#1451,#1472,#1603));
#1450 = ORIENTED_EDGE('',*,*,#1298,.F.);
#1451 = ORIENTED_EDGE('',*,*,#1452,.T.);
#1452 = EDGE_CURVE('',#1278,#1453,#1455,.T.);
#1453 = VERTEX_POINT('',#1454);
#1454 = CARTESIAN_POINT('',(56.7,2.8,4.));
#1455 = SURFACE_CURVE('',#1456,(#1459,#1466),.PCURVE_S1.);
#1456 = B_SPLINE_CURVE_WITH_KNOTS('',1,(#1457,#1458),.UNSPECIFIED.,.F.,
  .F.,(2,2),(0.,10.8),.PIECEWISE_BEZIER_KNOTS.);
#1457 = CARTESIAN_POINT('',(56.7,13.6,4.));
#1458 = CARTESIAN_POINT('',(56.7,2.8,4.));
#1459 = PCURVE('',#1348,#1460);
#1460 = DEFINITIONAL_REPRESENTATION('',(#1461),#1465);
#1461 = LINE('',#1462,#1463);
#1462 = CARTESIAN_POINT('',(0.,0.));
#1463 = VECTOR('',#1464,1.);
#1464 = DIRECTION('',(1.,0.));
#1465 = ( GEOMETRIC_REPRESENTATION_CONTEXT(2) 
PARAMETRIC_REPRESENTATION_CONTEXT() REPRESENTATION_CONTEXT('2D SPACE',''
  ) );
#1466 = PCURVE('',#235,#1467);
#1467 = DEFINITIONAL_REPRESENTATION('',(#1468),#1471);
#1468 = B_SPLINE_CURVE_WITH_KNOTS('',1,(#1469,#1470),.UNSPECIFIED.,.F.,
  .F.,(2,2),(0.,10.8),.PIECEWISE_BEZIER_KNOTS.);
#1469 = CARTESIAN_POINT('',(-5.912080536913,7.071812080537));
#1470 = CARTESIAN_POINT('',(-5.912080536913,-3.728187919463));
#1471 = ( GEOMETRIC_REPRESENTATION_CONTEXT(2) 
PARAMETRIC_REPRESENTATION_CONTEXT() REPRESENTATION_CONTEXT('2D SPACE',''
  ) );
#1472 = ORIENTED_EDGE('',*,*,#1473,.T.);
#1473 = EDGE_CURVE('',#1453,#1474,#1476,.T.);
#1474 = VERTEX_POINT('',#1475);
#1475 = CARTESIAN_POINT('',(-56.70000005176,-2.800000101675,
    67.999998447806));
#1476 = SURFACE_CURVE('',#1477,(#1515,#1522),.PCURVE_S1.);
#1477 = B_SPLINE_CURVE_WITH_KNOTS('',9,(#1478,#1479,#1480,#1481,#1482,
    #1483,#1484,#1485,#1486,#1487,#1488,#1489,#1490,#1491,#1492,#1493,
    #1494,#1495,#1496,#1497,#1498,#1499,#1500,#1501,#1502,#1503,#1504,
    #1505,#1506,#1507,#1508,#1509,#1510,#1511,#1512,#1513,#1514),
  .UNSPECIFIED.,.F.,.F.,(10,9,9,9,10),(0.,16.474867431233,
    32.949734862466,49.424602293699,65.899469724932),
  .PIECEWISE_BEZIER_KNOTS.);
#1478 = CARTESIAN_POINT('',(56.7,2.8,4.));
#1479 = CARTESIAN_POINT('',(55.478270553277,27.540044189345,
    5.777770741988));
#1480 = CARTESIAN_POINT('',(42.111723057375,51.682128263295,
    7.555577259809));
#1481 = CARTESIAN_POINT('',(16.941286507687,68.398157599413,
    9.333283669169));
#1482 = CARTESIAN_POINT('',(-15.25353575069,71.16030335661,
    11.111181157596));
#1483 = CARTESIAN_POINT('',(-45.35997890746,56.911605863414,
    12.888817668157));
#1484 = CARTESIAN_POINT('',(-63.63537990157,30.263066457538,
    14.666713446296));
#1485 = CARTESIAN_POINT('',(-66.66633536856,0.199955113348,
    16.444423429081));
#1486 = CARTESIAN_POINT('',(-56.47080163185,-25.44289397209,
    18.222225384164));
#1487 = CARTESIAN_POINT('',(-38.11305550595,-42.0728534806,
    19.999999999999));
#1488 = CARTESIAN_POINT('',(-19.75530931625,-58.70281331719,
    21.777770741991));
#1489 = CARTESIAN_POINT('',(6.767298419798,-66.32226830243,
    23.555577259801));
#1490 = CARTESIAN_POINT('',(36.385502487627,-60.34409963084,
    25.333283669182));
#1491 = CARTESIAN_POINT('',(61.103811621103,-39.53205448832,
    27.111181157577));
#1492 = CARTESIAN_POINT('',(72.316931114218,-8.168233754317,
    28.888817668178));
#1493 = CARTESIAN_POINT('',(66.396228163389,23.597789140178,
    30.666713446276));
#1494 = CARTESIAN_POINT('',(47.281607432559,46.998828199383,
    32.444423429095));
#1495 = CARTESIAN_POINT('',(21.940043912244,57.921729633597,
    34.222225384156));
#1496 = CARTESIAN_POINT('',(-2.8,56.7,36.000000000002));
#1497 = CARTESIAN_POINT('',(-27.54004418934,55.478270553278,
    37.777770741977));
#1498 = CARTESIAN_POINT('',(-51.68212826328,42.111723057371,
    39.555577259836));
#1499 = CARTESIAN_POINT('',(-68.39815759943,16.941286507695,
    41.333283669119));
#1500 = CARTESIAN_POINT('',(-71.16030335658,-15.2535357507,
    43.111181157661));
#1501 = CARTESIAN_POINT('',(-56.91160586344,-45.35997890745,
    44.888817668095));
#1502 = CARTESIAN_POINT('',(-30.26306645751,-63.63537990158,
    46.666713446338));
#1503 = CARTESIAN_POINT('',(-0.199955113357,-66.66633536856,
    48.444423429062));
#1504 = CARTESIAN_POINT('',(25.442893972092,-56.47080163185,
    50.222225384169));
#1505 = CARTESIAN_POINT('',(42.072853480599,-38.11305550595,
    51.999999999999));
#1506 = CARTESIAN_POINT('',(58.702813311439,-19.75530932755,
    53.777770569524));
#1507 = CARTESIAN_POINT('',(66.322268326106,6.767298466286,
    55.555577969532));
#1508 = CARTESIAN_POINT('',(60.34409957287,36.385502373759,
    57.333281930763));
#1509 = CARTESIAN_POINT('',(39.532054591195,61.103811823137,
    59.111184241987));
#1510 = CARTESIAN_POINT('',(8.168233613073,72.316930836801,
    60.888813432961));
#1511 = CARTESIAN_POINT('',(-23.59778898588,66.396228466447,
    62.666718072889));
#1512 = CARTESIAN_POINT('',(-46.99882833465,47.281607166855,
    64.444419372788));
#1513 = CARTESIAN_POINT('',(-57.92172953892,21.940044098205,
    66.222228223074));
#1514 = CARTESIAN_POINT('',(-56.70000005176,-2.800000101675,
    67.999998447806));
#1515 = PCURVE('',#1348,#1516);
#1516 = DEFINITIONAL_REPRESENTATION('',(#1517),#1521);
#1517 = LINE('',#1518,#1519);
#1518 = CARTESIAN_POINT('',(10.8,0.));
#1519 = VECTOR('',#1520,1.);
#1520 = DIRECTION('',(0.,1.));
#1521 = ( GEOMETRIC_REPRESENTATION_CONTEXT(2) 
PARAMETRIC_REPRESENTATION_CONTEXT() REPRESENTATION_CONTEXT('2D SPACE',''
  ) );
#1522 = PCURVE('',#1523,#1598);
#1523 = B_SPLINE_SURFACE_WITH_KNOTS('',1,9,(
    (#1524,#1525,#1526,#1527,#1528,#1529,#1530,#1531,#1532,#1533,#1534
      ,#1535,#1536,#1537,#1538,#1539,#1540,#1541,#1542,#1543,#1544,#1545
      ,#1546,#1547,#1548,#1549,#1550,#1551,#1552,#1553,#1554,#1555,#1556
      ,#1557,#1558,#1559,#1560)
    ,(#1561,#1562,#1563,#1564,#1565,#1566,#1567,#1568,#1569,#1570,#1571
      ,#1572,#1573,#1574,#1575,#1576,#1577,#1578,#1579,#1580,#1581,#1582
      ,#1583,#1584,#1585,#1586,#1587,#1588,#1589,#1590,#1591,#1592,#1593
      ,#1594,#1595,#1596,#1597
    )),.UNSPECIFIED.,.F.,.F.,.F.,(2,2),(10,9,9,9,10),(0.,1.5),(0.,
    16.474867431233,32.949734862466,49.424602293699,65.899469724932),
  .PIECEWISE_BEZIER_KNOTS.);
#1524 = CARTESIAN_POINT('',(56.7,2.8,4.));
#1525 = CARTESIAN_POINT('',(55.478270553277,27.540044189345,
    5.777770741988));
#1526 = CARTESIAN_POINT('',(42.111723057375,51.682128263295,
    7.555577259809));
#1527 = CARTESIAN_POINT('',(16.941286507687,68.398157599413,
    9.333283669169));
#1528 = CARTESIAN_POINT('',(-15.25353575069,71.160303356611,
    11.111181157596));
#1529 = CARTESIAN_POINT('',(-45.35997890746,56.911605863413,
    12.888817668157));
#1530 = CARTESIAN_POINT('',(-63.63537990157,30.263066457539,
    14.666713446296));
#1531 = CARTESIAN_POINT('',(-66.66633536856,0.199955113347,
    16.444423429081));
#1532 = CARTESIAN_POINT('',(-56.47080163185,-25.44289397208,
    18.222225384164));
#1533 = CARTESIAN_POINT('',(-38.11305550595,-42.0728534806,
    19.999999999999));
#1534 = CARTESIAN_POINT('',(-19.75530931625,-58.70281331719,
    21.777770741991));
#1535 = CARTESIAN_POINT('',(6.767298419796,-66.32226830243,
    23.555577259801));
#1536 = CARTESIAN_POINT('',(36.385502487631,-60.34409963084,
    25.333283669182));
#1537 = CARTESIAN_POINT('',(61.103811621097,-39.53205448832,
    27.111181157577));
#1538 = CARTESIAN_POINT('',(72.316931114225,-8.168233754317,
    28.888817668178));
#1539 = CARTESIAN_POINT('',(66.396228163384,23.597789140178,
    30.666713446276));
#1540 = CARTESIAN_POINT('',(47.281607432561,46.998828199383,
    32.444423429095));
#1541 = CARTESIAN_POINT('',(21.940043912244,57.921729633597,
    34.222225384156));
#1542 = CARTESIAN_POINT('',(-2.8,56.7,36.000000000002));
#1543 = CARTESIAN_POINT('',(-27.54004418934,55.478270553277,
    37.777770741977));
#1544 = CARTESIAN_POINT('',(-51.68212826328,42.111723057372,
    39.555577259836));
#1545 = CARTESIAN_POINT('',(-68.39815759943,16.941286507693,
    41.333283669119));
#1546 = CARTESIAN_POINT('',(-71.16030335657,-15.2535357507,
    43.111181157661));
#1547 = CARTESIAN_POINT('',(-56.91160586344,-45.35997890745,
    44.888817668095));
#1548 = CARTESIAN_POINT('',(-30.26306645751,-63.63537990158,
    46.666713446338));
#1549 = CARTESIAN_POINT('',(-0.199955113358,-66.66633536856,
    48.444423429062));
#1550 = CARTESIAN_POINT('',(25.442893972093,-56.47080163185,
    50.222225384169));
#1551 = CARTESIAN_POINT('',(42.072853480599,-38.11305550595,
    51.999999999999));
#1552 = CARTESIAN_POINT('',(58.702813311439,-19.75530932755,
    53.777770569524));
#1553 = CARTESIAN_POINT('',(66.322268326107,6.767298466287,
    55.555577969532));
#1554 = CARTESIAN_POINT('',(60.344099572868,36.385502373756,
    57.333281930763));
#1555 = CARTESIAN_POINT('',(39.532054591198,61.103811823141,
    59.111184241987));
#1556 = CARTESIAN_POINT('',(8.168233613071,72.316930836797,
    60.888813432961));
#1557 = CARTESIAN_POINT('',(-23.59778898588,66.39622846645,
    62.666718072889));
#1558 = CARTESIAN_POINT('',(-46.99882833465,47.281607166854,
    64.444419372788));
#1559 = CARTESIAN_POINT('',(-57.92172953892,21.940044098205,
    66.222228223074));
#1560 = CARTESIAN_POINT('',(-56.70000005176,-2.800000101675,
    67.999998447806));
#1561 = CARTESIAN_POINT('',(55.2,2.8,4.));
#1562 = CARTESIAN_POINT('',(53.978270551099,26.885546275738,
    5.777768776119));
#1563 = CARTESIAN_POINT('',(40.933012054384,50.373082228258,
    7.555583329898));
#1564 = CARTESIAN_POINT('',(16.40505549376,66.615165934052,
    9.333269912237));
#1565 = CARTESIAN_POINT('',(-14.94372486043,69.262454543601,
    11.111200366571));
#1566 = CARTESIAN_POINT('',(-44.23706660586,55.35055480452,
    12.888798349711));
#1567 = CARTESIAN_POINT('',(-61.99544177582,29.38147342658,
    14.666725992215));
#1568 = CARTESIAN_POINT('',(-64.90722554997,0.10779435976,
    16.444417848367));
#1569 = CARTESIAN_POINT('',(-54.94734149863,-24.84503377886,
    18.222226199494));
#1570 = CARTESIAN_POINT('',(-37.05239533417,-41.01219330882,
    19.999999999999));
#1571 = CARTESIAN_POINT('',(-19.15744905592,-57.17935323088,
    21.777768776123));
#1572 = CARTESIAN_POINT('',(6.675137634811,-64.5631584309,
    23.555583329889));
#1573 = CARTESIAN_POINT('',(35.503909576485,-58.70416154724,
    25.333269912253));
#1574 = CARTESIAN_POINT('',(59.542760474367,-38.40914210436,
    27.111200366548));
#1575 = CARTESIAN_POINT('',(70.419082421561,-7.858422867937,
    28.888798349739));
#1576 = CARTESIAN_POINT('',(64.6132363835,23.06155818117,30.66672599219)
  );
#1577 = CARTESIAN_POINT('',(45.972561457164,45.820117211627,
    32.444417848385));
#1578 = CARTESIAN_POINT('',(21.285545918011,56.421729645696,
    34.222226199484));
#1579 = CARTESIAN_POINT('',(-2.8,55.2,36.000000000002));
#1580 = CARTESIAN_POINT('',(-26.88554627573,53.978270551099,
    37.777768776106));
#1581 = CARTESIAN_POINT('',(-50.37308222825,40.933012054381,
    39.555583329933));
#1582 = CARTESIAN_POINT('',(-66.61516593407,16.405055493766,
    41.333269912174));
#1583 = CARTESIAN_POINT('',(-69.26245454356,-14.94372486044,
    43.111200366652));
#1584 = CARTESIAN_POINT('',(-55.35055480455,-44.23706660585,
    44.888798349635));
#1585 = CARTESIAN_POINT('',(-29.38147342655,-61.99544177582,
    46.666725992267));
#1586 = CARTESIAN_POINT('',(-0.107794359772,-64.90722554997,
    48.444417848343));
#1587 = CARTESIAN_POINT('',(24.845033778863,-54.94734149863,
    50.2222261995));
#1588 = CARTESIAN_POINT('',(41.01219330882,-37.05239533417,
    51.999999999999));
#1589 = CARTESIAN_POINT('',(57.179353225134,-19.1574490703,
    53.777768556621));
#1590 = CARTESIAN_POINT('',(64.563158454572,6.675137693979,
    55.55558423318));
#1591 = CARTESIAN_POINT('',(58.704161489263,35.503909431558,
    57.333267699723));
#1592 = CARTESIAN_POINT('',(38.409142207237,59.542760731506,
    59.111204292156));
#1593 = CARTESIAN_POINT('',(7.858422726691,70.419082068478,
    60.888792959466));
#1594 = CARTESIAN_POINT('',(-23.06155802687,64.613236769215,
    62.666731880603));
#1595 = CARTESIAN_POINT('',(-45.82011734689,45.972561118993,
    64.444412685814));
#1596 = CARTESIAN_POINT('',(-56.42172955102,21.285546154689,
    66.222229812652));
#1597 = CARTESIAN_POINT('',(-55.20000005176,-2.800000129405,
    67.999998024481));
#1598 = DEFINITIONAL_REPRESENTATION('',(#1599),#1602);
#1599 = B_SPLINE_CURVE_WITH_KNOTS('',1,(#1600,#1601),.UNSPECIFIED.,.F.,
  .F.,(2,2),(0.,65.899469724932),.PIECEWISE_BEZIER_KNOTS.);
#1600 = CARTESIAN_POINT('',(0.,0.));
#1601 = CARTESIAN_POINT('',(0.,65.899469724932));
#1602 = ( GEOMETRIC_REPRESENTATION_CONTEXT(2) 
PARAMETRIC_REPRESENTATION_CONTEXT() REPRESENTATION_CONTEXT('2D SPACE',''
  ) );
#1603 = ORIENTED_EDGE('',*,*,#1604,.F.);
#1604 = EDGE_CURVE('',#1299,#1474,#1605,.T.);
#1605 = SURFACE_CURVE('',#1606,(#1609,#1616),.PCURVE_S1.);
#1606 = B_SPLINE_CURVE_WITH_KNOTS('',1,(#1607,#1608),.UNSPECIFIED.,.F.,
  .F.,(2,2),(0.,10.8),.PIECEWISE_BEZIER_KNOTS.);
#1607 = CARTESIAN_POINT('',(-56.70000025141,-13.60000010167,
    67.999998447806));
#1608 = CARTESIAN_POINT('',(-56.70000005176,-2.800000101675,
    67.999998447806));
#1609 = PCURVE('',#1348,#1610);
#1610 = DEFINITIONAL_REPRESENTATION('',(#1611),#1615);
#1611 = LINE('',#1612,#1613);
#1612 = CARTESIAN_POINT('',(0.,65.899469724932));
#1613 = VECTOR('',#1614,1.);
#1614 = DIRECTION('',(1.,0.));
#1615 = ( GEOMETRIC_REPRESENTATION_CONTEXT(2) 
PARAMETRIC_REPRESENTATION_CONTEXT() REPRESENTATION_CONTEXT('2D SPACE',''
  ) );
#1616 = PCURVE('',#387,#1617);
#1617 = DEFINITIONAL_REPRESENTATION('',(#1618),#1621);
#1618 = B_SPLINE_CURVE_WITH_KNOTS('',1,(#1619,#1620),.UNSPECIFIED.,.F.,
  .F.,(2,2),(0.,10.8),.PIECEWISE_BEZIER_KNOTS.);
#1619 = CARTESIAN_POINT('',(5.91208040618,-7.07181218983));
#1620 = CARTESIAN_POINT('',(5.912080605834,3.72818781017));
#1621 = ( GEOMETRIC_REPRESENTATION_CONTEXT(2) 
PARAMETRIC_REPRESENTATION_CONTEXT() REPRESENTATION_CONTEXT('2D SPACE',''
  ) );
#1622 = ADVANCED_FACE('',(#1623),#1523,.T.);
#1623 = FACE_BOUND('',#1624,.T.);
#1624 = EDGE_LOOP('',(#1625,#1626,#1647,#1703));
#1625 = ORIENTED_EDGE('',*,*,#1473,.F.);
#1626 = ORIENTED_EDGE('',*,*,#1627,.T.);
#1627 = EDGE_CURVE('',#1453,#1628,#1630,.T.);
#1628 = VERTEX_POINT('',#1629);
#1629 = CARTESIAN_POINT('',(55.2,2.8,4.));
#1630 = SURFACE_CURVE('',#1631,(#1634,#1641),.PCURVE_S1.);
#1631 = B_SPLINE_CURVE_WITH_KNOTS('',1,(#1632,#1633),.UNSPECIFIED.,.F.,
  .F.,(2,2),(0.,1.5),.PIECEWISE_BEZIER_KNOTS.);
#1632 = CARTESIAN_POINT('',(56.7,2.8,4.));
#1633 = CARTESIAN_POINT('',(55.2,2.8,4.));
#1634 = PCURVE('',#1523,#1635);
#1635 = DEFINITIONAL_REPRESENTATION('',(#1636),#1640);
#1636 = LINE('',#1637,#1638);
#1637 = CARTESIAN_POINT('',(0.,0.));
#1638 = VECTOR('',#1639,1.);
#1639 = DIRECTION('',(1.,0.));
#1640 = ( GEOMETRIC_REPRESENTATION_CONTEXT(2) 
PARAMETRIC_REPRESENTATION_CONTEXT() REPRESENTATION_CONTEXT('2D SPACE',''
  ) );
#1641 = PCURVE('',#235,#1642);
#1642 = DEFINITIONAL_REPRESENTATION('',(#1643),#1646);
#1643 = B_SPLINE_CURVE_WITH_KNOTS('',1,(#1644,#1645),.UNSPECIFIED.,.F.,
  .F.,(2,2),(0.,1.5),.PIECEWISE_BEZIER_KNOTS.);
#1644 = CARTESIAN_POINT('',(-5.912080536913,-3.728187919463));
#1645 = CARTESIAN_POINT('',(-7.412080536913,-3.728187919463));
#1646 = ( GEOMETRIC_REPRESENTATION_CONTEXT(2) 
PARAMETRIC_REPRESENTATION_CONTEXT() REPRESENTATION_CONTEXT('2D SPACE',''
  ) );
#1647 = ORIENTED_EDGE('',*,*,#1648,.T.);
#1648 = EDGE_CURVE('',#1628,#1649,#1651,.T.);
#1649 = VERTEX_POINT('',#1650);
#1650 = CARTESIAN_POINT('',(-55.20000005176,-2.800000129405,
    67.999998024481));
#1651 = SURFACE_CURVE('',#1652,(#1690,#1697),.PCURVE_S1.);
#1652 = B_SPLINE_CURVE_WITH_KNOTS('',9,(#1653,#1654,#1655,#1656,#1657,
    #1658,#1659,#1660,#1661,#1662,#1663,#1664,#1665,#1666,#1667,#1668,
    #1669,#1670,#1671,#1672,#1673,#1674,#1675,#1676,#1677,#1678,#1679,
    #1680,#1681,#1682,#1683,#1684,#1685,#1686,#1687,#1688,#1689),
  .UNSPECIFIED.,.F.,.F.,(10,9,9,9,10),(0.,16.474867431233,
    32.949734862466,49.424602293699,65.899469724932),
  .PIECEWISE_BEZIER_KNOTS.);
#1653 = CARTESIAN_POINT('',(55.2,2.8,4.));
#1654 = CARTESIAN_POINT('',(53.978270551099,26.885546275738,
    5.777768776119));
#1655 = CARTESIAN_POINT('',(40.933012054384,50.373082228258,
    7.555583329898));
#1656 = CARTESIAN_POINT('',(16.40505549376,66.615165934052,
    9.333269912237));
#1657 = CARTESIAN_POINT('',(-14.94372486043,69.262454543601,
    11.111200366571));
#1658 = CARTESIAN_POINT('',(-44.23706660586,55.35055480452,
    12.888798349711));
#1659 = CARTESIAN_POINT('',(-61.99544177582,29.38147342658,
    14.666725992215));
#1660 = CARTESIAN_POINT('',(-64.90722554997,0.10779435976,
    16.444417848367));
#1661 = CARTESIAN_POINT('',(-54.94734149863,-24.84503377886,
    18.222226199494));
#1662 = CARTESIAN_POINT('',(-37.05239533417,-41.01219330882,
    19.999999999999));
#1663 = CARTESIAN_POINT('',(-19.15744905592,-57.17935323088,
    21.777768776123));
#1664 = CARTESIAN_POINT('',(6.675137634811,-64.5631584309,
    23.555583329889));
#1665 = CARTESIAN_POINT('',(35.503909576485,-58.70416154724,
    25.333269912253));
#1666 = CARTESIAN_POINT('',(59.542760474367,-38.40914210436,
    27.111200366548));
#1667 = CARTESIAN_POINT('',(70.419082421561,-7.858422867937,
    28.888798349739));
#1668 = CARTESIAN_POINT('',(64.6132363835,23.06155818117,30.66672599219)
  );
#1669 = CARTESIAN_POINT('',(45.972561457164,45.820117211627,
    32.444417848385));
#1670 = CARTESIAN_POINT('',(21.285545918011,56.421729645696,
    34.222226199484));
#1671 = CARTESIAN_POINT('',(-2.8,55.2,36.000000000002));
#1672 = CARTESIAN_POINT('',(-26.88554627573,53.978270551099,
    37.777768776106));
#1673 = CARTESIAN_POINT('',(-50.37308222825,40.933012054381,
    39.555583329933));
#1674 = CARTESIAN_POINT('',(-66.61516593407,16.405055493766,
    41.333269912174));
#1675 = CARTESIAN_POINT('',(-69.26245454356,-14.94372486044,
    43.111200366652));
#1676 = CARTESIAN_POINT('',(-55.35055480455,-44.23706660585,
    44.888798349635));
#1677 = CARTESIAN_POINT('',(-29.38147342655,-61.99544177582,
    46.666725992267));
#1678 = CARTESIAN_POINT('',(-0.107794359772,-64.90722554997,
    48.444417848343));
#1679 = CARTESIAN_POINT('',(24.845033778863,-54.94734149863,
    50.2222261995));
#1680 = CARTESIAN_POINT('',(41.01219330882,-37.05239533417,
    51.999999999999));
#1681 = CARTESIAN_POINT('',(57.179353225134,-19.1574490703,
    53.777768556621));
#1682 = CARTESIAN_POINT('',(64.563158454572,6.675137693979,
    55.55558423318));
#1683 = CARTESIAN_POINT('',(58.704161489263,35.503909431558,
    57.333267699723));
#1684 = CARTESIAN_POINT('',(38.409142207237,59.542760731506,
    59.111204292156));
#1685 = CARTESIAN_POINT('',(7.858422726691,70.419082068478,
    60.888792959466));
#1686 = CARTESIAN_POINT('',(-23.06155802687,64.613236769215,
    62.666731880603));
#1687 = CARTESIAN_POINT('',(-45.82011734689,45.972561118993,
    64.444412685814));
#1688 = CARTESIAN_POINT('',(-56.42172955102,21.285546154689,
    66.222229812652));
#1689 = CARTESIAN_POINT('',(-55.20000005176,-2.800000129405,
    67.999998024481));
#1690 = PCURVE('',#1523,#1691);
#1691 = DEFINITIONAL_REPRESENTATION('',(#1692),#1696);
#1692 = LINE('',#1693,#1694);
#1693 = CARTESIAN_POINT('',(1.5,0.));
#1694 = VECTOR('',#1695,1.);
#1695 = DIRECTION('',(0.,1.));
#1696 = ( GEOMETRIC_REPRESENTATION_CONTEXT(2) 
PARAMETRIC_REPRESENTATION_CONTEXT() REPRESENTATION_CONTEXT('2D SPACE',''
  ) );
#1697 = PCURVE('',#139,#1698);
#1698 = DEFINITIONAL_REPRESENTATION('',(#1699),#1702);
#1699 = B_SPLINE_CURVE_WITH_KNOTS('',1,(#1700,#1701),.UNSPECIFIED.,.F.,
  .F.,(2,2),(0.,65.899469724932),.PIECEWISE_BEZIER_KNOTS.);
#1700 = CARTESIAN_POINT('',(0.,0.));
#1701 = CARTESIAN_POINT('',(0.,65.899469724932));
#1702 = ( GEOMETRIC_REPRESENTATION_CONTEXT(2) 
PARAMETRIC_REPRESENTATION_CONTEXT() REPRESENTATION_CONTEXT('2D SPACE',''
  ) );
#1703 = ORIENTED_EDGE('',*,*,#1704,.F.);
#1704 = EDGE_CURVE('',#1474,#1649,#1705,.T.);
#1705 = SURFACE_CURVE('',#1706,(#1709,#1716),.PCURVE_S1.);
#1706 = B_SPLINE_CURVE_WITH_KNOTS('',1,(#1707,#1708),.UNSPECIFIED.,.F.,
  .F.,(2,2),(0.,1.5),.PIECEWISE_BEZIER_KNOTS.);
#1707 = CARTESIAN_POINT('',(-56.70000005176,-2.800000101675,
    67.999998447806));
#1708 = CARTESIAN_POINT('',(-55.20000005176,-2.800000129405,
    67.999998024481));
#1709 = PCURVE('',#1523,#1710);
#1710 = DEFINITIONAL_REPRESENTATION('',(#1711),#1715);
#1711 = LINE('',#1712,#1713);
#1712 = CARTESIAN_POINT('',(0.,65.899469724932));
#1713 = VECTOR('',#1714,1.);
#1714 = DIRECTION('',(1.,0.));
#1715 = ( GEOMETRIC_REPRESENTATION_CONTEXT(2) 
PARAMETRIC_REPRESENTATION_CONTEXT() REPRESENTATION_CONTEXT('2D SPACE',''
  ) );
#1716 = PCURVE('',#387,#1717);
#1717 = DEFINITIONAL_REPRESENTATION('',(#1718),#1721);
#1718 = B_SPLINE_CURVE_WITH_KNOTS('',1,(#1719,#1720),.UNSPECIFIED.,.F.,
  .F.,(2,2),(0.,1.5),.PIECEWISE_BEZIER_KNOTS.);
#1719 = CARTESIAN_POINT('',(5.912080605834,3.72818781017));
#1720 = CARTESIAN_POINT('',(7.412080605834,3.72818778244));
#1721 = ( GEOMETRIC_REPRESENTATION_CONTEXT(2) 
PARAMETRIC_REPRESENTATION_CONTEXT() REPRESENTATION_CONTEXT('2D SPACE',''
  ) );
#1722 = ADVANCED_FACE('',(#1723),#139,.T.);
#1723 = FACE_BOUND('',#1724,.T.);
#1724 = EDGE_LOOP('',(#1725,#1726,#1745,#1746));
#1725 = ORIENTED_EDGE('',*,*,#1648,.F.);
#1726 = ORIENTED_EDGE('',*,*,#1727,.T.);
#1727 = EDGE_CURVE('',#1628,#22,#1728,.T.);
#1728 = SURFACE_CURVE('',#1729,(#1732,#1739),.PCURVE_S1.);
#1729 = B_SPLINE_CURVE_WITH_KNOTS('',1,(#1730,#1731),.UNSPECIFIED.,.F.,
  .F.,(2,2),(0.,2.8),.PIECEWISE_BEZIER_KNOTS.);
#1730 = CARTESIAN_POINT('',(55.2,2.8,4.));
#1731 = CARTESIAN_POINT('',(55.2,7.105427357601E-15,4.));
#1732 = PCURVE('',#139,#1733);
#1733 = DEFINITIONAL_REPRESENTATION('',(#1734),#1738);
#1734 = LINE('',#1735,#1736);
#1735 = CARTESIAN_POINT('',(0.,0.));
#1736 = VECTOR('',#1737,1.);
#1737 = DIRECTION('',(1.,0.));
#1738 = ( GEOMETRIC_REPRESENTATION_CONTEXT(2) 
PARAMETRIC_REPRESENTATION_CONTEXT() REPRESENTATION_CONTEXT('2D SPACE',''
  ) );
#1739 = PCURVE('',#235,#1740);
#1740 = DEFINITIONAL_REPRESENTATION('',(#1741),#1744);
#1741 = B_SPLINE_CURVE_WITH_KNOTS('',1,(#1742,#1743),.UNSPECIFIED.,.F.,
  .F.,(2,2),(0.,2.8),.PIECEWISE_BEZIER_KNOTS.);
#1742 = CARTESIAN_POINT('',(-7.412080536913,-3.728187919463));
#1743 = CARTESIAN_POINT('',(-7.412080536913,-6.528187919463));
#1744 = ( GEOMETRIC_REPRESENTATION_CONTEXT(2) 
PARAMETRIC_REPRESENTATION_CONTEXT() REPRESENTATION_CONTEXT('2D SPACE',''
  ) );
#1745 = ORIENTED_EDGE('',*,*,#21,.T.);
#1746 = ORIENTED_EDGE('',*,*,#1747,.F.);
#1747 = EDGE_CURVE('',#1649,#24,#1748,.T.);
#1748 = SURFACE_CURVE('',#1749,(#1752,#1759),.PCURVE_S1.);
#1749 = B_SPLINE_CURVE_WITH_KNOTS('',1,(#1750,#1751),.UNSPECIFIED.,.F.,
  .F.,(2,2),(0.,2.8),.PIECEWISE_BEZIER_KNOTS.);
#1750 = CARTESIAN_POINT('',(-55.20000005176,-2.800000129405,
    67.999998024481));
#1751 = CARTESIAN_POINT('',(-55.2,-1.294049027933E-07,67.999998024481));
#1752 = PCURVE('',#139,#1753);
#1753 = DEFINITIONAL_REPRESENTATION('',(#1754),#1758);
#1754 = LINE('',#1755,#1756);
#1755 = CARTESIAN_POINT('',(0.,65.899469724932));
#1756 = VECTOR('',#1757,1.);
#1757 = DIRECTION('',(1.,0.));
#1758 = ( GEOMETRIC_REPRESENTATION_CONTEXT(2) 
PARAMETRIC_REPRESENTATION_CONTEXT() REPRESENTATION_CONTEXT('2D SPACE',''
  ) );
#1759 = PCURVE('',#387,#1760);
#1760 = DEFINITIONAL_REPRESENTATION('',(#1761),#1764);
#1761 = B_SPLINE_CURVE_WITH_KNOTS('',1,(#1762,#1763),.UNSPECIFIED.,.F.,
  .F.,(2,2),(0.,2.8),.PIECEWISE_BEZIER_KNOTS.);
#1762 = CARTESIAN_POINT('',(7.412080605834,3.72818778244));
#1763 = CARTESIAN_POINT('',(7.412080657596,6.52818778244));
#1764 = ( GEOMETRIC_REPRESENTATION_CONTEXT(2) 
PARAMETRIC_REPRESENTATION_CONTEXT() REPRESENTATION_CONTEXT('2D SPACE',''
  ) );
#1765 = ADVANCED_FACE('',(#1766),#235,.F.);
#1766 = FACE_BOUND('',#1767,.F.);
#1767 = EDGE_LOOP('',(#1768,#1769,#1770,#1771,#1772,#1773,#1774,#1775,
    #1776,#1777));
#1768 = ORIENTED_EDGE('',*,*,#220,.T.);
#1769 = ORIENTED_EDGE('',*,*,#402,.T.);
#1770 = ORIENTED_EDGE('',*,*,#577,.T.);
#1771 = ORIENTED_EDGE('',*,*,#752,.T.);
#1772 = ORIENTED_EDGE('',*,*,#927,.T.);
#1773 = ORIENTED_EDGE('',*,*,#1102,.T.);
#1774 = ORIENTED_EDGE('',*,*,#1277,.T.);
#1775 = ORIENTED_EDGE('',*,*,#1452,.T.);
#1776 = ORIENTED_EDGE('',*,*,#1627,.T.);
#1777 = ORIENTED_EDGE('',*,*,#1727,.T.);
#1778 = ADVANCED_FACE('',(#1779),#387,.T.);
#1779 = FACE_BOUND('',#1780,.T.);
#1780 = EDGE_LOOP('',(#1781,#1782,#1783,#1784,#1785,#1786,#1787,#1788,
    #1789,#1790));
#1781 = ORIENTED_EDGE('',*,*,#374,.T.);
#1782 = ORIENTED_EDGE('',*,*,#554,.T.);
#1783 = ORIENTED_EDGE('',*,*,#729,.T.);
#1784 = ORIENTED_EDGE('',*,*,#904,.T.);
#1785 = ORIENTED_EDGE('',*,*,#1079,.T.);
#1786 = ORIENTED_EDGE('',*,*,#1254,.T.);
#1787 = ORIENTED_EDGE('',*,*,#1429,.T.);
#1788 = ORIENTED_EDGE('',*,*,#1604,.T.);
#1789 = ORIENTED_EDGE('',*,*,#1704,.T.);
#1790 = ORIENTED_EDGE('',*,*,#1747,.T.);
#1791 = ( GEOMETRIC_REPRESENTATION_CONTEXT(3) 
GLOBAL_UNCERTAINTY_ASSIGNED_CONTEXT((#1795)) 
GLOBAL_UNIT_ASSIGNED_CONTEXT((#1792,#1793,#1794)) REPRESENTATION_CONTEXT
('Context #1','3D Context with UNIT and UNCERTAINTY') );
#1792 = ( LENGTH_UNIT() NAMED_UNIT(*) SI_UNIT(.MILLI.,.METRE.) );
#1793 = ( NAMED_UNIT(*) PLANE_ANGLE_UNIT() SI_UNIT($,.RADIAN.) );
#1794 = ( NAMED_UNIT(*) SI_UNIT($,.STERADIAN.) SOLID_ANGLE_UNIT() );
#1795 = UNCERTAINTY_MEASURE_WITH_UNIT(LENGTH_MEASURE(5.E-05),#1792,
  'distance_accuracy_value','confusion accuracy');
#1796 = PRODUCT_RELATED_PRODUCT_CATEGORY('part',$,(#7));
ENDSEC;
END-ISO-10303-21;
