solid OpenSCAD_Model
  facet normal 0.973879 0.227066 0
    outer loop
      vertex 78.4628 15.6072 12
      vertex 77.2741 20.7055 0
      vertex 77.2741 20.7055 12
    endloop
  endfacet
  facet normal 0.973879 0.227066 0
    outer loop
      vertex 77.2741 20.7055 0
      vertex 78.4628 15.6072 12
      vertex 78.4628 15.6072 0
    endloop
  endfacet
  facet normal -0.999465 0.0327217 0
    outer loop
      vertex -80 0 0
      vertex -79.8287 5.23225 12
      vertex -79.8287 5.23225 0
    endloop
  endfacet
  facet normal -0.999465 0.0327217 0
    outer loop
      vertex -79.8287 5.23225 12
      vertex -80 0 0
      vertex -80 0 12
    endloop
  endfacet
  facet normal 0.0327217 0.999465 -0
    outer loop
      vertex 5.23225 79.8287 0
      vertex 0 80 12
      vertex 5.23225 79.8287 12
    endloop
  endfacet
  facet normal 0.0327217 0.999465 0
    outer loop
      vertex 0 80 12
      vertex 5.23225 79.8287 0
      vertex 0 80 0
    endloop
  endfacet
  facet normal 0.729852 0.683606 0
    outer loop
      vertex 60.1472 52.7477 12
      vertex 56.5685 56.5685 0
      vertex 56.5685 56.5685 12
    endloop
  endfacet
  facet normal 0.729852 0.683606 0
    outer loop
      vertex 56.5685 56.5685 0
      vertex 60.1472 52.7477 12
      vertex 60.1472 52.7477 0
    endloop
  endfacet
  facet normal -0.683606 0.729852 0
    outer loop
      vertex -52.7477 60.1472 0
      vertex -56.5685 56.5685 12
      vertex -52.7477 60.1472 12
    endloop
  endfacet
  facet normal -0.683606 0.729852 0
    outer loop
      vertex -56.5685 56.5685 12
      vertex -52.7477 60.1472 0
      vertex -56.5685 56.5685 0
    endloop
  endfacet
  facet normal 0.956939 0.290289 0
    outer loop
      vertex 77.2741 20.7055 12
      vertex 75.7544 25.7152 0
      vertex 75.7544 25.7152 12
    endloop
  endfacet
  facet normal 0.956939 0.290289 0
    outer loop
      vertex 75.7544 25.7152 0
      vertex 77.2741 20.7055 12
      vertex 77.2741 20.7055 0
    endloop
  endfacet
  facet normal 0.471399 0.88192 -0
    outer loop
      vertex 40 69.282 0
      vertex 35.3831 71.7498 12
      vertex 40 69.282 12
    endloop
  endfacet
  facet normal 0.471399 0.88192 0
    outer loop
      vertex 35.3831 71.7498 12
      vertex 40 69.282 0
      vertex 35.3831 71.7498 0
    endloop
  endfacet
  facet normal -0.849207 0.528061 0
    outer loop
      vertex -69.282 40 0
      vertex -66.5176 44.4456 12
      vertex -66.5176 44.4456 0
    endloop
  endfacet
  facet normal -0.849207 0.528061 0
    outer loop
      vertex -66.5176 44.4456 12
      vertex -69.282 40 0
      vertex -69.282 40 12
    endloop
  endfacet
  facet normal -0.290289 0.956939 0
    outer loop
      vertex -20.7055 77.2741 0
      vertex -25.7152 75.7544 12
      vertex -20.7055 77.2741 12
    endloop
  endfacet
  facet normal -0.290289 0.956939 0
    outer loop
      vertex -25.7152 75.7544 12
      vertex -20.7055 77.2741 0
      vertex -25.7152 75.7544 0
    endloop
  endfacet
  facet normal 0.849207 -0.528061 0
    outer loop
      vertex 66.5176 -44.4456 12
      vertex 69.282 -40 0
      vertex 69.282 -40 12
    endloop
  endfacet
  facet normal 0.849207 -0.528061 0
    outer loop
      vertex 69.282 -40 0
      vertex 66.5176 -44.4456 12
      vertex 66.5176 -44.4456 0
    endloop
  endfacet
  facet normal 0.227066 -0.973879 0
    outer loop
      vertex 15.6072 -78.4628 0
      vertex 20.7055 -77.2741 12
      vertex 15.6072 -78.4628 12
    endloop
  endfacet
  facet normal 0.227066 -0.973879 0
    outer loop
      vertex 20.7055 -77.2741 12
      vertex 15.6072 -78.4628 0
      vertex 20.7055 -77.2741 0
    endloop
  endfacet
  facet normal 0.683606 -0.729852 0
    outer loop
      vertex 52.7477 -60.1472 0
      vertex 56.5685 -56.5685 12
      vertex 52.7477 -60.1472 12
    endloop
  endfacet
  facet normal 0.683606 -0.729852 0
    outer loop
      vertex 56.5685 -56.5685 12
      vertex 52.7477 -60.1472 0
      vertex 56.5685 -56.5685 0
    endloop
  endfacet
  facet normal 0.999464 -0.0327225 0
    outer loop
      vertex 80 0 12
      vertex 79.8363 -5 9
      vertex 80 0 9
    endloop
  endfacet
  facet normal 0.999465 -0.0327217 -1.23049e-06
    outer loop
      vertex 79.8287 -5.23225 12
      vertex 79.8363 -5 9
      vertex 80 0 12
    endloop
  endfacet
  facet normal 0.999465 -0.0327059 0
    outer loop
      vertex 79.8287 -5.23225 0
      vertex 79.8363 -5 9
      vertex 79.8287 -5.23225 12
    endloop
  endfacet
  facet normal 0.999465 -0.0327059 0
    outer loop
      vertex 79.8363 -5 9
      vertex 79.8287 -5.23225 0
      vertex 79.8363 -5 0
    endloop
  endfacet
  facet normal -0.352243 -0.935909 0
    outer loop
      vertex -30.6147 -73.9104 0
      vertex -25.7152 -75.7544 12
      vertex -30.6147 -73.9104 12
    endloop
  endfacet
  facet normal -0.352243 -0.935909 -0
    outer loop
      vertex -25.7152 -75.7544 12
      vertex -30.6147 -73.9104 0
      vertex -25.7152 -75.7544 0
    endloop
  endfacet
  facet normal -0.528061 -0.849207 0
    outer loop
      vertex -44.4456 -66.5176 0
      vertex -40 -69.282 12
      vertex -44.4456 -66.5176 12
    endloop
  endfacet
  facet normal -0.528061 -0.849207 -0
    outer loop
      vertex -40 -69.282 12
      vertex -44.4456 -66.5176 0
      vertex -40 -69.282 0
    endloop
  endfacet
  facet normal 0.935909 0.352243 0
    outer loop
      vertex 75.7544 25.7152 12
      vertex 73.9104 30.6147 0
      vertex 73.9104 30.6147 12
    endloop
  endfacet
  facet normal 0.935909 0.352243 0
    outer loop
      vertex 73.9104 30.6147 0
      vertex 75.7544 25.7152 12
      vertex 75.7544 25.7152 0
    endloop
  endfacet
  facet normal 0.88192 0.471399 0
    outer loop
      vertex 71.7498 35.3831 12
      vertex 69.282 40 0
      vertex 69.282 40 12
    endloop
  endfacet
  facet normal 0.88192 0.471399 0
    outer loop
      vertex 69.282 40 0
      vertex 71.7498 35.3831 12
      vertex 71.7498 35.3831 0
    endloop
  endfacet
  facet normal 0.773013 0.634391 0
    outer loop
      vertex 63.4683 48.7009 12
      vertex 60.1472 52.7477 0
      vertex 60.1472 52.7477 12
    endloop
  endfacet
  facet normal 0.773013 0.634391 0
    outer loop
      vertex 60.1472 52.7477 0
      vertex 63.4683 48.7009 12
      vertex 63.4683 48.7009 0
    endloop
  endfacet
  facet normal 0.849207 0.528061 0
    outer loop
      vertex 69.282 40 12
      vertex 66.5176 44.4456 0
      vertex 66.5176 44.4456 12
    endloop
  endfacet
  facet normal 0.849207 0.528061 0
    outer loop
      vertex 66.5176 44.4456 0
      vertex 69.282 40 12
      vertex 69.282 40 0
    endloop
  endfacet
  facet normal 0.227066 0.973879 -0
    outer loop
      vertex 20.7055 77.2741 0
      vertex 15.6072 78.4628 12
      vertex 20.7055 77.2741 12
    endloop
  endfacet
  facet normal 0.227066 0.973879 0
    outer loop
      vertex 15.6072 78.4628 12
      vertex 20.7055 77.2741 0
      vertex 15.6072 78.4628 0
    endloop
  endfacet
  facet normal 0.0980123 0.995185 -0
    outer loop
      vertex 10.4421 79.3156 0
      vertex 5.23225 79.8287 12
      vertex 10.4421 79.3156 12
    endloop
  endfacet
  facet normal 0.0980123 0.995185 0
    outer loop
      vertex 5.23225 79.8287 12
      vertex 10.4421 79.3156 0
      vertex 5.23225 79.8287 0
    endloop
  endfacet
  facet normal 0.683606 0.729852 -0
    outer loop
      vertex 56.5685 56.5685 0
      vertex 52.7477 60.1472 12
      vertex 56.5685 56.5685 12
    endloop
  endfacet
  facet normal 0.683606 0.729852 0
    outer loop
      vertex 52.7477 60.1472 12
      vertex 56.5685 56.5685 0
      vertex 52.7477 60.1472 0
    endloop
  endfacet
  facet normal -0.729852 0.683606 0
    outer loop
      vertex -60.1472 52.7477 0
      vertex -56.5685 56.5685 12
      vertex -56.5685 56.5685 0
    endloop
  endfacet
  facet normal -0.729852 0.683606 0
    outer loop
      vertex -56.5685 56.5685 12
      vertex -60.1472 52.7477 0
      vertex -60.1472 52.7477 12
    endloop
  endfacet
  facet normal -0.973879 0.227066 0
    outer loop
      vertex -78.4628 15.6072 0
      vertex -77.2741 20.7055 12
      vertex -77.2741 20.7055 0
    endloop
  endfacet
  facet normal -0.973879 0.227066 0
    outer loop
      vertex -77.2741 20.7055 12
      vertex -78.4628 15.6072 0
      vertex -78.4628 15.6072 12
    endloop
  endfacet
  facet normal -0.995185 0.0980123 0
    outer loop
      vertex -79.8287 5.23225 0
      vertex -79.3156 10.4421 12
      vertex -79.3156 10.4421 0
    endloop
  endfacet
  facet normal -0.995185 0.0980123 0
    outer loop
      vertex -79.3156 10.4421 12
      vertex -79.8287 5.23225 0
      vertex -79.8287 5.23225 12
    endloop
  endfacet
  facet normal -0.528061 0.849207 0
    outer loop
      vertex -40 69.282 0
      vertex -44.4456 66.5176 12
      vertex -40 69.282 12
    endloop
  endfacet
  facet normal -0.528061 0.849207 0
    outer loop
      vertex -44.4456 66.5176 12
      vertex -40 69.282 0
      vertex -44.4456 66.5176 0
    endloop
  endfacet
  facet normal -0.634391 0.773013 0
    outer loop
      vertex -48.7009 63.4683 0
      vertex -52.7477 60.1472 12
      vertex -48.7009 63.4683 12
    endloop
  endfacet
  facet normal -0.634391 0.773013 0
    outer loop
      vertex -52.7477 60.1472 12
      vertex -48.7009 63.4683 0
      vertex -52.7477 60.1472 0
    endloop
  endfacet
  facet normal -0.0327217 0.999465 0
    outer loop
      vertex 0 80 0
      vertex -5.23225 79.8287 12
      vertex 0 80 12
    endloop
  endfacet
  facet normal -0.0327217 0.999465 0
    outer loop
      vertex -5.23225 79.8287 12
      vertex 0 80 0
      vertex -5.23225 79.8287 0
    endloop
  endfacet
  facet normal 0.973879 -0.227066 0
    outer loop
      vertex 77.2741 -20.7055 12
      vertex 78.4628 -15.6072 0
      vertex 78.4628 -15.6072 12
    endloop
  endfacet
  facet normal 0.973879 -0.227066 0
    outer loop
      vertex 78.4628 -15.6072 0
      vertex 77.2741 -20.7055 12
      vertex 77.2741 -20.7055 0
    endloop
  endfacet
  facet normal 0.0327217 -0.999465 0
    outer loop
      vertex 0 -80 0
      vertex 5.23225 -79.8287 12
      vertex 0 -80 12
    endloop
  endfacet
  facet normal 0.0327217 -0.999465 0
    outer loop
      vertex 5.23225 -79.8287 12
      vertex 0 -80 0
      vertex 5.23225 -79.8287 0
    endloop
  endfacet
  facet normal 0.729852 -0.683606 0
    outer loop
      vertex 56.5685 -56.5685 12
      vertex 60.1472 -52.7477 0
      vertex 60.1472 -52.7477 12
    endloop
  endfacet
  facet normal 0.729852 -0.683606 0
    outer loop
      vertex 60.1472 -52.7477 0
      vertex 56.5685 -56.5685 12
      vertex 56.5685 -56.5685 0
    endloop
  endfacet
  facet normal -0.683606 -0.729852 0
    outer loop
      vertex -56.5685 -56.5685 0
      vertex -52.7477 -60.1472 12
      vertex -56.5685 -56.5685 12
    endloop
  endfacet
  facet normal -0.683606 -0.729852 -0
    outer loop
      vertex -52.7477 -60.1472 12
      vertex -56.5685 -56.5685 0
      vertex -52.7477 -60.1472 0
    endloop
  endfacet
  facet normal -0.0327217 -0.999465 0
    outer loop
      vertex -5.23225 -79.8287 0
      vertex 0 -80 12
      vertex -5.23225 -79.8287 12
    endloop
  endfacet
  facet normal -0.0327217 -0.999465 -0
    outer loop
      vertex 0 -80 12
      vertex -5.23225 -79.8287 0
      vertex 0 -80 0
    endloop
  endfacet
  facet normal -0.582477 -0.812847 0
    outer loop
      vertex -48.7009 -63.4683 0
      vertex -44.4456 -66.5176 12
      vertex -48.7009 -63.4683 12
    endloop
  endfacet
  facet normal -0.582477 -0.812847 -0
    outer loop
      vertex -44.4456 -66.5176 12
      vertex -48.7009 -63.4683 0
      vertex -44.4456 -66.5176 0
    endloop
  endfacet
  facet normal -0.729852 -0.683606 0
    outer loop
      vertex -56.5685 -56.5685 0
      vertex -60.1472 -52.7477 12
      vertex -60.1472 -52.7477 0
    endloop
  endfacet
  facet normal -0.729852 -0.683606 0
    outer loop
      vertex -60.1472 -52.7477 12
      vertex -56.5685 -56.5685 0
      vertex -56.5685 -56.5685 12
    endloop
  endfacet
  facet normal -0.910859 -0.412718 0
    outer loop
      vertex -71.7498 -35.3831 0
      vertex -73.9104 -30.6147 12
      vertex -73.9104 -30.6147 0
    endloop
  endfacet
  facet normal -0.910859 -0.412718 0
    outer loop
      vertex -73.9104 -30.6147 12
      vertex -71.7498 -35.3831 0
      vertex -71.7498 -35.3831 12
    endloop
  endfacet
  facet normal -0.973879 -0.227066 0
    outer loop
      vertex -77.2741 -20.7055 0
      vertex -78.4628 -15.6072 12
      vertex -78.4628 -15.6072 0
    endloop
  endfacet
  facet normal -0.973879 -0.227066 0
    outer loop
      vertex -78.4628 -15.6072 12
      vertex -77.2741 -20.7055 0
      vertex -77.2741 -20.7055 12
    endloop
  endfacet
  facet normal -0.999465 -0.0327217 0
    outer loop
      vertex -79.8287 -5.23225 0
      vertex -80 0 12
      vertex -80 0 0
    endloop
  endfacet
  facet normal -0.999465 -0.0327217 0
    outer loop
      vertex -80 0 12
      vertex -79.8287 -5.23225 0
      vertex -79.8287 -5.23225 12
    endloop
  endfacet
  facet normal 0 0 1
    outer loop
      vertex 50 -3.86075 8
      vertex 49.825 -3.76721 8
      vertex 50 -5 8
    endloop
  endfacet
  facet normal -0 0 1
    outer loop
      vertex 50 -5 8
      vertex 76.3362 -5.00334 8
      vertex 76.3363 -5 8
    endloop
  endfacet
  facet normal 0 0 1
    outer loop
      vertex 76.3362 -5.00334 8
      vertex 50 -5 8
      vertex 75.8455 -9.98525 8
    endloop
  endfacet
  facet normal 0 0 1
    outer loop
      vertex 75.8455 -9.98525 8
      vertex 50 -5 8
      vertex 75.0301 -14.9244 8
    endloop
  endfacet
  facet normal 0 0 1
    outer loop
      vertex 75.0301 -14.9244 8
      vertex 50 -5 8
      vertex 73.8933 -19.7997 8
    endloop
  endfacet
  facet normal 0 0 1
    outer loop
      vertex 73.8933 -19.7997 8
      vertex 50 -5 8
      vertex 72.4402 -24.5901 8
    endloop
  endfacet
  facet normal 0 0 1
    outer loop
      vertex 72.4402 -24.5901 8
      vertex 50 -5 8
      vertex 70.6768 -29.2753 8
    endloop
  endfacet
  facet normal 0 0 1
    outer loop
      vertex 70.6768 -29.2753 8
      vertex 50 -5 8
      vertex 68.6108 -33.8351 8
    endloop
  endfacet
  facet normal 0 0 1
    outer loop
      vertex 68.6108 -33.8351 8
      vertex 50 -5 8
      vertex 66.2509 -38.25 8
    endloop
  endfacet
  facet normal 0 0 1
    outer loop
      vertex 66.2509 -38.25 8
      vertex 50 -5 8
      vertex 63.6074 -42.5011 8
    endloop
  endfacet
  facet normal 0 -0 1
    outer loop
      vertex 51.8859 -50.6838 8
      vertex 63.6074 -42.5011 8
      vertex 50 -5 8
    endloop
  endfacet
  facet normal 0 -0 1
    outer loop
      vertex 52.104 -50.6404 8
      vertex 63.6074 -42.5011 8
      vertex 51.9942 -50.6586 8
    endloop
  endfacet
  facet normal 0 0 1
    outer loop
      vertex 54.0223 -52.4371 8
      vertex 57.5157 -50.44 8
      vertex 54.0259 -52.3259 8
    endloop
  endfacet
  facet normal 0 0 1
    outer loop
      vertex 57.5157 -50.44 8
      vertex 54.0223 -52.2147 8
      vertex 54.0259 -52.3259 8
    endloop
  endfacet
  facet normal 0 0 1
    outer loop
      vertex 57.5157 -50.44 8
      vertex 54.0114 -52.104 8
      vertex 54.0223 -52.2147 8
    endloop
  endfacet
  facet normal 0 0 1
    outer loop
      vertex 57.5157 -50.44 8
      vertex 53.9932 -51.9942 8
      vertex 54.0114 -52.104 8
    endloop
  endfacet
  facet normal 0 0 1
    outer loop
      vertex 57.5157 -50.44 8
      vertex 53.968 -51.8859 8
      vertex 53.9932 -51.9942 8
    endloop
  endfacet
  facet normal 0 0 1
    outer loop
      vertex 57.5157 -50.44 8
      vertex 53.9357 -51.7795 8
      vertex 53.968 -51.8859 8
    endloop
  endfacet
  facet normal 0 0 1
    outer loop
      vertex 57.5157 -50.44 8
      vertex 53.8965 -51.6753 8
      vertex 53.9357 -51.7795 8
    endloop
  endfacet
  facet normal 0 0 1
    outer loop
      vertex 57.5157 -50.44 8
      vertex 53.8506 -51.574 8
      vertex 53.8965 -51.6753 8
    endloop
  endfacet
  facet normal 0 0 1
    outer loop
      vertex 57.5157 -50.44 8
      vertex 53.7981 -51.4759 8
      vertex 53.8506 -51.574 8
    endloop
  endfacet
  facet normal 0 0 1
    outer loop
      vertex 57.5157 -50.44 8
      vertex 53.7394 -51.3814 8
      vertex 53.7981 -51.4759 8
    endloop
  endfacet
  facet normal 0 0 1
    outer loop
      vertex 57.5157 -50.44 8
      vertex 53.6746 -51.291 8
      vertex 53.7394 -51.3814 8
    endloop
  endfacet
  facet normal 0 0 1
    outer loop
      vertex 57.5157 -50.44 8
      vertex 53.604 -51.205 8
      vertex 53.6746 -51.291 8
    endloop
  endfacet
  facet normal 0 0 1
    outer loop
      vertex 57.5157 -50.44 8
      vertex 53.528 -51.1238 8
      vertex 53.604 -51.205 8
    endloop
  endfacet
  facet normal 0 0 1
    outer loop
      vertex 57.5157 -50.44 8
      vertex 53.4468 -51.0478 8
      vertex 53.528 -51.1238 8
    endloop
  endfacet
  facet normal 0 0 1
    outer loop
      vertex 57.5157 -50.44 8
      vertex 53.3608 -50.9772 8
      vertex 53.4468 -51.0478 8
    endloop
  endfacet
  facet normal 0 0 1
    outer loop
      vertex 57.5157 -50.44 8
      vertex 53.2704 -50.9124 8
      vertex 53.3608 -50.9772 8
    endloop
  endfacet
  facet normal 0 0 1
    outer loop
      vertex 57.5157 -50.44 8
      vertex 53.1759 -50.8537 8
      vertex 53.2704 -50.9124 8
    endloop
  endfacet
  facet normal 0 0 1
    outer loop
      vertex 57.5157 -50.44 8
      vertex 53.0778 -50.8012 8
      vertex 53.1759 -50.8537 8
    endloop
  endfacet
  facet normal 0 0 1
    outer loop
      vertex 57.5157 -50.44 8
      vertex 52.9765 -50.7553 8
      vertex 53.0778 -50.8012 8
    endloop
  endfacet
  facet normal 0 -0 1
    outer loop
      vertex 52.5478 -50.6404 8
      vertex 60.6915 -46.5702 8
      vertex 52.4371 -50.6295 8
    endloop
  endfacet
  facet normal 0 0 1
    outer loop
      vertex 57.5157 -50.44 8
      vertex 52.8723 -50.7161 8
      vertex 52.9765 -50.7553 8
    endloop
  endfacet
  facet normal 0 0 1
    outer loop
      vertex 60.6915 -46.5702 8
      vertex 52.8723 -50.7161 8
      vertex 57.5157 -50.44 8
    endloop
  endfacet
  facet normal 0 -0 1
    outer loop
      vertex 52.8723 -50.7161 8
      vertex 60.6915 -46.5702 8
      vertex 52.7659 -50.6838 8
    endloop
  endfacet
  facet normal 0 -0 1
    outer loop
      vertex 52.7659 -50.6838 8
      vertex 60.6915 -46.5702 8
      vertex 52.6576 -50.6586 8
    endloop
  endfacet
  facet normal 0 -0 1
    outer loop
      vertex 52.6576 -50.6586 8
      vertex 60.6915 -46.5702 8
      vertex 52.5478 -50.6404 8
    endloop
  endfacet
  facet normal 0 0 1
    outer loop
      vertex 60.6915 -46.5702 8
      vertex 52.3259 -50.6259 8
      vertex 52.4371 -50.6295 8
    endloop
  endfacet
  facet normal 0 0 1
    outer loop
      vertex 60.6915 -46.5702 8
      vertex 52.2147 -50.6295 8
      vertex 52.3259 -50.6259 8
    endloop
  endfacet
  facet normal 0 0 1
    outer loop
      vertex 60.6915 -46.5702 8
      vertex 52.104 -50.6404 8
      vertex 52.2147 -50.6295 8
    endloop
  endfacet
  facet normal 0 0 1
    outer loop
      vertex 63.6074 -42.5011 8
      vertex 52.104 -50.6404 8
      vertex 60.6915 -46.5702 8
    endloop
  endfacet
  facet normal 0 0 1
    outer loop
      vertex 63.6074 -42.5011 8
      vertex 51.8859 -50.6838 8
      vertex 51.9942 -50.6586 8
    endloop
  endfacet
  facet normal 0 0 1
    outer loop
      vertex 51.8859 -50.6838 8
      vertex 50 -5 8
      vertex 51.7795 -50.7161 8
    endloop
  endfacet
  facet normal 0 0 1
    outer loop
      vertex 51.7795 -50.7161 8
      vertex 50 -5 8
      vertex 51.6753 -50.7553 8
    endloop
  endfacet
  facet normal 0 0 1
    outer loop
      vertex 51.6753 -50.7553 8
      vertex 50 -5 8
      vertex 51.574 -50.8012 8
    endloop
  endfacet
  facet normal 0 0 1
    outer loop
      vertex 51.574 -50.8012 8
      vertex 50 -5 8
      vertex 51.4759 -50.8537 8
    endloop
  endfacet
  facet normal 0 0 1
    outer loop
      vertex 51.4759 -50.8537 8
      vertex 50 -5 8
      vertex 51.3814 -50.9124 8
    endloop
  endfacet
  facet normal 0 0 1
    outer loop
      vertex 51.3814 -50.9124 8
      vertex 50 -5 8
      vertex 51.291 -50.9772 8
    endloop
  endfacet
  facet normal 0 0 1
    outer loop
      vertex 51.291 -50.9772 8
      vertex 50 -5 8
      vertex 51.205 -51.0478 8
    endloop
  endfacet
  facet normal 0 0 1
    outer loop
      vertex 51.205 -51.0478 8
      vertex 50 -5 8
      vertex 51.1238 -51.1238 8
    endloop
  endfacet
  facet normal -0 0 1
    outer loop
      vertex 5.72756 -5.72756 8
      vertex 51.1238 -51.1238 8
      vertex 50 -5 8
    endloop
  endfacet
  facet normal 0 0 1
    outer loop
      vertex 51.1238 -51.1238 8
      vertex 5.72756 -5.72756 8
      vertex 51.0478 -51.205 8
    endloop
  endfacet
  facet normal -0 0 1
    outer loop
      vertex 5.3407 -6.0899 8
      vertex 51.0478 -51.205 8
      vertex 5.72756 -5.72756 8
    endloop
  endfacet
  facet normal 0 0 1
    outer loop
      vertex 37.44 -62.4438 8
      vertex 50.6259 -52.3259 8
      vertex 50.6295 -52.2147 8
    endloop
  endfacet
  facet normal 0 0 1
    outer loop
      vertex 51.0478 -51.205 8
      vertex 5.3407 -6.0899 8
      vertex 50.9772 -51.291 8
    endloop
  endfacet
  facet normal -0 0 1
    outer loop
      vertex 4.93097 -6.42616 8
      vertex 50.9772 -51.291 8
      vertex 5.3407 -6.0899 8
    endloop
  endfacet
  facet normal 0 0 1
    outer loop
      vertex 50.9772 -51.291 8
      vertex 4.93097 -6.42616 8
      vertex 50.9124 -51.3814 8
    endloop
  endfacet
  facet normal 0 -0 1
    outer loop
      vertex 36.4536 -62.4761 8
      vertex 50.9124 -51.3814 8
      vertex 4.93097 -6.42616 8
    endloop
  endfacet
  facet normal 0 0 1
    outer loop
      vertex 50.9124 -51.3814 8
      vertex 36.4536 -62.4761 8
      vertex 50.8537 -51.4759 8
    endloop
  endfacet
  facet normal 0 -0 1
    outer loop
      vertex 36.56 -62.4438 8
      vertex 50.8537 -51.4759 8
      vertex 36.4536 -62.4761 8
    endloop
  endfacet
  facet normal 0 0 1
    outer loop
      vertex 50.8537 -51.4759 8
      vertex 36.56 -62.4438 8
      vertex 50.8012 -51.574 8
    endloop
  endfacet
  facet normal 0 -0 1
    outer loop
      vertex 36.6683 -62.4185 8
      vertex 50.8012 -51.574 8
      vertex 36.56 -62.4438 8
    endloop
  endfacet
  facet normal 0 0 1
    outer loop
      vertex 50.8012 -51.574 8
      vertex 36.6683 -62.4185 8
      vertex 50.7553 -51.6753 8
    endloop
  endfacet
  facet normal 0 0 1
    outer loop
      vertex 49.5833 -3.61689 8
      vertex 50 -5 8
      vertex 49.825 -3.76721 8
    endloop
  endfacet
  facet normal 0 0 1
    outer loop
      vertex 49.3519 -3.45109 8
      vertex 50 -5 8
      vertex 49.5833 -3.61689 8
    endloop
  endfacet
  facet normal 0 0 1
    outer loop
      vertex 49.1318 -3.2705 8
      vertex 50 -5 8
      vertex 49.3519 -3.45109 8
    endloop
  endfacet
  facet normal 0 0 1
    outer loop
      vertex 48.9241 -3.07591 8
      vertex 50 -5 8
      vertex 49.1318 -3.2705 8
    endloop
  endfacet
  facet normal 0 0 1
    outer loop
      vertex 48.7295 -2.86815 8
      vertex 50 -5 8
      vertex 48.9241 -3.07591 8
    endloop
  endfacet
  facet normal 0 0 1
    outer loop
      vertex 48.5489 -2.64811 8
      vertex 50 -5 8
      vertex 48.7295 -2.86815 8
    endloop
  endfacet
  facet normal -0 0 1
    outer loop
      vertex 7.0148 -4.05 8
      vertex 50 -5 8
      vertex 48.5489 -2.64811 8
    endloop
  endfacet
  facet normal 0 0 1
    outer loop
      vertex 7.0148 -4.05 8
      vertex 48.5489 -2.64811 8
      vertex 48.3831 -2.41673 8
    endloop
  endfacet
  facet normal 0 0 1
    outer loop
      vertex 7.0148 -4.05 8
      vertex 48.3831 -2.41673 8
      vertex 48.2328 -2.175 8
    endloop
  endfacet
  facet normal 0 0 1
    outer loop
      vertex 7.26467 -3.58254 8
      vertex 48.2328 -2.175 8
      vertex 48.0986 -1.92395 8
    endloop
  endfacet
  facet normal 0 0 1
    outer loop
      vertex 7.48342 -3.09974 8
      vertex 48.0986 -1.92395 8
      vertex 47.9811 -1.66467 8
    endloop
  endfacet
  facet normal 0 0 1
    outer loop
      vertex 7.67013 -2.60366 8
      vertex 47.9811 -1.66467 8
      vertex 47.8809 -1.39826 8
    endloop
  endfacet
  facet normal 0 0 1
    outer loop
      vertex 7.824 -2.09643 8
      vertex 47.8809 -1.39826 8
      vertex 47.7982 -1.12586 8
    endloop
  endfacet
  facet normal 0 0 1
    outer loop
      vertex 7.94436 -1.58023 8
      vertex 47.7982 -1.12586 8
      vertex 47.7336 -0.848642 8
    endloop
  endfacet
  facet normal 0 0 1
    outer loop
      vertex 8.0307 -1.05726 8
      vertex 47.7336 -0.848642 8
      vertex 47.6872 -0.567788 8
    endloop
  endfacet
  facet normal -0 0 1
    outer loop
      vertex 8.08266 -0.529765 8
      vertex 47.6872 -0.567788 8
      vertex 47.6593 -0.284503 8
    endloop
  endfacet
  facet normal 0 -0 1
    outer loop
      vertex 37.1112 -62.3895 8
      vertex 50.6586 -51.9942 8
      vertex 37 -62.3859 8
    endloop
  endfacet
  facet normal 0 0 1
    outer loop
      vertex 8.08266 -0.529765 8
      vertex 47.6593 -0.284503 8
      vertex 47.65 0 8
    endloop
  endfacet
  facet normal 0 0 1
    outer loop
      vertex 47.9811 1.66467 8
      vertex 8.1 0 8
      vertex 47.8809 1.39826 8
    endloop
  endfacet
  facet normal -0 0 1
    outer loop
      vertex 37.9445 62.6724 8
      vertex 46.5702 60.6915 8
      vertex 42.5011 63.6074 8
    endloop
  endfacet
  facet normal 0 0 1
    outer loop
      vertex 8.08266 -0.529765 8
      vertex 47.65 0 8
      vertex 8.1 0 8
    endloop
  endfacet
  facet normal -0 0 1
    outer loop
      vertex 38.6964 63.9747 8
      vertex 42.5011 63.6074 8
      vertex 38.7 64.0859 8
    endloop
  endfacet
  facet normal 0 0 1
    outer loop
      vertex 42.5011 63.6074 8
      vertex 38.6964 64.1971 8
      vertex 38.7 64.0859 8
    endloop
  endfacet
  facet normal 0 0 1
    outer loop
      vertex 42.5011 63.6074 8
      vertex 38.6855 64.3078 8
      vertex 38.6964 64.1971 8
    endloop
  endfacet
  facet normal 0 0 1
    outer loop
      vertex 42.5011 63.6074 8
      vertex 38.6673 64.4175 8
      vertex 38.6855 64.3078 8
    endloop
  endfacet
  facet normal 0 0 1
    outer loop
      vertex 42.5011 63.6074 8
      vertex 38.6421 64.5259 8
      vertex 38.6673 64.4175 8
    endloop
  endfacet
  facet normal 0 0 1
    outer loop
      vertex 42.5011 63.6074 8
      vertex 38.6098 64.6323 8
      vertex 38.6421 64.5259 8
    endloop
  endfacet
  facet normal 0 0 1
    outer loop
      vertex 42.5011 63.6074 8
      vertex 38.5706 64.7364 8
      vertex 38.6098 64.6323 8
    endloop
  endfacet
  facet normal 0 0 1
    outer loop
      vertex 42.5011 63.6074 8
      vertex 38.5247 64.8378 8
      vertex 38.5706 64.7364 8
    endloop
  endfacet
  facet normal 0 0 1
    outer loop
      vertex 38.25 66.2509 8
      vertex 38.5247 64.8378 8
      vertex 42.5011 63.6074 8
    endloop
  endfacet
  facet normal 0 0 1
    outer loop
      vertex 38.5247 64.8378 8
      vertex 38.25 66.2509 8
      vertex 38.4722 64.9359 8
    endloop
  endfacet
  facet normal 0 0 1
    outer loop
      vertex 38.4722 64.9359 8
      vertex 38.25 66.2509 8
      vertex 38.4135 65.0303 8
    endloop
  endfacet
  facet normal 0 0 1
    outer loop
      vertex 38.4135 65.0303 8
      vertex 38.25 66.2509 8
      vertex 38.3487 65.1208 8
    endloop
  endfacet
  facet normal 0 0 1
    outer loop
      vertex 38.3487 65.1208 8
      vertex 38.25 66.2509 8
      vertex 38.2781 65.2068 8
    endloop
  endfacet
  facet normal 0 0 1
    outer loop
      vertex 38.25 66.2509 8
      vertex 38.2021 65.288 8
      vertex 38.2781 65.2068 8
    endloop
  endfacet
  facet normal 0 0 1
    outer loop
      vertex 38.25 66.2509 8
      vertex 38.1209 65.364 8
      vertex 38.2021 65.288 8
    endloop
  endfacet
  facet normal 0 0 1
    outer loop
      vertex 38.25 66.2509 8
      vertex 38.0349 65.4346 8
      vertex 38.1209 65.364 8
    endloop
  endfacet
  facet normal 0 0 1
    outer loop
      vertex 38.25 66.2509 8
      vertex 37.9445 65.4994 8
      vertex 38.0349 65.4346 8
    endloop
  endfacet
  facet normal 0 0 1
    outer loop
      vertex 38.25 66.2509 8
      vertex 37.85 65.5581 8
      vertex 37.9445 65.4994 8
    endloop
  endfacet
  facet normal 0 0 1
    outer loop
      vertex 38.25 66.2509 8
      vertex 37.7519 65.6106 8
      vertex 37.85 65.5581 8
    endloop
  endfacet
  facet normal 0 0 1
    outer loop
      vertex 38.25 66.2509 8
      vertex 37.6506 65.6565 8
      vertex 37.7519 65.6106 8
    endloop
  endfacet
  facet normal 0 0 1
    outer loop
      vertex 38.25 66.2509 8
      vertex 37.5464 65.6957 8
      vertex 37.6506 65.6565 8
    endloop
  endfacet
  facet normal 0 0 1
    outer loop
      vertex 38.25 66.2509 8
      vertex 37.44 65.728 8
      vertex 37.5464 65.6957 8
    endloop
  endfacet
  facet normal 0 0 1
    outer loop
      vertex 38.25 66.2509 8
      vertex 37.3317 65.7532 8
      vertex 37.44 65.728 8
    endloop
  endfacet
  facet normal 0 0 1
    outer loop
      vertex 38.25 66.2509 8
      vertex 37.2219 65.7713 8
      vertex 37.3317 65.7532 8
    endloop
  endfacet
  facet normal 0 0 1
    outer loop
      vertex 38.25 66.2509 8
      vertex 37.1112 65.7822 8
      vertex 37.2219 65.7713 8
    endloop
  endfacet
  facet normal 0 0 1
    outer loop
      vertex 38.25 66.2509 8
      vertex 37 65.7859 8
      vertex 37.1112 65.7822 8
    endloop
  endfacet
  facet normal 0 0 1
    outer loop
      vertex 38.25 66.2509 8
      vertex 36.8888 65.7822 8
      vertex 37 65.7859 8
    endloop
  endfacet
  facet normal 0 0 1
    outer loop
      vertex 33.8351 68.6108 8
      vertex 36.8888 65.7822 8
      vertex 38.25 66.2509 8
    endloop
  endfacet
  facet normal 0 0 1
    outer loop
      vertex 36.8888 65.7822 8
      vertex 33.8351 68.6108 8
      vertex 36.7781 65.7713 8
    endloop
  endfacet
  facet normal 0 0 1
    outer loop
      vertex 36.7781 65.7713 8
      vertex 33.8351 68.6108 8
      vertex 36.6683 65.7532 8
    endloop
  endfacet
  facet normal 0 0 1
    outer loop
      vertex 36.6683 65.7532 8
      vertex 33.8351 68.6108 8
      vertex 36.56 65.728 8
    endloop
  endfacet
  facet normal 0 0 1
    outer loop
      vertex 36.2481 -62.5612 8
      vertex 4.50012 -6.7349 8
      vertex 36.15 -62.6136 8
    endloop
  endfacet
  facet normal 0 0 1
    outer loop
      vertex 35.3036 64.1971 8
      vertex 33.8351 68.6108 8
      vertex 35.3 64.0859 8
    endloop
  endfacet
  facet normal 0 0 1
    outer loop
      vertex 35.3145 64.3078 8
      vertex 33.8351 68.6108 8
      vertex 35.3036 64.1971 8
    endloop
  endfacet
  facet normal 0 0 1
    outer loop
      vertex 35.3327 64.4175 8
      vertex 33.8351 68.6108 8
      vertex 35.3145 64.3078 8
    endloop
  endfacet
  facet normal 0 0 1
    outer loop
      vertex 35.3579 64.5259 8
      vertex 33.8351 68.6108 8
      vertex 35.3327 64.4175 8
    endloop
  endfacet
  facet normal 0 0 1
    outer loop
      vertex 35.3902 64.6323 8
      vertex 33.8351 68.6108 8
      vertex 35.3579 64.5259 8
    endloop
  endfacet
  facet normal 0 0 1
    outer loop
      vertex 35.4294 64.7364 8
      vertex 33.8351 68.6108 8
      vertex 35.3902 64.6323 8
    endloop
  endfacet
  facet normal 0 0 1
    outer loop
      vertex 35.4753 64.8378 8
      vertex 33.8351 68.6108 8
      vertex 35.4294 64.7364 8
    endloop
  endfacet
  facet normal 0 0 1
    outer loop
      vertex 35.5278 64.9359 8
      vertex 33.8351 68.6108 8
      vertex 35.4753 64.8378 8
    endloop
  endfacet
  facet normal 0 0 1
    outer loop
      vertex 35.5865 65.0303 8
      vertex 33.8351 68.6108 8
      vertex 35.5278 64.9359 8
    endloop
  endfacet
  facet normal 0 0 1
    outer loop
      vertex 35.6513 65.1208 8
      vertex 33.8351 68.6108 8
      vertex 35.5865 65.0303 8
    endloop
  endfacet
  facet normal 0 0 1
    outer loop
      vertex 35.7219 65.2068 8
      vertex 33.8351 68.6108 8
      vertex 35.6513 65.1208 8
    endloop
  endfacet
  facet normal 0 0 1
    outer loop
      vertex 35.7979 65.288 8
      vertex 33.8351 68.6108 8
      vertex 35.7219 65.2068 8
    endloop
  endfacet
  facet normal 0 0 1
    outer loop
      vertex 35.8791 65.364 8
      vertex 33.8351 68.6108 8
      vertex 35.7979 65.288 8
    endloop
  endfacet
  facet normal 0 0 1
    outer loop
      vertex 35.9651 65.4346 8
      vertex 33.8351 68.6108 8
      vertex 35.8791 65.364 8
    endloop
  endfacet
  facet normal 0 0 1
    outer loop
      vertex 36.0555 65.4994 8
      vertex 33.8351 68.6108 8
      vertex 35.9651 65.4346 8
    endloop
  endfacet
  facet normal 0 0 1
    outer loop
      vertex 36.15 65.5581 8
      vertex 33.8351 68.6108 8
      vertex 36.0555 65.4994 8
    endloop
  endfacet
  facet normal 0 0 1
    outer loop
      vertex 36.2481 65.6106 8
      vertex 33.8351 68.6108 8
      vertex 36.15 65.5581 8
    endloop
  endfacet
  facet normal 0 0 1
    outer loop
      vertex 36.3494 65.6565 8
      vertex 33.8351 68.6108 8
      vertex 36.2481 65.6106 8
    endloop
  endfacet
  facet normal 0 0 1
    outer loop
      vertex 36.4536 65.6957 8
      vertex 33.8351 68.6108 8
      vertex 36.3494 65.6565 8
    endloop
  endfacet
  facet normal 0 0 1
    outer loop
      vertex 36.56 65.728 8
      vertex 33.8351 68.6108 8
      vertex 36.4536 65.6957 8
    endloop
  endfacet
  facet normal 0 0 1
    outer loop
      vertex 54.0114 -52.5478 8
      vertex 57.5157 -50.44 8
      vertex 54.0223 -52.4371 8
    endloop
  endfacet
  facet normal 0 0 1
    outer loop
      vertex 53.9932 -52.6576 8
      vertex 57.5157 -50.44 8
      vertex 54.0114 -52.5478 8
    endloop
  endfacet
  facet normal 0 0 1
    outer loop
      vertex 57.5157 -50.44 8
      vertex 53.9932 -52.6576 8
      vertex 54.0937 -54.0937 8
    endloop
  endfacet
  facet normal -0 0 1
    outer loop
      vertex 53.968 -52.7659 8
      vertex 54.0937 -54.0937 8
      vertex 53.9932 -52.6576 8
    endloop
  endfacet
  facet normal -0 0 1
    outer loop
      vertex 53.9357 -52.8723 8
      vertex 54.0937 -54.0937 8
      vertex 53.968 -52.7659 8
    endloop
  endfacet
  facet normal -0 0 1
    outer loop
      vertex 53.8965 -52.9765 8
      vertex 54.0937 -54.0937 8
      vertex 53.9357 -52.8723 8
    endloop
  endfacet
  facet normal -0 0 1
    outer loop
      vertex 53.8506 -53.0778 8
      vertex 54.0937 -54.0937 8
      vertex 53.8965 -52.9765 8
    endloop
  endfacet
  facet normal -0 0 1
    outer loop
      vertex 53.7981 -53.1759 8
      vertex 54.0937 -54.0937 8
      vertex 53.8506 -53.0778 8
    endloop
  endfacet
  facet normal -0 0 1
    outer loop
      vertex 53.7394 -53.2704 8
      vertex 54.0937 -54.0937 8
      vertex 53.7981 -53.1759 8
    endloop
  endfacet
  facet normal -0 0 1
    outer loop
      vertex 53.6746 -53.3608 8
      vertex 54.0937 -54.0937 8
      vertex 53.7394 -53.2704 8
    endloop
  endfacet
  facet normal -0 0 1
    outer loop
      vertex 53.604 -53.4468 8
      vertex 54.0937 -54.0937 8
      vertex 53.6746 -53.3608 8
    endloop
  endfacet
  facet normal -0 0 1
    outer loop
      vertex 53.528 -53.528 8
      vertex 54.0937 -54.0937 8
      vertex 53.604 -53.4468 8
    endloop
  endfacet
  facet normal -0 0 1
    outer loop
      vertex 53.4468 -53.604 8
      vertex 54.0937 -54.0937 8
      vertex 53.528 -53.528 8
    endloop
  endfacet
  facet normal -0 0 1
    outer loop
      vertex 53.3608 -53.6746 8
      vertex 54.0937 -54.0937 8
      vertex 53.4468 -53.604 8
    endloop
  endfacet
  facet normal -0 0 1
    outer loop
      vertex 53.2704 -53.7394 8
      vertex 54.0937 -54.0937 8
      vertex 53.3608 -53.6746 8
    endloop
  endfacet
  facet normal -0 0 1
    outer loop
      vertex 53.1759 -53.7981 8
      vertex 54.0937 -54.0937 8
      vertex 53.2704 -53.7394 8
    endloop
  endfacet
  facet normal -0 0 1
    outer loop
      vertex 53.0778 -53.8506 8
      vertex 54.0937 -54.0937 8
      vertex 53.1759 -53.7981 8
    endloop
  endfacet
  facet normal -0 0 1
    outer loop
      vertex 52.9765 -53.8965 8
      vertex 54.0937 -54.0937 8
      vertex 53.0778 -53.8506 8
    endloop
  endfacet
  facet normal -0 0 1
    outer loop
      vertex 52.8723 -53.9357 8
      vertex 54.0937 -54.0937 8
      vertex 52.9765 -53.8965 8
    endloop
  endfacet
  facet normal -0 0 1
    outer loop
      vertex 52.7659 -53.968 8
      vertex 54.0937 -54.0937 8
      vertex 52.8723 -53.9357 8
    endloop
  endfacet
  facet normal -0 0 1
    outer loop
      vertex 52.6576 -53.9932 8
      vertex 54.0937 -54.0937 8
      vertex 52.7659 -53.968 8
    endloop
  endfacet
  facet normal 0 0 1
    outer loop
      vertex 50.44 -57.5157 8
      vertex 52.6576 -53.9932 8
      vertex 52.5478 -54.0114 8
    endloop
  endfacet
  facet normal 0 0 1
    outer loop
      vertex 50.44 -57.5157 8
      vertex 52.5478 -54.0114 8
      vertex 52.4371 -54.0223 8
    endloop
  endfacet
  facet normal 0 0 1
    outer loop
      vertex 50.44 -57.5157 8
      vertex 52.4371 -54.0223 8
      vertex 52.3259 -54.0259 8
    endloop
  endfacet
  facet normal 0 0 1
    outer loop
      vertex 50.44 -57.5157 8
      vertex 52.3259 -54.0259 8
      vertex 52.2147 -54.0223 8
    endloop
  endfacet
  facet normal 0 0 1
    outer loop
      vertex 52.6576 -53.9932 8
      vertex 50.44 -57.5157 8
      vertex 54.0937 -54.0937 8
    endloop
  endfacet
  facet normal 0 0 1
    outer loop
      vertex 52.104 -54.0114 8
      vertex 50.44 -57.5157 8
      vertex 52.2147 -54.0223 8
    endloop
  endfacet
  facet normal 0 0 1
    outer loop
      vertex 51.9942 -53.9932 8
      vertex 50.44 -57.5157 8
      vertex 52.104 -54.0114 8
    endloop
  endfacet
  facet normal 0 0 1
    outer loop
      vertex 51.8859 -53.968 8
      vertex 50.44 -57.5157 8
      vertex 51.9942 -53.9932 8
    endloop
  endfacet
  facet normal 0 0 1
    outer loop
      vertex 51.7795 -53.9357 8
      vertex 50.44 -57.5157 8
      vertex 51.8859 -53.968 8
    endloop
  endfacet
  facet normal 0 0 1
    outer loop
      vertex 51.6753 -53.8965 8
      vertex 50.44 -57.5157 8
      vertex 51.7795 -53.9357 8
    endloop
  endfacet
  facet normal 0 0 1
    outer loop
      vertex 51.574 -53.8506 8
      vertex 50.44 -57.5157 8
      vertex 51.6753 -53.8965 8
    endloop
  endfacet
  facet normal 0 0 1
    outer loop
      vertex 51.4759 -53.7981 8
      vertex 50.44 -57.5157 8
      vertex 51.574 -53.8506 8
    endloop
  endfacet
  facet normal 0 0 1
    outer loop
      vertex 51.3814 -53.7394 8
      vertex 50.44 -57.5157 8
      vertex 51.4759 -53.7981 8
    endloop
  endfacet
  facet normal 0 0 1
    outer loop
      vertex 51.291 -53.6746 8
      vertex 50.44 -57.5157 8
      vertex 51.3814 -53.7394 8
    endloop
  endfacet
  facet normal 0 0 1
    outer loop
      vertex 51.205 -53.604 8
      vertex 50.44 -57.5157 8
      vertex 51.291 -53.6746 8
    endloop
  endfacet
  facet normal 0 0 1
    outer loop
      vertex 51.1238 -53.528 8
      vertex 50.44 -57.5157 8
      vertex 51.205 -53.604 8
    endloop
  endfacet
  facet normal 0 0 1
    outer loop
      vertex 51.0478 -53.4468 8
      vertex 50.44 -57.5157 8
      vertex 51.1238 -53.528 8
    endloop
  endfacet
  facet normal 0 0 1
    outer loop
      vertex 50.9772 -53.3608 8
      vertex 50.44 -57.5157 8
      vertex 51.0478 -53.4468 8
    endloop
  endfacet
  facet normal 0 0 1
    outer loop
      vertex 50.9124 -53.2704 8
      vertex 50.44 -57.5157 8
      vertex 50.9772 -53.3608 8
    endloop
  endfacet
  facet normal 0 0 1
    outer loop
      vertex 50.8537 -53.1759 8
      vertex 50.44 -57.5157 8
      vertex 50.9124 -53.2704 8
    endloop
  endfacet
  facet normal 0 0 1
    outer loop
      vertex 50.8012 -53.0778 8
      vertex 50.44 -57.5157 8
      vertex 50.8537 -53.1759 8
    endloop
  endfacet
  facet normal 0 0 1
    outer loop
      vertex 50.7553 -52.9765 8
      vertex 50.44 -57.5157 8
      vertex 50.8012 -53.0778 8
    endloop
  endfacet
  facet normal 0 0 1
    outer loop
      vertex 50.7161 -52.8723 8
      vertex 50.44 -57.5157 8
      vertex 50.7553 -52.9765 8
    endloop
  endfacet
  facet normal 0 0 1
    outer loop
      vertex 50.6838 -52.7659 8
      vertex 50.44 -57.5157 8
      vertex 50.7161 -52.8723 8
    endloop
  endfacet
  facet normal 0 0 1
    outer loop
      vertex 50.6586 -52.6576 8
      vertex 50.44 -57.5157 8
      vertex 50.6838 -52.7659 8
    endloop
  endfacet
  facet normal 0 0 1
    outer loop
      vertex 50.6404 -52.5478 8
      vertex 50.44 -57.5157 8
      vertex 50.6586 -52.6576 8
    endloop
  endfacet
  facet normal 0 0 1
    outer loop
      vertex 50.6295 -52.4371 8
      vertex 50.44 -57.5157 8
      vertex 50.6404 -52.5478 8
    endloop
  endfacet
  facet normal 0 0 1
    outer loop
      vertex 50.44 -57.5157 8
      vertex 50.6295 -52.4371 8
      vertex 50.6259 -52.3259 8
    endloop
  endfacet
  facet normal 0 0 1
    outer loop
      vertex -72.3145 -0.221894 8
      vertex -8.1 0 8
      vertex -72.3036 -0.111185 8
    endloop
  endfacet
  facet normal 0 0 1
    outer loop
      vertex -72.3327 -0.331653 8
      vertex -8.1 0 8
      vertex -72.3145 -0.221894 8
    endloop
  endfacet
  facet normal 0 0 1
    outer loop
      vertex -72.3579 -0.439992 8
      vertex -8.1 0 8
      vertex -72.3327 -0.331653 8
    endloop
  endfacet
  facet normal 0 0 1
    outer loop
      vertex -72.3902 -0.546447 8
      vertex -8.1 0 8
      vertex -72.3579 -0.439992 8
    endloop
  endfacet
  facet normal 0 0 1
    outer loop
      vertex -72.4402 -24.5901 8
      vertex -8.1 0 8
      vertex -72.3902 -0.546447 8
    endloop
  endfacet
  facet normal 0 0 1
    outer loop
      vertex -72.4402 -24.5901 8
      vertex -72.3902 -0.546447 8
      vertex -72.4294 -0.650561 8
    endloop
  endfacet
  facet normal 0 0 1
    outer loop
      vertex -8.1 0 8
      vertex -72.4402 -24.5901 8
      vertex -70.6768 -29.2753 8
    endloop
  endfacet
  facet normal 0 0 1
    outer loop
      vertex -73.8933 -19.7997 8
      vertex -72.4294 -0.650561 8
      vertex -72.4753 -0.75189 8
    endloop
  endfacet
  facet normal 0 0 1
    outer loop
      vertex -75.0301 -14.9244 8
      vertex -72.4753 -0.75189 8
      vertex -72.5278 -0.849999 8
    endloop
  endfacet
  facet normal 0 0 1
    outer loop
      vertex -75.0301 -14.9244 8
      vertex -72.5278 -0.849999 8
      vertex -72.5865 -0.944468 8
    endloop
  endfacet
  facet normal 0 0 1
    outer loop
      vertex -75.0301 -14.9244 8
      vertex -72.5865 -0.944468 8
      vertex -72.6513 -1.03489 8
    endloop
  endfacet
  facet normal 0 0 1
    outer loop
      vertex -75.8455 -9.98525 8
      vertex -72.6513 -1.03489 8
      vertex -72.7219 -1.12089 8
    endloop
  endfacet
  facet normal 0 0 1
    outer loop
      vertex -75.8455 -9.98525 8
      vertex -72.7219 -1.12089 8
      vertex -72.7979 -1.20208 8
    endloop
  endfacet
  facet normal 0 0 1
    outer loop
      vertex -75.8455 -9.98525 8
      vertex -72.7979 -1.20208 8
      vertex -72.8791 -1.27813 8
    endloop
  endfacet
  facet normal 0 0 1
    outer loop
      vertex -75.8455 -9.98525 8
      vertex -72.8791 -1.27813 8
      vertex -72.9651 -1.3487 8
    endloop
  endfacet
  facet normal 0 0 1
    outer loop
      vertex -75.8455 -9.98525 8
      vertex -72.9651 -1.3487 8
      vertex -73.0555 -1.4135 8
    endloop
  endfacet
  facet normal 0 0 1
    outer loop
      vertex -75.8455 -9.98525 8
      vertex -73.0555 -1.4135 8
      vertex -73.15 -1.47224 8
    endloop
  endfacet
  facet normal 0 0 1
    outer loop
      vertex -75.8455 -9.98525 8
      vertex -73.15 -1.47224 8
      vertex -73.2481 -1.52468 8
    endloop
  endfacet
  facet normal 0 0 1
    outer loop
      vertex -76.3362 -5.00334 8
      vertex -73.2481 -1.52468 8
      vertex -73.3494 -1.57059 8
    endloop
  endfacet
  facet normal 0 0 1
    outer loop
      vertex -76.3362 -5.00334 8
      vertex -73.3494 -1.57059 8
      vertex -73.4536 -1.60978 8
    endloop
  endfacet
  facet normal 0 0 1
    outer loop
      vertex -76.3362 -5.00334 8
      vertex -73.4536 -1.60978 8
      vertex -73.56 -1.64207 8
    endloop
  endfacet
  facet normal 0 0 1
    outer loop
      vertex -76.3362 -5.00334 8
      vertex -73.56 -1.64207 8
      vertex -73.6684 -1.66733 8
    endloop
  endfacet
  facet normal 0 0 1
    outer loop
      vertex -76.3362 -5.00334 8
      vertex -73.6684 -1.66733 8
      vertex -73.7781 -1.68546 8
    endloop
  endfacet
  facet normal 0 0 1
    outer loop
      vertex -76.3362 -5.00334 8
      vertex -73.7781 -1.68546 8
      vertex -73.8888 -1.69636 8
    endloop
  endfacet
  facet normal 0 0 1
    outer loop
      vertex -72.4294 -0.650561 8
      vertex -73.8933 -19.7997 8
      vertex -72.4402 -24.5901 8
    endloop
  endfacet
  facet normal 0 0 1
    outer loop
      vertex -76.3362 -5.00334 8
      vertex -73.8888 -1.69636 8
      vertex -74 -1.7 8
    endloop
  endfacet
  facet normal 0 0 1
    outer loop
      vertex -76.3362 -5.00334 8
      vertex -74 -1.7 8
      vertex -74.1112 -1.69636 8
    endloop
  endfacet
  facet normal 0 0 1
    outer loop
      vertex -76.3362 -5.00334 8
      vertex -74.1112 -1.69636 8
      vertex -74.2219 -1.68546 8
    endloop
  endfacet
  facet normal 0 0 1
    outer loop
      vertex -76.3362 -5.00334 8
      vertex -74.2219 -1.68546 8
      vertex -74.3316 -1.66733 8
    endloop
  endfacet
  facet normal 0 0 1
    outer loop
      vertex -76.3362 -5.00334 8
      vertex -74.3316 -1.66733 8
      vertex -74.44 -1.64207 8
    endloop
  endfacet
  facet normal 0 0 1
    outer loop
      vertex -76.3362 -5.00334 8
      vertex -74.44 -1.64207 8
      vertex -74.5464 -1.60978 8
    endloop
  endfacet
  facet normal 0 0 1
    outer loop
      vertex -76.3362 -5.00334 8
      vertex -74.5464 -1.60978 8
      vertex -74.6506 -1.57059 8
    endloop
  endfacet
  facet normal 0 0 1
    outer loop
      vertex -76.3362 -5.00334 8
      vertex -74.6506 -1.57059 8
      vertex -74.7519 -1.52468 8
    endloop
  endfacet
  facet normal 0 0 1
    outer loop
      vertex -76.3362 -5.00334 8
      vertex -74.7519 -1.52468 8
      vertex -74.85 -1.47224 8
    endloop
  endfacet
  facet normal 0 0 1
    outer loop
      vertex -76.3362 -5.00334 8
      vertex -74.85 -1.47224 8
      vertex -74.9445 -1.4135 8
    endloop
  endfacet
  facet normal 0 0 1
    outer loop
      vertex -72.4753 -0.75189 8
      vertex -75.0301 -14.9244 8
      vertex -73.8933 -19.7997 8
    endloop
  endfacet
  facet normal 0 0 1
    outer loop
      vertex -76.3362 -5.00334 8
      vertex -74.9445 -1.4135 8
      vertex -75.0349 -1.3487 8
    endloop
  endfacet
  facet normal 0 0 1
    outer loop
      vertex -76.3362 -5.00334 8
      vertex -75.0349 -1.3487 8
      vertex -75.1209 -1.27813 8
    endloop
  endfacet
  facet normal 0 0 1
    outer loop
      vertex -76.3362 -5.00334 8
      vertex -75.1209 -1.27813 8
      vertex -75.2021 -1.20208 8
    endloop
  endfacet
  facet normal 0 0 1
    outer loop
      vertex -76.3362 -5.00334 8
      vertex -75.2021 -1.20208 8
      vertex -75.2781 -1.12089 8
    endloop
  endfacet
  facet normal 0 0 1
    outer loop
      vertex -76.3362 -5.00334 8
      vertex -75.2781 -1.12089 8
      vertex -75.3487 -1.03489 8
    endloop
  endfacet
  facet normal 0 0 1
    outer loop
      vertex -76.3362 -5.00334 8
      vertex -75.3487 -1.03489 8
      vertex -75.4135 -0.944468 8
    endloop
  endfacet
  facet normal 0 0 1
    outer loop
      vertex -76.5 0 8
      vertex -75.4135 -0.944468 8
      vertex -75.4722 -0.849999 8
    endloop
  endfacet
  facet normal 0 0 1
    outer loop
      vertex -76.5 0 8
      vertex -75.4722 -0.849999 8
      vertex -75.5247 -0.75189 8
    endloop
  endfacet
  facet normal 0 0 1
    outer loop
      vertex -76.5 0 8
      vertex -75.5247 -0.75189 8
      vertex -75.5706 -0.650561 8
    endloop
  endfacet
  facet normal 0 0 1
    outer loop
      vertex -76.5 0 8
      vertex -75.5706 -0.650561 8
      vertex -75.6098 -0.546447 8
    endloop
  endfacet
  facet normal 0 0 1
    outer loop
      vertex -76.5 0 8
      vertex -75.6098 -0.546447 8
      vertex -75.6421 -0.439992 8
    endloop
  endfacet
  facet normal 0 0 1
    outer loop
      vertex -76.5 0 8
      vertex -75.6421 -0.439992 8
      vertex -75.6673 -0.331653 8
    endloop
  endfacet
  facet normal 0 0 1
    outer loop
      vertex -76.5 0 8
      vertex -75.6673 -0.331653 8
      vertex -75.6855 -0.221894 8
    endloop
  endfacet
  facet normal 0 0 1
    outer loop
      vertex -76.5 0 8
      vertex -75.6855 -0.221894 8
      vertex -75.6964 -0.111185 8
    endloop
  endfacet
  facet normal 0 0 1
    outer loop
      vertex -72.6513 -1.03489 8
      vertex -75.8455 -9.98525 8
      vertex -75.0301 -14.9244 8
    endloop
  endfacet
  facet normal -0 0 1
    outer loop
      vertex -76.5 0 8
      vertex -75.6964 -0.111185 8
      vertex -75.7 0 8
    endloop
  endfacet
  facet normal 0 0 1
    outer loop
      vertex -75.6855 0.221894 8
      vertex -76.5 0 8
      vertex -75.6964 0.111185 8
    endloop
  endfacet
  facet normal 0 0 1
    outer loop
      vertex -75.6964 0.111185 8
      vertex -76.5 0 8
      vertex -75.7 0 8
    endloop
  endfacet
  facet normal 0 0 1
    outer loop
      vertex -73.2481 -1.52468 8
      vertex -76.3362 -5.00334 8
      vertex -75.8455 -9.98525 8
    endloop
  endfacet
  facet normal 0 0 1
    outer loop
      vertex -75.4135 -0.944468 8
      vertex -76.5 0 8
      vertex -76.3362 -5.00334 8
    endloop
  endfacet
  facet normal -0 0 1
    outer loop
      vertex -51.205 51.0478 8
      vertex -6.0899 5.3407 8
      vertex -51.1238 51.1238 8
    endloop
  endfacet
  facet normal 0 0 1
    outer loop
      vertex -8.1 0 8
      vertex -50.6295 -52.2147 8
      vertex -50.6259 -52.3259 8
    endloop
  endfacet
  facet normal -0 0 1
    outer loop
      vertex -51.291 50.9772 8
      vertex -6.0899 5.3407 8
      vertex -51.205 51.0478 8
    endloop
  endfacet
  facet normal 0 0 1
    outer loop
      vertex -8.1 0 8
      vertex -50.6404 -52.104 8
      vertex -50.6295 -52.2147 8
    endloop
  endfacet
  facet normal 0 0 1
    outer loop
      vertex -6.0899 5.3407 8
      vertex -51.291 50.9772 8
      vertex -6.42616 4.93097 8
    endloop
  endfacet
  facet normal 0 0 1
    outer loop
      vertex -8.1 0 8
      vertex -50.6586 -51.9942 8
      vertex -50.6404 -52.104 8
    endloop
  endfacet
  facet normal -0 0 1
    outer loop
      vertex -51.3814 50.9124 8
      vertex -6.42616 4.93097 8
      vertex -51.291 50.9772 8
    endloop
  endfacet
  facet normal 0 0 1
    outer loop
      vertex -8.1 0 8
      vertex -50.6838 -51.8859 8
      vertex -50.6586 -51.9942 8
    endloop
  endfacet
  facet normal 0 0 1
    outer loop
      vertex -6.42616 4.93097 8
      vertex -51.3814 50.9124 8
      vertex -6.7349 4.50012 8
    endloop
  endfacet
  facet normal 0 0 1
    outer loop
      vertex -8.1 0 8
      vertex -50.7161 -51.7795 8
      vertex -50.6838 -51.8859 8
    endloop
  endfacet
  facet normal -0 0 1
    outer loop
      vertex -51.4759 50.8537 8
      vertex -6.7349 4.50012 8
      vertex -51.3814 50.9124 8
    endloop
  endfacet
  facet normal 0 0 1
    outer loop
      vertex -8.1 0 8
      vertex -50.7553 -51.6753 8
      vertex -50.7161 -51.7795 8
    endloop
  endfacet
  facet normal 0 0 1
    outer loop
      vertex -6.7349 4.50012 8
      vertex -51.4759 50.8537 8
      vertex -7.0148 4.05 8
    endloop
  endfacet
  facet normal 0 0 1
    outer loop
      vertex -8.1 0 8
      vertex -50.8012 -51.574 8
      vertex -50.7553 -51.6753 8
    endloop
  endfacet
  facet normal -0 0 1
    outer loop
      vertex -51.574 50.8012 8
      vertex -7.0148 4.05 8
      vertex -51.4759 50.8537 8
    endloop
  endfacet
  facet normal 0 0 1
    outer loop
      vertex -8.1 0 8
      vertex -50.8537 -51.4759 8
      vertex -50.8012 -51.574 8
    endloop
  endfacet
  facet normal 0 0 1
    outer loop
      vertex -7.0148 4.05 8
      vertex -51.574 50.8012 8
      vertex -7.26467 3.58254 8
    endloop
  endfacet
  facet normal 0 0 1
    outer loop
      vertex -8.1 0 8
      vertex -50.9124 -51.3814 8
      vertex -50.8537 -51.4759 8
    endloop
  endfacet
  facet normal -0 0 1
    outer loop
      vertex -51.6753 50.7553 8
      vertex -7.26467 3.58254 8
      vertex -51.574 50.8012 8
    endloop
  endfacet
  facet normal 0 0 1
    outer loop
      vertex -8.1 0 8
      vertex -50.9772 -51.291 8
      vertex -50.9124 -51.3814 8
    endloop
  endfacet
  facet normal 0 0 1
    outer loop
      vertex -7.26467 3.58254 8
      vertex -51.6753 50.7553 8
      vertex -7.48342 3.09974 8
    endloop
  endfacet
  facet normal 0 0 1
    outer loop
      vertex -8.1 0 8
      vertex -51.0478 -51.205 8
      vertex -50.9772 -51.291 8
    endloop
  endfacet
  facet normal -0 0 1
    outer loop
      vertex -51.7795 50.7161 8
      vertex -7.48342 3.09974 8
      vertex -51.6753 50.7553 8
    endloop
  endfacet
  facet normal 0 0 1
    outer loop
      vertex -8.1 0 8
      vertex -51.1238 -51.1238 8
      vertex -51.0478 -51.205 8
    endloop
  endfacet
  facet normal 0 0 1
    outer loop
      vertex -72.3 0 8
      vertex -7.48342 3.09974 8
      vertex -51.7795 50.7161 8
    endloop
  endfacet
  facet normal 0 0 1
    outer loop
      vertex -72.3036 -0.111185 8
      vertex -8.1 0 8
      vertex -72.3 0 8
    endloop
  endfacet
  facet normal 0 0 1
    outer loop
      vertex -7.48342 3.09974 8
      vertex -72.3 0 8
      vertex -7.67013 2.60366 8
    endloop
  endfacet
  facet normal 0 0 1
    outer loop
      vertex -8.1 0 8
      vertex -51.205 -51.0478 8
      vertex -51.1238 -51.1238 8
    endloop
  endfacet
  facet normal 0 0 1
    outer loop
      vertex -7.67013 2.60366 8
      vertex -72.3 0 8
      vertex -7.824 2.09643 8
    endloop
  endfacet
  facet normal 0 0 1
    outer loop
      vertex -8.1 0 8
      vertex -51.291 -50.9772 8
      vertex -51.205 -51.0478 8
    endloop
  endfacet
  facet normal 0 0 1
    outer loop
      vertex -7.824 2.09643 8
      vertex -72.3 0 8
      vertex -7.94436 1.58023 8
    endloop
  endfacet
  facet normal 0 0 1
    outer loop
      vertex -8.1 0 8
      vertex -51.3814 -50.9124 8
      vertex -51.291 -50.9772 8
    endloop
  endfacet
  facet normal 0 0 1
    outer loop
      vertex -7.94436 1.58023 8
      vertex -72.3 0 8
      vertex -8.0307 1.05726 8
    endloop
  endfacet
  facet normal 0 0 1
    outer loop
      vertex -8.1 0 8
      vertex -51.4759 -50.8537 8
      vertex -51.3814 -50.9124 8
    endloop
  endfacet
  facet normal 0 0 1
    outer loop
      vertex -8.0307 1.05726 8
      vertex -72.3 0 8
      vertex -8.08266 0.529765 8
    endloop
  endfacet
  facet normal 0 -0 1
    outer loop
      vertex -68.6108 -33.8351 8
      vertex -8.1 0 8
      vertex -70.6768 -29.2753 8
    endloop
  endfacet
  facet normal 0 0 1
    outer loop
      vertex -8.08266 0.529765 8
      vertex -72.3 0 8
      vertex -8.1 0 8
    endloop
  endfacet
  facet normal 0 0 1
    outer loop
      vertex -8.1 0 8
      vertex -51.574 -50.8012 8
      vertex -51.4759 -50.8537 8
    endloop
  endfacet
  facet normal 0 0 1
    outer loop
      vertex -72.3 0 8
      vertex -51.7795 50.7161 8
      vertex -51.8859 50.6838 8
    endloop
  endfacet
  facet normal 0 0 1
    outer loop
      vertex -8.1 0 8
      vertex -68.6108 -33.8351 8
      vertex -51.574 -50.8012 8
    endloop
  endfacet
  facet normal 0 0 1
    outer loop
      vertex -72.3 0 8
      vertex -51.8859 50.6838 8
      vertex -51.9942 50.6586 8
    endloop
  endfacet
  facet normal 0 0 1
    outer loop
      vertex -51.574 -50.8012 8
      vertex -68.6108 -33.8351 8
      vertex -51.6753 -50.7553 8
    endloop
  endfacet
  facet normal 0 0 1
    outer loop
      vertex -72.3 0 8
      vertex -51.9942 50.6586 8
      vertex -52.104 50.6404 8
    endloop
  endfacet
  facet normal -0 -0 1
    outer loop
      vertex -66.2509 -38.25 8
      vertex -51.6753 -50.7553 8
      vertex -68.6108 -33.8351 8
    endloop
  endfacet
  facet normal 0 0 1
    outer loop
      vertex -72.3 0 8
      vertex -52.104 50.6404 8
      vertex -52.2147 50.6295 8
    endloop
  endfacet
  facet normal 0 0 1
    outer loop
      vertex -51.6753 -50.7553 8
      vertex -66.2509 -38.25 8
      vertex -51.7795 -50.7161 8
    endloop
  endfacet
  facet normal 0 0 1
    outer loop
      vertex -72.3 0 8
      vertex -52.2147 50.6295 8
      vertex -52.3259 50.6259 8
    endloop
  endfacet
  facet normal -0 -0 1
    outer loop
      vertex -63.6074 -42.5011 8
      vertex -51.7795 -50.7161 8
      vertex -66.2509 -38.25 8
    endloop
  endfacet
  facet normal 0 0 1
    outer loop
      vertex -72.3 0 8
      vertex -52.3259 50.6259 8
      vertex -52.4371 50.6295 8
    endloop
  endfacet
  facet normal 0 0 1
    outer loop
      vertex -51.7795 -50.7161 8
      vertex -63.6074 -42.5011 8
      vertex -51.8859 -50.6838 8
    endloop
  endfacet
  facet normal 0 0 1
    outer loop
      vertex -72.3 0 8
      vertex -52.4371 50.6295 8
      vertex -52.5478 50.6404 8
    endloop
  endfacet
  facet normal 0 0 1
    outer loop
      vertex -51.8859 -50.6838 8
      vertex -63.6074 -42.5011 8
      vertex -51.9942 -50.6586 8
    endloop
  endfacet
  facet normal 0 0 1
    outer loop
      vertex -72.3 0 8
      vertex -52.5478 50.6404 8
      vertex -52.6576 50.6586 8
    endloop
  endfacet
  facet normal 0 0 1
    outer loop
      vertex -51.9942 -50.6586 8
      vertex -63.6074 -42.5011 8
      vertex -52.104 -50.6404 8
    endloop
  endfacet
  facet normal 0 0 1
    outer loop
      vertex -72.3 0 8
      vertex -52.6576 50.6586 8
      vertex -52.7659 50.6838 8
    endloop
  endfacet
  facet normal -0 -0 1
    outer loop
      vertex -60.6915 -46.5702 8
      vertex -52.104 -50.6404 8
      vertex -63.6074 -42.5011 8
    endloop
  endfacet
  facet normal 0 0 1
    outer loop
      vertex -72.3 0 8
      vertex -52.7659 50.6838 8
      vertex -52.8723 50.7161 8
    endloop
  endfacet
  facet normal 0 0 1
    outer loop
      vertex -52.104 -50.6404 8
      vertex -60.6915 -46.5702 8
      vertex -52.2147 -50.6295 8
    endloop
  endfacet
  facet normal 0 0 1
    outer loop
      vertex -72.3 0 8
      vertex -52.8723 50.7161 8
      vertex -52.9765 50.7553 8
    endloop
  endfacet
  facet normal 0 0 1
    outer loop
      vertex -52.2147 -50.6295 8
      vertex -60.6915 -46.5702 8
      vertex -52.3259 -50.6259 8
    endloop
  endfacet
  facet normal 0 0 1
    outer loop
      vertex -72.3 0 8
      vertex -52.9765 50.7553 8
      vertex -53.0778 50.8012 8
    endloop
  endfacet
  facet normal 0 0 1
    outer loop
      vertex -52.3259 -50.6259 8
      vertex -60.6915 -46.5702 8
      vertex -52.4371 -50.6295 8
    endloop
  endfacet
  facet normal 0 0 1
    outer loop
      vertex -72.3 0 8
      vertex -53.0778 50.8012 8
      vertex -53.1759 50.8537 8
    endloop
  endfacet
  facet normal 0 0 1
    outer loop
      vertex -52.4371 -50.6295 8
      vertex -60.6915 -46.5702 8
      vertex -52.5478 -50.6404 8
    endloop
  endfacet
  facet normal 0 0 1
    outer loop
      vertex -72.3 0 8
      vertex -53.1759 50.8537 8
      vertex -53.2704 50.9124 8
    endloop
  endfacet
  facet normal 0 0 1
    outer loop
      vertex -52.6576 -50.6586 8
      vertex -60.6915 -46.5702 8
      vertex -52.7659 -50.6838 8
    endloop
  endfacet
  facet normal 0 0 1
    outer loop
      vertex -72.3 0 8
      vertex -53.2704 50.9124 8
      vertex -53.3608 50.9772 8
    endloop
  endfacet
  facet normal 0 0 1
    outer loop
      vertex -52.7659 -50.6838 8
      vertex -60.6915 -46.5702 8
      vertex -52.8723 -50.7161 8
    endloop
  endfacet
  facet normal 0 0 1
    outer loop
      vertex -72.3 0 8
      vertex -53.3608 50.9772 8
      vertex -53.4468 51.0478 8
    endloop
  endfacet
  facet normal -0 -0 1
    outer loop
      vertex -57.5157 -50.44 8
      vertex -52.8723 -50.7161 8
      vertex -60.6915 -46.5702 8
    endloop
  endfacet
  facet normal 0 0 1
    outer loop
      vertex -72.3 0 8
      vertex -53.4468 51.0478 8
      vertex -53.528 51.1238 8
    endloop
  endfacet
  facet normal 0 0 1
    outer loop
      vertex -52.8723 -50.7161 8
      vertex -57.5157 -50.44 8
      vertex -52.9765 -50.7553 8
    endloop
  endfacet
  facet normal 0 0 1
    outer loop
      vertex -72.3 0 8
      vertex -53.528 51.1238 8
      vertex -53.604 51.205 8
    endloop
  endfacet
  facet normal 0 0 1
    outer loop
      vertex -52.9765 -50.7553 8
      vertex -57.5157 -50.44 8
      vertex -53.0778 -50.8012 8
    endloop
  endfacet
  facet normal 0 0 1
    outer loop
      vertex -72.3 0 8
      vertex -53.604 51.205 8
      vertex -53.6746 51.291 8
    endloop
  endfacet
  facet normal 0 0 1
    outer loop
      vertex -53.0778 -50.8012 8
      vertex -57.5157 -50.44 8
      vertex -53.1759 -50.8537 8
    endloop
  endfacet
  facet normal 0 0 1
    outer loop
      vertex -72.3 0 8
      vertex -53.6746 51.291 8
      vertex -53.7394 51.3814 8
    endloop
  endfacet
  facet normal 0 0 1
    outer loop
      vertex -53.1759 -50.8537 8
      vertex -57.5157 -50.44 8
      vertex -53.2704 -50.9124 8
    endloop
  endfacet
  facet normal 0 0 1
    outer loop
      vertex -72.3 0 8
      vertex -53.7394 51.3814 8
      vertex -53.7981 51.4759 8
    endloop
  endfacet
  facet normal 0 0 1
    outer loop
      vertex -53.2704 -50.9124 8
      vertex -57.5157 -50.44 8
      vertex -53.3608 -50.9772 8
    endloop
  endfacet
  facet normal 0 0 1
    outer loop
      vertex -72.3 0 8
      vertex -53.7981 51.4759 8
      vertex -53.8506 51.574 8
    endloop
  endfacet
  facet normal 0 0 1
    outer loop
      vertex -53.3608 -50.9772 8
      vertex -57.5157 -50.44 8
      vertex -53.4468 -51.0478 8
    endloop
  endfacet
  facet normal 0 0 1
    outer loop
      vertex -72.3 0 8
      vertex -53.8506 51.574 8
      vertex -53.8965 51.6753 8
    endloop
  endfacet
  facet normal 0 0 1
    outer loop
      vertex -53.4468 -51.0478 8
      vertex -57.5157 -50.44 8
      vertex -53.528 -51.1238 8
    endloop
  endfacet
  facet normal 0 0 1
    outer loop
      vertex -72.3 0 8
      vertex -53.8965 51.6753 8
      vertex -53.9357 51.7795 8
    endloop
  endfacet
  facet normal 0 0 1
    outer loop
      vertex -53.528 -51.1238 8
      vertex -57.5157 -50.44 8
      vertex -53.604 -51.205 8
    endloop
  endfacet
  facet normal 0 0 1
    outer loop
      vertex -72.3 0 8
      vertex -53.9357 51.7795 8
      vertex -53.968 51.8859 8
    endloop
  endfacet
  facet normal 0 0 1
    outer loop
      vertex -53.604 -51.205 8
      vertex -57.5157 -50.44 8
      vertex -53.6746 -51.291 8
    endloop
  endfacet
  facet normal 0 0 1
    outer loop
      vertex -72.3 0 8
      vertex -53.968 51.8859 8
      vertex -53.9932 51.9942 8
    endloop
  endfacet
  facet normal 0 0 1
    outer loop
      vertex -53.6746 -51.291 8
      vertex -57.5157 -50.44 8
      vertex -53.7394 -51.3814 8
    endloop
  endfacet
  facet normal 0 0 1
    outer loop
      vertex -72.3 0 8
      vertex -53.9932 51.9942 8
      vertex -54.0114 52.104 8
    endloop
  endfacet
  facet normal 0 0 1
    outer loop
      vertex -53.7394 -51.3814 8
      vertex -57.5157 -50.44 8
      vertex -53.7981 -51.4759 8
    endloop
  endfacet
  facet normal 0 0 1
    outer loop
      vertex -72.3 0 8
      vertex -54.0114 52.104 8
      vertex -54.0223 52.2147 8
    endloop
  endfacet
  facet normal 0 0 1
    outer loop
      vertex -53.8506 -51.574 8
      vertex -57.5157 -50.44 8
      vertex -53.8965 -51.6753 8
    endloop
  endfacet
  facet normal 0 0 1
    outer loop
      vertex -72.3 0 8
      vertex -54.0223 52.2147 8
      vertex -54.0259 52.3259 8
    endloop
  endfacet
  facet normal 0 0 1
    outer loop
      vertex -53.8965 -51.6753 8
      vertex -57.5157 -50.44 8
      vertex -53.9357 -51.7795 8
    endloop
  endfacet
  facet normal -0 0 1
    outer loop
      vertex -50.6295 -52.4371 8
      vertex -46.5702 -60.6915 8
      vertex -50.6259 -52.3259 8
    endloop
  endfacet
  facet normal -0 0 1
    outer loop
      vertex -50.6404 -52.5478 8
      vertex -46.5702 -60.6915 8
      vertex -50.6295 -52.4371 8
    endloop
  endfacet
  facet normal -0 0 1
    outer loop
      vertex -50.6586 -52.6576 8
      vertex -46.5702 -60.6915 8
      vertex -50.6404 -52.5478 8
    endloop
  endfacet
  facet normal -0 0 1
    outer loop
      vertex -50.6838 -52.7659 8
      vertex -46.5702 -60.6915 8
      vertex -50.6586 -52.6576 8
    endloop
  endfacet
  facet normal -0 0 1
    outer loop
      vertex -50.7161 -52.8723 8
      vertex -46.5702 -60.6915 8
      vertex -50.6838 -52.7659 8
    endloop
  endfacet
  facet normal 0 0 1
    outer loop
      vertex -46.5702 -60.6915 8
      vertex -50.7161 -52.8723 8
      vertex -50.44 -57.5157 8
    endloop
  endfacet
  facet normal -0 0 1
    outer loop
      vertex -50.7553 -52.9765 8
      vertex -50.44 -57.5157 8
      vertex -50.7161 -52.8723 8
    endloop
  endfacet
  facet normal -0 0 1
    outer loop
      vertex -50.8012 -53.0778 8
      vertex -50.44 -57.5157 8
      vertex -50.7553 -52.9765 8
    endloop
  endfacet
  facet normal -0 0 1
    outer loop
      vertex -50.8537 -53.1759 8
      vertex -50.44 -57.5157 8
      vertex -50.8012 -53.0778 8
    endloop
  endfacet
  facet normal -0 0 1
    outer loop
      vertex -50.9124 -53.2704 8
      vertex -50.44 -57.5157 8
      vertex -50.8537 -53.1759 8
    endloop
  endfacet
  facet normal -0 0 1
    outer loop
      vertex -50.9772 -53.3608 8
      vertex -50.44 -57.5157 8
      vertex -50.9124 -53.2704 8
    endloop
  endfacet
  facet normal -0 0 1
    outer loop
      vertex -51.0478 -53.4468 8
      vertex -50.44 -57.5157 8
      vertex -50.9772 -53.3608 8
    endloop
  endfacet
  facet normal -0 0 1
    outer loop
      vertex -51.1238 -53.528 8
      vertex -50.44 -57.5157 8
      vertex -51.0478 -53.4468 8
    endloop
  endfacet
  facet normal -0 0 1
    outer loop
      vertex -51.205 -53.604 8
      vertex -50.44 -57.5157 8
      vertex -51.1238 -53.528 8
    endloop
  endfacet
  facet normal -0 0 1
    outer loop
      vertex -51.291 -53.6746 8
      vertex -50.44 -57.5157 8
      vertex -51.205 -53.604 8
    endloop
  endfacet
  facet normal -0 0 1
    outer loop
      vertex -51.3814 -53.7394 8
      vertex -50.44 -57.5157 8
      vertex -51.291 -53.6746 8
    endloop
  endfacet
  facet normal -0 0 1
    outer loop
      vertex -51.4759 -53.7981 8
      vertex -50.44 -57.5157 8
      vertex -51.3814 -53.7394 8
    endloop
  endfacet
  facet normal -0 0 1
    outer loop
      vertex -51.574 -53.8506 8
      vertex -50.44 -57.5157 8
      vertex -51.4759 -53.7981 8
    endloop
  endfacet
  facet normal -0 0 1
    outer loop
      vertex -51.6753 -53.8965 8
      vertex -50.44 -57.5157 8
      vertex -51.574 -53.8506 8
    endloop
  endfacet
  facet normal -0 0 1
    outer loop
      vertex -51.7795 -53.9357 8
      vertex -50.44 -57.5157 8
      vertex -51.6753 -53.8965 8
    endloop
  endfacet
  facet normal -0 0 1
    outer loop
      vertex -51.8859 -53.968 8
      vertex -50.44 -57.5157 8
      vertex -51.7795 -53.9357 8
    endloop
  endfacet
  facet normal -0 0 1
    outer loop
      vertex -51.9942 -53.9932 8
      vertex -50.44 -57.5157 8
      vertex -51.8859 -53.968 8
    endloop
  endfacet
  facet normal -0 0 1
    outer loop
      vertex -52.104 -54.0114 8
      vertex -50.44 -57.5157 8
      vertex -51.9942 -53.9932 8
    endloop
  endfacet
  facet normal -0 0 1
    outer loop
      vertex -52.2147 -54.0223 8
      vertex -50.44 -57.5157 8
      vertex -52.104 -54.0114 8
    endloop
  endfacet
  facet normal -0 0 1
    outer loop
      vertex -52.3259 -54.0259 8
      vertex -50.44 -57.5157 8
      vertex -52.2147 -54.0223 8
    endloop
  endfacet
  facet normal 0 0 1
    outer loop
      vertex -52.4371 -54.0223 8
      vertex -50.44 -57.5157 8
      vertex -52.3259 -54.0259 8
    endloop
  endfacet
  facet normal 0 0 1
    outer loop
      vertex -52.5478 -54.0114 8
      vertex -50.44 -57.5157 8
      vertex -52.4371 -54.0223 8
    endloop
  endfacet
  facet normal 0 0 1
    outer loop
      vertex -52.6576 -53.9932 8
      vertex -50.44 -57.5157 8
      vertex -52.5478 -54.0114 8
    endloop
  endfacet
  facet normal 0 0 1
    outer loop
      vertex -54.0937 -54.0937 8
      vertex -52.6576 -53.9932 8
      vertex -52.7659 -53.968 8
    endloop
  endfacet
  facet normal 0 0 1
    outer loop
      vertex -54.0937 -54.0937 8
      vertex -52.7659 -53.968 8
      vertex -52.8723 -53.9357 8
    endloop
  endfacet
  facet normal 0 0 1
    outer loop
      vertex -54.0937 -54.0937 8
      vertex -52.8723 -53.9357 8
      vertex -52.9765 -53.8965 8
    endloop
  endfacet
  facet normal 0 0 1
    outer loop
      vertex -54.0937 -54.0937 8
      vertex -52.9765 -53.8965 8
      vertex -53.0778 -53.8506 8
    endloop
  endfacet
  facet normal 0 0 1
    outer loop
      vertex -54.0937 -54.0937 8
      vertex -53.0778 -53.8506 8
      vertex -53.1759 -53.7981 8
    endloop
  endfacet
  facet normal 0 0 1
    outer loop
      vertex -54.0937 -54.0937 8
      vertex -53.1759 -53.7981 8
      vertex -53.2704 -53.7394 8
    endloop
  endfacet
  facet normal 0 0 1
    outer loop
      vertex -54.0937 -54.0937 8
      vertex -53.2704 -53.7394 8
      vertex -53.3608 -53.6746 8
    endloop
  endfacet
  facet normal 0 0 1
    outer loop
      vertex -54.0937 -54.0937 8
      vertex -53.3608 -53.6746 8
      vertex -53.4468 -53.604 8
    endloop
  endfacet
  facet normal 0 0 1
    outer loop
      vertex -54.0937 -54.0937 8
      vertex -53.4468 -53.604 8
      vertex -53.528 -53.528 8
    endloop
  endfacet
  facet normal 0 0 1
    outer loop
      vertex -54.0937 -54.0937 8
      vertex -53.528 -53.528 8
      vertex -53.604 -53.4468 8
    endloop
  endfacet
  facet normal 0 0 1
    outer loop
      vertex -54.0937 -54.0937 8
      vertex -53.604 -53.4468 8
      vertex -53.6746 -53.3608 8
    endloop
  endfacet
  facet normal 0 0 1
    outer loop
      vertex -52.6576 -53.9932 8
      vertex -54.0937 -54.0937 8
      vertex -50.44 -57.5157 8
    endloop
  endfacet
  facet normal 0 0 1
    outer loop
      vertex -53.7394 -53.2704 8
      vertex -54.0937 -54.0937 8
      vertex -53.6746 -53.3608 8
    endloop
  endfacet
  facet normal 0 0 1
    outer loop
      vertex -53.7981 -53.1759 8
      vertex -54.0937 -54.0937 8
      vertex -53.7394 -53.2704 8
    endloop
  endfacet
  facet normal 0 0 1
    outer loop
      vertex -53.8506 -53.0778 8
      vertex -54.0937 -54.0937 8
      vertex -53.7981 -53.1759 8
    endloop
  endfacet
  facet normal 0 0 1
    outer loop
      vertex -53.8965 -52.9765 8
      vertex -54.0937 -54.0937 8
      vertex -53.8506 -53.0778 8
    endloop
  endfacet
  facet normal 0 0 1
    outer loop
      vertex -53.9357 -52.8723 8
      vertex -54.0937 -54.0937 8
      vertex -53.8965 -52.9765 8
    endloop
  endfacet
  facet normal 0 0 1
    outer loop
      vertex -53.968 -52.7659 8
      vertex -54.0937 -54.0937 8
      vertex -53.9357 -52.8723 8
    endloop
  endfacet
  facet normal 0 0 1
    outer loop
      vertex -53.9932 -52.6576 8
      vertex -54.0937 -54.0937 8
      vertex -53.968 -52.7659 8
    endloop
  endfacet
  facet normal 0 0 1
    outer loop
      vertex -57.5157 -50.44 8
      vertex -53.9932 -52.6576 8
      vertex -54.0114 -52.5478 8
    endloop
  endfacet
  facet normal 0 0 1
    outer loop
      vertex -57.5157 -50.44 8
      vertex -54.0114 -52.5478 8
      vertex -54.0223 -52.4371 8
    endloop
  endfacet
  facet normal 0 0 1
    outer loop
      vertex -57.5157 -50.44 8
      vertex -54.0223 -52.4371 8
      vertex -54.0259 -52.3259 8
    endloop
  endfacet
  facet normal 0 0 1
    outer loop
      vertex -53.9357 -51.7795 8
      vertex -57.5157 -50.44 8
      vertex -53.968 -51.8859 8
    endloop
  endfacet
  facet normal 0 0 1
    outer loop
      vertex -72.3145 0.221894 8
      vertex -54.0937 54.0937 8
      vertex -57.5157 50.44 8
    endloop
  endfacet
  facet normal 0 0 1
    outer loop
      vertex -53.968 -51.8859 8
      vertex -57.5157 -50.44 8
      vertex -53.9932 -51.9942 8
    endloop
  endfacet
  facet normal 0 0 1
    outer loop
      vertex -72.3145 0.221894 8
      vertex -57.5157 50.44 8
      vertex -60.6915 46.5702 8
    endloop
  endfacet
  facet normal 0 0 1
    outer loop
      vertex -53.9932 -52.6576 8
      vertex -57.5157 -50.44 8
      vertex -54.0937 -54.0937 8
    endloop
  endfacet
  facet normal 0 0 1
    outer loop
      vertex -72.3145 0.221894 8
      vertex -60.6915 46.5702 8
      vertex -63.6074 42.5011 8
    endloop
  endfacet
  facet normal 0 0 1
    outer loop
      vertex -54.0223 -52.2147 8
      vertex -57.5157 -50.44 8
      vertex -54.0259 -52.3259 8
    endloop
  endfacet
  facet normal 0 0 1
    outer loop
      vertex -72.3327 0.331653 8
      vertex -63.6074 42.5011 8
      vertex -66.2509 38.25 8
    endloop
  endfacet
  facet normal 0 0 1
    outer loop
      vertex -54.0114 -52.104 8
      vertex -57.5157 -50.44 8
      vertex -54.0223 -52.2147 8
    endloop
  endfacet
  facet normal 0 0 1
    outer loop
      vertex -72.3327 0.331653 8
      vertex -66.2509 38.25 8
      vertex -68.6108 33.8351 8
    endloop
  endfacet
  facet normal 0 0 1
    outer loop
      vertex -53.9932 -51.9942 8
      vertex -57.5157 -50.44 8
      vertex -54.0114 -52.104 8
    endloop
  endfacet
  facet normal 0 0 1
    outer loop
      vertex -72.3579 0.439992 8
      vertex -68.6108 33.8351 8
      vertex -70.6768 29.2753 8
    endloop
  endfacet
  facet normal 0 0 1
    outer loop
      vertex -53.7981 -51.4759 8
      vertex -57.5157 -50.44 8
      vertex -53.8506 -51.574 8
    endloop
  endfacet
  facet normal 0 0 1
    outer loop
      vertex -52.5478 -50.6404 8
      vertex -60.6915 -46.5702 8
      vertex -52.6576 -50.6586 8
    endloop
  endfacet
  facet normal 0 0 1
    outer loop
      vertex -54.0937 54.0937 8
      vertex -72.3036 0.111185 8
      vertex -72.3 0 8
    endloop
  endfacet
  facet normal 0 0 1
    outer loop
      vertex -54.0937 54.0937 8
      vertex -72.3145 0.221894 8
      vertex -72.3036 0.111185 8
    endloop
  endfacet
  facet normal 0 0 1
    outer loop
      vertex -63.6074 42.5011 8
      vertex -72.3327 0.331653 8
      vertex -72.3145 0.221894 8
    endloop
  endfacet
  facet normal 0 0 1
    outer loop
      vertex -68.6108 33.8351 8
      vertex -72.3579 0.439992 8
      vertex -72.3327 0.331653 8
    endloop
  endfacet
  facet normal 0 0 1
    outer loop
      vertex -70.6768 29.2753 8
      vertex -72.3902 0.546447 8
      vertex -72.3579 0.439992 8
    endloop
  endfacet
  facet normal -0 0 1
    outer loop
      vertex -72.4402 24.5901 8
      vertex -72.3902 0.546447 8
      vertex -70.6768 29.2753 8
    endloop
  endfacet
  facet normal 0 0 1
    outer loop
      vertex -72.3902 0.546447 8
      vertex -72.4402 24.5901 8
      vertex -72.4294 0.650561 8
    endloop
  endfacet
  facet normal -0 0 1
    outer loop
      vertex -73.8933 19.7997 8
      vertex -72.4294 0.650561 8
      vertex -72.4402 24.5901 8
    endloop
  endfacet
  facet normal 0 0 1
    outer loop
      vertex -72.4294 0.650561 8
      vertex -73.8933 19.7997 8
      vertex -72.4753 0.75189 8
    endloop
  endfacet
  facet normal -0 0 1
    outer loop
      vertex -75.0301 14.9244 8
      vertex -72.4753 0.75189 8
      vertex -73.8933 19.7997 8
    endloop
  endfacet
  facet normal 0 0 1
    outer loop
      vertex -72.4753 0.75189 8
      vertex -75.0301 14.9244 8
      vertex -72.5278 0.849999 8
    endloop
  endfacet
  facet normal 0 0 1
    outer loop
      vertex -72.5278 0.849999 8
      vertex -75.0301 14.9244 8
      vertex -72.5865 0.944468 8
    endloop
  endfacet
  facet normal 0 0 1
    outer loop
      vertex -72.5865 0.944468 8
      vertex -75.0301 14.9244 8
      vertex -72.6513 1.03489 8
    endloop
  endfacet
  facet normal -0 0 1
    outer loop
      vertex -75.8455 9.98525 8
      vertex -72.6513 1.03489 8
      vertex -75.0301 14.9244 8
    endloop
  endfacet
  facet normal 0 0 1
    outer loop
      vertex -72.6513 1.03489 8
      vertex -75.8455 9.98525 8
      vertex -72.7219 1.12089 8
    endloop
  endfacet
  facet normal 0 0 1
    outer loop
      vertex -72.7219 1.12089 8
      vertex -75.8455 9.98525 8
      vertex -72.7979 1.20208 8
    endloop
  endfacet
  facet normal 0 0 1
    outer loop
      vertex -72.7979 1.20208 8
      vertex -75.8455 9.98525 8
      vertex -72.8791 1.27813 8
    endloop
  endfacet
  facet normal 0 0 1
    outer loop
      vertex -72.8791 1.27813 8
      vertex -75.8455 9.98525 8
      vertex -72.9651 1.3487 8
    endloop
  endfacet
  facet normal 0 0 1
    outer loop
      vertex -72.9651 1.3487 8
      vertex -75.8455 9.98525 8
      vertex -73.0555 1.4135 8
    endloop
  endfacet
  facet normal 0 0 1
    outer loop
      vertex -73.0555 1.4135 8
      vertex -75.8455 9.98525 8
      vertex -73.15 1.47224 8
    endloop
  endfacet
  facet normal 0 0 1
    outer loop
      vertex -73.15 1.47224 8
      vertex -75.8455 9.98525 8
      vertex -73.2481 1.52468 8
    endloop
  endfacet
  facet normal -0 0 1
    outer loop
      vertex -76.3362 5.00334 8
      vertex -73.2481 1.52468 8
      vertex -75.8455 9.98525 8
    endloop
  endfacet
  facet normal 0 0 1
    outer loop
      vertex -73.2481 1.52468 8
      vertex -76.3362 5.00334 8
      vertex -73.3494 1.57059 8
    endloop
  endfacet
  facet normal 0 0 1
    outer loop
      vertex -73.3494 1.57059 8
      vertex -76.3362 5.00334 8
      vertex -73.4536 1.60978 8
    endloop
  endfacet
  facet normal 0 0 1
    outer loop
      vertex -73.4536 1.60978 8
      vertex -76.3362 5.00334 8
      vertex -73.56 1.64207 8
    endloop
  endfacet
  facet normal 0 0 1
    outer loop
      vertex -73.56 1.64207 8
      vertex -76.3362 5.00334 8
      vertex -73.6684 1.66733 8
    endloop
  endfacet
  facet normal 0 0 1
    outer loop
      vertex -73.6684 1.66733 8
      vertex -76.3362 5.00334 8
      vertex -73.7781 1.68546 8
    endloop
  endfacet
  facet normal 0 0 1
    outer loop
      vertex -73.7781 1.68546 8
      vertex -76.3362 5.00334 8
      vertex -73.8888 1.69636 8
    endloop
  endfacet
  facet normal 0 0 1
    outer loop
      vertex -73.8888 1.69636 8
      vertex -76.3362 5.00334 8
      vertex -74 1.7 8
    endloop
  endfacet
  facet normal 0 0 1
    outer loop
      vertex -74 1.7 8
      vertex -76.3362 5.00334 8
      vertex -74.1112 1.69636 8
    endloop
  endfacet
  facet normal 0 0 1
    outer loop
      vertex -74.1112 1.69636 8
      vertex -76.3362 5.00334 8
      vertex -74.2219 1.68546 8
    endloop
  endfacet
  facet normal 0 0 1
    outer loop
      vertex -74.2219 1.68546 8
      vertex -76.3362 5.00334 8
      vertex -74.3316 1.66733 8
    endloop
  endfacet
  facet normal 0 0 1
    outer loop
      vertex -74.3316 1.66733 8
      vertex -76.3362 5.00334 8
      vertex -74.44 1.64207 8
    endloop
  endfacet
  facet normal 0 0 1
    outer loop
      vertex -74.44 1.64207 8
      vertex -76.3362 5.00334 8
      vertex -74.5464 1.60978 8
    endloop
  endfacet
  facet normal 0 0 1
    outer loop
      vertex -74.5464 1.60978 8
      vertex -76.3362 5.00334 8
      vertex -74.6506 1.57059 8
    endloop
  endfacet
  facet normal 0 0 1
    outer loop
      vertex -74.6506 1.57059 8
      vertex -76.3362 5.00334 8
      vertex -74.7519 1.52468 8
    endloop
  endfacet
  facet normal 0 0 1
    outer loop
      vertex -74.7519 1.52468 8
      vertex -76.3362 5.00334 8
      vertex -74.85 1.47224 8
    endloop
  endfacet
  facet normal 0 0 1
    outer loop
      vertex -74.85 1.47224 8
      vertex -76.3362 5.00334 8
      vertex -74.9445 1.4135 8
    endloop
  endfacet
  facet normal 0 0 1
    outer loop
      vertex -74.9445 1.4135 8
      vertex -76.3362 5.00334 8
      vertex -75.0349 1.3487 8
    endloop
  endfacet
  facet normal 0 0 1
    outer loop
      vertex -75.0349 1.3487 8
      vertex -76.3362 5.00334 8
      vertex -75.1209 1.27813 8
    endloop
  endfacet
  facet normal 0 0 1
    outer loop
      vertex -75.1209 1.27813 8
      vertex -76.3362 5.00334 8
      vertex -75.2021 1.20208 8
    endloop
  endfacet
  facet normal 0 0 1
    outer loop
      vertex -75.2021 1.20208 8
      vertex -76.3362 5.00334 8
      vertex -75.2781 1.12089 8
    endloop
  endfacet
  facet normal 0 0 1
    outer loop
      vertex -75.2781 1.12089 8
      vertex -76.3362 5.00334 8
      vertex -75.3487 1.03489 8
    endloop
  endfacet
  facet normal 0 0 1
    outer loop
      vertex -75.3487 1.03489 8
      vertex -76.3362 5.00334 8
      vertex -75.4135 0.944468 8
    endloop
  endfacet
  facet normal 0 0 1
    outer loop
      vertex -76.5 0 8
      vertex -75.4135 0.944468 8
      vertex -76.3362 5.00334 8
    endloop
  endfacet
  facet normal 0 0 1
    outer loop
      vertex -75.4135 0.944468 8
      vertex -76.5 0 8
      vertex -75.4722 0.849999 8
    endloop
  endfacet
  facet normal 0 0 1
    outer loop
      vertex -75.4722 0.849999 8
      vertex -76.5 0 8
      vertex -75.5247 0.75189 8
    endloop
  endfacet
  facet normal 0 0 1
    outer loop
      vertex -75.5247 0.75189 8
      vertex -76.5 0 8
      vertex -75.5706 0.650561 8
    endloop
  endfacet
  facet normal 0 0 1
    outer loop
      vertex -75.5706 0.650561 8
      vertex -76.5 0 8
      vertex -75.6098 0.546447 8
    endloop
  endfacet
  facet normal 0 0 1
    outer loop
      vertex -75.6098 0.546447 8
      vertex -76.5 0 8
      vertex -75.6421 0.439992 8
    endloop
  endfacet
  facet normal 0 0 1
    outer loop
      vertex -75.6673 0.331653 8
      vertex -76.5 0 8
      vertex -75.6855 0.221894 8
    endloop
  endfacet
  facet normal 0 0 1
    outer loop
      vertex -75.6421 0.439992 8
      vertex -76.5 0 8
      vertex -75.6673 0.331653 8
    endloop
  endfacet
  facet normal -0 0 1
    outer loop
      vertex -36.2481 62.5612 8
      vertex -4.50012 6.7349 8
      vertex -36.15 62.6136 8
    endloop
  endfacet
  facet normal 0 0 1
    outer loop
      vertex -8.1 0 8
      vertex -35.3036 -63.9747 8
      vertex -35.3 -64.0859 8
    endloop
  endfacet
  facet normal -0 0 1
    outer loop
      vertex -36.3494 62.5153 8
      vertex -4.50012 6.7349 8
      vertex -36.2481 62.5612 8
    endloop
  endfacet
  facet normal 0 0 1
    outer loop
      vertex -8.1 0 8
      vertex -35.3145 -63.864 8
      vertex -35.3036 -63.9747 8
    endloop
  endfacet
  facet normal 0 0 1
    outer loop
      vertex -4.50012 6.7349 8
      vertex -36.3494 62.5153 8
      vertex -4.93097 6.42616 8
    endloop
  endfacet
  facet normal 0 0 1
    outer loop
      vertex -8.1 0 8
      vertex -35.3327 -63.7542 8
      vertex -35.3145 -63.864 8
    endloop
  endfacet
  facet normal -0 0 1
    outer loop
      vertex -36.4536 62.4761 8
      vertex -4.93097 6.42616 8
      vertex -36.3494 62.5153 8
    endloop
  endfacet
  facet normal 0 0 1
    outer loop
      vertex -8.1 0 8
      vertex -35.3579 -63.6459 8
      vertex -35.3327 -63.7542 8
    endloop
  endfacet
  facet normal 0 0 1
    outer loop
      vertex -50.7161 51.7795 8
      vertex -36.8888 62.3895 8
      vertex -50.6838 51.8859 8
    endloop
  endfacet
  facet normal 0 0 1
    outer loop
      vertex -8.1 0 8
      vertex -35.3902 -63.5394 8
      vertex -35.3579 -63.6459 8
    endloop
  endfacet
  facet normal -0 0 1
    outer loop
      vertex -36.8888 62.3895 8
      vertex -50.7161 51.7795 8
      vertex -36.7781 62.4004 8
    endloop
  endfacet
  facet normal 0 0 1
    outer loop
      vertex -8.1 0 8
      vertex -35.4294 -63.4353 8
      vertex -35.3902 -63.5394 8
    endloop
  endfacet
  facet normal 0 0 1
    outer loop
      vertex -50.7553 51.6753 8
      vertex -36.7781 62.4004 8
      vertex -50.7161 51.7795 8
    endloop
  endfacet
  facet normal 0 0 1
    outer loop
      vertex -8.1 0 8
      vertex -35.4753 -63.334 8
      vertex -35.4294 -63.4353 8
    endloop
  endfacet
  facet normal 0 0 1
    outer loop
      vertex -50.8012 51.574 8
      vertex -36.6683 62.4185 8
      vertex -50.7553 51.6753 8
    endloop
  endfacet
  facet normal 0 0 1
    outer loop
      vertex -8.1 0 8
      vertex -35.5278 -63.2359 8
      vertex -35.4753 -63.334 8
    endloop
  endfacet
  facet normal -0 0 1
    outer loop
      vertex -36.6683 62.4185 8
      vertex -50.8012 51.574 8
      vertex -36.56 62.4438 8
    endloop
  endfacet
  facet normal 0 0 1
    outer loop
      vertex -8.1 0 8
      vertex -35.5865 -63.1414 8
      vertex -35.5278 -63.2359 8
    endloop
  endfacet
  facet normal 0 0 1
    outer loop
      vertex -50.8537 51.4759 8
      vertex -36.56 62.4438 8
      vertex -50.8012 51.574 8
    endloop
  endfacet
  facet normal 0 0 1
    outer loop
      vertex -8.1 0 8
      vertex -35.6513 -63.051 8
      vertex -35.5865 -63.1414 8
    endloop
  endfacet
  facet normal -0 0 1
    outer loop
      vertex -36.56 62.4438 8
      vertex -50.8537 51.4759 8
      vertex -36.4536 62.4761 8
    endloop
  endfacet
  facet normal 0 0 1
    outer loop
      vertex -8.1 0 8
      vertex -35.7219 -62.965 8
      vertex -35.6513 -63.051 8
    endloop
  endfacet
  facet normal 0 0 1
    outer loop
      vertex -50.9124 51.3814 8
      vertex -36.4536 62.4761 8
      vertex -50.8537 51.4759 8
    endloop
  endfacet
  facet normal 0 0 1
    outer loop
      vertex -8.1 0 8
      vertex -35.7979 -62.8838 8
      vertex -35.7219 -62.965 8
    endloop
  endfacet
  facet normal 0 0 1
    outer loop
      vertex -36.4536 62.4761 8
      vertex -50.9124 51.3814 8
      vertex -4.93097 6.42616 8
    endloop
  endfacet
  facet normal 0 0 1
    outer loop
      vertex -8.1 0 8
      vertex -35.8791 -62.8078 8
      vertex -35.7979 -62.8838 8
    endloop
  endfacet
  facet normal -0 0 1
    outer loop
      vertex -50.9772 51.291 8
      vertex -4.93097 6.42616 8
      vertex -50.9124 51.3814 8
    endloop
  endfacet
  facet normal 0 0 1
    outer loop
      vertex -8.1 0 8
      vertex -35.9651 -62.7372 8
      vertex -35.8791 -62.8078 8
    endloop
  endfacet
  facet normal 0 0 1
    outer loop
      vertex -4.93097 6.42616 8
      vertex -50.9772 51.291 8
      vertex -5.3407 6.0899 8
    endloop
  endfacet
  facet normal 0 0 1
    outer loop
      vertex -8.1 0 8
      vertex -36.0555 -62.6724 8
      vertex -35.9651 -62.7372 8
    endloop
  endfacet
  facet normal -0 0 1
    outer loop
      vertex -51.0478 51.205 8
      vertex -5.3407 6.0899 8
      vertex -50.9772 51.291 8
    endloop
  endfacet
  facet normal 0 0 1
    outer loop
      vertex -8.1 0 8
      vertex -36.15 -62.6136 8
      vertex -36.0555 -62.6724 8
    endloop
  endfacet
  facet normal 0 0 1
    outer loop
      vertex -5.3407 6.0899 8
      vertex -51.0478 51.205 8
      vertex -5.72756 5.72756 8
    endloop
  endfacet
  facet normal 0 0 1
    outer loop
      vertex -8.1 0 8
      vertex -36.2481 -62.5612 8
      vertex -36.15 -62.6136 8
    endloop
  endfacet
  facet normal -0 0 1
    outer loop
      vertex -51.1238 51.1238 8
      vertex -5.72756 5.72756 8
      vertex -51.0478 51.205 8
    endloop
  endfacet
  facet normal 0 0 1
    outer loop
      vertex -5.72756 5.72756 8
      vertex -51.1238 51.1238 8
      vertex -6.0899 5.3407 8
    endloop
  endfacet
  facet normal -0 0 1
    outer loop
      vertex -36.7781 62.4004 8
      vertex -50.7553 51.6753 8
      vertex -36.6683 62.4185 8
    endloop
  endfacet
  facet normal 0 0 1
    outer loop
      vertex -8.1 0 8
      vertex -36.3494 -62.5153 8
      vertex -36.2481 -62.5612 8
    endloop
  endfacet
  facet normal -0 0 1
    outer loop
      vertex -37 62.3859 8
      vertex -50.6838 51.8859 8
      vertex -36.8888 62.3895 8
    endloop
  endfacet
  facet normal 0 0 1
    outer loop
      vertex -8.1 0 8
      vertex -36.4536 -62.4761 8
      vertex -36.3494 -62.5153 8
    endloop
  endfacet
  facet normal 0 0 1
    outer loop
      vertex -50.6838 51.8859 8
      vertex -37 62.3859 8
      vertex -50.6586 51.9942 8
    endloop
  endfacet
  facet normal -0 0 1
    outer loop
      vertex -50.6259 -52.3259 8
      vertex -36.4536 -62.4761 8
      vertex -8.1 0 8
    endloop
  endfacet
  facet normal 0 0 1
    outer loop
      vertex -37.1112 62.3895 8
      vertex -50.6586 51.9942 8
      vertex -37 62.3859 8
    endloop
  endfacet
  facet normal 0 0 1
    outer loop
      vertex -36.4536 -62.4761 8
      vertex -50.6259 -52.3259 8
      vertex -36.56 -62.4438 8
    endloop
  endfacet
  facet normal 0 0 1
    outer loop
      vertex -50.6586 51.9942 8
      vertex -37.1112 62.3895 8
      vertex -50.6404 52.104 8
    endloop
  endfacet
  facet normal 0 0 1
    outer loop
      vertex -36.6683 -62.4185 8
      vertex -50.6259 -52.3259 8
      vertex -36.7781 -62.4004 8
    endloop
  endfacet
  facet normal 0 0 1
    outer loop
      vertex -37.2219 62.4004 8
      vertex -50.6404 52.104 8
      vertex -37.1112 62.3895 8
    endloop
  endfacet
  facet normal 0 0 1
    outer loop
      vertex -36.56 -62.4438 8
      vertex -50.6259 -52.3259 8
      vertex -36.6683 -62.4185 8
    endloop
  endfacet
  facet normal 0 0 1
    outer loop
      vertex -50.6404 52.104 8
      vertex -37.2219 62.4004 8
      vertex -50.6295 52.2147 8
    endloop
  endfacet
  facet normal 0 0 1
    outer loop
      vertex -50.6259 -52.3259 8
      vertex -36.8888 -62.3895 8
      vertex -36.7781 -62.4004 8
    endloop
  endfacet
  facet normal 0 0 1
    outer loop
      vertex -37.3317 62.4185 8
      vertex -50.6295 52.2147 8
      vertex -37.2219 62.4004 8
    endloop
  endfacet
  facet normal 0 0 1
    outer loop
      vertex -50.6259 -52.3259 8
      vertex -37 -62.3859 8
      vertex -36.8888 -62.3895 8
    endloop
  endfacet
  facet normal 0 0 1
    outer loop
      vertex -50.6295 52.2147 8
      vertex -37.3317 62.4185 8
      vertex -50.6259 52.3259 8
    endloop
  endfacet
  facet normal 0 0 1
    outer loop
      vertex -50.6259 -52.3259 8
      vertex -37.1112 -62.3895 8
      vertex -37 -62.3859 8
    endloop
  endfacet
  facet normal 0 0 1
    outer loop
      vertex -50.6259 52.3259 8
      vertex -37.3317 62.4185 8
      vertex -37.44 62.4438 8
    endloop
  endfacet
  facet normal 0 0 1
    outer loop
      vertex -50.6259 -52.3259 8
      vertex -37.2219 -62.4004 8
      vertex -37.1112 -62.3895 8
    endloop
  endfacet
  facet normal 0 0 1
    outer loop
      vertex -46.5702 60.6915 8
      vertex -37.44 62.4438 8
      vertex -37.5464 62.4761 8
    endloop
  endfacet
  facet normal 0 0 1
    outer loop
      vertex -37.44 -62.4438 8
      vertex -50.6259 -52.3259 8
      vertex -46.5702 -60.6915 8
    endloop
  endfacet
  facet normal 0 0 1
    outer loop
      vertex -46.5702 60.6915 8
      vertex -37.5464 62.4761 8
      vertex -37.6506 62.5153 8
    endloop
  endfacet
  facet normal 0 0 1
    outer loop
      vertex -50.6259 -52.3259 8
      vertex -37.3317 -62.4185 8
      vertex -37.2219 -62.4004 8
    endloop
  endfacet
  facet normal 0 0 1
    outer loop
      vertex -46.5702 60.6915 8
      vertex -37.6506 62.5153 8
      vertex -37.7519 62.5612 8
    endloop
  endfacet
  facet normal 0 0 1
    outer loop
      vertex -50.6259 -52.3259 8
      vertex -37.44 -62.4438 8
      vertex -37.3317 -62.4185 8
    endloop
  endfacet
  facet normal 0 0 1
    outer loop
      vertex -46.5702 60.6915 8
      vertex -37.7519 62.5612 8
      vertex -37.85 62.6136 8
    endloop
  endfacet
  facet normal 0 0 1
    outer loop
      vertex -37.44 -62.4438 8
      vertex -46.5702 -60.6915 8
      vertex -37.5464 -62.4761 8
    endloop
  endfacet
  facet normal 0 0 1
    outer loop
      vertex -46.5702 60.6915 8
      vertex -37.85 62.6136 8
      vertex -37.9445 62.6724 8
    endloop
  endfacet
  facet normal 0 0 1
    outer loop
      vertex -37.5464 -62.4761 8
      vertex -46.5702 -60.6915 8
      vertex -37.6506 -62.5153 8
    endloop
  endfacet
  facet normal 0 0 1
    outer loop
      vertex -42.5011 63.6074 8
      vertex -37.9445 62.6724 8
      vertex -38.0349 62.7372 8
    endloop
  endfacet
  facet normal 0 0 1
    outer loop
      vertex -37.6506 -62.5153 8
      vertex -46.5702 -60.6915 8
      vertex -37.7519 -62.5612 8
    endloop
  endfacet
  facet normal 0 0 1
    outer loop
      vertex -42.5011 63.6074 8
      vertex -38.0349 62.7372 8
      vertex -38.1209 62.8078 8
    endloop
  endfacet
  facet normal 0 0 1
    outer loop
      vertex -37.7519 -62.5612 8
      vertex -46.5702 -60.6915 8
      vertex -37.85 -62.6136 8
    endloop
  endfacet
  facet normal 0 0 1
    outer loop
      vertex -42.5011 63.6074 8
      vertex -38.1209 62.8078 8
      vertex -38.2021 62.8838 8
    endloop
  endfacet
  facet normal 0 0 1
    outer loop
      vertex -37.85 -62.6136 8
      vertex -46.5702 -60.6915 8
      vertex -37.9445 -62.6724 8
    endloop
  endfacet
  facet normal 0 0 1
    outer loop
      vertex -42.5011 63.6074 8
      vertex -38.2021 62.8838 8
      vertex -38.2781 62.965 8
    endloop
  endfacet
  facet normal 0 -0 1
    outer loop
      vertex -42.5011 -63.6074 8
      vertex -37.9445 -62.6724 8
      vertex -46.5702 -60.6915 8
    endloop
  endfacet
  facet normal 0 0 1
    outer loop
      vertex -42.5011 63.6074 8
      vertex -38.2781 62.965 8
      vertex -38.3487 63.051 8
    endloop
  endfacet
  facet normal 0 0 1
    outer loop
      vertex -37.9445 -62.6724 8
      vertex -42.5011 -63.6074 8
      vertex -38.0349 -62.7372 8
    endloop
  endfacet
  facet normal 0 0 1
    outer loop
      vertex -42.5011 63.6074 8
      vertex -38.3487 63.051 8
      vertex -38.4135 63.1414 8
    endloop
  endfacet
  facet normal 0 0 1
    outer loop
      vertex -38.0349 -62.7372 8
      vertex -42.5011 -63.6074 8
      vertex -38.1209 -62.8078 8
    endloop
  endfacet
  facet normal 0 0 1
    outer loop
      vertex -42.5011 63.6074 8
      vertex -38.4135 63.1414 8
      vertex -38.4722 63.2359 8
    endloop
  endfacet
  facet normal 0 0 1
    outer loop
      vertex -38.1209 -62.8078 8
      vertex -42.5011 -63.6074 8
      vertex -38.2021 -62.8838 8
    endloop
  endfacet
  facet normal 0 0 1
    outer loop
      vertex -42.5011 63.6074 8
      vertex -38.4722 63.2359 8
      vertex -38.5247 63.334 8
    endloop
  endfacet
  facet normal 0 0 1
    outer loop
      vertex -38.2021 -62.8838 8
      vertex -42.5011 -63.6074 8
      vertex -38.2781 -62.965 8
    endloop
  endfacet
  facet normal 0 0 1
    outer loop
      vertex -42.5011 63.6074 8
      vertex -38.5247 63.334 8
      vertex -38.5706 63.4353 8
    endloop
  endfacet
  facet normal 0 0 1
    outer loop
      vertex -38.2781 -62.965 8
      vertex -42.5011 -63.6074 8
      vertex -38.3487 -63.051 8
    endloop
  endfacet
  facet normal 0 0 1
    outer loop
      vertex -42.5011 63.6074 8
      vertex -38.5706 63.4353 8
      vertex -38.6098 63.5394 8
    endloop
  endfacet
  facet normal 0 0 1
    outer loop
      vertex -38.3487 -63.051 8
      vertex -42.5011 -63.6074 8
      vertex -38.4135 -63.1414 8
    endloop
  endfacet
  facet normal -0 0 1
    outer loop
      vertex -42.5011 63.6074 8
      vertex -38.6098 63.5394 8
      vertex -38.6421 63.6459 8
    endloop
  endfacet
  facet normal 0 0 1
    outer loop
      vertex -38.4135 -63.1414 8
      vertex -42.5011 -63.6074 8
      vertex -38.4722 -63.2359 8
    endloop
  endfacet
  facet normal 0 0 1
    outer loop
      vertex -42.5011 63.6074 8
      vertex -38.6421 63.6459 8
      vertex -38.6673 63.7542 8
    endloop
  endfacet
  facet normal 0 0 1
    outer loop
      vertex -38.4722 -63.2359 8
      vertex -42.5011 -63.6074 8
      vertex -38.5247 -63.334 8
    endloop
  endfacet
  facet normal 0 0 1
    outer loop
      vertex -42.5011 63.6074 8
      vertex -38.6673 63.7542 8
      vertex -38.6855 63.864 8
    endloop
  endfacet
  facet normal 0 0 1
    outer loop
      vertex -38.5247 -63.334 8
      vertex -42.5011 -63.6074 8
      vertex -38.5706 -63.4353 8
    endloop
  endfacet
  facet normal 0 0 1
    outer loop
      vertex -42.5011 63.6074 8
      vertex -38.6855 63.864 8
      vertex -38.6964 63.9747 8
    endloop
  endfacet
  facet normal 0 0 1
    outer loop
      vertex -38.5706 -63.4353 8
      vertex -42.5011 -63.6074 8
      vertex -38.6098 -63.5394 8
    endloop
  endfacet
  facet normal 0 0 1
    outer loop
      vertex -42.5011 63.6074 8
      vertex -38.6964 63.9747 8
      vertex -38.7 64.0859 8
    endloop
  endfacet
  facet normal 0 0 1
    outer loop
      vertex -38.6098 -63.5394 8
      vertex -42.5011 -63.6074 8
      vertex -38.6421 -63.6459 8
    endloop
  endfacet
  facet normal -0 0 1
    outer loop
      vertex -35.3036 -64.1971 8
      vertex -29.2753 -70.6768 8
      vertex -35.3 -64.0859 8
    endloop
  endfacet
  facet normal 0 0 1
    outer loop
      vertex -29.2753 -70.6768 8
      vertex -35.3036 -64.1971 8
      vertex -33.8351 -68.6108 8
    endloop
  endfacet
  facet normal -0 0 1
    outer loop
      vertex -35.3145 -64.3078 8
      vertex -33.8351 -68.6108 8
      vertex -35.3036 -64.1971 8
    endloop
  endfacet
  facet normal -0 0 1
    outer loop
      vertex -35.3327 -64.4175 8
      vertex -33.8351 -68.6108 8
      vertex -35.3145 -64.3078 8
    endloop
  endfacet
  facet normal -0 0 1
    outer loop
      vertex -35.3579 -64.5259 8
      vertex -33.8351 -68.6108 8
      vertex -35.3327 -64.4175 8
    endloop
  endfacet
  facet normal -0 0 1
    outer loop
      vertex -35.3902 -64.6323 8
      vertex -33.8351 -68.6108 8
      vertex -35.3579 -64.5259 8
    endloop
  endfacet
  facet normal -0 0 1
    outer loop
      vertex -35.4294 -64.7364 8
      vertex -33.8351 -68.6108 8
      vertex -35.3902 -64.6323 8
    endloop
  endfacet
  facet normal -0 0 1
    outer loop
      vertex -35.4753 -64.8378 8
      vertex -33.8351 -68.6108 8
      vertex -35.4294 -64.7364 8
    endloop
  endfacet
  facet normal -0 0 1
    outer loop
      vertex -35.5278 -64.9359 8
      vertex -33.8351 -68.6108 8
      vertex -35.4753 -64.8378 8
    endloop
  endfacet
  facet normal -0 0 1
    outer loop
      vertex -35.5865 -65.0303 8
      vertex -33.8351 -68.6108 8
      vertex -35.5278 -64.9359 8
    endloop
  endfacet
  facet normal -0 0 1
    outer loop
      vertex -35.6513 -65.1208 8
      vertex -33.8351 -68.6108 8
      vertex -35.5865 -65.0303 8
    endloop
  endfacet
  facet normal -0 0 1
    outer loop
      vertex -35.7219 -65.2068 8
      vertex -33.8351 -68.6108 8
      vertex -35.6513 -65.1208 8
    endloop
  endfacet
  facet normal -0 0 1
    outer loop
      vertex -35.7979 -65.288 8
      vertex -33.8351 -68.6108 8
      vertex -35.7219 -65.2068 8
    endloop
  endfacet
  facet normal -0 0 1
    outer loop
      vertex -35.8791 -65.364 8
      vertex -33.8351 -68.6108 8
      vertex -35.7979 -65.288 8
    endloop
  endfacet
  facet normal -0 0 1
    outer loop
      vertex -35.9651 -65.4346 8
      vertex -33.8351 -68.6108 8
      vertex -35.8791 -65.364 8
    endloop
  endfacet
  facet normal -0 0 1
    outer loop
      vertex -36.0555 -65.4994 8
      vertex -33.8351 -68.6108 8
      vertex -35.9651 -65.4346 8
    endloop
  endfacet
  facet normal -0 0 1
    outer loop
      vertex -36.15 -65.5581 8
      vertex -33.8351 -68.6108 8
      vertex -36.0555 -65.4994 8
    endloop
  endfacet
  facet normal -0 0 1
    outer loop
      vertex -36.2481 -65.6106 8
      vertex -33.8351 -68.6108 8
      vertex -36.15 -65.5581 8
    endloop
  endfacet
  facet normal -0 0 1
    outer loop
      vertex -36.3494 -65.6565 8
      vertex -33.8351 -68.6108 8
      vertex -36.2481 -65.6106 8
    endloop
  endfacet
  facet normal -0 0 1
    outer loop
      vertex -36.4536 -65.6957 8
      vertex -33.8351 -68.6108 8
      vertex -36.3494 -65.6565 8
    endloop
  endfacet
  facet normal -0 0 1
    outer loop
      vertex -36.56 -65.728 8
      vertex -33.8351 -68.6108 8
      vertex -36.4536 -65.6957 8
    endloop
  endfacet
  facet normal -0 0 1
    outer loop
      vertex -36.6683 -65.7532 8
      vertex -33.8351 -68.6108 8
      vertex -36.56 -65.728 8
    endloop
  endfacet
  facet normal -0 0 1
    outer loop
      vertex -36.7781 -65.7713 8
      vertex -33.8351 -68.6108 8
      vertex -36.6683 -65.7532 8
    endloop
  endfacet
  facet normal -0 0 1
    outer loop
      vertex -36.8888 -65.7822 8
      vertex -33.8351 -68.6108 8
      vertex -36.7781 -65.7713 8
    endloop
  endfacet
  facet normal 0 0 1
    outer loop
      vertex -38.25 -66.2509 8
      vertex -36.8888 -65.7822 8
      vertex -37 -65.7859 8
    endloop
  endfacet
  facet normal 0 0 1
    outer loop
      vertex -38.25 -66.2509 8
      vertex -37 -65.7859 8
      vertex -37.1112 -65.7822 8
    endloop
  endfacet
  facet normal 0 0 1
    outer loop
      vertex -38.25 -66.2509 8
      vertex -37.1112 -65.7822 8
      vertex -37.2219 -65.7713 8
    endloop
  endfacet
  facet normal 0 0 1
    outer loop
      vertex -38.25 -66.2509 8
      vertex -37.2219 -65.7713 8
      vertex -37.3317 -65.7532 8
    endloop
  endfacet
  facet normal 0 0 1
    outer loop
      vertex -38.25 -66.2509 8
      vertex -37.3317 -65.7532 8
      vertex -37.44 -65.728 8
    endloop
  endfacet
  facet normal 0 0 1
    outer loop
      vertex -38.25 -66.2509 8
      vertex -37.44 -65.728 8
      vertex -37.5464 -65.6957 8
    endloop
  endfacet
  facet normal 0 0 1
    outer loop
      vertex -38.25 -66.2509 8
      vertex -37.5464 -65.6957 8
      vertex -37.6506 -65.6565 8
    endloop
  endfacet
  facet normal 0 0 1
    outer loop
      vertex -38.25 -66.2509 8
      vertex -37.6506 -65.6565 8
      vertex -37.7519 -65.6106 8
    endloop
  endfacet
  facet normal 0 0 1
    outer loop
      vertex -38.25 -66.2509 8
      vertex -37.7519 -65.6106 8
      vertex -37.85 -65.5581 8
    endloop
  endfacet
  facet normal 0 0 1
    outer loop
      vertex -38.25 -66.2509 8
      vertex -37.85 -65.5581 8
      vertex -37.9445 -65.4994 8
    endloop
  endfacet
  facet normal 0 0 1
    outer loop
      vertex -38.25 -66.2509 8
      vertex -37.9445 -65.4994 8
      vertex -38.0349 -65.4346 8
    endloop
  endfacet
  facet normal 0 0 1
    outer loop
      vertex -36.8888 -65.7822 8
      vertex -38.25 -66.2509 8
      vertex -33.8351 -68.6108 8
    endloop
  endfacet
  facet normal 0 0 1
    outer loop
      vertex -38.1209 -65.364 8
      vertex -38.25 -66.2509 8
      vertex -38.0349 -65.4346 8
    endloop
  endfacet
  facet normal 0 0 1
    outer loop
      vertex -38.2021 -65.288 8
      vertex -38.25 -66.2509 8
      vertex -38.1209 -65.364 8
    endloop
  endfacet
  facet normal 0 0 1
    outer loop
      vertex -38.2781 -65.2068 8
      vertex -38.25 -66.2509 8
      vertex -38.2021 -65.288 8
    endloop
  endfacet
  facet normal 0 0 1
    outer loop
      vertex -38.3487 -65.1208 8
      vertex -38.25 -66.2509 8
      vertex -38.2781 -65.2068 8
    endloop
  endfacet
  facet normal 0 0 1
    outer loop
      vertex -38.4135 -65.0303 8
      vertex -38.25 -66.2509 8
      vertex -38.3487 -65.1208 8
    endloop
  endfacet
  facet normal 0 0 1
    outer loop
      vertex -38.4722 -64.9359 8
      vertex -38.25 -66.2509 8
      vertex -38.4135 -65.0303 8
    endloop
  endfacet
  facet normal 0 0 1
    outer loop
      vertex -38.5247 -64.8378 8
      vertex -38.25 -66.2509 8
      vertex -38.4722 -64.9359 8
    endloop
  endfacet
  facet normal 0 0 1
    outer loop
      vertex -42.5011 -63.6074 8
      vertex -38.5247 -64.8378 8
      vertex -38.5706 -64.7364 8
    endloop
  endfacet
  facet normal 0 0 1
    outer loop
      vertex -42.5011 -63.6074 8
      vertex -38.5706 -64.7364 8
      vertex -38.6098 -64.6323 8
    endloop
  endfacet
  facet normal 0 0 1
    outer loop
      vertex -42.5011 -63.6074 8
      vertex -38.6098 -64.6323 8
      vertex -38.6421 -64.5259 8
    endloop
  endfacet
  facet normal 0 0 1
    outer loop
      vertex -42.5011 -63.6074 8
      vertex -38.6421 -64.5259 8
      vertex -38.6673 -64.4175 8
    endloop
  endfacet
  facet normal 0 0 1
    outer loop
      vertex -38.5247 -64.8378 8
      vertex -42.5011 -63.6074 8
      vertex -38.25 -66.2509 8
    endloop
  endfacet
  facet normal 0 0 1
    outer loop
      vertex -38.6855 -64.3078 8
      vertex -42.5011 -63.6074 8
      vertex -38.6673 -64.4175 8
    endloop
  endfacet
  facet normal 0 0 1
    outer loop
      vertex -38.6964 -64.1971 8
      vertex -42.5011 -63.6074 8
      vertex -38.6855 -64.3078 8
    endloop
  endfacet
  facet normal 0 0 1
    outer loop
      vertex -38.7 -64.0859 8
      vertex -42.5011 -63.6074 8
      vertex -38.6964 -64.1971 8
    endloop
  endfacet
  facet normal 0 0 1
    outer loop
      vertex -38.6421 -63.6459 8
      vertex -42.5011 -63.6074 8
      vertex -38.6673 -63.7542 8
    endloop
  endfacet
  facet normal 0 0 1
    outer loop
      vertex -37.44 62.4438 8
      vertex -46.5702 60.6915 8
      vertex -50.6259 52.3259 8
    endloop
  endfacet
  facet normal 0 0 1
    outer loop
      vertex -38.6673 -63.7542 8
      vertex -42.5011 -63.6074 8
      vertex -38.6855 -63.864 8
    endloop
  endfacet
  facet normal 0 0 1
    outer loop
      vertex -50.7161 52.8723 8
      vertex -46.5702 60.6915 8
      vertex -50.44 57.5157 8
    endloop
  endfacet
  facet normal 0 0 1
    outer loop
      vertex -38.6964 -63.9747 8
      vertex -42.5011 -63.6074 8
      vertex -38.7 -64.0859 8
    endloop
  endfacet
  facet normal 0 0 1
    outer loop
      vertex -38.6855 -63.864 8
      vertex -42.5011 -63.6074 8
      vertex -38.6964 -63.9747 8
    endloop
  endfacet
  facet normal 0 0 1
    outer loop
      vertex -46.5702 60.6915 8
      vertex -50.6295 52.4371 8
      vertex -50.6259 52.3259 8
    endloop
  endfacet
  facet normal 0 0 1
    outer loop
      vertex -46.5702 60.6915 8
      vertex -50.6404 52.5478 8
      vertex -50.6295 52.4371 8
    endloop
  endfacet
  facet normal 0 0 1
    outer loop
      vertex -46.5702 60.6915 8
      vertex -50.6586 52.6576 8
      vertex -50.6404 52.5478 8
    endloop
  endfacet
  facet normal 0 0 1
    outer loop
      vertex -46.5702 60.6915 8
      vertex -50.6838 52.7659 8
      vertex -50.6586 52.6576 8
    endloop
  endfacet
  facet normal 0 0 1
    outer loop
      vertex -46.5702 60.6915 8
      vertex -50.7161 52.8723 8
      vertex -50.6838 52.7659 8
    endloop
  endfacet
  facet normal 0 0 1
    outer loop
      vertex -50.44 57.5157 8
      vertex -50.7553 52.9765 8
      vertex -50.7161 52.8723 8
    endloop
  endfacet
  facet normal 0 0 1
    outer loop
      vertex -50.44 57.5157 8
      vertex -50.8012 53.0778 8
      vertex -50.7553 52.9765 8
    endloop
  endfacet
  facet normal 0 0 1
    outer loop
      vertex -50.44 57.5157 8
      vertex -50.8537 53.1759 8
      vertex -50.8012 53.0778 8
    endloop
  endfacet
  facet normal 0 0 1
    outer loop
      vertex -50.44 57.5157 8
      vertex -50.9124 53.2704 8
      vertex -50.8537 53.1759 8
    endloop
  endfacet
  facet normal 0 0 1
    outer loop
      vertex -50.44 57.5157 8
      vertex -50.9772 53.3608 8
      vertex -50.9124 53.2704 8
    endloop
  endfacet
  facet normal 0 0 1
    outer loop
      vertex -50.44 57.5157 8
      vertex -51.0478 53.4468 8
      vertex -50.9772 53.3608 8
    endloop
  endfacet
  facet normal 0 0 1
    outer loop
      vertex -50.44 57.5157 8
      vertex -51.1238 53.528 8
      vertex -51.0478 53.4468 8
    endloop
  endfacet
  facet normal 0 0 1
    outer loop
      vertex -50.44 57.5157 8
      vertex -51.205 53.604 8
      vertex -51.1238 53.528 8
    endloop
  endfacet
  facet normal 0 0 1
    outer loop
      vertex -50.44 57.5157 8
      vertex -51.291 53.6746 8
      vertex -51.205 53.604 8
    endloop
  endfacet
  facet normal 0 0 1
    outer loop
      vertex -50.44 57.5157 8
      vertex -51.3814 53.7394 8
      vertex -51.291 53.6746 8
    endloop
  endfacet
  facet normal 0 0 1
    outer loop
      vertex -50.44 57.5157 8
      vertex -51.4759 53.7981 8
      vertex -51.3814 53.7394 8
    endloop
  endfacet
  facet normal 0 0 1
    outer loop
      vertex -50.44 57.5157 8
      vertex -51.574 53.8506 8
      vertex -51.4759 53.7981 8
    endloop
  endfacet
  facet normal 0 0 1
    outer loop
      vertex -50.44 57.5157 8
      vertex -51.6753 53.8965 8
      vertex -51.574 53.8506 8
    endloop
  endfacet
  facet normal 0 0 1
    outer loop
      vertex -50.44 57.5157 8
      vertex -51.7795 53.9357 8
      vertex -51.6753 53.8965 8
    endloop
  endfacet
  facet normal 0 0 1
    outer loop
      vertex -50.44 57.5157 8
      vertex -51.8859 53.968 8
      vertex -51.7795 53.9357 8
    endloop
  endfacet
  facet normal 0 0 1
    outer loop
      vertex -50.44 57.5157 8
      vertex -51.9942 53.9932 8
      vertex -51.8859 53.968 8
    endloop
  endfacet
  facet normal 0 0 1
    outer loop
      vertex -50.44 57.5157 8
      vertex -52.104 54.0114 8
      vertex -51.9942 53.9932 8
    endloop
  endfacet
  facet normal 0 0 1
    outer loop
      vertex -50.44 57.5157 8
      vertex -52.2147 54.0223 8
      vertex -52.104 54.0114 8
    endloop
  endfacet
  facet normal 0 0 1
    outer loop
      vertex -50.44 57.5157 8
      vertex -52.3259 54.0259 8
      vertex -52.2147 54.0223 8
    endloop
  endfacet
  facet normal 0 0 1
    outer loop
      vertex -50.44 57.5157 8
      vertex -52.4371 54.0223 8
      vertex -52.3259 54.0259 8
    endloop
  endfacet
  facet normal 0 0 1
    outer loop
      vertex -50.44 57.5157 8
      vertex -52.5478 54.0114 8
      vertex -52.4371 54.0223 8
    endloop
  endfacet
  facet normal 0 0 1
    outer loop
      vertex -50.44 57.5157 8
      vertex -52.6576 53.9932 8
      vertex -52.5478 54.0114 8
    endloop
  endfacet
  facet normal -0 0 1
    outer loop
      vertex -54.0937 54.0937 8
      vertex -52.6576 53.9932 8
      vertex -50.44 57.5157 8
    endloop
  endfacet
  facet normal 0 0 1
    outer loop
      vertex -52.6576 53.9932 8
      vertex -54.0937 54.0937 8
      vertex -52.7659 53.968 8
    endloop
  endfacet
  facet normal 0 0 1
    outer loop
      vertex -52.7659 53.968 8
      vertex -54.0937 54.0937 8
      vertex -52.8723 53.9357 8
    endloop
  endfacet
  facet normal 0 0 1
    outer loop
      vertex -52.8723 53.9357 8
      vertex -54.0937 54.0937 8
      vertex -52.9765 53.8965 8
    endloop
  endfacet
  facet normal 0 0 1
    outer loop
      vertex -52.9765 53.8965 8
      vertex -54.0937 54.0937 8
      vertex -53.0778 53.8506 8
    endloop
  endfacet
  facet normal 0 0 1
    outer loop
      vertex -53.0778 53.8506 8
      vertex -54.0937 54.0937 8
      vertex -53.1759 53.7981 8
    endloop
  endfacet
  facet normal 0 0 1
    outer loop
      vertex -53.1759 53.7981 8
      vertex -54.0937 54.0937 8
      vertex -53.2704 53.7394 8
    endloop
  endfacet
  facet normal 0 0 1
    outer loop
      vertex -53.2704 53.7394 8
      vertex -54.0937 54.0937 8
      vertex -53.3608 53.6746 8
    endloop
  endfacet
  facet normal 0 0 1
    outer loop
      vertex -53.3608 53.6746 8
      vertex -54.0937 54.0937 8
      vertex -53.4468 53.604 8
    endloop
  endfacet
  facet normal 0 0 1
    outer loop
      vertex -53.4468 53.604 8
      vertex -54.0937 54.0937 8
      vertex -53.528 53.528 8
    endloop
  endfacet
  facet normal 0 0 1
    outer loop
      vertex -53.528 53.528 8
      vertex -54.0937 54.0937 8
      vertex -53.604 53.4468 8
    endloop
  endfacet
  facet normal 0 0 1
    outer loop
      vertex -72.3 0 8
      vertex -54.0259 52.3259 8
      vertex -54.0937 54.0937 8
    endloop
  endfacet
  facet normal 0 0 1
    outer loop
      vertex -54.0223 52.4371 8
      vertex -54.0937 54.0937 8
      vertex -54.0259 52.3259 8
    endloop
  endfacet
  facet normal 0 0 1
    outer loop
      vertex -54.0114 52.5478 8
      vertex -54.0937 54.0937 8
      vertex -54.0223 52.4371 8
    endloop
  endfacet
  facet normal 0 0 1
    outer loop
      vertex -53.9932 52.6576 8
      vertex -54.0937 54.0937 8
      vertex -54.0114 52.5478 8
    endloop
  endfacet
  facet normal 0 0 1
    outer loop
      vertex -53.968 52.7659 8
      vertex -54.0937 54.0937 8
      vertex -53.9932 52.6576 8
    endloop
  endfacet
  facet normal 0 0 1
    outer loop
      vertex -53.9357 52.8723 8
      vertex -54.0937 54.0937 8
      vertex -53.968 52.7659 8
    endloop
  endfacet
  facet normal 0 0 1
    outer loop
      vertex -53.8965 52.9765 8
      vertex -54.0937 54.0937 8
      vertex -53.9357 52.8723 8
    endloop
  endfacet
  facet normal 0 0 1
    outer loop
      vertex -53.8506 53.0778 8
      vertex -54.0937 54.0937 8
      vertex -53.8965 52.9765 8
    endloop
  endfacet
  facet normal 0 0 1
    outer loop
      vertex -53.7981 53.1759 8
      vertex -54.0937 54.0937 8
      vertex -53.8506 53.0778 8
    endloop
  endfacet
  facet normal 0 0 1
    outer loop
      vertex -53.7394 53.2704 8
      vertex -54.0937 54.0937 8
      vertex -53.7981 53.1759 8
    endloop
  endfacet
  facet normal 0 0 1
    outer loop
      vertex -53.6746 53.3608 8
      vertex -54.0937 54.0937 8
      vertex -53.7394 53.2704 8
    endloop
  endfacet
  facet normal 0 0 1
    outer loop
      vertex -53.604 53.4468 8
      vertex -54.0937 54.0937 8
      vertex -53.6746 53.3608 8
    endloop
  endfacet
  facet normal 0 0 1
    outer loop
      vertex 36.0555 -62.6724 8
      vertex 3.58254 -7.26467 8
      vertex 35.9651 -62.7372 8
    endloop
  endfacet
  facet normal -0 0 1
    outer loop
      vertex 3.09974 -7.48342 8
      vertex 35.9651 -62.7372 8
      vertex 3.58254 -7.26467 8
    endloop
  endfacet
  facet normal 0 0 1
    outer loop
      vertex 35.9651 -62.7372 8
      vertex 3.09974 -7.48342 8
      vertex 35.8791 -62.8078 8
    endloop
  endfacet
  facet normal -0 0 1
    outer loop
      vertex 2.60366 -7.67013 8
      vertex 35.8791 -62.8078 8
      vertex 3.09974 -7.48342 8
    endloop
  endfacet
  facet normal 0 0 1
    outer loop
      vertex 35.8791 -62.8078 8
      vertex 2.60366 -7.67013 8
      vertex 35.7979 -62.8838 8
    endloop
  endfacet
  facet normal -0 0 1
    outer loop
      vertex 2.09643 -7.824 8
      vertex 35.7979 -62.8838 8
      vertex 2.60366 -7.67013 8
    endloop
  endfacet
  facet normal 0 0 1
    outer loop
      vertex 35.7979 -62.8838 8
      vertex 2.09643 -7.824 8
      vertex 35.7219 -62.965 8
    endloop
  endfacet
  facet normal -0 0 1
    outer loop
      vertex 1.58023 -7.94436 8
      vertex 35.7219 -62.965 8
      vertex 2.09643 -7.824 8
    endloop
  endfacet
  facet normal 0 0 1
    outer loop
      vertex 35.7219 -62.965 8
      vertex 1.58023 -7.94436 8
      vertex 35.6513 -63.051 8
    endloop
  endfacet
  facet normal 0 -0 1
    outer loop
      vertex 14.9244 -75.0301 8
      vertex 35.6513 -63.051 8
      vertex 1.58023 -7.94436 8
    endloop
  endfacet
  facet normal 0 0 1
    outer loop
      vertex 35.6513 -63.051 8
      vertex 19.7997 -73.8933 8
      vertex 35.5865 -63.1414 8
    endloop
  endfacet
  facet normal 0 -0 1
    outer loop
      vertex 24.5901 -72.4402 8
      vertex 35.5865 -63.1414 8
      vertex 19.7997 -73.8933 8
    endloop
  endfacet
  facet normal 0 0 1
    outer loop
      vertex 35.5865 -63.1414 8
      vertex 24.5901 -72.4402 8
      vertex 35.5278 -63.2359 8
    endloop
  endfacet
  facet normal 0 0 1
    outer loop
      vertex 35.5278 -63.2359 8
      vertex 24.5901 -72.4402 8
      vertex 35.4753 -63.334 8
    endloop
  endfacet
  facet normal 0 0 1
    outer loop
      vertex 35.4753 -63.334 8
      vertex 24.5901 -72.4402 8
      vertex 35.4294 -63.4353 8
    endloop
  endfacet
  facet normal 0 -0 1
    outer loop
      vertex 29.2753 -70.6768 8
      vertex 35.4294 -63.4353 8
      vertex 24.5901 -72.4402 8
    endloop
  endfacet
  facet normal 0 0 1
    outer loop
      vertex 35.4294 -63.4353 8
      vertex 29.2753 -70.6768 8
      vertex 35.3902 -63.5394 8
    endloop
  endfacet
  facet normal 0 0 1
    outer loop
      vertex 35.3902 -63.5394 8
      vertex 29.2753 -70.6768 8
      vertex 35.3579 -63.6459 8
    endloop
  endfacet
  facet normal 0 0 1
    outer loop
      vertex 35.3579 -63.6459 8
      vertex 29.2753 -70.6768 8
      vertex 35.3327 -63.7542 8
    endloop
  endfacet
  facet normal 0 -0 1
    outer loop
      vertex 19.7997 -73.8933 8
      vertex 35.6513 -63.051 8
      vertex 14.9244 -75.0301 8
    endloop
  endfacet
  facet normal 0 0 1
    outer loop
      vertex 14.9244 -75.0301 8
      vertex 1.58023 -7.94436 8
      vertex 9.98525 -75.8455 8
    endloop
  endfacet
  facet normal -0 0 1
    outer loop
      vertex 1.05726 -8.0307 8
      vertex 9.98525 -75.8455 8
      vertex 1.58023 -7.94436 8
    endloop
  endfacet
  facet normal 0 0 1
    outer loop
      vertex 9.98525 -75.8455 8
      vertex 1.05726 -8.0307 8
      vertex 5.00334 -76.3362 8
    endloop
  endfacet
  facet normal -0 0 1
    outer loop
      vertex 0.529765 -8.08266 8
      vertex 5.00334 -76.3362 8
      vertex 1.05726 -8.0307 8
    endloop
  endfacet
  facet normal -0 0 1
    outer loop
      vertex 0 -8.1 8
      vertex 5.00334 -76.3362 8
      vertex 0.529765 -8.08266 8
    endloop
  endfacet
  facet normal 0 0 1
    outer loop
      vertex 0 -8.1 8
      vertex 0 -76.5 8
      vertex 5.00334 -76.3362 8
    endloop
  endfacet
  facet normal 0 0 1
    outer loop
      vertex -0.529765 -8.08266 8
      vertex 0 -76.5 8
      vertex 0 -8.1 8
    endloop
  endfacet
  facet normal 0 0 1
    outer loop
      vertex -5.00334 -76.3362 8
      vertex -0.529765 -8.08266 8
      vertex -1.05726 -8.0307 8
    endloop
  endfacet
  facet normal 0 0 1
    outer loop
      vertex -9.98525 -75.8455 8
      vertex -1.05726 -8.0307 8
      vertex -1.58023 -7.94436 8
    endloop
  endfacet
  facet normal 0 0 1
    outer loop
      vertex -14.9244 -75.0301 8
      vertex -1.58023 -7.94436 8
      vertex -2.09643 -7.824 8
    endloop
  endfacet
  facet normal 0 0 1
    outer loop
      vertex -35.3 -64.0859 8
      vertex -2.09643 -7.824 8
      vertex -2.60366 -7.67013 8
    endloop
  endfacet
  facet normal 0 0 1
    outer loop
      vertex -35.3 -64.0859 8
      vertex -2.60366 -7.67013 8
      vertex -3.09974 -7.48342 8
    endloop
  endfacet
  facet normal 0 0 1
    outer loop
      vertex -35.3 -64.0859 8
      vertex -3.09974 -7.48342 8
      vertex -3.58254 -7.26467 8
    endloop
  endfacet
  facet normal 0 0 1
    outer loop
      vertex -35.3 -64.0859 8
      vertex -3.58254 -7.26467 8
      vertex -4.05 -7.0148 8
    endloop
  endfacet
  facet normal 0 0 1
    outer loop
      vertex -35.3 -64.0859 8
      vertex -4.05 -7.0148 8
      vertex -4.50012 -6.7349 8
    endloop
  endfacet
  facet normal 0 0 1
    outer loop
      vertex -35.3 -64.0859 8
      vertex -4.50012 -6.7349 8
      vertex -4.93097 -6.42616 8
    endloop
  endfacet
  facet normal 0 0 1
    outer loop
      vertex -0.529765 -8.08266 8
      vertex -5.00334 -76.3362 8
      vertex 0 -76.5 8
    endloop
  endfacet
  facet normal 0 0 1
    outer loop
      vertex -35.3 -64.0859 8
      vertex -4.93097 -6.42616 8
      vertex -5.3407 -6.0899 8
    endloop
  endfacet
  facet normal 0 0 1
    outer loop
      vertex -35.3 -64.0859 8
      vertex -5.3407 -6.0899 8
      vertex -5.72756 -5.72756 8
    endloop
  endfacet
  facet normal 0 0 1
    outer loop
      vertex -35.3 -64.0859 8
      vertex -5.72756 -5.72756 8
      vertex -6.0899 -5.3407 8
    endloop
  endfacet
  facet normal 0 0 1
    outer loop
      vertex -35.3 -64.0859 8
      vertex -6.0899 -5.3407 8
      vertex -6.42616 -4.93097 8
    endloop
  endfacet
  facet normal 0 0 1
    outer loop
      vertex -35.3 -64.0859 8
      vertex -6.42616 -4.93097 8
      vertex -6.7349 -4.50012 8
    endloop
  endfacet
  facet normal 0 0 1
    outer loop
      vertex -35.3 -64.0859 8
      vertex -6.7349 -4.50012 8
      vertex -7.0148 -4.05 8
    endloop
  endfacet
  facet normal 0 0 1
    outer loop
      vertex -35.3 -64.0859 8
      vertex -7.0148 -4.05 8
      vertex -7.26467 -3.58254 8
    endloop
  endfacet
  facet normal 0 0 1
    outer loop
      vertex -35.3 -64.0859 8
      vertex -7.26467 -3.58254 8
      vertex -7.48342 -3.09974 8
    endloop
  endfacet
  facet normal 0 0 1
    outer loop
      vertex -35.3 -64.0859 8
      vertex -7.48342 -3.09974 8
      vertex -7.67013 -2.60366 8
    endloop
  endfacet
  facet normal 0 0 1
    outer loop
      vertex -35.3 -64.0859 8
      vertex -7.67013 -2.60366 8
      vertex -7.824 -2.09643 8
    endloop
  endfacet
  facet normal 0 0 1
    outer loop
      vertex -35.3 -64.0859 8
      vertex -7.824 -2.09643 8
      vertex -7.94436 -1.58023 8
    endloop
  endfacet
  facet normal 0 0 1
    outer loop
      vertex -35.3 -64.0859 8
      vertex -7.94436 -1.58023 8
      vertex -8.0307 -1.05726 8
    endloop
  endfacet
  facet normal 0 0 1
    outer loop
      vertex -35.3 -64.0859 8
      vertex -8.0307 -1.05726 8
      vertex -8.08266 -0.529765 8
    endloop
  endfacet
  facet normal 0 0 1
    outer loop
      vertex -1.05726 -8.0307 8
      vertex -9.98525 -75.8455 8
      vertex -5.00334 -76.3362 8
    endloop
  endfacet
  facet normal 0 0 1
    outer loop
      vertex -35.3 -64.0859 8
      vertex -8.08266 -0.529765 8
      vertex -8.1 0 8
    endloop
  endfacet
  facet normal 0 0 1
    outer loop
      vertex -3.58254 7.26467 8
      vertex -36.0555 62.6724 8
      vertex -4.05 7.0148 8
    endloop
  endfacet
  facet normal -0 0 1
    outer loop
      vertex -36.15 62.6136 8
      vertex -4.05 7.0148 8
      vertex -36.0555 62.6724 8
    endloop
  endfacet
  facet normal 0 0 1
    outer loop
      vertex -4.05 7.0148 8
      vertex -36.15 62.6136 8
      vertex -4.50012 6.7349 8
    endloop
  endfacet
  facet normal 0 0 1
    outer loop
      vertex -35.3327 63.7542 8
      vertex -29.2753 70.6768 8
      vertex -35.3145 63.864 8
    endloop
  endfacet
  facet normal 0 0 1
    outer loop
      vertex -1.58023 -7.94436 8
      vertex -14.9244 -75.0301 8
      vertex -9.98525 -75.8455 8
    endloop
  endfacet
  facet normal 0 0 1
    outer loop
      vertex -35.3145 63.864 8
      vertex -29.2753 70.6768 8
      vertex -35.3036 63.9747 8
    endloop
  endfacet
  facet normal 0 0 1
    outer loop
      vertex -2.09643 -7.824 8
      vertex -19.7997 -73.8933 8
      vertex -14.9244 -75.0301 8
    endloop
  endfacet
  facet normal 0 0 1
    outer loop
      vertex -35.3036 63.9747 8
      vertex -29.2753 70.6768 8
      vertex -35.3 64.0859 8
    endloop
  endfacet
  facet normal 0 0 1
    outer loop
      vertex -2.09643 -7.824 8
      vertex -35.3 -64.0859 8
      vertex -19.7997 -73.8933 8
    endloop
  endfacet
  facet normal 0 0 1
    outer loop
      vertex -35.3036 64.1971 8
      vertex -29.2753 70.6768 8
      vertex -33.8351 68.6108 8
    endloop
  endfacet
  facet normal 0 0 1
    outer loop
      vertex -19.7997 -73.8933 8
      vertex -35.3 -64.0859 8
      vertex -24.5901 -72.4402 8
    endloop
  endfacet
  facet normal 0 0 1
    outer loop
      vertex -24.5901 -72.4402 8
      vertex -35.3 -64.0859 8
      vertex -29.2753 -70.6768 8
    endloop
  endfacet
  facet normal 0 0 1
    outer loop
      vertex -29.2753 70.6768 8
      vertex -35.3036 64.1971 8
      vertex -35.3 64.0859 8
    endloop
  endfacet
  facet normal 0 0 1
    outer loop
      vertex -33.8351 68.6108 8
      vertex -35.3145 64.3078 8
      vertex -35.3036 64.1971 8
    endloop
  endfacet
  facet normal 0 0 1
    outer loop
      vertex -33.8351 68.6108 8
      vertex -35.3327 64.4175 8
      vertex -35.3145 64.3078 8
    endloop
  endfacet
  facet normal 0 0 1
    outer loop
      vertex -33.8351 68.6108 8
      vertex -35.3579 64.5259 8
      vertex -35.3327 64.4175 8
    endloop
  endfacet
  facet normal 0 0 1
    outer loop
      vertex -33.8351 68.6108 8
      vertex -35.3902 64.6323 8
      vertex -35.3579 64.5259 8
    endloop
  endfacet
  facet normal 0 0 1
    outer loop
      vertex -33.8351 68.6108 8
      vertex -35.4294 64.7364 8
      vertex -35.3902 64.6323 8
    endloop
  endfacet
  facet normal 0 0 1
    outer loop
      vertex -33.8351 68.6108 8
      vertex -35.4753 64.8378 8
      vertex -35.4294 64.7364 8
    endloop
  endfacet
  facet normal 0 0 1
    outer loop
      vertex -33.8351 68.6108 8
      vertex -35.5278 64.9359 8
      vertex -35.4753 64.8378 8
    endloop
  endfacet
  facet normal 0 0 1
    outer loop
      vertex -33.8351 68.6108 8
      vertex -35.5865 65.0303 8
      vertex -35.5278 64.9359 8
    endloop
  endfacet
  facet normal 0 0 1
    outer loop
      vertex -33.8351 68.6108 8
      vertex -35.6513 65.1208 8
      vertex -35.5865 65.0303 8
    endloop
  endfacet
  facet normal 0 0 1
    outer loop
      vertex -33.8351 68.6108 8
      vertex -35.7219 65.2068 8
      vertex -35.6513 65.1208 8
    endloop
  endfacet
  facet normal 0 0 1
    outer loop
      vertex -33.8351 68.6108 8
      vertex -35.7979 65.288 8
      vertex -35.7219 65.2068 8
    endloop
  endfacet
  facet normal 0 0 1
    outer loop
      vertex -33.8351 68.6108 8
      vertex -35.8791 65.364 8
      vertex -35.7979 65.288 8
    endloop
  endfacet
  facet normal 0 0 1
    outer loop
      vertex -33.8351 68.6108 8
      vertex -35.9651 65.4346 8
      vertex -35.8791 65.364 8
    endloop
  endfacet
  facet normal 0 0 1
    outer loop
      vertex -33.8351 68.6108 8
      vertex -36.0555 65.4994 8
      vertex -35.9651 65.4346 8
    endloop
  endfacet
  facet normal 0 0 1
    outer loop
      vertex -33.8351 68.6108 8
      vertex -36.15 65.5581 8
      vertex -36.0555 65.4994 8
    endloop
  endfacet
  facet normal 0 0 1
    outer loop
      vertex -33.8351 68.6108 8
      vertex -36.2481 65.6106 8
      vertex -36.15 65.5581 8
    endloop
  endfacet
  facet normal 0 0 1
    outer loop
      vertex -33.8351 68.6108 8
      vertex -36.3494 65.6565 8
      vertex -36.2481 65.6106 8
    endloop
  endfacet
  facet normal 0 0 1
    outer loop
      vertex -33.8351 68.6108 8
      vertex -36.4536 65.6957 8
      vertex -36.3494 65.6565 8
    endloop
  endfacet
  facet normal 0 0 1
    outer loop
      vertex -33.8351 68.6108 8
      vertex -36.56 65.728 8
      vertex -36.4536 65.6957 8
    endloop
  endfacet
  facet normal 0 0 1
    outer loop
      vertex -33.8351 68.6108 8
      vertex -36.6683 65.7532 8
      vertex -36.56 65.728 8
    endloop
  endfacet
  facet normal 0 0 1
    outer loop
      vertex -33.8351 68.6108 8
      vertex -36.7781 65.7713 8
      vertex -36.6683 65.7532 8
    endloop
  endfacet
  facet normal 0 0 1
    outer loop
      vertex -33.8351 68.6108 8
      vertex -36.8888 65.7822 8
      vertex -36.7781 65.7713 8
    endloop
  endfacet
  facet normal -0 0 1
    outer loop
      vertex -38.25 66.2509 8
      vertex -36.8888 65.7822 8
      vertex -33.8351 68.6108 8
    endloop
  endfacet
  facet normal 0 0 1
    outer loop
      vertex -36.8888 65.7822 8
      vertex -38.25 66.2509 8
      vertex -37 65.7859 8
    endloop
  endfacet
  facet normal 0 0 1
    outer loop
      vertex -37 65.7859 8
      vertex -38.25 66.2509 8
      vertex -37.1112 65.7822 8
    endloop
  endfacet
  facet normal 0 0 1
    outer loop
      vertex -37.1112 65.7822 8
      vertex -38.25 66.2509 8
      vertex -37.2219 65.7713 8
    endloop
  endfacet
  facet normal 0 0 1
    outer loop
      vertex -37.2219 65.7713 8
      vertex -38.25 66.2509 8
      vertex -37.3317 65.7532 8
    endloop
  endfacet
  facet normal 0 0 1
    outer loop
      vertex -37.3317 65.7532 8
      vertex -38.25 66.2509 8
      vertex -37.44 65.728 8
    endloop
  endfacet
  facet normal 0 0 1
    outer loop
      vertex -37.44 65.728 8
      vertex -38.25 66.2509 8
      vertex -37.5464 65.6957 8
    endloop
  endfacet
  facet normal 0 0 1
    outer loop
      vertex -37.5464 65.6957 8
      vertex -38.25 66.2509 8
      vertex -37.6506 65.6565 8
    endloop
  endfacet
  facet normal 0 0 1
    outer loop
      vertex -37.6506 65.6565 8
      vertex -38.25 66.2509 8
      vertex -37.7519 65.6106 8
    endloop
  endfacet
  facet normal 0 0 1
    outer loop
      vertex -37.7519 65.6106 8
      vertex -38.25 66.2509 8
      vertex -37.85 65.5581 8
    endloop
  endfacet
  facet normal 0 0 1
    outer loop
      vertex -37.85 65.5581 8
      vertex -38.25 66.2509 8
      vertex -37.9445 65.4994 8
    endloop
  endfacet
  facet normal 0 0 1
    outer loop
      vertex -37.9445 65.4994 8
      vertex -38.25 66.2509 8
      vertex -38.0349 65.4346 8
    endloop
  endfacet
  facet normal 0 0 1
    outer loop
      vertex -38.25 66.2509 8
      vertex -38.1209 65.364 8
      vertex -38.0349 65.4346 8
    endloop
  endfacet
  facet normal 0 0 1
    outer loop
      vertex -38.25 66.2509 8
      vertex -38.2021 65.288 8
      vertex -38.1209 65.364 8
    endloop
  endfacet
  facet normal 0 0 1
    outer loop
      vertex -38.25 66.2509 8
      vertex -38.2781 65.2068 8
      vertex -38.2021 65.288 8
    endloop
  endfacet
  facet normal 0 0 1
    outer loop
      vertex -38.25 66.2509 8
      vertex -38.3487 65.1208 8
      vertex -38.2781 65.2068 8
    endloop
  endfacet
  facet normal 0 0 1
    outer loop
      vertex -38.25 66.2509 8
      vertex -38.4135 65.0303 8
      vertex -38.3487 65.1208 8
    endloop
  endfacet
  facet normal 0 0 1
    outer loop
      vertex -38.25 66.2509 8
      vertex -38.4722 64.9359 8
      vertex -38.4135 65.0303 8
    endloop
  endfacet
  facet normal 0 0 1
    outer loop
      vertex -38.25 66.2509 8
      vertex -38.5247 64.8378 8
      vertex -38.4722 64.9359 8
    endloop
  endfacet
  facet normal 0 0 1
    outer loop
      vertex -42.5011 63.6074 8
      vertex -38.5247 64.8378 8
      vertex -38.25 66.2509 8
    endloop
  endfacet
  facet normal 0 0 1
    outer loop
      vertex -38.5247 64.8378 8
      vertex -42.5011 63.6074 8
      vertex -38.5706 64.7364 8
    endloop
  endfacet
  facet normal 0 0 1
    outer loop
      vertex -38.5706 64.7364 8
      vertex -42.5011 63.6074 8
      vertex -38.6098 64.6323 8
    endloop
  endfacet
  facet normal 0 0 1
    outer loop
      vertex -38.6098 64.6323 8
      vertex -42.5011 63.6074 8
      vertex -38.6421 64.5259 8
    endloop
  endfacet
  facet normal 0 0 1
    outer loop
      vertex -37.9445 62.6724 8
      vertex -42.5011 63.6074 8
      vertex -46.5702 60.6915 8
    endloop
  endfacet
  facet normal 0 0 1
    outer loop
      vertex -38.6964 64.1971 8
      vertex -42.5011 63.6074 8
      vertex -38.7 64.0859 8
    endloop
  endfacet
  facet normal 0 0 1
    outer loop
      vertex -38.6855 64.3078 8
      vertex -42.5011 63.6074 8
      vertex -38.6964 64.1971 8
    endloop
  endfacet
  facet normal 0 0 1
    outer loop
      vertex -38.6673 64.4175 8
      vertex -42.5011 63.6074 8
      vertex -38.6855 64.3078 8
    endloop
  endfacet
  facet normal 0 0 1
    outer loop
      vertex -38.6421 64.5259 8
      vertex -42.5011 63.6074 8
      vertex -38.6673 64.4175 8
    endloop
  endfacet
  facet normal -0 0 1
    outer loop
      vertex 38.6673 63.7542 8
      vertex 42.5011 63.6074 8
      vertex 38.6855 63.864 8
    endloop
  endfacet
  facet normal 0 0 1
    outer loop
      vertex 42.5011 -63.6074 8
      vertex 38.6964 -63.9747 8
      vertex 38.7 -64.0859 8
    endloop
  endfacet
  facet normal -0 0 1
    outer loop
      vertex 38.6421 63.6459 8
      vertex 42.5011 63.6074 8
      vertex 38.6673 63.7542 8
    endloop
  endfacet
  facet normal 0 0 1
    outer loop
      vertex 42.5011 -63.6074 8
      vertex 38.6855 -63.864 8
      vertex 38.6964 -63.9747 8
    endloop
  endfacet
  facet normal 0 0 1
    outer loop
      vertex 38.6098 63.5394 8
      vertex 42.5011 63.6074 8
      vertex 38.6421 63.6459 8
    endloop
  endfacet
  facet normal 0 0 1
    outer loop
      vertex 42.5011 -63.6074 8
      vertex 38.6673 -63.7542 8
      vertex 38.6855 -63.864 8
    endloop
  endfacet
  facet normal 0 0 1
    outer loop
      vertex 38.5706 63.4353 8
      vertex 42.5011 63.6074 8
      vertex 38.6098 63.5394 8
    endloop
  endfacet
  facet normal 0 0 1
    outer loop
      vertex 42.5011 -63.6074 8
      vertex 38.6421 -63.6459 8
      vertex 38.6673 -63.7542 8
    endloop
  endfacet
  facet normal 0 0 1
    outer loop
      vertex 38.5247 63.334 8
      vertex 42.5011 63.6074 8
      vertex 38.5706 63.4353 8
    endloop
  endfacet
  facet normal 0 0 1
    outer loop
      vertex 42.5011 -63.6074 8
      vertex 38.6098 -63.5394 8
      vertex 38.6421 -63.6459 8
    endloop
  endfacet
  facet normal 0 0 1
    outer loop
      vertex 38.4722 63.2359 8
      vertex 42.5011 63.6074 8
      vertex 38.5247 63.334 8
    endloop
  endfacet
  facet normal 0 0 1
    outer loop
      vertex 42.5011 -63.6074 8
      vertex 38.5706 -63.4353 8
      vertex 38.6098 -63.5394 8
    endloop
  endfacet
  facet normal 0 0 1
    outer loop
      vertex 38.4135 63.1414 8
      vertex 42.5011 63.6074 8
      vertex 38.4722 63.2359 8
    endloop
  endfacet
  facet normal 0 0 1
    outer loop
      vertex 42.5011 -63.6074 8
      vertex 38.5247 -63.334 8
      vertex 38.5706 -63.4353 8
    endloop
  endfacet
  facet normal 0 0 1
    outer loop
      vertex 38.3487 63.051 8
      vertex 42.5011 63.6074 8
      vertex 38.4135 63.1414 8
    endloop
  endfacet
  facet normal 0 0 1
    outer loop
      vertex 42.5011 -63.6074 8
      vertex 38.4722 -63.2359 8
      vertex 38.5247 -63.334 8
    endloop
  endfacet
  facet normal 0 0 1
    outer loop
      vertex 38.2781 62.965 8
      vertex 42.5011 63.6074 8
      vertex 38.3487 63.051 8
    endloop
  endfacet
  facet normal 0 0 1
    outer loop
      vertex 42.5011 -63.6074 8
      vertex 38.4135 -63.1414 8
      vertex 38.4722 -63.2359 8
    endloop
  endfacet
  facet normal 0 0 1
    outer loop
      vertex 38.2021 62.8838 8
      vertex 42.5011 63.6074 8
      vertex 38.2781 62.965 8
    endloop
  endfacet
  facet normal 0 0 1
    outer loop
      vertex 42.5011 -63.6074 8
      vertex 38.3487 -63.051 8
      vertex 38.4135 -63.1414 8
    endloop
  endfacet
  facet normal 0 0 1
    outer loop
      vertex 38.1209 62.8078 8
      vertex 42.5011 63.6074 8
      vertex 38.2021 62.8838 8
    endloop
  endfacet
  facet normal 0 0 1
    outer loop
      vertex 42.5011 -63.6074 8
      vertex 38.2781 -62.965 8
      vertex 38.3487 -63.051 8
    endloop
  endfacet
  facet normal 0 0 1
    outer loop
      vertex 38.0349 62.7372 8
      vertex 42.5011 63.6074 8
      vertex 38.1209 62.8078 8
    endloop
  endfacet
  facet normal 0 0 1
    outer loop
      vertex 42.5011 -63.6074 8
      vertex 38.2021 -62.8838 8
      vertex 38.2781 -62.965 8
    endloop
  endfacet
  facet normal 0 0 1
    outer loop
      vertex 37.9445 62.6724 8
      vertex 42.5011 63.6074 8
      vertex 38.0349 62.7372 8
    endloop
  endfacet
  facet normal 0 0 1
    outer loop
      vertex 42.5011 -63.6074 8
      vertex 38.1209 -62.8078 8
      vertex 38.2021 -62.8838 8
    endloop
  endfacet
  facet normal 0 0 1
    outer loop
      vertex 46.5702 60.6915 8
      vertex 37.9445 62.6724 8
      vertex 37.85 62.6136 8
    endloop
  endfacet
  facet normal 0 0 1
    outer loop
      vertex 42.5011 -63.6074 8
      vertex 38.0349 -62.7372 8
      vertex 38.1209 -62.8078 8
    endloop
  endfacet
  facet normal 0 0 1
    outer loop
      vertex 46.5702 60.6915 8
      vertex 37.85 62.6136 8
      vertex 37.7519 62.5612 8
    endloop
  endfacet
  facet normal 0 0 1
    outer loop
      vertex 42.5011 -63.6074 8
      vertex 37.9445 -62.6724 8
      vertex 38.0349 -62.7372 8
    endloop
  endfacet
  facet normal 0 0 1
    outer loop
      vertex 46.5702 60.6915 8
      vertex 37.7519 62.5612 8
      vertex 37.6506 62.5153 8
    endloop
  endfacet
  facet normal 0 0 1
    outer loop
      vertex 46.5702 -60.6915 8
      vertex 37.9445 -62.6724 8
      vertex 42.5011 -63.6074 8
    endloop
  endfacet
  facet normal 0 0 1
    outer loop
      vertex 46.5702 60.6915 8
      vertex 37.6506 62.5153 8
      vertex 37.5464 62.4761 8
    endloop
  endfacet
  facet normal 0 -0 1
    outer loop
      vertex 37.9445 -62.6724 8
      vertex 46.5702 -60.6915 8
      vertex 37.85 -62.6136 8
    endloop
  endfacet
  facet normal 0 0 1
    outer loop
      vertex 46.5702 60.6915 8
      vertex 37.5464 62.4761 8
      vertex 37.44 62.4438 8
    endloop
  endfacet
  facet normal 0 -0 1
    outer loop
      vertex 37.85 -62.6136 8
      vertex 46.5702 -60.6915 8
      vertex 37.7519 -62.5612 8
    endloop
  endfacet
  facet normal -0 0 1
    outer loop
      vertex 37.3317 62.4185 8
      vertex 46.5702 60.6915 8
      vertex 37.44 62.4438 8
    endloop
  endfacet
  facet normal 0 -0 1
    outer loop
      vertex 37.7519 -62.5612 8
      vertex 46.5702 -60.6915 8
      vertex 37.6506 -62.5153 8
    endloop
  endfacet
  facet normal 0 0 1
    outer loop
      vertex 47.6872 -0.567788 8
      vertex 8.08266 -0.529765 8
      vertex 8.0307 -1.05726 8
    endloop
  endfacet
  facet normal 0 -0 1
    outer loop
      vertex 37.6506 -62.5153 8
      vertex 46.5702 -60.6915 8
      vertex 37.5464 -62.4761 8
    endloop
  endfacet
  facet normal -0 0 1
    outer loop
      vertex 37.2219 62.4004 8
      vertex 46.5702 60.6915 8
      vertex 37.3317 62.4185 8
    endloop
  endfacet
  facet normal 0 0 1
    outer loop
      vertex 47.7336 -0.848642 8
      vertex 8.0307 -1.05726 8
      vertex 7.94436 -1.58023 8
    endloop
  endfacet
  facet normal -0 0 1
    outer loop
      vertex 37.1112 62.3895 8
      vertex 46.5702 60.6915 8
      vertex 37.2219 62.4004 8
    endloop
  endfacet
  facet normal 0 0 1
    outer loop
      vertex 47.7982 -1.12586 8
      vertex 7.94436 -1.58023 8
      vertex 7.824 -2.09643 8
    endloop
  endfacet
  facet normal -0 0 1
    outer loop
      vertex 37 62.3859 8
      vertex 46.5702 60.6915 8
      vertex 37.1112 62.3895 8
    endloop
  endfacet
  facet normal 0 0 1
    outer loop
      vertex 47.8809 -1.39826 8
      vertex 7.824 -2.09643 8
      vertex 7.67013 -2.60366 8
    endloop
  endfacet
  facet normal 0 0 1
    outer loop
      vertex 47.8809 1.39826 8
      vertex 8.1 0 8
      vertex 47.7982 1.12586 8
    endloop
  endfacet
  facet normal 0 0 1
    outer loop
      vertex 47.9811 -1.66467 8
      vertex 7.67013 -2.60366 8
      vertex 7.48342 -3.09974 8
    endloop
  endfacet
  facet normal 0 0 1
    outer loop
      vertex 47.7982 1.12586 8
      vertex 8.1 0 8
      vertex 47.7336 0.848642 8
    endloop
  endfacet
  facet normal 0 0 1
    outer loop
      vertex 48.0986 -1.92395 8
      vertex 7.48342 -3.09974 8
      vertex 7.26467 -3.58254 8
    endloop
  endfacet
  facet normal 0 0 1
    outer loop
      vertex 47.7336 0.848642 8
      vertex 8.1 0 8
      vertex 47.6872 0.567788 8
    endloop
  endfacet
  facet normal 0 -0 1
    outer loop
      vertex 37.5464 -62.4761 8
      vertex 46.5702 -60.6915 8
      vertex 37.44 -62.4438 8
    endloop
  endfacet
  facet normal 0 0 1
    outer loop
      vertex 47.6872 0.567788 8
      vertex 8.1 0 8
      vertex 47.6593 0.284503 8
    endloop
  endfacet
  facet normal 0 0 1
    outer loop
      vertex 48.2328 -2.175 8
      vertex 7.26467 -3.58254 8
      vertex 7.0148 -4.05 8
    endloop
  endfacet
  facet normal 0 0 1
    outer loop
      vertex 47.6593 0.284503 8
      vertex 8.1 0 8
      vertex 47.65 0 8
    endloop
  endfacet
  facet normal 0 0 1
    outer loop
      vertex 50.6259 -52.3259 8
      vertex 37.44 -62.4438 8
      vertex 46.5702 -60.6915 8
    endloop
  endfacet
  facet normal 0 0 1
    outer loop
      vertex 8.1 0 8
      vertex 36.56 62.4438 8
      vertex 36.4536 62.4761 8
    endloop
  endfacet
  facet normal 0 0 1
    outer loop
      vertex 50 -5 8
      vertex 7.0148 -4.05 8
      vertex 6.7349 -4.50012 8
    endloop
  endfacet
  facet normal 0 0 1
    outer loop
      vertex 8.1 0 8
      vertex 36.4536 62.4761 8
      vertex 36.3494 62.5153 8
    endloop
  endfacet
  facet normal 0 -0 1
    outer loop
      vertex 37.44 -62.4438 8
      vertex 50.6295 -52.2147 8
      vertex 37.3317 -62.4185 8
    endloop
  endfacet
  facet normal 0 0 1
    outer loop
      vertex 8.1 0 8
      vertex 36.3494 62.5153 8
      vertex 36.2481 62.5612 8
    endloop
  endfacet
  facet normal 0 0 1
    outer loop
      vertex 50 -5 8
      vertex 6.7349 -4.50012 8
      vertex 6.42616 -4.93097 8
    endloop
  endfacet
  facet normal 0 0 1
    outer loop
      vertex 8.1 0 8
      vertex 36.2481 62.5612 8
      vertex 36.15 62.6136 8
    endloop
  endfacet
  facet normal 0 0 1
    outer loop
      vertex 50.6259 -52.3259 8
      vertex 46.5702 -60.6915 8
      vertex 50.44 -57.5157 8
    endloop
  endfacet
  facet normal 0 0 1
    outer loop
      vertex 8.1 0 8
      vertex 36.15 62.6136 8
      vertex 36.0555 62.6724 8
    endloop
  endfacet
  facet normal 0 0 1
    outer loop
      vertex 50 -5 8
      vertex 6.42616 -4.93097 8
      vertex 6.0899 -5.3407 8
    endloop
  endfacet
  facet normal 0 0 1
    outer loop
      vertex 8.1 0 8
      vertex 36.0555 62.6724 8
      vertex 35.9651 62.7372 8
    endloop
  endfacet
  facet normal 0 -0 1
    outer loop
      vertex 37.3317 -62.4185 8
      vertex 50.6295 -52.2147 8
      vertex 37.2219 -62.4004 8
    endloop
  endfacet
  facet normal 0 0 1
    outer loop
      vertex 8.1 0 8
      vertex 35.9651 62.7372 8
      vertex 35.8791 62.8078 8
    endloop
  endfacet
  facet normal 0 0 1
    outer loop
      vertex 50.6404 -52.104 8
      vertex 37.2219 -62.4004 8
      vertex 50.6295 -52.2147 8
    endloop
  endfacet
  facet normal 0 0 1
    outer loop
      vertex 8.1 0 8
      vertex 35.8791 62.8078 8
      vertex 35.7979 62.8838 8
    endloop
  endfacet
  facet normal 0 -0 1
    outer loop
      vertex 37.2219 -62.4004 8
      vertex 50.6404 -52.104 8
      vertex 37.1112 -62.3895 8
    endloop
  endfacet
  facet normal 0 0 1
    outer loop
      vertex 8.1 0 8
      vertex 35.7979 62.8838 8
      vertex 35.7219 62.965 8
    endloop
  endfacet
  facet normal 0 0 1
    outer loop
      vertex 50.6586 -51.9942 8
      vertex 37.1112 -62.3895 8
      vertex 50.6404 -52.104 8
    endloop
  endfacet
  facet normal 0 0 1
    outer loop
      vertex 8.1 0 8
      vertex 35.7219 62.965 8
      vertex 35.6513 63.051 8
    endloop
  endfacet
  facet normal 0 0 1
    outer loop
      vertex 50 -5 8
      vertex 6.0899 -5.3407 8
      vertex 5.72756 -5.72756 8
    endloop
  endfacet
  facet normal 0 0 1
    outer loop
      vertex 8.1 0 8
      vertex 35.6513 63.051 8
      vertex 35.5865 63.1414 8
    endloop
  endfacet
  facet normal 0 0 1
    outer loop
      vertex 50.6838 -51.8859 8
      vertex 37 -62.3859 8
      vertex 50.6586 -51.9942 8
    endloop
  endfacet
  facet normal 0 0 1
    outer loop
      vertex 8.1 0 8
      vertex 35.5865 63.1414 8
      vertex 35.5278 63.2359 8
    endloop
  endfacet
  facet normal 0 -0 1
    outer loop
      vertex 36.7781 -62.4004 8
      vertex 50.7553 -51.6753 8
      vertex 36.6683 -62.4185 8
    endloop
  endfacet
  facet normal 0 0 1
    outer loop
      vertex 8.1 0 8
      vertex 35.5278 63.2359 8
      vertex 35.4753 63.334 8
    endloop
  endfacet
  facet normal 0 -0 1
    outer loop
      vertex 37 -62.3859 8
      vertex 50.6838 -51.8859 8
      vertex 36.8888 -62.3895 8
    endloop
  endfacet
  facet normal 0 0 1
    outer loop
      vertex 8.1 0 8
      vertex 35.4753 63.334 8
      vertex 35.4294 63.4353 8
    endloop
  endfacet
  facet normal 0 0 1
    outer loop
      vertex 50.7553 -51.6753 8
      vertex 36.7781 -62.4004 8
      vertex 50.7161 -51.7795 8
    endloop
  endfacet
  facet normal 0 0 1
    outer loop
      vertex 8.1 0 8
      vertex 35.4294 63.4353 8
      vertex 35.3902 63.5394 8
    endloop
  endfacet
  facet normal 0 0 1
    outer loop
      vertex 50.7161 -51.7795 8
      vertex 36.8888 -62.3895 8
      vertex 50.6838 -51.8859 8
    endloop
  endfacet
  facet normal 0 0 1
    outer loop
      vertex 8.1 0 8
      vertex 35.3902 63.5394 8
      vertex 35.3579 63.6459 8
    endloop
  endfacet
  facet normal 0 -0 1
    outer loop
      vertex 36.8888 -62.3895 8
      vertex 50.7161 -51.7795 8
      vertex 36.7781 -62.4004 8
    endloop
  endfacet
  facet normal 0 0 1
    outer loop
      vertex 33.8351 68.6108 8
      vertex 35.3579 63.6459 8
      vertex 35.3327 63.7542 8
    endloop
  endfacet
  facet normal 0 0 1
    outer loop
      vertex 8.1 0 8
      vertex 35.3579 63.6459 8
      vertex 33.8351 68.6108 8
    endloop
  endfacet
  facet normal 0 0 1
    outer loop
      vertex 33.8351 68.6108 8
      vertex 35.3327 63.7542 8
      vertex 35.3145 63.864 8
    endloop
  endfacet
  facet normal 0 0 1
    outer loop
      vertex 36.4536 -62.4761 8
      vertex 4.93097 -6.42616 8
      vertex 36.3494 -62.5153 8
    endloop
  endfacet
  facet normal 0 0 1
    outer loop
      vertex 33.8351 68.6108 8
      vertex 35.3145 63.864 8
      vertex 35.3036 63.9747 8
    endloop
  endfacet
  facet normal -0 0 1
    outer loop
      vertex 4.50012 -6.7349 8
      vertex 36.3494 -62.5153 8
      vertex 4.93097 -6.42616 8
    endloop
  endfacet
  facet normal 0 0 1
    outer loop
      vertex 33.8351 68.6108 8
      vertex 35.3036 63.9747 8
      vertex 35.3 64.0859 8
    endloop
  endfacet
  facet normal 0 0 1
    outer loop
      vertex 36.3494 -62.5153 8
      vertex 4.50012 -6.7349 8
      vertex 36.2481 -62.5612 8
    endloop
  endfacet
  facet normal -0 0 1
    outer loop
      vertex 38.6855 63.864 8
      vertex 42.5011 63.6074 8
      vertex 38.6964 63.9747 8
    endloop
  endfacet
  facet normal 0 0 1
    outer loop
      vertex 38.6964 -64.1971 8
      vertex 42.5011 -63.6074 8
      vertex 38.7 -64.0859 8
    endloop
  endfacet
  facet normal 0 0 1
    outer loop
      vertex 38.6855 -64.3078 8
      vertex 42.5011 -63.6074 8
      vertex 38.6964 -64.1971 8
    endloop
  endfacet
  facet normal 0 0 1
    outer loop
      vertex 38.6673 -64.4175 8
      vertex 42.5011 -63.6074 8
      vertex 38.6855 -64.3078 8
    endloop
  endfacet
  facet normal 0 0 1
    outer loop
      vertex 38.6421 -64.5259 8
      vertex 42.5011 -63.6074 8
      vertex 38.6673 -64.4175 8
    endloop
  endfacet
  facet normal 0 0 1
    outer loop
      vertex 38.6098 -64.6323 8
      vertex 42.5011 -63.6074 8
      vertex 38.6421 -64.5259 8
    endloop
  endfacet
  facet normal 0 0 1
    outer loop
      vertex 38.5706 -64.7364 8
      vertex 42.5011 -63.6074 8
      vertex 38.6098 -64.6323 8
    endloop
  endfacet
  facet normal 0 0 1
    outer loop
      vertex 38.5247 -64.8378 8
      vertex 42.5011 -63.6074 8
      vertex 38.5706 -64.7364 8
    endloop
  endfacet
  facet normal 0 0 1
    outer loop
      vertex 38.25 -66.2509 8
      vertex 38.5247 -64.8378 8
      vertex 38.4722 -64.9359 8
    endloop
  endfacet
  facet normal 0 0 1
    outer loop
      vertex 38.25 -66.2509 8
      vertex 38.4722 -64.9359 8
      vertex 38.4135 -65.0303 8
    endloop
  endfacet
  facet normal 0 0 1
    outer loop
      vertex 38.25 -66.2509 8
      vertex 38.4135 -65.0303 8
      vertex 38.3487 -65.1208 8
    endloop
  endfacet
  facet normal 0 0 1
    outer loop
      vertex 38.25 -66.2509 8
      vertex 38.3487 -65.1208 8
      vertex 38.2781 -65.2068 8
    endloop
  endfacet
  facet normal -0 0 1
    outer loop
      vertex 38.5247 -64.8378 8
      vertex 38.25 -66.2509 8
      vertex 42.5011 -63.6074 8
    endloop
  endfacet
  facet normal -0 0 1
    outer loop
      vertex 38.2021 -65.288 8
      vertex 38.25 -66.2509 8
      vertex 38.2781 -65.2068 8
    endloop
  endfacet
  facet normal -0 0 1
    outer loop
      vertex 38.1209 -65.364 8
      vertex 38.25 -66.2509 8
      vertex 38.2021 -65.288 8
    endloop
  endfacet
  facet normal -0 0 1
    outer loop
      vertex 38.0349 -65.4346 8
      vertex 38.25 -66.2509 8
      vertex 38.1209 -65.364 8
    endloop
  endfacet
  facet normal -0 0 1
    outer loop
      vertex 37.9445 -65.4994 8
      vertex 38.25 -66.2509 8
      vertex 38.0349 -65.4346 8
    endloop
  endfacet
  facet normal -0 0 1
    outer loop
      vertex 37.85 -65.5581 8
      vertex 38.25 -66.2509 8
      vertex 37.9445 -65.4994 8
    endloop
  endfacet
  facet normal -0 0 1
    outer loop
      vertex 37.7519 -65.6106 8
      vertex 38.25 -66.2509 8
      vertex 37.85 -65.5581 8
    endloop
  endfacet
  facet normal -0 0 1
    outer loop
      vertex 37.6506 -65.6565 8
      vertex 38.25 -66.2509 8
      vertex 37.7519 -65.6106 8
    endloop
  endfacet
  facet normal -0 0 1
    outer loop
      vertex 37.5464 -65.6957 8
      vertex 38.25 -66.2509 8
      vertex 37.6506 -65.6565 8
    endloop
  endfacet
  facet normal -0 0 1
    outer loop
      vertex 37.44 -65.728 8
      vertex 38.25 -66.2509 8
      vertex 37.5464 -65.6957 8
    endloop
  endfacet
  facet normal -0 0 1
    outer loop
      vertex 37.3317 -65.7532 8
      vertex 38.25 -66.2509 8
      vertex 37.44 -65.728 8
    endloop
  endfacet
  facet normal -0 0 1
    outer loop
      vertex 37.2219 -65.7713 8
      vertex 38.25 -66.2509 8
      vertex 37.3317 -65.7532 8
    endloop
  endfacet
  facet normal -0 0 1
    outer loop
      vertex 37.1112 -65.7822 8
      vertex 38.25 -66.2509 8
      vertex 37.2219 -65.7713 8
    endloop
  endfacet
  facet normal -0 0 1
    outer loop
      vertex 37 -65.7859 8
      vertex 38.25 -66.2509 8
      vertex 37.1112 -65.7822 8
    endloop
  endfacet
  facet normal 0 0 1
    outer loop
      vertex 36.8888 -65.7822 8
      vertex 38.25 -66.2509 8
      vertex 37 -65.7859 8
    endloop
  endfacet
  facet normal 0 0 1
    outer loop
      vertex 33.8351 -68.6108 8
      vertex 36.8888 -65.7822 8
      vertex 36.7781 -65.7713 8
    endloop
  endfacet
  facet normal 0 0 1
    outer loop
      vertex 33.8351 -68.6108 8
      vertex 36.7781 -65.7713 8
      vertex 36.6683 -65.7532 8
    endloop
  endfacet
  facet normal 0 0 1
    outer loop
      vertex 33.8351 -68.6108 8
      vertex 36.6683 -65.7532 8
      vertex 36.56 -65.728 8
    endloop
  endfacet
  facet normal 0 0 1
    outer loop
      vertex 33.8351 -68.6108 8
      vertex 36.56 -65.728 8
      vertex 36.4536 -65.6957 8
    endloop
  endfacet
  facet normal 0 0 1
    outer loop
      vertex 36.8888 -65.7822 8
      vertex 33.8351 -68.6108 8
      vertex 38.25 -66.2509 8
    endloop
  endfacet
  facet normal 0 0 1
    outer loop
      vertex 36.3494 -65.6565 8
      vertex 33.8351 -68.6108 8
      vertex 36.4536 -65.6957 8
    endloop
  endfacet
  facet normal 0 0 1
    outer loop
      vertex 36.2481 -65.6106 8
      vertex 33.8351 -68.6108 8
      vertex 36.3494 -65.6565 8
    endloop
  endfacet
  facet normal 0 0 1
    outer loop
      vertex 36.15 -65.5581 8
      vertex 33.8351 -68.6108 8
      vertex 36.2481 -65.6106 8
    endloop
  endfacet
  facet normal 0 0 1
    outer loop
      vertex 36.0555 -65.4994 8
      vertex 33.8351 -68.6108 8
      vertex 36.15 -65.5581 8
    endloop
  endfacet
  facet normal 0 0 1
    outer loop
      vertex 35.9651 -65.4346 8
      vertex 33.8351 -68.6108 8
      vertex 36.0555 -65.4994 8
    endloop
  endfacet
  facet normal 0 0 1
    outer loop
      vertex 35.8791 -65.364 8
      vertex 33.8351 -68.6108 8
      vertex 35.9651 -65.4346 8
    endloop
  endfacet
  facet normal 0 0 1
    outer loop
      vertex 35.7979 -65.288 8
      vertex 33.8351 -68.6108 8
      vertex 35.8791 -65.364 8
    endloop
  endfacet
  facet normal 0 0 1
    outer loop
      vertex 35.7219 -65.2068 8
      vertex 33.8351 -68.6108 8
      vertex 35.7979 -65.288 8
    endloop
  endfacet
  facet normal 0 0 1
    outer loop
      vertex 35.6513 -65.1208 8
      vertex 33.8351 -68.6108 8
      vertex 35.7219 -65.2068 8
    endloop
  endfacet
  facet normal 0 0 1
    outer loop
      vertex 35.5865 -65.0303 8
      vertex 33.8351 -68.6108 8
      vertex 35.6513 -65.1208 8
    endloop
  endfacet
  facet normal 0 0 1
    outer loop
      vertex 35.5278 -64.9359 8
      vertex 33.8351 -68.6108 8
      vertex 35.5865 -65.0303 8
    endloop
  endfacet
  facet normal 0 0 1
    outer loop
      vertex 35.4753 -64.8378 8
      vertex 33.8351 -68.6108 8
      vertex 35.5278 -64.9359 8
    endloop
  endfacet
  facet normal 0 0 1
    outer loop
      vertex 35.4294 -64.7364 8
      vertex 33.8351 -68.6108 8
      vertex 35.4753 -64.8378 8
    endloop
  endfacet
  facet normal 0 0 1
    outer loop
      vertex 35.3902 -64.6323 8
      vertex 33.8351 -68.6108 8
      vertex 35.4294 -64.7364 8
    endloop
  endfacet
  facet normal 0 0 1
    outer loop
      vertex 35.3579 -64.5259 8
      vertex 33.8351 -68.6108 8
      vertex 35.3902 -64.6323 8
    endloop
  endfacet
  facet normal 0 0 1
    outer loop
      vertex 35.3327 -64.4175 8
      vertex 33.8351 -68.6108 8
      vertex 35.3579 -64.5259 8
    endloop
  endfacet
  facet normal 0 0 1
    outer loop
      vertex 35.3145 -64.3078 8
      vertex 33.8351 -68.6108 8
      vertex 35.3327 -64.4175 8
    endloop
  endfacet
  facet normal 0 0 1
    outer loop
      vertex 35.3036 -64.1971 8
      vertex 33.8351 -68.6108 8
      vertex 35.3145 -64.3078 8
    endloop
  endfacet
  facet normal 0 0 1
    outer loop
      vertex 29.2753 -70.6768 8
      vertex 35.3036 -64.1971 8
      vertex 35.3 -64.0859 8
    endloop
  endfacet
  facet normal -0 0 1
    outer loop
      vertex 4.05 -7.0148 8
      vertex 36.15 -62.6136 8
      vertex 4.50012 -6.7349 8
    endloop
  endfacet
  facet normal 0 0 1
    outer loop
      vertex 3.58254 7.26467 8
      vertex 33.8351 68.6108 8
      vertex 29.2753 70.6768 8
    endloop
  endfacet
  facet normal 0 0 1
    outer loop
      vertex 36.15 -62.6136 8
      vertex 4.05 -7.0148 8
      vertex 36.0555 -62.6724 8
    endloop
  endfacet
  facet normal 0 0 1
    outer loop
      vertex 3.09974 7.48342 8
      vertex 29.2753 70.6768 8
      vertex 24.5901 72.4402 8
    endloop
  endfacet
  facet normal 0 0 1
    outer loop
      vertex 35.3036 -64.1971 8
      vertex 29.2753 -70.6768 8
      vertex 33.8351 -68.6108 8
    endloop
  endfacet
  facet normal 0 0 1
    outer loop
      vertex 2.60366 7.67013 8
      vertex 24.5901 72.4402 8
      vertex 19.7997 73.8933 8
    endloop
  endfacet
  facet normal 0 0 1
    outer loop
      vertex 35.3036 -63.9747 8
      vertex 29.2753 -70.6768 8
      vertex 35.3 -64.0859 8
    endloop
  endfacet
  facet normal 0 0 1
    outer loop
      vertex 2.09643 7.824 8
      vertex 19.7997 73.8933 8
      vertex 14.9244 75.0301 8
    endloop
  endfacet
  facet normal 0 0 1
    outer loop
      vertex 35.3145 -63.864 8
      vertex 29.2753 -70.6768 8
      vertex 35.3036 -63.9747 8
    endloop
  endfacet
  facet normal 0 0 1
    outer loop
      vertex 1.58023 7.94436 8
      vertex 14.9244 75.0301 8
      vertex 9.98525 75.8455 8
    endloop
  endfacet
  facet normal 0 0 1
    outer loop
      vertex 35.3327 -63.7542 8
      vertex 29.2753 -70.6768 8
      vertex 35.3145 -63.864 8
    endloop
  endfacet
  facet normal -0 0 1
    outer loop
      vertex 3.58254 -7.26467 8
      vertex 36.0555 -62.6724 8
      vertex 4.05 -7.0148 8
    endloop
  endfacet
  facet normal 0 0 1
    outer loop
      vertex 33.8351 68.6108 8
      vertex 8.08266 0.529765 8
      vertex 8.1 0 8
    endloop
  endfacet
  facet normal 0 0 1
    outer loop
      vertex 33.8351 68.6108 8
      vertex 8.0307 1.05726 8
      vertex 8.08266 0.529765 8
    endloop
  endfacet
  facet normal 0 0 1
    outer loop
      vertex 33.8351 68.6108 8
      vertex 7.94436 1.58023 8
      vertex 8.0307 1.05726 8
    endloop
  endfacet
  facet normal 0 0 1
    outer loop
      vertex 33.8351 68.6108 8
      vertex 7.824 2.09643 8
      vertex 7.94436 1.58023 8
    endloop
  endfacet
  facet normal 0 0 1
    outer loop
      vertex 33.8351 68.6108 8
      vertex 7.67013 2.60366 8
      vertex 7.824 2.09643 8
    endloop
  endfacet
  facet normal 0 0 1
    outer loop
      vertex 33.8351 68.6108 8
      vertex 7.48342 3.09974 8
      vertex 7.67013 2.60366 8
    endloop
  endfacet
  facet normal 0 0 1
    outer loop
      vertex 33.8351 68.6108 8
      vertex 7.26467 3.58254 8
      vertex 7.48342 3.09974 8
    endloop
  endfacet
  facet normal 0 0 1
    outer loop
      vertex 33.8351 68.6108 8
      vertex 7.0148 4.05 8
      vertex 7.26467 3.58254 8
    endloop
  endfacet
  facet normal 0 0 1
    outer loop
      vertex 33.8351 68.6108 8
      vertex 6.7349 4.50012 8
      vertex 7.0148 4.05 8
    endloop
  endfacet
  facet normal 0 0 1
    outer loop
      vertex 33.8351 68.6108 8
      vertex 6.42616 4.93097 8
      vertex 6.7349 4.50012 8
    endloop
  endfacet
  facet normal 0 0 1
    outer loop
      vertex 33.8351 68.6108 8
      vertex 6.0899 5.3407 8
      vertex 6.42616 4.93097 8
    endloop
  endfacet
  facet normal 0 0 1
    outer loop
      vertex 33.8351 68.6108 8
      vertex 5.72756 5.72756 8
      vertex 6.0899 5.3407 8
    endloop
  endfacet
  facet normal 0 0 1
    outer loop
      vertex 33.8351 68.6108 8
      vertex 5.3407 6.0899 8
      vertex 5.72756 5.72756 8
    endloop
  endfacet
  facet normal 0 0 1
    outer loop
      vertex 1.05726 8.0307 8
      vertex 9.98525 75.8455 8
      vertex 5.00334 76.3362 8
    endloop
  endfacet
  facet normal 0 0 1
    outer loop
      vertex 33.8351 68.6108 8
      vertex 4.93097 6.42616 8
      vertex 5.3407 6.0899 8
    endloop
  endfacet
  facet normal 0 0 1
    outer loop
      vertex 33.8351 68.6108 8
      vertex 4.50012 6.7349 8
      vertex 4.93097 6.42616 8
    endloop
  endfacet
  facet normal 0 0 1
    outer loop
      vertex 33.8351 68.6108 8
      vertex 4.05 7.0148 8
      vertex 4.50012 6.7349 8
    endloop
  endfacet
  facet normal 0 0 1
    outer loop
      vertex 33.8351 68.6108 8
      vertex 3.58254 7.26467 8
      vertex 4.05 7.0148 8
    endloop
  endfacet
  facet normal 0 0 1
    outer loop
      vertex 29.2753 70.6768 8
      vertex 3.09974 7.48342 8
      vertex 3.58254 7.26467 8
    endloop
  endfacet
  facet normal 0 0 1
    outer loop
      vertex 24.5901 72.4402 8
      vertex 2.60366 7.67013 8
      vertex 3.09974 7.48342 8
    endloop
  endfacet
  facet normal 0 0 1
    outer loop
      vertex 19.7997 73.8933 8
      vertex 2.09643 7.824 8
      vertex 2.60366 7.67013 8
    endloop
  endfacet
  facet normal 0 0 1
    outer loop
      vertex 14.9244 75.0301 8
      vertex 1.58023 7.94436 8
      vertex 2.09643 7.824 8
    endloop
  endfacet
  facet normal 0 0 1
    outer loop
      vertex 9.98525 75.8455 8
      vertex 1.05726 8.0307 8
      vertex 1.58023 7.94436 8
    endloop
  endfacet
  facet normal 0 0 1
    outer loop
      vertex 5.00334 76.3362 8
      vertex 0.529765 8.08266 8
      vertex 1.05726 8.0307 8
    endloop
  endfacet
  facet normal 0 0 1
    outer loop
      vertex 0 76.5 8
      vertex 0.529765 8.08266 8
      vertex 5.00334 76.3362 8
    endloop
  endfacet
  facet normal 0 0 1
    outer loop
      vertex 0 76.5 8
      vertex 0 8.1 8
      vertex 0.529765 8.08266 8
    endloop
  endfacet
  facet normal 0 0 1
    outer loop
      vertex 0 76.5 8
      vertex -0.529765 8.08266 8
      vertex 0 8.1 8
    endloop
  endfacet
  facet normal -0 0 1
    outer loop
      vertex -5.00334 76.3362 8
      vertex -0.529765 8.08266 8
      vertex 0 76.5 8
    endloop
  endfacet
  facet normal 0 0 1
    outer loop
      vertex -0.529765 8.08266 8
      vertex -5.00334 76.3362 8
      vertex -1.05726 8.0307 8
    endloop
  endfacet
  facet normal -0 0 1
    outer loop
      vertex -9.98525 75.8455 8
      vertex -1.05726 8.0307 8
      vertex -5.00334 76.3362 8
    endloop
  endfacet
  facet normal 0 0 1
    outer loop
      vertex -1.05726 8.0307 8
      vertex -9.98525 75.8455 8
      vertex -1.58023 7.94436 8
    endloop
  endfacet
  facet normal -0 0 1
    outer loop
      vertex -14.9244 75.0301 8
      vertex -1.58023 7.94436 8
      vertex -9.98525 75.8455 8
    endloop
  endfacet
  facet normal -0 0 1
    outer loop
      vertex -19.7997 73.8933 8
      vertex -35.6513 63.051 8
      vertex -14.9244 75.0301 8
    endloop
  endfacet
  facet normal 0 0 1
    outer loop
      vertex -35.3579 63.6459 8
      vertex -29.2753 70.6768 8
      vertex -35.3327 63.7542 8
    endloop
  endfacet
  facet normal 0 0 1
    outer loop
      vertex -35.3902 63.5394 8
      vertex -29.2753 70.6768 8
      vertex -35.3579 63.6459 8
    endloop
  endfacet
  facet normal 0 0 1
    outer loop
      vertex -35.4294 63.4353 8
      vertex -29.2753 70.6768 8
      vertex -35.3902 63.5394 8
    endloop
  endfacet
  facet normal -0 0 1
    outer loop
      vertex -29.2753 70.6768 8
      vertex -35.4294 63.4353 8
      vertex -24.5901 72.4402 8
    endloop
  endfacet
  facet normal 0 0 1
    outer loop
      vertex -35.4753 63.334 8
      vertex -24.5901 72.4402 8
      vertex -35.4294 63.4353 8
    endloop
  endfacet
  facet normal 0 0 1
    outer loop
      vertex -35.5278 63.2359 8
      vertex -24.5901 72.4402 8
      vertex -35.4753 63.334 8
    endloop
  endfacet
  facet normal 0 0 1
    outer loop
      vertex -35.5865 63.1414 8
      vertex -24.5901 72.4402 8
      vertex -35.5278 63.2359 8
    endloop
  endfacet
  facet normal -0 0 1
    outer loop
      vertex -24.5901 72.4402 8
      vertex -35.5865 63.1414 8
      vertex -19.7997 73.8933 8
    endloop
  endfacet
  facet normal 0 0 1
    outer loop
      vertex -35.6513 63.051 8
      vertex -19.7997 73.8933 8
      vertex -35.5865 63.1414 8
    endloop
  endfacet
  facet normal 0 0 1
    outer loop
      vertex -14.9244 75.0301 8
      vertex -35.6513 63.051 8
      vertex -1.58023 7.94436 8
    endloop
  endfacet
  facet normal -0 0 1
    outer loop
      vertex -35.7219 62.965 8
      vertex -1.58023 7.94436 8
      vertex -35.6513 63.051 8
    endloop
  endfacet
  facet normal 0 0 1
    outer loop
      vertex -1.58023 7.94436 8
      vertex -35.7219 62.965 8
      vertex -2.09643 7.824 8
    endloop
  endfacet
  facet normal -0 0 1
    outer loop
      vertex -35.7979 62.8838 8
      vertex -2.09643 7.824 8
      vertex -35.7219 62.965 8
    endloop
  endfacet
  facet normal 0 0 1
    outer loop
      vertex -2.09643 7.824 8
      vertex -35.7979 62.8838 8
      vertex -2.60366 7.67013 8
    endloop
  endfacet
  facet normal -0 0 1
    outer loop
      vertex -35.8791 62.8078 8
      vertex -2.60366 7.67013 8
      vertex -35.7979 62.8838 8
    endloop
  endfacet
  facet normal 0 0 1
    outer loop
      vertex -2.60366 7.67013 8
      vertex -35.8791 62.8078 8
      vertex -3.09974 7.48342 8
    endloop
  endfacet
  facet normal -0 0 1
    outer loop
      vertex -35.9651 62.7372 8
      vertex -3.09974 7.48342 8
      vertex -35.8791 62.8078 8
    endloop
  endfacet
  facet normal -0 0 1
    outer loop
      vertex -36.0555 62.6724 8
      vertex -3.58254 7.26467 8
      vertex -35.9651 62.7372 8
    endloop
  endfacet
  facet normal 0 0 1
    outer loop
      vertex -3.09974 7.48342 8
      vertex -35.9651 62.7372 8
      vertex -3.58254 7.26467 8
    endloop
  endfacet
  facet normal 0 0 1
    outer loop
      vertex 57.5157 50.44 8
      vertex 54.0223 52.4371 8
      vertex 54.0259 52.3259 8
    endloop
  endfacet
  facet normal 0 0 1
    outer loop
      vertex 57.5157 50.44 8
      vertex 54.0114 52.5478 8
      vertex 54.0223 52.4371 8
    endloop
  endfacet
  facet normal 0 0 1
    outer loop
      vertex 57.5157 50.44 8
      vertex 53.9932 52.6576 8
      vertex 54.0114 52.5478 8
    endloop
  endfacet
  facet normal 0 0 1
    outer loop
      vertex 54.0937 54.0937 8
      vertex 53.968 52.7659 8
      vertex 53.9932 52.6576 8
    endloop
  endfacet
  facet normal 0 0 1
    outer loop
      vertex 54.0937 54.0937 8
      vertex 53.9357 52.8723 8
      vertex 53.968 52.7659 8
    endloop
  endfacet
  facet normal 0 0 1
    outer loop
      vertex 54.0937 54.0937 8
      vertex 53.8965 52.9765 8
      vertex 53.9357 52.8723 8
    endloop
  endfacet
  facet normal 0 0 1
    outer loop
      vertex 54.0937 54.0937 8
      vertex 53.8506 53.0778 8
      vertex 53.8965 52.9765 8
    endloop
  endfacet
  facet normal 0 0 1
    outer loop
      vertex 54.0937 54.0937 8
      vertex 53.7981 53.1759 8
      vertex 53.8506 53.0778 8
    endloop
  endfacet
  facet normal 0 0 1
    outer loop
      vertex 54.0937 54.0937 8
      vertex 53.7394 53.2704 8
      vertex 53.7981 53.1759 8
    endloop
  endfacet
  facet normal 0 0 1
    outer loop
      vertex 54.0937 54.0937 8
      vertex 53.6746 53.3608 8
      vertex 53.7394 53.2704 8
    endloop
  endfacet
  facet normal 0 0 1
    outer loop
      vertex 54.0937 54.0937 8
      vertex 53.604 53.4468 8
      vertex 53.6746 53.3608 8
    endloop
  endfacet
  facet normal 0 0 1
    outer loop
      vertex 54.0937 54.0937 8
      vertex 53.528 53.528 8
      vertex 53.604 53.4468 8
    endloop
  endfacet
  facet normal 0 0 1
    outer loop
      vertex 54.0937 54.0937 8
      vertex 53.4468 53.604 8
      vertex 53.528 53.528 8
    endloop
  endfacet
  facet normal 0 0 1
    outer loop
      vertex 54.0937 54.0937 8
      vertex 53.3608 53.6746 8
      vertex 53.4468 53.604 8
    endloop
  endfacet
  facet normal 0 0 1
    outer loop
      vertex 54.0937 54.0937 8
      vertex 53.2704 53.7394 8
      vertex 53.3608 53.6746 8
    endloop
  endfacet
  facet normal 0 0 1
    outer loop
      vertex 54.0937 54.0937 8
      vertex 53.1759 53.7981 8
      vertex 53.2704 53.7394 8
    endloop
  endfacet
  facet normal 0 0 1
    outer loop
      vertex 54.0937 54.0937 8
      vertex 53.0778 53.8506 8
      vertex 53.1759 53.7981 8
    endloop
  endfacet
  facet normal 0 0 1
    outer loop
      vertex 54.0937 54.0937 8
      vertex 52.9765 53.8965 8
      vertex 53.0778 53.8506 8
    endloop
  endfacet
  facet normal 0 0 1
    outer loop
      vertex 54.0937 54.0937 8
      vertex 52.8723 53.9357 8
      vertex 52.9765 53.8965 8
    endloop
  endfacet
  facet normal 0 0 1
    outer loop
      vertex 54.0937 54.0937 8
      vertex 52.7659 53.968 8
      vertex 52.8723 53.9357 8
    endloop
  endfacet
  facet normal 0 0 1
    outer loop
      vertex 54.0937 54.0937 8
      vertex 52.6576 53.9932 8
      vertex 52.7659 53.968 8
    endloop
  endfacet
  facet normal 0 0 1
    outer loop
      vertex 50.44 57.5157 8
      vertex 52.6576 53.9932 8
      vertex 54.0937 54.0937 8
    endloop
  endfacet
  facet normal 0 0 1
    outer loop
      vertex 52.6576 53.9932 8
      vertex 50.44 57.5157 8
      vertex 52.5478 54.0114 8
    endloop
  endfacet
  facet normal 0 0 1
    outer loop
      vertex 52.5478 54.0114 8
      vertex 50.44 57.5157 8
      vertex 52.4371 54.0223 8
    endloop
  endfacet
  facet normal 0 0 1
    outer loop
      vertex 52.4371 54.0223 8
      vertex 50.44 57.5157 8
      vertex 52.3259 54.0259 8
    endloop
  endfacet
  facet normal 0 0 1
    outer loop
      vertex 50.6404 52.5478 8
      vertex 46.5702 60.6915 8
      vertex 50.6295 52.4371 8
    endloop
  endfacet
  facet normal 0 0 1
    outer loop
      vertex 50.6586 52.6576 8
      vertex 46.5702 60.6915 8
      vertex 50.6404 52.5478 8
    endloop
  endfacet
  facet normal 0 0 1
    outer loop
      vertex 50.6838 52.7659 8
      vertex 46.5702 60.6915 8
      vertex 50.6586 52.6576 8
    endloop
  endfacet
  facet normal 0 0 1
    outer loop
      vertex 50.7161 52.8723 8
      vertex 46.5702 60.6915 8
      vertex 50.6838 52.7659 8
    endloop
  endfacet
  facet normal 0 0 1
    outer loop
      vertex 46.5702 60.6915 8
      vertex 50.7161 52.8723 8
      vertex 50.44 57.5157 8
    endloop
  endfacet
  facet normal 0 0 1
    outer loop
      vertex 50.7553 52.9765 8
      vertex 50.44 57.5157 8
      vertex 50.7161 52.8723 8
    endloop
  endfacet
  facet normal 0 0 1
    outer loop
      vertex 50.8012 53.0778 8
      vertex 50.44 57.5157 8
      vertex 50.7553 52.9765 8
    endloop
  endfacet
  facet normal 0 0 1
    outer loop
      vertex 50.8537 53.1759 8
      vertex 50.44 57.5157 8
      vertex 50.8012 53.0778 8
    endloop
  endfacet
  facet normal 0 0 1
    outer loop
      vertex 50.9124 53.2704 8
      vertex 50.44 57.5157 8
      vertex 50.8537 53.1759 8
    endloop
  endfacet
  facet normal 0 0 1
    outer loop
      vertex 50.9772 53.3608 8
      vertex 50.44 57.5157 8
      vertex 50.9124 53.2704 8
    endloop
  endfacet
  facet normal 0 0 1
    outer loop
      vertex 51.0478 53.4468 8
      vertex 50.44 57.5157 8
      vertex 50.9772 53.3608 8
    endloop
  endfacet
  facet normal 0 0 1
    outer loop
      vertex 51.1238 53.528 8
      vertex 50.44 57.5157 8
      vertex 51.0478 53.4468 8
    endloop
  endfacet
  facet normal 0 0 1
    outer loop
      vertex 51.205 53.604 8
      vertex 50.44 57.5157 8
      vertex 51.1238 53.528 8
    endloop
  endfacet
  facet normal 0 0 1
    outer loop
      vertex 51.291 53.6746 8
      vertex 50.44 57.5157 8
      vertex 51.205 53.604 8
    endloop
  endfacet
  facet normal 0 0 1
    outer loop
      vertex 51.3814 53.7394 8
      vertex 50.44 57.5157 8
      vertex 51.291 53.6746 8
    endloop
  endfacet
  facet normal 0 0 1
    outer loop
      vertex 51.4759 53.7981 8
      vertex 50.44 57.5157 8
      vertex 51.3814 53.7394 8
    endloop
  endfacet
  facet normal 0 0 1
    outer loop
      vertex 51.574 53.8506 8
      vertex 50.44 57.5157 8
      vertex 51.4759 53.7981 8
    endloop
  endfacet
  facet normal 0 0 1
    outer loop
      vertex 51.6753 53.8965 8
      vertex 50.44 57.5157 8
      vertex 51.574 53.8506 8
    endloop
  endfacet
  facet normal 0 0 1
    outer loop
      vertex 51.7795 53.9357 8
      vertex 50.44 57.5157 8
      vertex 51.6753 53.8965 8
    endloop
  endfacet
  facet normal 0 0 1
    outer loop
      vertex 51.8859 53.968 8
      vertex 50.44 57.5157 8
      vertex 51.7795 53.9357 8
    endloop
  endfacet
  facet normal 0 0 1
    outer loop
      vertex 51.9942 53.9932 8
      vertex 50.44 57.5157 8
      vertex 51.8859 53.968 8
    endloop
  endfacet
  facet normal 0 0 1
    outer loop
      vertex 52.104 54.0114 8
      vertex 50.44 57.5157 8
      vertex 51.9942 53.9932 8
    endloop
  endfacet
  facet normal 0 0 1
    outer loop
      vertex 52.2147 54.0223 8
      vertex 50.44 57.5157 8
      vertex 52.104 54.0114 8
    endloop
  endfacet
  facet normal 0 0 1
    outer loop
      vertex 52.3259 54.0259 8
      vertex 50.44 57.5157 8
      vertex 52.2147 54.0223 8
    endloop
  endfacet
  facet normal 0 0 1
    outer loop
      vertex 50 5 8
      vertex 76.3362 5.00334 8
      vertex 75.8455 9.98525 8
    endloop
  endfacet
  facet normal 0 0 1
    outer loop
      vertex 50 5 8
      vertex 75.8455 9.98525 8
      vertex 75.0301 14.9244 8
    endloop
  endfacet
  facet normal 0 0 1
    outer loop
      vertex 50 5 8
      vertex 75.0301 14.9244 8
      vertex 73.8933 19.7997 8
    endloop
  endfacet
  facet normal 0 0 1
    outer loop
      vertex 50 5 8
      vertex 73.8933 19.7997 8
      vertex 72.4402 24.5901 8
    endloop
  endfacet
  facet normal 0 0 1
    outer loop
      vertex 50 5 8
      vertex 72.4402 24.5901 8
      vertex 70.6768 29.2753 8
    endloop
  endfacet
  facet normal 0 0 1
    outer loop
      vertex 50 5 8
      vertex 70.6768 29.2753 8
      vertex 68.6108 33.8351 8
    endloop
  endfacet
  facet normal 0 0 1
    outer loop
      vertex 50 5 8
      vertex 68.6108 33.8351 8
      vertex 66.2509 38.25 8
    endloop
  endfacet
  facet normal 0 0 1
    outer loop
      vertex 50 5 8
      vertex 66.2509 38.25 8
      vertex 63.6074 42.5011 8
    endloop
  endfacet
  facet normal 0 0 1
    outer loop
      vertex 52.104 50.6404 8
      vertex 63.6074 42.5011 8
      vertex 60.6915 46.5702 8
    endloop
  endfacet
  facet normal 0 0 1
    outer loop
      vertex 52.8723 50.7161 8
      vertex 60.6915 46.5702 8
      vertex 57.5157 50.44 8
    endloop
  endfacet
  facet normal -0 0 1
    outer loop
      vertex 53.9932 52.6576 8
      vertex 57.5157 50.44 8
      vertex 54.0937 54.0937 8
    endloop
  endfacet
  facet normal -0 0 1
    outer loop
      vertex 54.0223 52.2147 8
      vertex 57.5157 50.44 8
      vertex 54.0259 52.3259 8
    endloop
  endfacet
  facet normal -0 0 1
    outer loop
      vertex 54.0114 52.104 8
      vertex 57.5157 50.44 8
      vertex 54.0223 52.2147 8
    endloop
  endfacet
  facet normal -0 0 1
    outer loop
      vertex 53.9932 51.9942 8
      vertex 57.5157 50.44 8
      vertex 54.0114 52.104 8
    endloop
  endfacet
  facet normal -0 0 1
    outer loop
      vertex 53.968 51.8859 8
      vertex 57.5157 50.44 8
      vertex 53.9932 51.9942 8
    endloop
  endfacet
  facet normal -0 0 1
    outer loop
      vertex 53.9357 51.7795 8
      vertex 57.5157 50.44 8
      vertex 53.968 51.8859 8
    endloop
  endfacet
  facet normal -0 0 1
    outer loop
      vertex 53.8965 51.6753 8
      vertex 57.5157 50.44 8
      vertex 53.9357 51.7795 8
    endloop
  endfacet
  facet normal -0 0 1
    outer loop
      vertex 53.8506 51.574 8
      vertex 57.5157 50.44 8
      vertex 53.8965 51.6753 8
    endloop
  endfacet
  facet normal -0 0 1
    outer loop
      vertex 53.7981 51.4759 8
      vertex 57.5157 50.44 8
      vertex 53.8506 51.574 8
    endloop
  endfacet
  facet normal -0 0 1
    outer loop
      vertex 53.7394 51.3814 8
      vertex 57.5157 50.44 8
      vertex 53.7981 51.4759 8
    endloop
  endfacet
  facet normal -0 0 1
    outer loop
      vertex 53.6746 51.291 8
      vertex 57.5157 50.44 8
      vertex 53.7394 51.3814 8
    endloop
  endfacet
  facet normal -0 0 1
    outer loop
      vertex 53.604 51.205 8
      vertex 57.5157 50.44 8
      vertex 53.6746 51.291 8
    endloop
  endfacet
  facet normal -0 0 1
    outer loop
      vertex 53.528 51.1238 8
      vertex 57.5157 50.44 8
      vertex 53.604 51.205 8
    endloop
  endfacet
  facet normal -0 0 1
    outer loop
      vertex 53.4468 51.0478 8
      vertex 57.5157 50.44 8
      vertex 53.528 51.1238 8
    endloop
  endfacet
  facet normal -0 0 1
    outer loop
      vertex 53.3608 50.9772 8
      vertex 57.5157 50.44 8
      vertex 53.4468 51.0478 8
    endloop
  endfacet
  facet normal -0 0 1
    outer loop
      vertex 53.2704 50.9124 8
      vertex 57.5157 50.44 8
      vertex 53.3608 50.9772 8
    endloop
  endfacet
  facet normal -0 0 1
    outer loop
      vertex 53.1759 50.8537 8
      vertex 57.5157 50.44 8
      vertex 53.2704 50.9124 8
    endloop
  endfacet
  facet normal -0 0 1
    outer loop
      vertex 53.0778 50.8012 8
      vertex 57.5157 50.44 8
      vertex 53.1759 50.8537 8
    endloop
  endfacet
  facet normal -0 0 1
    outer loop
      vertex 52.9765 50.7553 8
      vertex 57.5157 50.44 8
      vertex 53.0778 50.8012 8
    endloop
  endfacet
  facet normal -0 0 1
    outer loop
      vertex 52.8723 50.7161 8
      vertex 57.5157 50.44 8
      vertex 52.9765 50.7553 8
    endloop
  endfacet
  facet normal 0 0 1
    outer loop
      vertex 60.6915 46.5702 8
      vertex 52.8723 50.7161 8
      vertex 52.7659 50.6838 8
    endloop
  endfacet
  facet normal 0 0 1
    outer loop
      vertex 60.6915 46.5702 8
      vertex 52.7659 50.6838 8
      vertex 52.6576 50.6586 8
    endloop
  endfacet
  facet normal 0 0 1
    outer loop
      vertex 60.6915 46.5702 8
      vertex 52.6576 50.6586 8
      vertex 52.5478 50.6404 8
    endloop
  endfacet
  facet normal 0 0 1
    outer loop
      vertex 60.6915 46.5702 8
      vertex 52.5478 50.6404 8
      vertex 52.4371 50.6295 8
    endloop
  endfacet
  facet normal -0 0 1
    outer loop
      vertex 52.3259 50.6259 8
      vertex 60.6915 46.5702 8
      vertex 52.4371 50.6295 8
    endloop
  endfacet
  facet normal 0 0 1
    outer loop
      vertex 52.2147 50.6295 8
      vertex 60.6915 46.5702 8
      vertex 52.3259 50.6259 8
    endloop
  endfacet
  facet normal 0 0 1
    outer loop
      vertex 52.104 50.6404 8
      vertex 60.6915 46.5702 8
      vertex 52.2147 50.6295 8
    endloop
  endfacet
  facet normal 0 0 1
    outer loop
      vertex 63.6074 42.5011 8
      vertex 52.104 50.6404 8
      vertex 51.9942 50.6586 8
    endloop
  endfacet
  facet normal 0 0 1
    outer loop
      vertex 51.8859 50.6838 8
      vertex 63.6074 42.5011 8
      vertex 51.9942 50.6586 8
    endloop
  endfacet
  facet normal 0 0 1
    outer loop
      vertex 63.6074 42.5011 8
      vertex 51.8859 50.6838 8
      vertex 50 5 8
    endloop
  endfacet
  facet normal 0 0 1
    outer loop
      vertex 50 5 8
      vertex 51.8859 50.6838 8
      vertex 51.7795 50.7161 8
    endloop
  endfacet
  facet normal 0 0 1
    outer loop
      vertex 50 5 8
      vertex 51.7795 50.7161 8
      vertex 51.6753 50.7553 8
    endloop
  endfacet
  facet normal 0 0 1
    outer loop
      vertex 50 5 8
      vertex 51.6753 50.7553 8
      vertex 51.574 50.8012 8
    endloop
  endfacet
  facet normal 0 0 1
    outer loop
      vertex 50 5 8
      vertex 51.574 50.8012 8
      vertex 51.4759 50.8537 8
    endloop
  endfacet
  facet normal 0 0 1
    outer loop
      vertex 50 5 8
      vertex 51.4759 50.8537 8
      vertex 51.3814 50.9124 8
    endloop
  endfacet
  facet normal 0 0 1
    outer loop
      vertex 50 5 8
      vertex 51.3814 50.9124 8
      vertex 51.291 50.9772 8
    endloop
  endfacet
  facet normal 0 0 1
    outer loop
      vertex 50 5 8
      vertex 51.291 50.9772 8
      vertex 51.205 51.0478 8
    endloop
  endfacet
  facet normal 0 0 1
    outer loop
      vertex 50 5 8
      vertex 51.205 51.0478 8
      vertex 51.1238 51.1238 8
    endloop
  endfacet
  facet normal 0 0 1
    outer loop
      vertex 50 5 8
      vertex 51.1238 51.1238 8
      vertex 51.0478 51.205 8
    endloop
  endfacet
  facet normal 0 0 1
    outer loop
      vertex 8.1 0 8
      vertex 51.0478 51.205 8
      vertex 50.9772 51.291 8
    endloop
  endfacet
  facet normal 0 0 1
    outer loop
      vertex 36.6683 62.4185 8
      vertex 50.8012 51.574 8
      vertex 36.7781 62.4004 8
    endloop
  endfacet
  facet normal 0 0 1
    outer loop
      vertex 50.7553 51.6753 8
      vertex 36.7781 62.4004 8
      vertex 50.8012 51.574 8
    endloop
  endfacet
  facet normal 0 0 1
    outer loop
      vertex 50.6295 52.4371 8
      vertex 46.5702 60.6915 8
      vertex 50.6259 52.3259 8
    endloop
  endfacet
  facet normal 0 0 1
    outer loop
      vertex 76.3362 5.00334 8
      vertex 50 5 8
      vertex 76.3363 5 8
    endloop
  endfacet
  facet normal 0 0 1
    outer loop
      vertex 36.7781 62.4004 8
      vertex 50.7553 51.6753 8
      vertex 36.8888 62.3895 8
    endloop
  endfacet
  facet normal 0 0 1
    outer loop
      vertex 50.7161 51.7795 8
      vertex 36.8888 62.3895 8
      vertex 50.7553 51.6753 8
    endloop
  endfacet
  facet normal 0 0 1
    outer loop
      vertex 36.8888 62.3895 8
      vertex 50.7161 51.7795 8
      vertex 37 62.3859 8
    endloop
  endfacet
  facet normal 0 0 1
    outer loop
      vertex 50.6586 51.9942 8
      vertex 37 62.3859 8
      vertex 50.6838 51.8859 8
    endloop
  endfacet
  facet normal 0 0 1
    outer loop
      vertex 50.6404 52.104 8
      vertex 37 62.3859 8
      vertex 50.6586 51.9942 8
    endloop
  endfacet
  facet normal 0 0 1
    outer loop
      vertex 50.6295 52.2147 8
      vertex 37 62.3859 8
      vertex 50.6404 52.104 8
    endloop
  endfacet
  facet normal 0 0 1
    outer loop
      vertex 50.6259 52.3259 8
      vertex 37 62.3859 8
      vertex 50.6295 52.2147 8
    endloop
  endfacet
  facet normal 0 0 1
    outer loop
      vertex 37 62.3859 8
      vertex 50.6259 52.3259 8
      vertex 46.5702 60.6915 8
    endloop
  endfacet
  facet normal 0 0 1
    outer loop
      vertex 50 5 8
      vertex 49.825 3.76721 8
      vertex 50 3.86075 8
    endloop
  endfacet
  facet normal 0 0 1
    outer loop
      vertex 50.6838 51.8859 8
      vertex 37 62.3859 8
      vertex 50.7161 51.7795 8
    endloop
  endfacet
  facet normal 0 0 1
    outer loop
      vertex 50 5 8
      vertex 49.5833 3.61689 8
      vertex 49.825 3.76721 8
    endloop
  endfacet
  facet normal 0 0 1
    outer loop
      vertex 50 5 8
      vertex 49.3519 3.45109 8
      vertex 49.5833 3.61689 8
    endloop
  endfacet
  facet normal 0 0 1
    outer loop
      vertex 50 5 8
      vertex 49.1318 3.2705 8
      vertex 49.3519 3.45109 8
    endloop
  endfacet
  facet normal 0 0 1
    outer loop
      vertex 50.8012 51.574 8
      vertex 36.6683 62.4185 8
      vertex 50.8537 51.4759 8
    endloop
  endfacet
  facet normal 0 0 1
    outer loop
      vertex 50 5 8
      vertex 48.9241 3.07591 8
      vertex 49.1318 3.2705 8
    endloop
  endfacet
  facet normal 0 0 1
    outer loop
      vertex 50 5 8
      vertex 48.7295 2.86815 8
      vertex 48.9241 3.07591 8
    endloop
  endfacet
  facet normal 0 0 1
    outer loop
      vertex 50 5 8
      vertex 48.5489 2.64811 8
      vertex 48.7295 2.86815 8
    endloop
  endfacet
  facet normal 0 0 1
    outer loop
      vertex 50 5 8
      vertex 48.3831 2.41673 8
      vertex 48.5489 2.64811 8
    endloop
  endfacet
  facet normal 0 0 1
    outer loop
      vertex 36.56 62.4438 8
      vertex 50.8537 51.4759 8
      vertex 36.6683 62.4185 8
    endloop
  endfacet
  facet normal 0 0 1
    outer loop
      vertex 50.8537 51.4759 8
      vertex 36.56 62.4438 8
      vertex 50.9124 51.3814 8
    endloop
  endfacet
  facet normal 0 0 1
    outer loop
      vertex 50.9124 51.3814 8
      vertex 36.56 62.4438 8
      vertex 50.9772 51.291 8
    endloop
  endfacet
  facet normal 0 0 1
    outer loop
      vertex 8.1 0 8
      vertex 50.9772 51.291 8
      vertex 36.56 62.4438 8
    endloop
  endfacet
  facet normal 0 0 1
    outer loop
      vertex 51.0478 51.205 8
      vertex 8.1 0 8
      vertex 50 5 8
    endloop
  endfacet
  facet normal 0 0 1
    outer loop
      vertex 50 5 8
      vertex 8.1 0 8
      vertex 48.3831 2.41673 8
    endloop
  endfacet
  facet normal 0 0 1
    outer loop
      vertex 48.3831 2.41673 8
      vertex 8.1 0 8
      vertex 48.2328 2.175 8
    endloop
  endfacet
  facet normal 0 0 1
    outer loop
      vertex 48.0986 1.92395 8
      vertex 8.1 0 8
      vertex 47.9811 1.66467 8
    endloop
  endfacet
  facet normal 0 0 1
    outer loop
      vertex 48.2328 2.175 8
      vertex 8.1 0 8
      vertex 48.0986 1.92395 8
    endloop
  endfacet
  facet normal 0.995185 0.0980123 0
    outer loop
      vertex 79.8287 5.23225 12
      vertex 79.3156 10.4421 0
      vertex 79.3156 10.4421 12
    endloop
  endfacet
  facet normal 0.995185 0.0980123 0
    outer loop
      vertex 79.3156 10.4421 0
      vertex 79.8287 5.23225 12
      vertex 79.8287 5.23225 0
    endloop
  endfacet
  facet normal 0.986642 0.162903 0
    outer loop
      vertex 79.3156 10.4421 12
      vertex 78.4628 15.6072 0
      vertex 78.4628 15.6072 12
    endloop
  endfacet
  facet normal 0.986642 0.162903 0
    outer loop
      vertex 78.4628 15.6072 0
      vertex 79.3156 10.4421 12
      vertex 79.3156 10.4421 0
    endloop
  endfacet
  facet normal 0.812847 0.582477 0
    outer loop
      vertex 66.5176 44.4456 12
      vertex 63.4683 48.7009 0
      vertex 63.4683 48.7009 12
    endloop
  endfacet
  facet normal 0.812847 0.582477 0
    outer loop
      vertex 63.4683 48.7009 0
      vertex 66.5176 44.4456 12
      vertex 66.5176 44.4456 0
    endloop
  endfacet
  facet normal 0.910859 0.412718 0
    outer loop
      vertex 73.9104 30.6147 12
      vertex 71.7498 35.3831 0
      vertex 71.7498 35.3831 12
    endloop
  endfacet
  facet normal 0.910859 0.412718 0
    outer loop
      vertex 71.7498 35.3831 0
      vertex 73.9104 30.6147 12
      vertex 73.9104 30.6147 0
    endloop
  endfacet
  facet normal 0.352243 0.935909 -0
    outer loop
      vertex 30.6147 73.9104 0
      vertex 25.7152 75.7544 12
      vertex 30.6147 73.9104 12
    endloop
  endfacet
  facet normal 0.352243 0.935909 0
    outer loop
      vertex 25.7152 75.7544 12
      vertex 30.6147 73.9104 0
      vertex 25.7152 75.7544 0
    endloop
  endfacet
  facet normal 0.290289 0.956939 -0
    outer loop
      vertex 25.7152 75.7544 0
      vertex 20.7055 77.2741 12
      vertex 25.7152 75.7544 12
    endloop
  endfacet
  facet normal 0.290289 0.956939 0
    outer loop
      vertex 20.7055 77.2741 12
      vertex 25.7152 75.7544 0
      vertex 20.7055 77.2741 0
    endloop
  endfacet
  facet normal 0.162903 0.986642 -0
    outer loop
      vertex 15.6072 78.4628 0
      vertex 10.4421 79.3156 12
      vertex 15.6072 78.4628 12
    endloop
  endfacet
  facet normal 0.162903 0.986642 0
    outer loop
      vertex 10.4421 79.3156 12
      vertex 15.6072 78.4628 0
      vertex 10.4421 79.3156 0
    endloop
  endfacet
  facet normal 0.412718 0.910859 -0
    outer loop
      vertex 35.3831 71.7498 0
      vertex 30.6147 73.9104 12
      vertex 35.3831 71.7498 12
    endloop
  endfacet
  facet normal 0.412718 0.910859 0
    outer loop
      vertex 30.6147 73.9104 12
      vertex 35.3831 71.7498 0
      vertex 30.6147 73.9104 0
    endloop
  endfacet
  facet normal 0.528061 0.849207 -0
    outer loop
      vertex 44.4456 66.5176 0
      vertex 40 69.282 12
      vertex 44.4456 66.5176 12
    endloop
  endfacet
  facet normal 0.528061 0.849207 0
    outer loop
      vertex 40 69.282 12
      vertex 44.4456 66.5176 0
      vertex 40 69.282 0
    endloop
  endfacet
  facet normal 0.634391 0.773013 -0
    outer loop
      vertex 52.7477 60.1472 0
      vertex 48.7009 63.4683 12
      vertex 52.7477 60.1472 12
    endloop
  endfacet
  facet normal 0.634391 0.773013 0
    outer loop
      vertex 48.7009 63.4683 12
      vertex 52.7477 60.1472 0
      vertex 48.7009 63.4683 0
    endloop
  endfacet
  facet normal 0.582477 0.812847 -0
    outer loop
      vertex 48.7009 63.4683 0
      vertex 44.4456 66.5176 12
      vertex 48.7009 63.4683 12
    endloop
  endfacet
  facet normal 0.582477 0.812847 0
    outer loop
      vertex 44.4456 66.5176 12
      vertex 48.7009 63.4683 0
      vertex 44.4456 66.5176 0
    endloop
  endfacet
  facet normal -0.910859 0.412718 0
    outer loop
      vertex -73.9104 30.6147 0
      vertex -71.7498 35.3831 12
      vertex -71.7498 35.3831 0
    endloop
  endfacet
  facet normal -0.910859 0.412718 0
    outer loop
      vertex -71.7498 35.3831 12
      vertex -73.9104 30.6147 0
      vertex -73.9104 30.6147 12
    endloop
  endfacet
  facet normal -0.88192 0.471399 0
    outer loop
      vertex -71.7498 35.3831 0
      vertex -69.282 40 12
      vertex -69.282 40 0
    endloop
  endfacet
  facet normal -0.88192 0.471399 0
    outer loop
      vertex -69.282 40 12
      vertex -71.7498 35.3831 0
      vertex -71.7498 35.3831 12
    endloop
  endfacet
  facet normal -0.935909 0.352243 0
    outer loop
      vertex -75.7544 25.7152 0
      vertex -73.9104 30.6147 12
      vertex -73.9104 30.6147 0
    endloop
  endfacet
  facet normal -0.935909 0.352243 0
    outer loop
      vertex -73.9104 30.6147 12
      vertex -75.7544 25.7152 0
      vertex -75.7544 25.7152 12
    endloop
  endfacet
  facet normal 0 0 1
    outer loop
      vertex 76.5 0 12
      vertex 80 0 12
      vertex 79.8287 5.23225 12
    endloop
  endfacet
  facet normal 0 0 1
    outer loop
      vertex 76.3362 5.00334 12
      vertex 79.8287 5.23225 12
      vertex 79.3156 10.4421 12
    endloop
  endfacet
  facet normal 0 0 1
    outer loop
      vertex 80 0 12
      vertex 76.5 0 12
      vertex 79.8287 -5.23225 12
    endloop
  endfacet
  facet normal 0 0 1
    outer loop
      vertex 75.8455 9.98525 12
      vertex 79.3156 10.4421 12
      vertex 78.4628 15.6072 12
    endloop
  endfacet
  facet normal -0 0 1
    outer loop
      vertex 76.3362 -5.00334 12
      vertex 79.8287 -5.23225 12
      vertex 76.5 0 12
    endloop
  endfacet
  facet normal 0 0 1
    outer loop
      vertex 75.0301 14.9244 12
      vertex 78.4628 15.6072 12
      vertex 77.2741 20.7055 12
    endloop
  endfacet
  facet normal 0 0 1
    outer loop
      vertex 79.8287 -5.23225 12
      vertex 76.3362 -5.00334 12
      vertex 79.3156 -10.4421 12
    endloop
  endfacet
  facet normal -0 0 1
    outer loop
      vertex 75.8455 -9.98525 12
      vertex 79.3156 -10.4421 12
      vertex 76.3362 -5.00334 12
    endloop
  endfacet
  facet normal 0 0 1
    outer loop
      vertex 79.8287 5.23225 12
      vertex 76.3362 5.00334 12
      vertex 76.5 0 12
    endloop
  endfacet
  facet normal 0 0 1
    outer loop
      vertex 79.3156 10.4421 12
      vertex 75.8455 9.98525 12
      vertex 76.3362 5.00334 12
    endloop
  endfacet
  facet normal 0 0 1
    outer loop
      vertex 73.8933 19.7997 12
      vertex 77.2741 20.7055 12
      vertex 75.7544 25.7152 12
    endloop
  endfacet
  facet normal 0 0 1
    outer loop
      vertex 78.4628 15.6072 12
      vertex 75.0301 14.9244 12
      vertex 75.8455 9.98525 12
    endloop
  endfacet
  facet normal 0 0 1
    outer loop
      vertex 72.4402 24.5901 12
      vertex 75.7544 25.7152 12
      vertex 73.9104 30.6147 12
    endloop
  endfacet
  facet normal 0 0 1
    outer loop
      vertex 77.2741 20.7055 12
      vertex 73.8933 19.7997 12
      vertex 75.0301 14.9244 12
    endloop
  endfacet
  facet normal 0 0 1
    outer loop
      vertex 75.7544 25.7152 12
      vertex 72.4402 24.5901 12
      vertex 73.8933 19.7997 12
    endloop
  endfacet
  facet normal 0 0 1
    outer loop
      vertex 70.6768 29.2753 12
      vertex 73.9104 30.6147 12
      vertex 71.7498 35.3831 12
    endloop
  endfacet
  facet normal 0 0 1
    outer loop
      vertex 73.9104 30.6147 12
      vertex 70.6768 29.2753 12
      vertex 72.4402 24.5901 12
    endloop
  endfacet
  facet normal 0 0 1
    outer loop
      vertex 68.6108 33.8351 12
      vertex 71.7498 35.3831 12
      vertex 69.282 40 12
    endloop
  endfacet
  facet normal 0 0 1
    outer loop
      vertex 71.7498 35.3831 12
      vertex 68.6108 33.8351 12
      vertex 70.6768 29.2753 12
    endloop
  endfacet
  facet normal 0 0 1
    outer loop
      vertex 66.2509 38.25 12
      vertex 69.282 40 12
      vertex 66.5176 44.4456 12
    endloop
  endfacet
  facet normal 0 0 1
    outer loop
      vertex 69.282 40 12
      vertex 66.2509 38.25 12
      vertex 68.6108 33.8351 12
    endloop
  endfacet
  facet normal 0 0 1
    outer loop
      vertex 66.5176 44.4456 12
      vertex 63.6074 42.5011 12
      vertex 66.2509 38.25 12
    endloop
  endfacet
  facet normal 0 0 1
    outer loop
      vertex 63.4683 48.7009 12
      vertex 63.6074 42.5011 12
      vertex 66.5176 44.4456 12
    endloop
  endfacet
  facet normal 0 0 1
    outer loop
      vertex 63.4683 48.7009 12
      vertex 60.6915 46.5702 12
      vertex 63.6074 42.5011 12
    endloop
  endfacet
  facet normal 0 0 1
    outer loop
      vertex 60.1472 52.7477 12
      vertex 60.6915 46.5702 12
      vertex 63.4683 48.7009 12
    endloop
  endfacet
  facet normal 0 0 1
    outer loop
      vertex 60.1472 52.7477 12
      vertex 57.5157 50.44 12
      vertex 60.6915 46.5702 12
    endloop
  endfacet
  facet normal 0 0 1
    outer loop
      vertex 56.5685 56.5685 12
      vertex 57.5157 50.44 12
      vertex 60.1472 52.7477 12
    endloop
  endfacet
  facet normal 0 0 1
    outer loop
      vertex 56.5685 56.5685 12
      vertex 54.0937 54.0937 12
      vertex 57.5157 50.44 12
    endloop
  endfacet
  facet normal 0 0 1
    outer loop
      vertex 52.7477 60.1472 12
      vertex 54.0937 54.0937 12
      vertex 56.5685 56.5685 12
    endloop
  endfacet
  facet normal 0 0 1
    outer loop
      vertex 52.7477 60.1472 12
      vertex 50.44 57.5157 12
      vertex 54.0937 54.0937 12
    endloop
  endfacet
  facet normal 0 0 1
    outer loop
      vertex 48.7009 63.4683 12
      vertex 50.44 57.5157 12
      vertex 52.7477 60.1472 12
    endloop
  endfacet
  facet normal 0 0 1
    outer loop
      vertex 48.7009 63.4683 12
      vertex 46.5702 60.6915 12
      vertex 50.44 57.5157 12
    endloop
  endfacet
  facet normal 0 0 1
    outer loop
      vertex 44.4456 66.5176 12
      vertex 46.5702 60.6915 12
      vertex 48.7009 63.4683 12
    endloop
  endfacet
  facet normal 0 0 1
    outer loop
      vertex 44.4456 66.5176 12
      vertex 42.5011 63.6074 12
      vertex 46.5702 60.6915 12
    endloop
  endfacet
  facet normal 0 0 1
    outer loop
      vertex 40 69.282 12
      vertex 42.5011 63.6074 12
      vertex 44.4456 66.5176 12
    endloop
  endfacet
  facet normal 0 0 1
    outer loop
      vertex 40 69.282 12
      vertex 38.25 66.2509 12
      vertex 42.5011 63.6074 12
    endloop
  endfacet
  facet normal 0 0 1
    outer loop
      vertex 35.3831 71.7498 12
      vertex 38.25 66.2509 12
      vertex 40 69.282 12
    endloop
  endfacet
  facet normal 0 0 1
    outer loop
      vertex 35.3831 71.7498 12
      vertex 33.8351 68.6108 12
      vertex 38.25 66.2509 12
    endloop
  endfacet
  facet normal 0 0 1
    outer loop
      vertex 30.6147 73.9104 12
      vertex 33.8351 68.6108 12
      vertex 35.3831 71.7498 12
    endloop
  endfacet
  facet normal 0 0 1
    outer loop
      vertex 30.6147 73.9104 12
      vertex 29.2753 70.6768 12
      vertex 33.8351 68.6108 12
    endloop
  endfacet
  facet normal 0 0 1
    outer loop
      vertex 25.7152 75.7544 12
      vertex 29.2753 70.6768 12
      vertex 30.6147 73.9104 12
    endloop
  endfacet
  facet normal 0 0 1
    outer loop
      vertex 25.7152 75.7544 12
      vertex 24.5901 72.4402 12
      vertex 29.2753 70.6768 12
    endloop
  endfacet
  facet normal 0 0 1
    outer loop
      vertex 20.7055 77.2741 12
      vertex 24.5901 72.4402 12
      vertex 25.7152 75.7544 12
    endloop
  endfacet
  facet normal 0 0 1
    outer loop
      vertex 20.7055 77.2741 12
      vertex 19.7997 73.8933 12
      vertex 24.5901 72.4402 12
    endloop
  endfacet
  facet normal 0 0 1
    outer loop
      vertex 15.6072 78.4628 12
      vertex 19.7997 73.8933 12
      vertex 20.7055 77.2741 12
    endloop
  endfacet
  facet normal 0 0 1
    outer loop
      vertex 15.6072 78.4628 12
      vertex 14.9244 75.0301 12
      vertex 19.7997 73.8933 12
    endloop
  endfacet
  facet normal 0 0 1
    outer loop
      vertex 10.4421 79.3156 12
      vertex 14.9244 75.0301 12
      vertex 15.6072 78.4628 12
    endloop
  endfacet
  facet normal 0 0 1
    outer loop
      vertex 10.4421 79.3156 12
      vertex 9.98525 75.8455 12
      vertex 14.9244 75.0301 12
    endloop
  endfacet
  facet normal 0 0 1
    outer loop
      vertex 5.23225 79.8287 12
      vertex 9.98525 75.8455 12
      vertex 10.4421 79.3156 12
    endloop
  endfacet
  facet normal 0 0 1
    outer loop
      vertex 5.23225 79.8287 12
      vertex 5.00334 76.3362 12
      vertex 9.98525 75.8455 12
    endloop
  endfacet
  facet normal 0 0 1
    outer loop
      vertex 0 80 12
      vertex 5.00334 76.3362 12
      vertex 5.23225 79.8287 12
    endloop
  endfacet
  facet normal 0 0 1
    outer loop
      vertex 0 80 12
      vertex 0 76.5 12
      vertex 5.00334 76.3362 12
    endloop
  endfacet
  facet normal 0 0 1
    outer loop
      vertex 0 80 12
      vertex -5.00334 76.3362 12
      vertex 0 76.5 12
    endloop
  endfacet
  facet normal -0 0 1
    outer loop
      vertex -5.23225 79.8287 12
      vertex -5.00334 76.3362 12
      vertex 0 80 12
    endloop
  endfacet
  facet normal 0 0 1
    outer loop
      vertex -5.23225 79.8287 12
      vertex -9.98525 75.8455 12
      vertex -5.00334 76.3362 12
    endloop
  endfacet
  facet normal -0 0 1
    outer loop
      vertex -10.4421 79.3156 12
      vertex -9.98525 75.8455 12
      vertex -5.23225 79.8287 12
    endloop
  endfacet
  facet normal 0 0 1
    outer loop
      vertex -10.4421 79.3156 12
      vertex -14.9244 75.0301 12
      vertex -9.98525 75.8455 12
    endloop
  endfacet
  facet normal -0 0 1
    outer loop
      vertex -15.6072 78.4628 12
      vertex -14.9244 75.0301 12
      vertex -10.4421 79.3156 12
    endloop
  endfacet
  facet normal 0 0 1
    outer loop
      vertex -15.6072 78.4628 12
      vertex -19.7997 73.8933 12
      vertex -14.9244 75.0301 12
    endloop
  endfacet
  facet normal -0 0 1
    outer loop
      vertex -20.7055 77.2741 12
      vertex -19.7997 73.8933 12
      vertex -15.6072 78.4628 12
    endloop
  endfacet
  facet normal 0 0 1
    outer loop
      vertex -20.7055 77.2741 12
      vertex -24.5901 72.4402 12
      vertex -19.7997 73.8933 12
    endloop
  endfacet
  facet normal -0 0 1
    outer loop
      vertex -25.7152 75.7544 12
      vertex -24.5901 72.4402 12
      vertex -20.7055 77.2741 12
    endloop
  endfacet
  facet normal 0 0 1
    outer loop
      vertex -25.7152 75.7544 12
      vertex -29.2753 70.6768 12
      vertex -24.5901 72.4402 12
    endloop
  endfacet
  facet normal -0 0 1
    outer loop
      vertex -30.6147 73.9104 12
      vertex -29.2753 70.6768 12
      vertex -25.7152 75.7544 12
    endloop
  endfacet
  facet normal 0 0 1
    outer loop
      vertex -30.6147 73.9104 12
      vertex -33.8351 68.6108 12
      vertex -29.2753 70.6768 12
    endloop
  endfacet
  facet normal -0 0 1
    outer loop
      vertex -35.3831 71.7498 12
      vertex -33.8351 68.6108 12
      vertex -30.6147 73.9104 12
    endloop
  endfacet
  facet normal 0 0 1
    outer loop
      vertex -35.3831 71.7498 12
      vertex -38.25 66.2509 12
      vertex -33.8351 68.6108 12
    endloop
  endfacet
  facet normal -0 0 1
    outer loop
      vertex -40 69.282 12
      vertex -38.25 66.2509 12
      vertex -35.3831 71.7498 12
    endloop
  endfacet
  facet normal 0 0 1
    outer loop
      vertex -40 69.282 12
      vertex -42.5011 63.6074 12
      vertex -38.25 66.2509 12
    endloop
  endfacet
  facet normal -0 0 1
    outer loop
      vertex -44.4456 66.5176 12
      vertex -42.5011 63.6074 12
      vertex -40 69.282 12
    endloop
  endfacet
  facet normal 0 0 1
    outer loop
      vertex -44.4456 66.5176 12
      vertex -46.5702 60.6915 12
      vertex -42.5011 63.6074 12
    endloop
  endfacet
  facet normal -0 0 1
    outer loop
      vertex -48.7009 63.4683 12
      vertex -46.5702 60.6915 12
      vertex -44.4456 66.5176 12
    endloop
  endfacet
  facet normal 0 0 1
    outer loop
      vertex -48.7009 63.4683 12
      vertex -50.44 57.5157 12
      vertex -46.5702 60.6915 12
    endloop
  endfacet
  facet normal -0 0 1
    outer loop
      vertex -52.7477 60.1472 12
      vertex -50.44 57.5157 12
      vertex -48.7009 63.4683 12
    endloop
  endfacet
  facet normal 0 0 1
    outer loop
      vertex -52.7477 60.1472 12
      vertex -54.0937 54.0937 12
      vertex -50.44 57.5157 12
    endloop
  endfacet
  facet normal -0 0 1
    outer loop
      vertex -56.5685 56.5685 12
      vertex -54.0937 54.0937 12
      vertex -52.7477 60.1472 12
    endloop
  endfacet
  facet normal 0 0 1
    outer loop
      vertex -56.5685 56.5685 12
      vertex -57.5157 50.44 12
      vertex -54.0937 54.0937 12
    endloop
  endfacet
  facet normal -0 0 1
    outer loop
      vertex -60.1472 52.7477 12
      vertex -57.5157 50.44 12
      vertex -56.5685 56.5685 12
    endloop
  endfacet
  facet normal 0 0 1
    outer loop
      vertex -60.1472 52.7477 12
      vertex -60.6915 46.5702 12
      vertex -57.5157 50.44 12
    endloop
  endfacet
  facet normal -0 0 1
    outer loop
      vertex -63.4683 48.7009 12
      vertex -60.6915 46.5702 12
      vertex -60.1472 52.7477 12
    endloop
  endfacet
  facet normal 0 0 1
    outer loop
      vertex -63.4683 48.7009 12
      vertex -63.6074 42.5011 12
      vertex -60.6915 46.5702 12
    endloop
  endfacet
  facet normal -0 0 1
    outer loop
      vertex -66.5176 44.4456 12
      vertex -63.6074 42.5011 12
      vertex -63.4683 48.7009 12
    endloop
  endfacet
  facet normal 0 0 1
    outer loop
      vertex -63.6074 42.5011 12
      vertex -66.5176 44.4456 12
      vertex -66.2509 38.25 12
    endloop
  endfacet
  facet normal -0 0 1
    outer loop
      vertex -69.282 40 12
      vertex -66.2509 38.25 12
      vertex -66.5176 44.4456 12
    endloop
  endfacet
  facet normal 0 0 1
    outer loop
      vertex -66.2509 38.25 12
      vertex -69.282 40 12
      vertex -68.6108 33.8351 12
    endloop
  endfacet
  facet normal -0 0 1
    outer loop
      vertex -71.7498 35.3831 12
      vertex -68.6108 33.8351 12
      vertex -69.282 40 12
    endloop
  endfacet
  facet normal 0 0 1
    outer loop
      vertex -68.6108 33.8351 12
      vertex -71.7498 35.3831 12
      vertex -70.6768 29.2753 12
    endloop
  endfacet
  facet normal -0 0 1
    outer loop
      vertex -73.9104 30.6147 12
      vertex -70.6768 29.2753 12
      vertex -71.7498 35.3831 12
    endloop
  endfacet
  facet normal 0 0 1
    outer loop
      vertex -70.6768 29.2753 12
      vertex -73.9104 30.6147 12
      vertex -72.4402 24.5901 12
    endloop
  endfacet
  facet normal -0 0 1
    outer loop
      vertex -75.7544 25.7152 12
      vertex -72.4402 24.5901 12
      vertex -73.9104 30.6147 12
    endloop
  endfacet
  facet normal 0 0 1
    outer loop
      vertex -72.4402 24.5901 12
      vertex -75.7544 25.7152 12
      vertex -73.8933 19.7997 12
    endloop
  endfacet
  facet normal -0 0 1
    outer loop
      vertex -77.2741 20.7055 12
      vertex -73.8933 19.7997 12
      vertex -75.7544 25.7152 12
    endloop
  endfacet
  facet normal 0 0 1
    outer loop
      vertex -73.8933 19.7997 12
      vertex -77.2741 20.7055 12
      vertex -75.0301 14.9244 12
    endloop
  endfacet
  facet normal -0 0 1
    outer loop
      vertex -78.4628 15.6072 12
      vertex -75.0301 14.9244 12
      vertex -77.2741 20.7055 12
    endloop
  endfacet
  facet normal 0 0 1
    outer loop
      vertex -75.0301 14.9244 12
      vertex -78.4628 15.6072 12
      vertex -75.8455 9.98525 12
    endloop
  endfacet
  facet normal -0 0 1
    outer loop
      vertex -79.3156 10.4421 12
      vertex -75.8455 9.98525 12
      vertex -78.4628 15.6072 12
    endloop
  endfacet
  facet normal 0 0 1
    outer loop
      vertex 79.3156 -10.4421 12
      vertex 75.8455 -9.98525 12
      vertex 78.4628 -15.6072 12
    endloop
  endfacet
  facet normal -0 0 1
    outer loop
      vertex 75.0301 -14.9244 12
      vertex 78.4628 -15.6072 12
      vertex 75.8455 -9.98525 12
    endloop
  endfacet
  facet normal 0 0 1
    outer loop
      vertex 78.4628 -15.6072 12
      vertex 75.0301 -14.9244 12
      vertex 77.2741 -20.7055 12
    endloop
  endfacet
  facet normal -0 0 1
    outer loop
      vertex 73.8933 -19.7997 12
      vertex 77.2741 -20.7055 12
      vertex 75.0301 -14.9244 12
    endloop
  endfacet
  facet normal 0 0 1
    outer loop
      vertex 77.2741 -20.7055 12
      vertex 73.8933 -19.7997 12
      vertex 75.7544 -25.7152 12
    endloop
  endfacet
  facet normal -0 0 1
    outer loop
      vertex 72.4402 -24.5901 12
      vertex 75.7544 -25.7152 12
      vertex 73.8933 -19.7997 12
    endloop
  endfacet
  facet normal 0 0 1
    outer loop
      vertex 75.7544 -25.7152 12
      vertex 72.4402 -24.5901 12
      vertex 73.9104 -30.6147 12
    endloop
  endfacet
  facet normal -0 0 1
    outer loop
      vertex 70.6768 -29.2753 12
      vertex 73.9104 -30.6147 12
      vertex 72.4402 -24.5901 12
    endloop
  endfacet
  facet normal 0 0 1
    outer loop
      vertex 73.9104 -30.6147 12
      vertex 70.6768 -29.2753 12
      vertex 71.7498 -35.3831 12
    endloop
  endfacet
  facet normal -0 0 1
    outer loop
      vertex 68.6108 -33.8351 12
      vertex 71.7498 -35.3831 12
      vertex 70.6768 -29.2753 12
    endloop
  endfacet
  facet normal 0 0 1
    outer loop
      vertex 71.7498 -35.3831 12
      vertex 68.6108 -33.8351 12
      vertex 69.282 -40 12
    endloop
  endfacet
  facet normal -0 0 1
    outer loop
      vertex 66.2509 -38.25 12
      vertex 69.282 -40 12
      vertex 68.6108 -33.8351 12
    endloop
  endfacet
  facet normal 0 0 1
    outer loop
      vertex 69.282 -40 12
      vertex 66.2509 -38.25 12
      vertex 66.5176 -44.4456 12
    endloop
  endfacet
  facet normal -0 0 1
    outer loop
      vertex 63.6074 -42.5011 12
      vertex 66.5176 -44.4456 12
      vertex 66.2509 -38.25 12
    endloop
  endfacet
  facet normal 0 0 1
    outer loop
      vertex 63.6074 -42.5011 12
      vertex 63.4683 -48.7009 12
      vertex 66.5176 -44.4456 12
    endloop
  endfacet
  facet normal -0 0 1
    outer loop
      vertex 60.6915 -46.5702 12
      vertex 63.4683 -48.7009 12
      vertex 63.6074 -42.5011 12
    endloop
  endfacet
  facet normal 0 0 1
    outer loop
      vertex 60.6915 -46.5702 12
      vertex 60.1472 -52.7477 12
      vertex 63.4683 -48.7009 12
    endloop
  endfacet
  facet normal -0 0 1
    outer loop
      vertex 57.5157 -50.44 12
      vertex 60.1472 -52.7477 12
      vertex 60.6915 -46.5702 12
    endloop
  endfacet
  facet normal 0 0 1
    outer loop
      vertex 57.5157 -50.44 12
      vertex 56.5685 -56.5685 12
      vertex 60.1472 -52.7477 12
    endloop
  endfacet
  facet normal -0 0 1
    outer loop
      vertex 54.0937 -54.0937 12
      vertex 56.5685 -56.5685 12
      vertex 57.5157 -50.44 12
    endloop
  endfacet
  facet normal 0 0 1
    outer loop
      vertex 54.0937 -54.0937 12
      vertex 52.7477 -60.1472 12
      vertex 56.5685 -56.5685 12
    endloop
  endfacet
  facet normal -0 0 1
    outer loop
      vertex 50.44 -57.5157 12
      vertex 52.7477 -60.1472 12
      vertex 54.0937 -54.0937 12
    endloop
  endfacet
  facet normal 0 0 1
    outer loop
      vertex 50.44 -57.5157 12
      vertex 48.7009 -63.4683 12
      vertex 52.7477 -60.1472 12
    endloop
  endfacet
  facet normal -0 0 1
    outer loop
      vertex 46.5702 -60.6915 12
      vertex 48.7009 -63.4683 12
      vertex 50.44 -57.5157 12
    endloop
  endfacet
  facet normal 0 0 1
    outer loop
      vertex 46.5702 -60.6915 12
      vertex 44.4456 -66.5176 12
      vertex 48.7009 -63.4683 12
    endloop
  endfacet
  facet normal -0 0 1
    outer loop
      vertex 42.5011 -63.6074 12
      vertex 44.4456 -66.5176 12
      vertex 46.5702 -60.6915 12
    endloop
  endfacet
  facet normal 0 0 1
    outer loop
      vertex 42.5011 -63.6074 12
      vertex 40 -69.282 12
      vertex 44.4456 -66.5176 12
    endloop
  endfacet
  facet normal -0 0 1
    outer loop
      vertex 38.25 -66.2509 12
      vertex 40 -69.282 12
      vertex 42.5011 -63.6074 12
    endloop
  endfacet
  facet normal 0 0 1
    outer loop
      vertex 38.25 -66.2509 12
      vertex 35.3831 -71.7498 12
      vertex 40 -69.282 12
    endloop
  endfacet
  facet normal -0 0 1
    outer loop
      vertex 33.8351 -68.6108 12
      vertex 35.3831 -71.7498 12
      vertex 38.25 -66.2509 12
    endloop
  endfacet
  facet normal 0 0 1
    outer loop
      vertex 33.8351 -68.6108 12
      vertex 30.6147 -73.9104 12
      vertex 35.3831 -71.7498 12
    endloop
  endfacet
  facet normal -0 0 1
    outer loop
      vertex 29.2753 -70.6768 12
      vertex 30.6147 -73.9104 12
      vertex 33.8351 -68.6108 12
    endloop
  endfacet
  facet normal 0 0 1
    outer loop
      vertex 29.2753 -70.6768 12
      vertex 25.7152 -75.7544 12
      vertex 30.6147 -73.9104 12
    endloop
  endfacet
  facet normal -0 0 1
    outer loop
      vertex 24.5901 -72.4402 12
      vertex 25.7152 -75.7544 12
      vertex 29.2753 -70.6768 12
    endloop
  endfacet
  facet normal 0 0 1
    outer loop
      vertex 24.5901 -72.4402 12
      vertex 20.7055 -77.2741 12
      vertex 25.7152 -75.7544 12
    endloop
  endfacet
  facet normal -0 0 1
    outer loop
      vertex 19.7997 -73.8933 12
      vertex 20.7055 -77.2741 12
      vertex 24.5901 -72.4402 12
    endloop
  endfacet
  facet normal 0 0 1
    outer loop
      vertex 19.7997 -73.8933 12
      vertex 15.6072 -78.4628 12
      vertex 20.7055 -77.2741 12
    endloop
  endfacet
  facet normal -0 0 1
    outer loop
      vertex 14.9244 -75.0301 12
      vertex 15.6072 -78.4628 12
      vertex 19.7997 -73.8933 12
    endloop
  endfacet
  facet normal 0 0 1
    outer loop
      vertex 14.9244 -75.0301 12
      vertex 10.4421 -79.3156 12
      vertex 15.6072 -78.4628 12
    endloop
  endfacet
  facet normal -0 0 1
    outer loop
      vertex 9.98525 -75.8455 12
      vertex 10.4421 -79.3156 12
      vertex 14.9244 -75.0301 12
    endloop
  endfacet
  facet normal 0 0 1
    outer loop
      vertex 9.98525 -75.8455 12
      vertex 5.23225 -79.8287 12
      vertex 10.4421 -79.3156 12
    endloop
  endfacet
  facet normal -0 0 1
    outer loop
      vertex 5.00334 -76.3362 12
      vertex 5.23225 -79.8287 12
      vertex 9.98525 -75.8455 12
    endloop
  endfacet
  facet normal -0 0 1
    outer loop
      vertex 0 -76.5 12
      vertex 5.23225 -79.8287 12
      vertex 5.00334 -76.3362 12
    endloop
  endfacet
  facet normal 0 0 1
    outer loop
      vertex 0 -76.5 12
      vertex 0 -80 12
      vertex 5.23225 -79.8287 12
    endloop
  endfacet
  facet normal 0 0 1
    outer loop
      vertex -5.00334 -76.3362 12
      vertex 0 -80 12
      vertex 0 -76.5 12
    endloop
  endfacet
  facet normal 0 0 1
    outer loop
      vertex -5.00334 -76.3362 12
      vertex -5.23225 -79.8287 12
      vertex 0 -80 12
    endloop
  endfacet
  facet normal 0 0 1
    outer loop
      vertex -9.98525 -75.8455 12
      vertex -5.23225 -79.8287 12
      vertex -5.00334 -76.3362 12
    endloop
  endfacet
  facet normal 0 0 1
    outer loop
      vertex -9.98525 -75.8455 12
      vertex -10.4421 -79.3156 12
      vertex -5.23225 -79.8287 12
    endloop
  endfacet
  facet normal 0 0 1
    outer loop
      vertex -14.9244 -75.0301 12
      vertex -10.4421 -79.3156 12
      vertex -9.98525 -75.8455 12
    endloop
  endfacet
  facet normal 0 0 1
    outer loop
      vertex -14.9244 -75.0301 12
      vertex -15.6072 -78.4628 12
      vertex -10.4421 -79.3156 12
    endloop
  endfacet
  facet normal 0 0 1
    outer loop
      vertex -19.7997 -73.8933 12
      vertex -15.6072 -78.4628 12
      vertex -14.9244 -75.0301 12
    endloop
  endfacet
  facet normal 0 0 1
    outer loop
      vertex -19.7997 -73.8933 12
      vertex -20.7055 -77.2741 12
      vertex -15.6072 -78.4628 12
    endloop
  endfacet
  facet normal 0 0 1
    outer loop
      vertex -24.5901 -72.4402 12
      vertex -20.7055 -77.2741 12
      vertex -19.7997 -73.8933 12
    endloop
  endfacet
  facet normal 0 0 1
    outer loop
      vertex -24.5901 -72.4402 12
      vertex -25.7152 -75.7544 12
      vertex -20.7055 -77.2741 12
    endloop
  endfacet
  facet normal 0 0 1
    outer loop
      vertex -29.2753 -70.6768 12
      vertex -25.7152 -75.7544 12
      vertex -24.5901 -72.4402 12
    endloop
  endfacet
  facet normal 0 0 1
    outer loop
      vertex -29.2753 -70.6768 12
      vertex -30.6147 -73.9104 12
      vertex -25.7152 -75.7544 12
    endloop
  endfacet
  facet normal 0 0 1
    outer loop
      vertex -33.8351 -68.6108 12
      vertex -30.6147 -73.9104 12
      vertex -29.2753 -70.6768 12
    endloop
  endfacet
  facet normal 0 0 1
    outer loop
      vertex -33.8351 -68.6108 12
      vertex -35.3831 -71.7498 12
      vertex -30.6147 -73.9104 12
    endloop
  endfacet
  facet normal 0 0 1
    outer loop
      vertex -38.25 -66.2509 12
      vertex -35.3831 -71.7498 12
      vertex -33.8351 -68.6108 12
    endloop
  endfacet
  facet normal 0 0 1
    outer loop
      vertex -38.25 -66.2509 12
      vertex -40 -69.282 12
      vertex -35.3831 -71.7498 12
    endloop
  endfacet
  facet normal 0 0 1
    outer loop
      vertex -42.5011 -63.6074 12
      vertex -40 -69.282 12
      vertex -38.25 -66.2509 12
    endloop
  endfacet
  facet normal 0 0 1
    outer loop
      vertex -42.5011 -63.6074 12
      vertex -44.4456 -66.5176 12
      vertex -40 -69.282 12
    endloop
  endfacet
  facet normal 0 0 1
    outer loop
      vertex -46.5702 -60.6915 12
      vertex -44.4456 -66.5176 12
      vertex -42.5011 -63.6074 12
    endloop
  endfacet
  facet normal 0 0 1
    outer loop
      vertex -46.5702 -60.6915 12
      vertex -48.7009 -63.4683 12
      vertex -44.4456 -66.5176 12
    endloop
  endfacet
  facet normal 0 0 1
    outer loop
      vertex -50.44 -57.5157 12
      vertex -48.7009 -63.4683 12
      vertex -46.5702 -60.6915 12
    endloop
  endfacet
  facet normal 0 0 1
    outer loop
      vertex -50.44 -57.5157 12
      vertex -52.7477 -60.1472 12
      vertex -48.7009 -63.4683 12
    endloop
  endfacet
  facet normal 0 0 1
    outer loop
      vertex -54.0937 -54.0937 12
      vertex -52.7477 -60.1472 12
      vertex -50.44 -57.5157 12
    endloop
  endfacet
  facet normal 0 0 1
    outer loop
      vertex -54.0937 -54.0937 12
      vertex -56.5685 -56.5685 12
      vertex -52.7477 -60.1472 12
    endloop
  endfacet
  facet normal 0 0 1
    outer loop
      vertex -57.5157 -50.44 12
      vertex -56.5685 -56.5685 12
      vertex -54.0937 -54.0937 12
    endloop
  endfacet
  facet normal 0 0 1
    outer loop
      vertex -57.5157 -50.44 12
      vertex -60.1472 -52.7477 12
      vertex -56.5685 -56.5685 12
    endloop
  endfacet
  facet normal 0 0 1
    outer loop
      vertex -60.6915 -46.5702 12
      vertex -60.1472 -52.7477 12
      vertex -57.5157 -50.44 12
    endloop
  endfacet
  facet normal 0 0 1
    outer loop
      vertex -60.6915 -46.5702 12
      vertex -63.4683 -48.7009 12
      vertex -60.1472 -52.7477 12
    endloop
  endfacet
  facet normal 0 0 1
    outer loop
      vertex -63.6074 -42.5011 12
      vertex -63.4683 -48.7009 12
      vertex -60.6915 -46.5702 12
    endloop
  endfacet
  facet normal 0 0 1
    outer loop
      vertex -66.5176 -44.4456 12
      vertex -63.6074 -42.5011 12
      vertex -66.2509 -38.25 12
    endloop
  endfacet
  facet normal 0 0 1
    outer loop
      vertex -63.6074 -42.5011 12
      vertex -66.5176 -44.4456 12
      vertex -63.4683 -48.7009 12
    endloop
  endfacet
  facet normal 0 0 1
    outer loop
      vertex -69.282 -40 12
      vertex -66.2509 -38.25 12
      vertex -68.6108 -33.8351 12
    endloop
  endfacet
  facet normal 0 0 1
    outer loop
      vertex -66.2509 -38.25 12
      vertex -69.282 -40 12
      vertex -66.5176 -44.4456 12
    endloop
  endfacet
  facet normal 0 0 1
    outer loop
      vertex -71.7498 -35.3831 12
      vertex -68.6108 -33.8351 12
      vertex -70.6768 -29.2753 12
    endloop
  endfacet
  facet normal 0 0 1
    outer loop
      vertex -68.6108 -33.8351 12
      vertex -71.7498 -35.3831 12
      vertex -69.282 -40 12
    endloop
  endfacet
  facet normal 0 0 1
    outer loop
      vertex -73.9104 -30.6147 12
      vertex -70.6768 -29.2753 12
      vertex -72.4402 -24.5901 12
    endloop
  endfacet
  facet normal 0 0 1
    outer loop
      vertex -75.7544 -25.7152 12
      vertex -72.4402 -24.5901 12
      vertex -73.8933 -19.7997 12
    endloop
  endfacet
  facet normal 0 0 1
    outer loop
      vertex -70.6768 -29.2753 12
      vertex -73.9104 -30.6147 12
      vertex -71.7498 -35.3831 12
    endloop
  endfacet
  facet normal 0 0 1
    outer loop
      vertex -77.2741 -20.7055 12
      vertex -73.8933 -19.7997 12
      vertex -75.0301 -14.9244 12
    endloop
  endfacet
  facet normal 0 0 1
    outer loop
      vertex -72.4402 -24.5901 12
      vertex -75.7544 -25.7152 12
      vertex -73.9104 -30.6147 12
    endloop
  endfacet
  facet normal 0 0 1
    outer loop
      vertex -78.4628 -15.6072 12
      vertex -75.0301 -14.9244 12
      vertex -75.8455 -9.98525 12
    endloop
  endfacet
  facet normal 0 0 1
    outer loop
      vertex -79.3156 -10.4421 12
      vertex -75.8455 -9.98525 12
      vertex -76.3362 -5.00334 12
    endloop
  endfacet
  facet normal 0 0 1
    outer loop
      vertex -79.8287 -5.23225 12
      vertex -76.3362 -5.00334 12
      vertex -76.5 0 12
    endloop
  endfacet
  facet normal 0 0 1
    outer loop
      vertex -75.8455 9.98525 12
      vertex -79.3156 10.4421 12
      vertex -76.3362 5.00334 12
    endloop
  endfacet
  facet normal 0 0 1
    outer loop
      vertex -73.8933 -19.7997 12
      vertex -77.2741 -20.7055 12
      vertex -75.7544 -25.7152 12
    endloop
  endfacet
  facet normal -0 0 1
    outer loop
      vertex -79.8287 5.23225 12
      vertex -76.3362 5.00334 12
      vertex -79.3156 10.4421 12
    endloop
  endfacet
  facet normal 0 0 1
    outer loop
      vertex -75.0301 -14.9244 12
      vertex -78.4628 -15.6072 12
      vertex -77.2741 -20.7055 12
    endloop
  endfacet
  facet normal 0 0 1
    outer loop
      vertex -76.3362 5.00334 12
      vertex -79.8287 5.23225 12
      vertex -76.5 0 12
    endloop
  endfacet
  facet normal 0 0 1
    outer loop
      vertex -75.8455 -9.98525 12
      vertex -79.3156 -10.4421 12
      vertex -78.4628 -15.6072 12
    endloop
  endfacet
  facet normal 0 0 1
    outer loop
      vertex -80 0 12
      vertex -76.5 0 12
      vertex -79.8287 5.23225 12
    endloop
  endfacet
  facet normal 0 0 1
    outer loop
      vertex -76.3362 -5.00334 12
      vertex -79.8287 -5.23225 12
      vertex -79.3156 -10.4421 12
    endloop
  endfacet
  facet normal 0 0 1
    outer loop
      vertex -76.5 0 12
      vertex -80 0 12
      vertex -79.8287 -5.23225 12
    endloop
  endfacet
  facet normal -0.956939 0.290289 0
    outer loop
      vertex -77.2741 20.7055 0
      vertex -75.7544 25.7152 12
      vertex -75.7544 25.7152 0
    endloop
  endfacet
  facet normal -0.956939 0.290289 0
    outer loop
      vertex -75.7544 25.7152 12
      vertex -77.2741 20.7055 0
      vertex -77.2741 20.7055 12
    endloop
  endfacet
  facet normal -0.986642 0.162903 0
    outer loop
      vertex -79.3156 10.4421 0
      vertex -78.4628 15.6072 12
      vertex -78.4628 15.6072 0
    endloop
  endfacet
  facet normal -0.986642 0.162903 0
    outer loop
      vertex -78.4628 15.6072 12
      vertex -79.3156 10.4421 0
      vertex -79.3156 10.4421 12
    endloop
  endfacet
  facet normal -0.471399 0.88192 0
    outer loop
      vertex -35.3831 71.7498 0
      vertex -40 69.282 12
      vertex -35.3831 71.7498 12
    endloop
  endfacet
  facet normal -0.471399 0.88192 0
    outer loop
      vertex -40 69.282 12
      vertex -35.3831 71.7498 0
      vertex -40 69.282 0
    endloop
  endfacet
  facet normal -0.582477 0.812847 0
    outer loop
      vertex -44.4456 66.5176 0
      vertex -48.7009 63.4683 12
      vertex -44.4456 66.5176 12
    endloop
  endfacet
  facet normal -0.582477 0.812847 0
    outer loop
      vertex -48.7009 63.4683 12
      vertex -44.4456 66.5176 0
      vertex -48.7009 63.4683 0
    endloop
  endfacet
  facet normal -0.352243 0.935909 0
    outer loop
      vertex -25.7152 75.7544 0
      vertex -30.6147 73.9104 12
      vertex -25.7152 75.7544 12
    endloop
  endfacet
  facet normal -0.352243 0.935909 0
    outer loop
      vertex -30.6147 73.9104 12
      vertex -25.7152 75.7544 0
      vertex -30.6147 73.9104 0
    endloop
  endfacet
  facet normal -0.227066 0.973879 0
    outer loop
      vertex -15.6072 78.4628 0
      vertex -20.7055 77.2741 12
      vertex -15.6072 78.4628 12
    endloop
  endfacet
  facet normal -0.227066 0.973879 0
    outer loop
      vertex -20.7055 77.2741 12
      vertex -15.6072 78.4628 0
      vertex -20.7055 77.2741 0
    endloop
  endfacet
  facet normal -0.0980123 0.995185 0
    outer loop
      vertex -5.23225 79.8287 0
      vertex -10.4421 79.3156 12
      vertex -5.23225 79.8287 12
    endloop
  endfacet
  facet normal -0.0980123 0.995185 0
    outer loop
      vertex -10.4421 79.3156 12
      vertex -5.23225 79.8287 0
      vertex -10.4421 79.3156 0
    endloop
  endfacet
  facet normal -0.162903 0.986642 0
    outer loop
      vertex -10.4421 79.3156 0
      vertex -15.6072 78.4628 12
      vertex -10.4421 79.3156 12
    endloop
  endfacet
  facet normal -0.162903 0.986642 0
    outer loop
      vertex -15.6072 78.4628 12
      vertex -10.4421 79.3156 0
      vertex -15.6072 78.4628 0
    endloop
  endfacet
  facet normal 0.999465 0.0327059 0
    outer loop
      vertex 79.8287 5.23225 12
      vertex 79.8363 5 9
      vertex 79.8287 5.23225 0
    endloop
  endfacet
  facet normal 0.999465 0.0327217 -1.23049e-06
    outer loop
      vertex 80 0 12
      vertex 79.8363 5 9
      vertex 79.8287 5.23225 12
    endloop
  endfacet
  facet normal 0.999464 0.0327225 0
    outer loop
      vertex 79.8363 5 9
      vertex 80 0 12
      vertex 80 0 9
    endloop
  endfacet
  facet normal 0.999465 0.0327059 0
    outer loop
      vertex 79.8287 5.23225 0
      vertex 79.8363 5 9
      vertex 79.8363 5 0
    endloop
  endfacet
  facet normal 0.0980123 -0.995185 0
    outer loop
      vertex 5.23225 -79.8287 0
      vertex 10.4421 -79.3156 12
      vertex 5.23225 -79.8287 12
    endloop
  endfacet
  facet normal 0.0980123 -0.995185 0
    outer loop
      vertex 10.4421 -79.3156 12
      vertex 5.23225 -79.8287 0
      vertex 10.4421 -79.3156 0
    endloop
  endfacet
  facet normal 0.290289 -0.956939 0
    outer loop
      vertex 20.7055 -77.2741 0
      vertex 25.7152 -75.7544 12
      vertex 20.7055 -77.2741 12
    endloop
  endfacet
  facet normal 0.290289 -0.956939 0
    outer loop
      vertex 25.7152 -75.7544 12
      vertex 20.7055 -77.2741 0
      vertex 25.7152 -75.7544 0
    endloop
  endfacet
  facet normal 0.352243 -0.935909 0
    outer loop
      vertex 25.7152 -75.7544 0
      vertex 30.6147 -73.9104 12
      vertex 25.7152 -75.7544 12
    endloop
  endfacet
  facet normal 0.352243 -0.935909 0
    outer loop
      vertex 30.6147 -73.9104 12
      vertex 25.7152 -75.7544 0
      vertex 30.6147 -73.9104 0
    endloop
  endfacet
  facet normal 0.582477 -0.812847 0
    outer loop
      vertex 44.4456 -66.5176 0
      vertex 48.7009 -63.4683 12
      vertex 44.4456 -66.5176 12
    endloop
  endfacet
  facet normal 0.582477 -0.812847 0
    outer loop
      vertex 48.7009 -63.4683 12
      vertex 44.4456 -66.5176 0
      vertex 48.7009 -63.4683 0
    endloop
  endfacet
  facet normal 0.528061 -0.849207 0
    outer loop
      vertex 40 -69.282 0
      vertex 44.4456 -66.5176 12
      vertex 40 -69.282 12
    endloop
  endfacet
  facet normal 0.528061 -0.849207 0
    outer loop
      vertex 44.4456 -66.5176 12
      vertex 40 -69.282 0
      vertex 44.4456 -66.5176 0
    endloop
  endfacet
  facet normal 0.412718 -0.910859 0
    outer loop
      vertex 30.6147 -73.9104 0
      vertex 35.3831 -71.7498 12
      vertex 30.6147 -73.9104 12
    endloop
  endfacet
  facet normal 0.412718 -0.910859 0
    outer loop
      vertex 35.3831 -71.7498 12
      vertex 30.6147 -73.9104 0
      vertex 35.3831 -71.7498 0
    endloop
  endfacet
  facet normal 0.773013 -0.634391 0
    outer loop
      vertex 60.1472 -52.7477 12
      vertex 63.4683 -48.7009 0
      vertex 63.4683 -48.7009 12
    endloop
  endfacet
  facet normal 0.773013 -0.634391 0
    outer loop
      vertex 63.4683 -48.7009 0
      vertex 60.1472 -52.7477 12
      vertex 60.1472 -52.7477 0
    endloop
  endfacet
  facet normal 0.88192 -0.471399 0
    outer loop
      vertex 69.282 -40 12
      vertex 71.7498 -35.3831 0
      vertex 71.7498 -35.3831 12
    endloop
  endfacet
  facet normal 0.88192 -0.471399 0
    outer loop
      vertex 71.7498 -35.3831 0
      vertex 69.282 -40 12
      vertex 69.282 -40 0
    endloop
  endfacet
  facet normal 0.910859 -0.412718 0
    outer loop
      vertex 71.7498 -35.3831 12
      vertex 73.9104 -30.6147 0
      vertex 73.9104 -30.6147 12
    endloop
  endfacet
  facet normal 0.910859 -0.412718 0
    outer loop
      vertex 73.9104 -30.6147 0
      vertex 71.7498 -35.3831 12
      vertex 71.7498 -35.3831 0
    endloop
  endfacet
  facet normal 0.935909 -0.352243 0
    outer loop
      vertex 73.9104 -30.6147 12
      vertex 75.7544 -25.7152 0
      vertex 75.7544 -25.7152 12
    endloop
  endfacet
  facet normal 0.935909 -0.352243 0
    outer loop
      vertex 75.7544 -25.7152 0
      vertex 73.9104 -30.6147 12
      vertex 73.9104 -30.6147 0
    endloop
  endfacet
  facet normal 0.956939 -0.290289 0
    outer loop
      vertex 75.7544 -25.7152 12
      vertex 77.2741 -20.7055 0
      vertex 77.2741 -20.7055 12
    endloop
  endfacet
  facet normal 0.956939 -0.290289 0
    outer loop
      vertex 77.2741 -20.7055 0
      vertex 75.7544 -25.7152 12
      vertex 75.7544 -25.7152 0
    endloop
  endfacet
  facet normal 0.986642 -0.162903 0
    outer loop
      vertex 78.4628 -15.6072 12
      vertex 79.3156 -10.4421 0
      vertex 79.3156 -10.4421 12
    endloop
  endfacet
  facet normal 0.986642 -0.162903 0
    outer loop
      vertex 79.3156 -10.4421 0
      vertex 78.4628 -15.6072 12
      vertex 78.4628 -15.6072 0
    endloop
  endfacet
  facet normal -0.227066 -0.973879 0
    outer loop
      vertex -20.7055 -77.2741 0
      vertex -15.6072 -78.4628 12
      vertex -20.7055 -77.2741 12
    endloop
  endfacet
  facet normal -0.227066 -0.973879 -0
    outer loop
      vertex -15.6072 -78.4628 12
      vertex -20.7055 -77.2741 0
      vertex -15.6072 -78.4628 0
    endloop
  endfacet
  facet normal -0.162903 -0.986642 0
    outer loop
      vertex -15.6072 -78.4628 0
      vertex -10.4421 -79.3156 12
      vertex -15.6072 -78.4628 12
    endloop
  endfacet
  facet normal -0.162903 -0.986642 -0
    outer loop
      vertex -10.4421 -79.3156 12
      vertex -15.6072 -78.4628 0
      vertex -10.4421 -79.3156 0
    endloop
  endfacet
  facet normal -0.471399 -0.88192 0
    outer loop
      vertex -40 -69.282 0
      vertex -35.3831 -71.7498 12
      vertex -40 -69.282 12
    endloop
  endfacet
  facet normal -0.471399 -0.88192 -0
    outer loop
      vertex -35.3831 -71.7498 12
      vertex -40 -69.282 0
      vertex -35.3831 -71.7498 0
    endloop
  endfacet
  facet normal -0.634391 -0.773013 0
    outer loop
      vertex -52.7477 -60.1472 0
      vertex -48.7009 -63.4683 12
      vertex -52.7477 -60.1472 12
    endloop
  endfacet
  facet normal -0.634391 -0.773013 -0
    outer loop
      vertex -48.7009 -63.4683 12
      vertex -52.7477 -60.1472 0
      vertex -48.7009 -63.4683 0
    endloop
  endfacet
  facet normal -0.812847 -0.582477 0
    outer loop
      vertex -63.4683 -48.7009 0
      vertex -66.5176 -44.4456 12
      vertex -66.5176 -44.4456 0
    endloop
  endfacet
  facet normal -0.812847 -0.582477 0
    outer loop
      vertex -66.5176 -44.4456 12
      vertex -63.4683 -48.7009 0
      vertex -63.4683 -48.7009 12
    endloop
  endfacet
  facet normal -0.849207 -0.528061 0
    outer loop
      vertex -66.5176 -44.4456 0
      vertex -69.282 -40 12
      vertex -69.282 -40 0
    endloop
  endfacet
  facet normal -0.849207 -0.528061 0
    outer loop
      vertex -69.282 -40 12
      vertex -66.5176 -44.4456 0
      vertex -66.5176 -44.4456 12
    endloop
  endfacet
  facet normal -0.995185 -0.0980123 0
    outer loop
      vertex -79.3156 -10.4421 0
      vertex -79.8287 -5.23225 12
      vertex -79.8287 -5.23225 0
    endloop
  endfacet
  facet normal -0.995185 -0.0980123 0
    outer loop
      vertex -79.8287 -5.23225 12
      vertex -79.3156 -10.4421 0
      vertex -79.3156 -10.4421 12
    endloop
  endfacet
  facet normal -0.956939 -0.290289 0
    outer loop
      vertex -75.7544 -25.7152 0
      vertex -77.2741 -20.7055 12
      vertex -77.2741 -20.7055 0
    endloop
  endfacet
  facet normal -0.956939 -0.290289 0
    outer loop
      vertex -77.2741 -20.7055 12
      vertex -75.7544 -25.7152 0
      vertex -75.7544 -25.7152 12
    endloop
  endfacet
  facet normal -0.812847 0.582477 0
    outer loop
      vertex -66.5176 44.4456 0
      vertex -63.4683 48.7009 12
      vertex -63.4683 48.7009 0
    endloop
  endfacet
  facet normal -0.812847 0.582477 0
    outer loop
      vertex -63.4683 48.7009 12
      vertex -66.5176 44.4456 0
      vertex -66.5176 44.4456 12
    endloop
  endfacet
  facet normal -0.773013 0.634391 0
    outer loop
      vertex -63.4683 48.7009 0
      vertex -60.1472 52.7477 12
      vertex -60.1472 52.7477 0
    endloop
  endfacet
  facet normal -0.773013 0.634391 0
    outer loop
      vertex -60.1472 52.7477 12
      vertex -63.4683 48.7009 0
      vertex -63.4683 48.7009 12
    endloop
  endfacet
  facet normal -0.412718 0.910859 0
    outer loop
      vertex -30.6147 73.9104 0
      vertex -35.3831 71.7498 12
      vertex -30.6147 73.9104 12
    endloop
  endfacet
  facet normal -0.412718 0.910859 0
    outer loop
      vertex -35.3831 71.7498 12
      vertex -30.6147 73.9104 0
      vertex -35.3831 71.7498 0
    endloop
  endfacet
  facet normal 0.162903 -0.986642 0
    outer loop
      vertex 10.4421 -79.3156 0
      vertex 15.6072 -78.4628 12
      vertex 10.4421 -79.3156 12
    endloop
  endfacet
  facet normal 0.162903 -0.986642 0
    outer loop
      vertex 15.6072 -78.4628 12
      vertex 10.4421 -79.3156 0
      vertex 15.6072 -78.4628 0
    endloop
  endfacet
  facet normal 0.634391 -0.773013 0
    outer loop
      vertex 48.7009 -63.4683 0
      vertex 52.7477 -60.1472 12
      vertex 48.7009 -63.4683 12
    endloop
  endfacet
  facet normal 0.634391 -0.773013 0
    outer loop
      vertex 52.7477 -60.1472 12
      vertex 48.7009 -63.4683 0
      vertex 52.7477 -60.1472 0
    endloop
  endfacet
  facet normal 0.471399 -0.88192 0
    outer loop
      vertex 35.3831 -71.7498 0
      vertex 40 -69.282 12
      vertex 35.3831 -71.7498 12
    endloop
  endfacet
  facet normal 0.471399 -0.88192 0
    outer loop
      vertex 40 -69.282 12
      vertex 35.3831 -71.7498 0
      vertex 40 -69.282 0
    endloop
  endfacet
  facet normal 0.812847 -0.582477 0
    outer loop
      vertex 63.4683 -48.7009 12
      vertex 66.5176 -44.4456 0
      vertex 66.5176 -44.4456 12
    endloop
  endfacet
  facet normal 0.812847 -0.582477 0
    outer loop
      vertex 66.5176 -44.4456 0
      vertex 63.4683 -48.7009 12
      vertex 63.4683 -48.7009 0
    endloop
  endfacet
  facet normal 0.995185 -0.0980123 0
    outer loop
      vertex 79.3156 -10.4421 12
      vertex 79.8287 -5.23225 0
      vertex 79.8287 -5.23225 12
    endloop
  endfacet
  facet normal 0.995185 -0.0980123 0
    outer loop
      vertex 79.8287 -5.23225 0
      vertex 79.3156 -10.4421 12
      vertex 79.3156 -10.4421 0
    endloop
  endfacet
  facet normal -0.290289 -0.956939 0
    outer loop
      vertex -25.7152 -75.7544 0
      vertex -20.7055 -77.2741 12
      vertex -25.7152 -75.7544 12
    endloop
  endfacet
  facet normal -0.290289 -0.956939 -0
    outer loop
      vertex -20.7055 -77.2741 12
      vertex -25.7152 -75.7544 0
      vertex -20.7055 -77.2741 0
    endloop
  endfacet
  facet normal -0.0980123 -0.995185 0
    outer loop
      vertex -10.4421 -79.3156 0
      vertex -5.23225 -79.8287 12
      vertex -10.4421 -79.3156 12
    endloop
  endfacet
  facet normal -0.0980123 -0.995185 -0
    outer loop
      vertex -5.23225 -79.8287 12
      vertex -10.4421 -79.3156 0
      vertex -5.23225 -79.8287 0
    endloop
  endfacet
  facet normal -0.412718 -0.910859 0
    outer loop
      vertex -35.3831 -71.7498 0
      vertex -30.6147 -73.9104 12
      vertex -35.3831 -71.7498 12
    endloop
  endfacet
  facet normal -0.412718 -0.910859 -0
    outer loop
      vertex -30.6147 -73.9104 12
      vertex -35.3831 -71.7498 0
      vertex -30.6147 -73.9104 0
    endloop
  endfacet
  facet normal -0.773013 -0.634391 0
    outer loop
      vertex -60.1472 -52.7477 0
      vertex -63.4683 -48.7009 12
      vertex -63.4683 -48.7009 0
    endloop
  endfacet
  facet normal -0.773013 -0.634391 0
    outer loop
      vertex -63.4683 -48.7009 12
      vertex -60.1472 -52.7477 0
      vertex -60.1472 -52.7477 12
    endloop
  endfacet
  facet normal -0.88192 -0.471399 0
    outer loop
      vertex -69.282 -40 0
      vertex -71.7498 -35.3831 12
      vertex -71.7498 -35.3831 0
    endloop
  endfacet
  facet normal -0.88192 -0.471399 0
    outer loop
      vertex -71.7498 -35.3831 12
      vertex -69.282 -40 0
      vertex -69.282 -40 12
    endloop
  endfacet
  facet normal -0.986642 -0.162903 0
    outer loop
      vertex -78.4628 -15.6072 0
      vertex -79.3156 -10.4421 12
      vertex -79.3156 -10.4421 0
    endloop
  endfacet
  facet normal -0.986642 -0.162903 0
    outer loop
      vertex -79.3156 -10.4421 12
      vertex -78.4628 -15.6072 0
      vertex -78.4628 -15.6072 12
    endloop
  endfacet
  facet normal -0.935909 -0.352243 0
    outer loop
      vertex -73.9104 -30.6147 0
      vertex -75.7544 -25.7152 12
      vertex -75.7544 -25.7152 0
    endloop
  endfacet
  facet normal -0.935909 -0.352243 0
    outer loop
      vertex -75.7544 -25.7152 12
      vertex -73.9104 -30.6147 0
      vertex -73.9104 -30.6147 12
    endloop
  endfacet
  facet normal -0.634386 -0.773017 0
    outer loop
      vertex 46.5702 60.6915 8
      vertex 50.44 57.5157 12
      vertex 46.5702 60.6915 12
    endloop
  endfacet
  facet normal -0.634386 -0.773017 -0
    outer loop
      vertex 50.44 57.5157 12
      vertex 46.5702 60.6915 8
      vertex 50.44 57.5157 8
    endloop
  endfacet
  facet normal 0.352253 -0.935905 0
    outer loop
      vertex -29.2753 70.6768 8
      vertex -24.5901 72.4402 12
      vertex -29.2753 70.6768 12
    endloop
  endfacet
  facet normal 0.352253 -0.935905 0
    outer loop
      vertex -24.5901 72.4402 12
      vertex -29.2753 70.6768 8
      vertex -24.5901 72.4402 8
    endloop
  endfacet
  facet normal 0.910865 -0.412704 0
    outer loop
      vertex -70.6768 29.2753 12
      vertex -68.6108 33.8351 8
      vertex -68.6108 33.8351 12
    endloop
  endfacet
  facet normal 0.910865 -0.412704 0
    outer loop
      vertex -68.6108 33.8351 8
      vertex -70.6768 29.2753 12
      vertex -70.6768 29.2753 8
    endloop
  endfacet
  facet normal -0.582481 0.812844 0
    outer loop
      vertex 46.5702 -60.6915 8
      vertex 42.5011 -63.6074 12
      vertex 46.5702 -60.6915 12
    endloop
  endfacet
  facet normal -0.582481 0.812844 0
    outer loop
      vertex 42.5011 -63.6074 12
      vertex 46.5702 -60.6915 8
      vertex 42.5011 -63.6074 8
    endloop
  endfacet
  facet normal -0.995184 0.098022 0
    outer loop
      vertex 75.8455 -9.98525 8
      vertex 76.3362 -5.00334 12
      vertex 76.3362 -5.00334 8
    endloop
  endfacet
  facet normal -0.995184 0.098022 0
    outer loop
      vertex 76.3362 -5.00334 12
      vertex 75.8455 -9.98525 8
      vertex 75.8455 -9.98525 12
    endloop
  endfacet
  facet normal 0.412704 0.910865 -0
    outer loop
      vertex -29.2753 -70.6768 8
      vertex -33.8351 -68.6108 12
      vertex -29.2753 -70.6768 12
    endloop
  endfacet
  facet normal 0.412704 0.910865 0
    outer loop
      vertex -33.8351 -68.6108 12
      vertex -29.2753 -70.6768 8
      vertex -33.8351 -68.6108 8
    endloop
  endfacet
  facet normal -0.910865 -0.412704 0
    outer loop
      vertex 70.6768 29.2753 8
      vertex 68.6108 33.8351 12
      vertex 68.6108 33.8351 8
    endloop
  endfacet
  facet normal -0.910865 -0.412704 0
    outer loop
      vertex 68.6108 33.8351 12
      vertex 70.6768 29.2753 8
      vertex 70.6768 29.2753 12
    endloop
  endfacet
  facet normal -0.881914 -0.47141 0
    outer loop
      vertex 68.6108 33.8351 8
      vertex 66.2509 38.25 12
      vertex 66.2509 38.25 8
    endloop
  endfacet
  facet normal -0.881914 -0.47141 0
    outer loop
      vertex 66.2509 38.25 12
      vertex 68.6108 33.8351 8
      vertex 68.6108 33.8351 12
    endloop
  endfacet
  facet normal -0.412704 -0.910865 0
    outer loop
      vertex 29.2753 70.6768 8
      vertex 33.8351 68.6108 12
      vertex 29.2753 70.6768 12
    endloop
  endfacet
  facet normal -0.412704 -0.910865 -0
    outer loop
      vertex 33.8351 68.6108 12
      vertex 29.2753 70.6768 8
      vertex 33.8351 68.6108 8
    endloop
  endfacet
  facet normal 0.986645 -0.162884 0
    outer loop
      vertex -75.8455 9.98525 12
      vertex -75.0301 14.9244 8
      vertex -75.0301 14.9244 12
    endloop
  endfacet
  facet normal 0.986645 -0.162884 0
    outer loop
      vertex -75.0301 14.9244 8
      vertex -75.8455 9.98525 12
      vertex -75.8455 9.98525 8
    endloop
  endfacet
  facet normal 0.72987 -0.683586 0
    outer loop
      vertex -57.5157 50.44 12
      vertex -54.0937 54.0937 8
      vertex -54.0937 54.0937 12
    endloop
  endfacet
  facet normal 0.72987 -0.683586 0
    outer loop
      vertex -54.0937 54.0937 8
      vertex -57.5157 50.44 12
      vertex -57.5157 50.44 8
    endloop
  endfacet
  facet normal 0.162884 -0.986645 0
    outer loop
      vertex -14.9244 75.0301 8
      vertex -9.98525 75.8455 12
      vertex -14.9244 75.0301 12
    endloop
  endfacet
  facet normal 0.162884 -0.986645 0
    outer loop
      vertex -9.98525 75.8455 12
      vertex -14.9244 75.0301 8
      vertex -9.98525 75.8455 8
    endloop
  endfacet
  facet normal -0.935905 0.352253 0
    outer loop
      vertex 70.6768 -29.2753 8
      vertex 72.4402 -24.5901 12
      vertex 72.4402 -24.5901 8
    endloop
  endfacet
  facet normal -0.935905 0.352253 0
    outer loop
      vertex 72.4402 -24.5901 12
      vertex 70.6768 -29.2753 8
      vertex 70.6768 -29.2753 12
    endloop
  endfacet
  facet normal 0.162884 0.986645 -0
    outer loop
      vertex -9.98525 -75.8455 8
      vertex -14.9244 -75.0301 12
      vertex -9.98525 -75.8455 12
    endloop
  endfacet
  facet normal 0.162884 0.986645 0
    outer loop
      vertex -14.9244 -75.0301 12
      vertex -9.98525 -75.8455 8
      vertex -14.9244 -75.0301 8
    endloop
  endfacet
  facet normal 0.683586 0.72987 -0
    outer loop
      vertex -50.44 -57.5157 8
      vertex -54.0937 -54.0937 12
      vertex -50.44 -57.5157 12
    endloop
  endfacet
  facet normal 0.683586 0.72987 0
    outer loop
      vertex -54.0937 -54.0937 12
      vertex -50.44 -57.5157 8
      vertex -54.0937 -54.0937 8
    endloop
  endfacet
  facet normal 0.986645 0.162884 0
    outer loop
      vertex -75.0301 -14.9244 12
      vertex -75.8455 -9.98525 8
      vertex -75.8455 -9.98525 12
    endloop
  endfacet
  facet normal 0.986645 0.162884 0
    outer loop
      vertex -75.8455 -9.98525 8
      vertex -75.0301 -14.9244 12
      vertex -75.0301 -14.9244 8
    endloop
  endfacet
  facet normal -0.995184 -0.098022 0
    outer loop
      vertex 76.3362 5.00334 8
      vertex 75.8455 9.98525 12
      vertex 75.8455 9.98525 8
    endloop
  endfacet
  facet normal -0.995184 -0.098022 0
    outer loop
      vertex 75.8455 9.98525 12
      vertex 76.3362 5.00334 8
      vertex 76.3362 5.00334 12
    endloop
  endfacet
  facet normal -0.973875 -0.227084 0
    outer loop
      vertex 75.0301 14.9244 8
      vertex 73.8933 19.7997 12
      vertex 73.8933 19.7997 8
    endloop
  endfacet
  facet normal -0.973875 -0.227084 0
    outer loop
      vertex 73.8933 19.7997 12
      vertex 75.0301 14.9244 8
      vertex 75.0301 14.9244 12
    endloop
  endfacet
  facet normal -0.773017 -0.634386 0
    outer loop
      vertex 60.6915 46.5702 8
      vertex 57.5157 50.44 12
      vertex 57.5157 50.44 8
    endloop
  endfacet
  facet normal -0.773017 -0.634386 0
    outer loop
      vertex 57.5157 50.44 12
      vertex 60.6915 46.5702 8
      vertex 60.6915 46.5702 12
    endloop
  endfacet
  facet normal -0.812844 -0.582481 0
    outer loop
      vertex 63.6074 42.5011 8
      vertex 60.6915 46.5702 12
      vertex 60.6915 46.5702 8
    endloop
  endfacet
  facet normal -0.812844 -0.582481 0
    outer loop
      vertex 60.6915 46.5702 12
      vertex 63.6074 42.5011 8
      vertex 63.6074 42.5011 12
    endloop
  endfacet
  facet normal -0.528067 -0.849203 0
    outer loop
      vertex 38.25 66.2509 8
      vertex 42.5011 63.6074 12
      vertex 38.25 66.2509 12
    endloop
  endfacet
  facet normal -0.528067 -0.849203 -0
    outer loop
      vertex 42.5011 63.6074 12
      vertex 38.25 66.2509 8
      vertex 42.5011 63.6074 8
    endloop
  endfacet
  facet normal -0.47141 -0.881914 0
    outer loop
      vertex 33.8351 68.6108 8
      vertex 38.25 66.2509 12
      vertex 33.8351 68.6108 12
    endloop
  endfacet
  facet normal -0.47141 -0.881914 -0
    outer loop
      vertex 38.25 66.2509 12
      vertex 33.8351 68.6108 8
      vertex 38.25 66.2509 8
    endloop
  endfacet
  facet normal -0.227084 -0.973875 0
    outer loop
      vertex 14.9244 75.0301 8
      vertex 19.7997 73.8933 12
      vertex 14.9244 75.0301 12
    endloop
  endfacet
  facet normal -0.227084 -0.973875 -0
    outer loop
      vertex 19.7997 73.8933 12
      vertex 14.9244 75.0301 8
      vertex 19.7997 73.8933 8
    endloop
  endfacet
  facet normal 0.973875 -0.227084 0
    outer loop
      vertex -75.0301 14.9244 12
      vertex -73.8933 19.7997 8
      vertex -73.8933 19.7997 12
    endloop
  endfacet
  facet normal 0.973875 -0.227084 0
    outer loop
      vertex -73.8933 19.7997 8
      vertex -75.0301 14.9244 12
      vertex -75.0301 14.9244 8
    endloop
  endfacet
  facet normal 0.849203 -0.528067 0
    outer loop
      vertex -66.2509 38.25 12
      vertex -63.6074 42.5011 8
      vertex -63.6074 42.5011 12
    endloop
  endfacet
  facet normal 0.849203 -0.528067 0
    outer loop
      vertex -63.6074 42.5011 8
      vertex -66.2509 38.25 12
      vertex -66.2509 38.25 8
    endloop
  endfacet
  facet normal 0.812844 -0.582481 0
    outer loop
      vertex -63.6074 42.5011 12
      vertex -60.6915 46.5702 8
      vertex -60.6915 46.5702 12
    endloop
  endfacet
  facet normal 0.812844 -0.582481 0
    outer loop
      vertex -60.6915 46.5702 8
      vertex -63.6074 42.5011 12
      vertex -63.6074 42.5011 8
    endloop
  endfacet
  facet normal 0.227084 -0.973875 0
    outer loop
      vertex -19.7997 73.8933 8
      vertex -14.9244 75.0301 12
      vertex -19.7997 73.8933 12
    endloop
  endfacet
  facet normal 0.227084 -0.973875 0
    outer loop
      vertex -14.9244 75.0301 12
      vertex -19.7997 73.8933 8
      vertex -14.9244 75.0301 8
    endloop
  endfacet
  facet normal 0.098022 -0.995184 0
    outer loop
      vertex -9.98525 75.8455 8
      vertex -5.00334 76.3362 12
      vertex -9.98525 75.8455 12
    endloop
  endfacet
  facet normal 0.098022 -0.995184 0
    outer loop
      vertex -5.00334 76.3362 12
      vertex -9.98525 75.8455 8
      vertex -5.00334 76.3362 8
    endloop
  endfacet
  facet normal 0.528067 -0.849203 0
    outer loop
      vertex -42.5011 63.6074 8
      vertex -38.25 66.2509 12
      vertex -42.5011 63.6074 12
    endloop
  endfacet
  facet normal 0.528067 -0.849203 0
    outer loop
      vertex -38.25 66.2509 12
      vertex -42.5011 63.6074 8
      vertex -38.25 66.2509 8
    endloop
  endfacet
  facet normal 0.47141 -0.881914 0
    outer loop
      vertex -38.25 66.2509 8
      vertex -33.8351 68.6108 12
      vertex -38.25 66.2509 12
    endloop
  endfacet
  facet normal 0.47141 -0.881914 0
    outer loop
      vertex -33.8351 68.6108 12
      vertex -38.25 66.2509 8
      vertex -33.8351 68.6108 8
    endloop
  endfacet
  facet normal 0.683586 -0.72987 0
    outer loop
      vertex -54.0937 54.0937 8
      vertex -50.44 57.5157 12
      vertex -54.0937 54.0937 12
    endloop
  endfacet
  facet normal 0.683586 -0.72987 0
    outer loop
      vertex -50.44 57.5157 12
      vertex -54.0937 54.0937 8
      vertex -50.44 57.5157 8
    endloop
  endfacet
  facet normal -0.999552 -0.0299267 -0
    outer loop
      vertex 76.3363 5 9
      vertex 76.3362 5.00334 8
      vertex 76.3363 5 8
    endloop
  endfacet
  facet normal -0.999552 -0.0299267 0
    outer loop
      vertex 76.3362 5.00334 8
      vertex 76.3363 5 9
      vertex 76.3362 5.00334 12
    endloop
  endfacet
  facet normal -0.999464 -0.0327225 3.11553e-06
    outer loop
      vertex 76.5 0 9
      vertex 76.3362 5.00334 12
      vertex 76.3363 5 9
    endloop
  endfacet
  facet normal -0.999465 -0.0327206 0
    outer loop
      vertex 76.3362 5.00334 12
      vertex 76.5 0 9
      vertex 76.5 0 12
    endloop
  endfacet
  facet normal -0.956943 0.290275 0
    outer loop
      vertex 72.4402 -24.5901 8
      vertex 73.8933 -19.7997 12
      vertex 73.8933 -19.7997 8
    endloop
  endfacet
  facet normal -0.956943 0.290275 0
    outer loop
      vertex 73.8933 -19.7997 12
      vertex 72.4402 -24.5901 8
      vertex 72.4402 -24.5901 12
    endloop
  endfacet
  facet normal -0.773017 0.634386 0
    outer loop
      vertex 57.5157 -50.44 8
      vertex 60.6915 -46.5702 12
      vertex 60.6915 -46.5702 8
    endloop
  endfacet
  facet normal -0.773017 0.634386 0
    outer loop
      vertex 60.6915 -46.5702 12
      vertex 57.5157 -50.44 8
      vertex 57.5157 -50.44 12
    endloop
  endfacet
  facet normal -0.634386 0.773017 0
    outer loop
      vertex 50.44 -57.5157 8
      vertex 46.5702 -60.6915 12
      vertex 50.44 -57.5157 12
    endloop
  endfacet
  facet normal -0.634386 0.773017 0
    outer loop
      vertex 46.5702 -60.6915 12
      vertex 50.44 -57.5157 8
      vertex 46.5702 -60.6915 8
    endloop
  endfacet
  facet normal -0.47141 0.881914 0
    outer loop
      vertex 38.25 -66.2509 8
      vertex 33.8351 -68.6108 12
      vertex 38.25 -66.2509 12
    endloop
  endfacet
  facet normal -0.47141 0.881914 0
    outer loop
      vertex 33.8351 -68.6108 12
      vertex 38.25 -66.2509 8
      vertex 33.8351 -68.6108 8
    endloop
  endfacet
  facet normal 0.098022 0.995184 -0
    outer loop
      vertex -5.00334 -76.3362 8
      vertex -9.98525 -75.8455 12
      vertex -5.00334 -76.3362 12
    endloop
  endfacet
  facet normal 0.098022 0.995184 0
    outer loop
      vertex -9.98525 -75.8455 12
      vertex -5.00334 -76.3362 8
      vertex -9.98525 -75.8455 8
    endloop
  endfacet
  facet normal 0.528067 0.849203 -0
    outer loop
      vertex -38.25 -66.2509 8
      vertex -42.5011 -63.6074 12
      vertex -38.25 -66.2509 12
    endloop
  endfacet
  facet normal 0.528067 0.849203 0
    outer loop
      vertex -42.5011 -63.6074 12
      vertex -38.25 -66.2509 8
      vertex -42.5011 -63.6074 8
    endloop
  endfacet
  facet normal 0.582481 0.812844 -0
    outer loop
      vertex -42.5011 -63.6074 8
      vertex -46.5702 -60.6915 12
      vertex -42.5011 -63.6074 12
    endloop
  endfacet
  facet normal 0.582481 0.812844 0
    outer loop
      vertex -46.5702 -60.6915 12
      vertex -42.5011 -63.6074 8
      vertex -46.5702 -60.6915 8
    endloop
  endfacet
  facet normal 0.973875 0.227084 0
    outer loop
      vertex -73.8933 -19.7997 12
      vertex -75.0301 -14.9244 8
      vertex -75.0301 -14.9244 12
    endloop
  endfacet
  facet normal 0.973875 0.227084 0
    outer loop
      vertex -75.0301 -14.9244 8
      vertex -73.8933 -19.7997 12
      vertex -73.8933 -19.7997 8
    endloop
  endfacet
  facet normal 0.995184 0.098022 0
    outer loop
      vertex -75.8455 -9.98525 12
      vertex -76.3362 -5.00334 8
      vertex -76.3362 -5.00334 12
    endloop
  endfacet
  facet normal 0.995184 0.098022 0
    outer loop
      vertex -76.3362 -5.00334 8
      vertex -75.8455 -9.98525 12
      vertex -75.8455 -9.98525 8
    endloop
  endfacet
  facet normal 0.72987 0.683586 0
    outer loop
      vertex -54.0937 -54.0937 12
      vertex -57.5157 -50.44 8
      vertex -57.5157 -50.44 12
    endloop
  endfacet
  facet normal 0.72987 0.683586 0
    outer loop
      vertex -57.5157 -50.44 8
      vertex -54.0937 -54.0937 12
      vertex -54.0937 -54.0937 8
    endloop
  endfacet
  facet normal -0.986645 -0.162884 0
    outer loop
      vertex 75.8455 9.98525 8
      vertex 75.0301 14.9244 12
      vertex 75.0301 14.9244 8
    endloop
  endfacet
  facet normal -0.986645 -0.162884 0
    outer loop
      vertex 75.0301 14.9244 12
      vertex 75.8455 9.98525 8
      vertex 75.8455 9.98525 12
    endloop
  endfacet
  facet normal -0.935905 -0.352253 0
    outer loop
      vertex 72.4402 24.5901 8
      vertex 70.6768 29.2753 12
      vertex 70.6768 29.2753 8
    endloop
  endfacet
  facet normal -0.935905 -0.352253 0
    outer loop
      vertex 70.6768 29.2753 12
      vertex 72.4402 24.5901 8
      vertex 72.4402 24.5901 12
    endloop
  endfacet
  facet normal -0.956943 -0.290275 0
    outer loop
      vertex 73.8933 19.7997 8
      vertex 72.4402 24.5901 12
      vertex 72.4402 24.5901 8
    endloop
  endfacet
  facet normal -0.956943 -0.290275 0
    outer loop
      vertex 72.4402 24.5901 12
      vertex 73.8933 19.7997 8
      vertex 73.8933 19.7997 12
    endloop
  endfacet
  facet normal -0.849203 -0.528067 0
    outer loop
      vertex 66.2509 38.25 8
      vertex 63.6074 42.5011 12
      vertex 63.6074 42.5011 8
    endloop
  endfacet
  facet normal -0.849203 -0.528067 0
    outer loop
      vertex 63.6074 42.5011 12
      vertex 66.2509 38.25 8
      vertex 66.2509 38.25 12
    endloop
  endfacet
  facet normal -0.72987 -0.683586 0
    outer loop
      vertex 57.5157 50.44 8
      vertex 54.0937 54.0937 12
      vertex 54.0937 54.0937 8
    endloop
  endfacet
  facet normal -0.72987 -0.683586 0
    outer loop
      vertex 54.0937 54.0937 12
      vertex 57.5157 50.44 8
      vertex 57.5157 50.44 12
    endloop
  endfacet
  facet normal -0.683586 -0.72987 0
    outer loop
      vertex 50.44 57.5157 8
      vertex 54.0937 54.0937 12
      vertex 50.44 57.5157 12
    endloop
  endfacet
  facet normal -0.683586 -0.72987 -0
    outer loop
      vertex 54.0937 54.0937 12
      vertex 50.44 57.5157 8
      vertex 54.0937 54.0937 8
    endloop
  endfacet
  facet normal -0.0327206 -0.999465 0
    outer loop
      vertex 0 76.5 8
      vertex 5.00334 76.3362 12
      vertex 0 76.5 12
    endloop
  endfacet
  facet normal -0.0327206 -0.999465 -0
    outer loop
      vertex 5.00334 76.3362 12
      vertex 0 76.5 8
      vertex 5.00334 76.3362 8
    endloop
  endfacet
  facet normal -0.582481 -0.812844 0
    outer loop
      vertex 42.5011 63.6074 8
      vertex 46.5702 60.6915 12
      vertex 42.5011 63.6074 12
    endloop
  endfacet
  facet normal -0.582481 -0.812844 -0
    outer loop
      vertex 46.5702 60.6915 12
      vertex 42.5011 63.6074 8
      vertex 46.5702 60.6915 8
    endloop
  endfacet
  facet normal -0.290275 -0.956943 0
    outer loop
      vertex 19.7997 73.8933 8
      vertex 24.5901 72.4402 12
      vertex 19.7997 73.8933 12
    endloop
  endfacet
  facet normal -0.290275 -0.956943 -0
    outer loop
      vertex 24.5901 72.4402 12
      vertex 19.7997 73.8933 8
      vertex 24.5901 72.4402 8
    endloop
  endfacet
  facet normal -0.352253 -0.935905 0
    outer loop
      vertex 24.5901 72.4402 8
      vertex 29.2753 70.6768 12
      vertex 24.5901 72.4402 12
    endloop
  endfacet
  facet normal -0.352253 -0.935905 -0
    outer loop
      vertex 29.2753 70.6768 12
      vertex 24.5901 72.4402 8
      vertex 29.2753 70.6768 8
    endloop
  endfacet
  facet normal -0.162884 -0.986645 0
    outer loop
      vertex 9.98525 75.8455 8
      vertex 14.9244 75.0301 12
      vertex 9.98525 75.8455 12
    endloop
  endfacet
  facet normal -0.162884 -0.986645 -0
    outer loop
      vertex 14.9244 75.0301 12
      vertex 9.98525 75.8455 8
      vertex 14.9244 75.0301 8
    endloop
  endfacet
  facet normal 0.999465 -0.0327206 0
    outer loop
      vertex -76.5 0 12
      vertex -76.3362 5.00334 8
      vertex -76.3362 5.00334 12
    endloop
  endfacet
  facet normal 0.999465 -0.0327206 0
    outer loop
      vertex -76.3362 5.00334 8
      vertex -76.5 0 12
      vertex -76.5 0 8
    endloop
  endfacet
  facet normal 0.956943 -0.290275 0
    outer loop
      vertex -73.8933 19.7997 12
      vertex -72.4402 24.5901 8
      vertex -72.4402 24.5901 12
    endloop
  endfacet
  facet normal 0.956943 -0.290275 0
    outer loop
      vertex -72.4402 24.5901 8
      vertex -73.8933 19.7997 12
      vertex -73.8933 19.7997 8
    endloop
  endfacet
  facet normal 0.935905 -0.352253 0
    outer loop
      vertex -72.4402 24.5901 12
      vertex -70.6768 29.2753 8
      vertex -70.6768 29.2753 12
    endloop
  endfacet
  facet normal 0.935905 -0.352253 0
    outer loop
      vertex -70.6768 29.2753 8
      vertex -72.4402 24.5901 12
      vertex -72.4402 24.5901 8
    endloop
  endfacet
  facet normal 0.881914 -0.47141 0
    outer loop
      vertex -68.6108 33.8351 12
      vertex -66.2509 38.25 8
      vertex -66.2509 38.25 12
    endloop
  endfacet
  facet normal 0.881914 -0.47141 0
    outer loop
      vertex -66.2509 38.25 8
      vertex -68.6108 33.8351 12
      vertex -68.6108 33.8351 8
    endloop
  endfacet
  facet normal 0.773017 -0.634386 0
    outer loop
      vertex -60.6915 46.5702 12
      vertex -57.5157 50.44 8
      vertex -57.5157 50.44 12
    endloop
  endfacet
  facet normal 0.773017 -0.634386 0
    outer loop
      vertex -57.5157 50.44 8
      vertex -60.6915 46.5702 12
      vertex -60.6915 46.5702 8
    endloop
  endfacet
  facet normal 0.290275 -0.956943 0
    outer loop
      vertex -24.5901 72.4402 8
      vertex -19.7997 73.8933 12
      vertex -24.5901 72.4402 12
    endloop
  endfacet
  facet normal 0.290275 -0.956943 0
    outer loop
      vertex -19.7997 73.8933 12
      vertex -24.5901 72.4402 8
      vertex -19.7997 73.8933 8
    endloop
  endfacet
  facet normal 0.0327206 -0.999465 0
    outer loop
      vertex -5.00334 76.3362 8
      vertex 0 76.5 12
      vertex -5.00334 76.3362 12
    endloop
  endfacet
  facet normal 0.0327206 -0.999465 0
    outer loop
      vertex 0 76.5 12
      vertex -5.00334 76.3362 8
      vertex 0 76.5 8
    endloop
  endfacet
  facet normal 0.412704 -0.910865 0
    outer loop
      vertex -33.8351 68.6108 8
      vertex -29.2753 70.6768 12
      vertex -33.8351 68.6108 12
    endloop
  endfacet
  facet normal 0.412704 -0.910865 0
    outer loop
      vertex -29.2753 70.6768 12
      vertex -33.8351 68.6108 8
      vertex -29.2753 70.6768 8
    endloop
  endfacet
  facet normal 0.634386 -0.773017 0
    outer loop
      vertex -50.44 57.5157 8
      vertex -46.5702 60.6915 12
      vertex -50.44 57.5157 12
    endloop
  endfacet
  facet normal 0.634386 -0.773017 0
    outer loop
      vertex -46.5702 60.6915 12
      vertex -50.44 57.5157 8
      vertex -46.5702 60.6915 8
    endloop
  endfacet
  facet normal 0.582481 -0.812844 0
    outer loop
      vertex -46.5702 60.6915 8
      vertex -42.5011 63.6074 12
      vertex -46.5702 60.6915 12
    endloop
  endfacet
  facet normal 0.582481 -0.812844 0
    outer loop
      vertex -42.5011 63.6074 12
      vertex -46.5702 60.6915 8
      vertex -42.5011 63.6074 8
    endloop
  endfacet
  facet normal -0.999552 0.0299267 0
    outer loop
      vertex 76.3363 -5 8
      vertex 76.3362 -5.00334 8
      vertex 76.3363 -5 9
    endloop
  endfacet
  facet normal -0.999464 0.0327225 0
    outer loop
      vertex 76.3363 -5 9
      vertex 76.5 0 12
      vertex 76.5 0 9
    endloop
  endfacet
  facet normal -0.999465 0.0327206 3.11345e-06
    outer loop
      vertex 76.3363 -5 9
      vertex 76.3362 -5.00334 12
      vertex 76.5 0 12
    endloop
  endfacet
  facet normal -0.999552 0.0299267 0
    outer loop
      vertex 76.3362 -5.00334 12
      vertex 76.3363 -5 9
      vertex 76.3362 -5.00334 8
    endloop
  endfacet
  facet normal -0.0327206 0.999465 0
    outer loop
      vertex 5.00334 -76.3362 8
      vertex 0 -76.5 12
      vertex 5.00334 -76.3362 12
    endloop
  endfacet
  facet normal -0.0327206 0.999465 0
    outer loop
      vertex 0 -76.5 12
      vertex 5.00334 -76.3362 8
      vertex 0 -76.5 8
    endloop
  endfacet
  facet normal -0.849203 0.528067 0
    outer loop
      vertex 63.6074 -42.5011 8
      vertex 66.2509 -38.25 12
      vertex 66.2509 -38.25 8
    endloop
  endfacet
  facet normal -0.849203 0.528067 0
    outer loop
      vertex 66.2509 -38.25 12
      vertex 63.6074 -42.5011 8
      vertex 63.6074 -42.5011 12
    endloop
  endfacet
  facet normal -0.098022 0.995184 0
    outer loop
      vertex 9.98525 -75.8455 8
      vertex 5.00334 -76.3362 12
      vertex 9.98525 -75.8455 12
    endloop
  endfacet
  facet normal -0.098022 0.995184 0
    outer loop
      vertex 5.00334 -76.3362 12
      vertex 9.98525 -75.8455 8
      vertex 5.00334 -76.3362 8
    endloop
  endfacet
  facet normal -0.162884 0.986645 0
    outer loop
      vertex 14.9244 -75.0301 8
      vertex 9.98525 -75.8455 12
      vertex 14.9244 -75.0301 12
    endloop
  endfacet
  facet normal -0.162884 0.986645 0
    outer loop
      vertex 9.98525 -75.8455 12
      vertex 14.9244 -75.0301 8
      vertex 9.98525 -75.8455 8
    endloop
  endfacet
  facet normal -0.412704 0.910865 0
    outer loop
      vertex 33.8351 -68.6108 8
      vertex 29.2753 -70.6768 12
      vertex 33.8351 -68.6108 12
    endloop
  endfacet
  facet normal -0.412704 0.910865 0
    outer loop
      vertex 29.2753 -70.6768 12
      vertex 33.8351 -68.6108 8
      vertex 29.2753 -70.6768 8
    endloop
  endfacet
  facet normal -0.290275 0.956943 0
    outer loop
      vertex 24.5901 -72.4402 8
      vertex 19.7997 -73.8933 12
      vertex 24.5901 -72.4402 12
    endloop
  endfacet
  facet normal -0.290275 0.956943 0
    outer loop
      vertex 19.7997 -73.8933 12
      vertex 24.5901 -72.4402 8
      vertex 19.7997 -73.8933 8
    endloop
  endfacet
  facet normal -0.683586 0.72987 0
    outer loop
      vertex 54.0937 -54.0937 8
      vertex 50.44 -57.5157 12
      vertex 54.0937 -54.0937 12
    endloop
  endfacet
  facet normal -0.683586 0.72987 0
    outer loop
      vertex 50.44 -57.5157 12
      vertex 54.0937 -54.0937 8
      vertex 50.44 -57.5157 8
    endloop
  endfacet
  facet normal -0.528067 0.849203 0
    outer loop
      vertex 42.5011 -63.6074 8
      vertex 38.25 -66.2509 12
      vertex 42.5011 -63.6074 12
    endloop
  endfacet
  facet normal -0.528067 0.849203 0
    outer loop
      vertex 38.25 -66.2509 12
      vertex 42.5011 -63.6074 8
      vertex 38.25 -66.2509 8
    endloop
  endfacet
  facet normal 0.0327206 0.999465 -0
    outer loop
      vertex 0 -76.5 8
      vertex -5.00334 -76.3362 12
      vertex 0 -76.5 12
    endloop
  endfacet
  facet normal 0.0327206 0.999465 0
    outer loop
      vertex -5.00334 -76.3362 12
      vertex 0 -76.5 8
      vertex -5.00334 -76.3362 8
    endloop
  endfacet
  facet normal 0.352253 0.935905 -0
    outer loop
      vertex -24.5901 -72.4402 8
      vertex -29.2753 -70.6768 12
      vertex -24.5901 -72.4402 12
    endloop
  endfacet
  facet normal 0.352253 0.935905 0
    outer loop
      vertex -29.2753 -70.6768 12
      vertex -24.5901 -72.4402 8
      vertex -29.2753 -70.6768 8
    endloop
  endfacet
  facet normal 0.227084 0.973875 -0
    outer loop
      vertex -14.9244 -75.0301 8
      vertex -19.7997 -73.8933 12
      vertex -14.9244 -75.0301 12
    endloop
  endfacet
  facet normal 0.227084 0.973875 0
    outer loop
      vertex -19.7997 -73.8933 12
      vertex -14.9244 -75.0301 8
      vertex -19.7997 -73.8933 8
    endloop
  endfacet
  facet normal 0.47141 0.881914 -0
    outer loop
      vertex -33.8351 -68.6108 8
      vertex -38.25 -66.2509 12
      vertex -33.8351 -68.6108 12
    endloop
  endfacet
  facet normal 0.47141 0.881914 0
    outer loop
      vertex -38.25 -66.2509 12
      vertex -33.8351 -68.6108 8
      vertex -38.25 -66.2509 8
    endloop
  endfacet
  facet normal 0.634386 0.773017 -0
    outer loop
      vertex -46.5702 -60.6915 8
      vertex -50.44 -57.5157 12
      vertex -46.5702 -60.6915 12
    endloop
  endfacet
  facet normal 0.634386 0.773017 0
    outer loop
      vertex -50.44 -57.5157 12
      vertex -46.5702 -60.6915 8
      vertex -50.44 -57.5157 8
    endloop
  endfacet
  facet normal 0.956943 0.290275 0
    outer loop
      vertex -72.4402 -24.5901 12
      vertex -73.8933 -19.7997 8
      vertex -73.8933 -19.7997 12
    endloop
  endfacet
  facet normal 0.956943 0.290275 0
    outer loop
      vertex -73.8933 -19.7997 8
      vertex -72.4402 -24.5901 12
      vertex -72.4402 -24.5901 8
    endloop
  endfacet
  facet normal 0.999465 0.0327206 0
    outer loop
      vertex -76.3362 -5.00334 12
      vertex -76.5 0 8
      vertex -76.5 0 12
    endloop
  endfacet
  facet normal 0.999465 0.0327206 0
    outer loop
      vertex -76.5 0 8
      vertex -76.3362 -5.00334 12
      vertex -76.3362 -5.00334 8
    endloop
  endfacet
  facet normal 0.849203 0.528067 0
    outer loop
      vertex -63.6074 -42.5011 12
      vertex -66.2509 -38.25 8
      vertex -66.2509 -38.25 12
    endloop
  endfacet
  facet normal 0.849203 0.528067 0
    outer loop
      vertex -66.2509 -38.25 8
      vertex -63.6074 -42.5011 12
      vertex -63.6074 -42.5011 8
    endloop
  endfacet
  facet normal 0.910865 0.412704 0
    outer loop
      vertex -68.6108 -33.8351 12
      vertex -70.6768 -29.2753 8
      vertex -70.6768 -29.2753 12
    endloop
  endfacet
  facet normal 0.910865 0.412704 0
    outer loop
      vertex -70.6768 -29.2753 8
      vertex -68.6108 -33.8351 12
      vertex -68.6108 -33.8351 8
    endloop
  endfacet
  facet normal 0.773017 0.634386 0
    outer loop
      vertex -57.5157 -50.44 12
      vertex -60.6915 -46.5702 8
      vertex -60.6915 -46.5702 12
    endloop
  endfacet
  facet normal 0.773017 0.634386 0
    outer loop
      vertex -60.6915 -46.5702 8
      vertex -57.5157 -50.44 12
      vertex -57.5157 -50.44 8
    endloop
  endfacet
  facet normal 0.812844 0.582481 0
    outer loop
      vertex -60.6915 -46.5702 12
      vertex -63.6074 -42.5011 8
      vertex -63.6074 -42.5011 12
    endloop
  endfacet
  facet normal 0.812844 0.582481 0
    outer loop
      vertex -63.6074 -42.5011 8
      vertex -60.6915 -46.5702 12
      vertex -60.6915 -46.5702 8
    endloop
  endfacet
  facet normal -0.098022 -0.995184 0
    outer loop
      vertex 5.00334 76.3362 8
      vertex 9.98525 75.8455 12
      vertex 5.00334 76.3362 12
    endloop
  endfacet
  facet normal -0.098022 -0.995184 -0
    outer loop
      vertex 9.98525 75.8455 12
      vertex 5.00334 76.3362 8
      vertex 9.98525 75.8455 8
    endloop
  endfacet
  facet normal 0.995184 -0.098022 0
    outer loop
      vertex -76.3362 5.00334 12
      vertex -75.8455 9.98525 8
      vertex -75.8455 9.98525 12
    endloop
  endfacet
  facet normal 0.995184 -0.098022 0
    outer loop
      vertex -75.8455 9.98525 8
      vertex -76.3362 5.00334 12
      vertex -76.3362 5.00334 8
    endloop
  endfacet
  facet normal -0.973875 0.227084 0
    outer loop
      vertex 73.8933 -19.7997 8
      vertex 75.0301 -14.9244 12
      vertex 75.0301 -14.9244 8
    endloop
  endfacet
  facet normal -0.973875 0.227084 0
    outer loop
      vertex 75.0301 -14.9244 12
      vertex 73.8933 -19.7997 8
      vertex 73.8933 -19.7997 12
    endloop
  endfacet
  facet normal -0.910865 0.412704 0
    outer loop
      vertex 68.6108 -33.8351 8
      vertex 70.6768 -29.2753 12
      vertex 70.6768 -29.2753 8
    endloop
  endfacet
  facet normal -0.910865 0.412704 0
    outer loop
      vertex 70.6768 -29.2753 12
      vertex 68.6108 -33.8351 8
      vertex 68.6108 -33.8351 12
    endloop
  endfacet
  facet normal -0.881914 0.47141 0
    outer loop
      vertex 66.2509 -38.25 8
      vertex 68.6108 -33.8351 12
      vertex 68.6108 -33.8351 8
    endloop
  endfacet
  facet normal -0.881914 0.47141 0
    outer loop
      vertex 68.6108 -33.8351 12
      vertex 66.2509 -38.25 8
      vertex 66.2509 -38.25 12
    endloop
  endfacet
  facet normal -0.227084 0.973875 0
    outer loop
      vertex 19.7997 -73.8933 8
      vertex 14.9244 -75.0301 12
      vertex 19.7997 -73.8933 12
    endloop
  endfacet
  facet normal -0.227084 0.973875 0
    outer loop
      vertex 14.9244 -75.0301 12
      vertex 19.7997 -73.8933 8
      vertex 14.9244 -75.0301 8
    endloop
  endfacet
  facet normal -0.352253 0.935905 0
    outer loop
      vertex 29.2753 -70.6768 8
      vertex 24.5901 -72.4402 12
      vertex 29.2753 -70.6768 12
    endloop
  endfacet
  facet normal -0.352253 0.935905 0
    outer loop
      vertex 24.5901 -72.4402 12
      vertex 29.2753 -70.6768 8
      vertex 24.5901 -72.4402 8
    endloop
  endfacet
  facet normal -0.72987 0.683586 0
    outer loop
      vertex 54.0937 -54.0937 8
      vertex 57.5157 -50.44 12
      vertex 57.5157 -50.44 8
    endloop
  endfacet
  facet normal -0.72987 0.683586 0
    outer loop
      vertex 57.5157 -50.44 12
      vertex 54.0937 -54.0937 8
      vertex 54.0937 -54.0937 12
    endloop
  endfacet
  facet normal 0.290275 0.956943 -0
    outer loop
      vertex -19.7997 -73.8933 8
      vertex -24.5901 -72.4402 12
      vertex -19.7997 -73.8933 12
    endloop
  endfacet
  facet normal 0.290275 0.956943 0
    outer loop
      vertex -24.5901 -72.4402 12
      vertex -19.7997 -73.8933 8
      vertex -24.5901 -72.4402 8
    endloop
  endfacet
  facet normal 0.935905 0.352253 0
    outer loop
      vertex -70.6768 -29.2753 12
      vertex -72.4402 -24.5901 8
      vertex -72.4402 -24.5901 12
    endloop
  endfacet
  facet normal 0.935905 0.352253 0
    outer loop
      vertex -72.4402 -24.5901 8
      vertex -70.6768 -29.2753 12
      vertex -70.6768 -29.2753 8
    endloop
  endfacet
  facet normal 0.881914 0.47141 0
    outer loop
      vertex -66.2509 -38.25 12
      vertex -68.6108 -33.8351 8
      vertex -68.6108 -33.8351 12
    endloop
  endfacet
  facet normal 0.881914 0.47141 0
    outer loop
      vertex -68.6108 -33.8351 8
      vertex -66.2509 -38.25 12
      vertex -66.2509 -38.25 8
    endloop
  endfacet
  facet normal -0.986645 0.162884 0
    outer loop
      vertex 75.0301 -14.9244 8
      vertex 75.8455 -9.98525 12
      vertex 75.8455 -9.98525 8
    endloop
  endfacet
  facet normal -0.986645 0.162884 0
    outer loop
      vertex 75.8455 -9.98525 12
      vertex 75.0301 -14.9244 8
      vertex 75.0301 -14.9244 12
    endloop
  endfacet
  facet normal -0.812844 0.582481 0
    outer loop
      vertex 60.6915 -46.5702 8
      vertex 63.6074 -42.5011 12
      vertex 63.6074 -42.5011 8
    endloop
  endfacet
  facet normal -0.812844 0.582481 0
    outer loop
      vertex 63.6074 -42.5011 12
      vertex 60.6915 -46.5702 8
      vertex 60.6915 -46.5702 12
    endloop
  endfacet
  facet normal 0 0 -1
    outer loop
      vertex 60.1472 -52.7477 0
      vertex 54.0223 -52.4371 0
      vertex 54.0259 -52.3259 0
    endloop
  endfacet
  facet normal 0 0 -1
    outer loop
      vertex 60.1472 -52.7477 0
      vertex 54.0114 -52.5478 0
      vertex 54.0223 -52.4371 0
    endloop
  endfacet
  facet normal 0 0 -1
    outer loop
      vertex 60.1472 -52.7477 0
      vertex 53.9932 -52.6576 0
      vertex 54.0114 -52.5478 0
    endloop
  endfacet
  facet normal 0 0 -1
    outer loop
      vertex 56.5685 -56.5685 0
      vertex 53.968 -52.7659 0
      vertex 53.9932 -52.6576 0
    endloop
  endfacet
  facet normal 0 0 -1
    outer loop
      vertex 56.5685 -56.5685 0
      vertex 53.9357 -52.8723 0
      vertex 53.968 -52.7659 0
    endloop
  endfacet
  facet normal 0 0 -1
    outer loop
      vertex 56.5685 -56.5685 0
      vertex 53.8965 -52.9765 0
      vertex 53.9357 -52.8723 0
    endloop
  endfacet
  facet normal 0 0 -1
    outer loop
      vertex 56.5685 -56.5685 0
      vertex 53.8506 -53.0778 0
      vertex 53.8965 -52.9765 0
    endloop
  endfacet
  facet normal 0 0 -1
    outer loop
      vertex 56.5685 -56.5685 0
      vertex 53.7981 -53.1759 0
      vertex 53.8506 -53.0778 0
    endloop
  endfacet
  facet normal 0 0 -1
    outer loop
      vertex 56.5685 -56.5685 0
      vertex 53.7394 -53.2704 0
      vertex 53.7981 -53.1759 0
    endloop
  endfacet
  facet normal 0 0 -1
    outer loop
      vertex 56.5685 -56.5685 0
      vertex 53.6746 -53.3608 0
      vertex 53.7394 -53.2704 0
    endloop
  endfacet
  facet normal 0 0 -1
    outer loop
      vertex 56.5685 -56.5685 0
      vertex 53.604 -53.4468 0
      vertex 53.6746 -53.3608 0
    endloop
  endfacet
  facet normal 0 0 -1
    outer loop
      vertex 56.5685 -56.5685 0
      vertex 53.528 -53.528 0
      vertex 53.604 -53.4468 0
    endloop
  endfacet
  facet normal 0 0 -1
    outer loop
      vertex 56.5685 -56.5685 0
      vertex 53.4468 -53.604 0
      vertex 53.528 -53.528 0
    endloop
  endfacet
  facet normal 0 0 -1
    outer loop
      vertex 56.5685 -56.5685 0
      vertex 53.3608 -53.6746 0
      vertex 53.4468 -53.604 0
    endloop
  endfacet
  facet normal 0 0 -1
    outer loop
      vertex 56.5685 -56.5685 0
      vertex 53.2704 -53.7394 0
      vertex 53.3608 -53.6746 0
    endloop
  endfacet
  facet normal 0 0 -1
    outer loop
      vertex 56.5685 -56.5685 0
      vertex 53.1759 -53.7981 0
      vertex 53.2704 -53.7394 0
    endloop
  endfacet
  facet normal 0 0 -1
    outer loop
      vertex 56.5685 -56.5685 0
      vertex 53.0778 -53.8506 0
      vertex 53.1759 -53.7981 0
    endloop
  endfacet
  facet normal 0 0 -1
    outer loop
      vertex 56.5685 -56.5685 0
      vertex 52.9765 -53.8965 0
      vertex 53.0778 -53.8506 0
    endloop
  endfacet
  facet normal 0 0 -1
    outer loop
      vertex 56.5685 -56.5685 0
      vertex 52.8723 -53.9357 0
      vertex 52.9765 -53.8965 0
    endloop
  endfacet
  facet normal 0 0 -1
    outer loop
      vertex 56.5685 -56.5685 0
      vertex 52.7659 -53.968 0
      vertex 52.8723 -53.9357 0
    endloop
  endfacet
  facet normal 0 0 -1
    outer loop
      vertex 52.7477 -60.1472 0
      vertex 52.7659 -53.968 0
      vertex 56.5685 -56.5685 0
    endloop
  endfacet
  facet normal 0 0 -1
    outer loop
      vertex 52.7477 -60.1472 0
      vertex 52.6576 -53.9932 0
      vertex 52.7659 -53.968 0
    endloop
  endfacet
  facet normal 0 0 -1
    outer loop
      vertex 52.7477 -60.1472 0
      vertex 52.5478 -54.0114 0
      vertex 52.6576 -53.9932 0
    endloop
  endfacet
  facet normal 0 0 -1
    outer loop
      vertex 52.7477 -60.1472 0
      vertex 52.4371 -54.0223 0
      vertex 52.5478 -54.0114 0
    endloop
  endfacet
  facet normal 0 0 -1
    outer loop
      vertex 52.7477 -60.1472 0
      vertex 52.3259 -54.0259 0
      vertex 52.4371 -54.0223 0
    endloop
  endfacet
  facet normal 0 0 -1
    outer loop
      vertex 52.7477 -60.1472 0
      vertex 52.2147 -54.0223 0
      vertex 52.3259 -54.0259 0
    endloop
  endfacet
  facet normal 0 0 -1
    outer loop
      vertex 52.7477 -60.1472 0
      vertex 52.104 -54.0114 0
      vertex 52.2147 -54.0223 0
    endloop
  endfacet
  facet normal 0 0 -1
    outer loop
      vertex 52.7477 -60.1472 0
      vertex 51.9942 -53.9932 0
      vertex 52.104 -54.0114 0
    endloop
  endfacet
  facet normal 0 0 -1
    outer loop
      vertex 52.7477 -60.1472 0
      vertex 51.8859 -53.968 0
      vertex 51.9942 -53.9932 0
    endloop
  endfacet
  facet normal 0 0 -1
    outer loop
      vertex 52.7477 -60.1472 0
      vertex 51.7795 -53.9357 0
      vertex 51.8859 -53.968 0
    endloop
  endfacet
  facet normal 0 0 -1
    outer loop
      vertex 52.7477 -60.1472 0
      vertex 51.6753 -53.8965 0
      vertex 51.7795 -53.9357 0
    endloop
  endfacet
  facet normal 0 0 -1
    outer loop
      vertex 52.7477 -60.1472 0
      vertex 51.574 -53.8506 0
      vertex 51.6753 -53.8965 0
    endloop
  endfacet
  facet normal 0 0 -1
    outer loop
      vertex 52.7477 -60.1472 0
      vertex 51.4759 -53.7981 0
      vertex 51.574 -53.8506 0
    endloop
  endfacet
  facet normal 0 0 -1
    outer loop
      vertex 52.7477 -60.1472 0
      vertex 51.3814 -53.7394 0
      vertex 51.4759 -53.7981 0
    endloop
  endfacet
  facet normal 0 0 -1
    outer loop
      vertex 52.7477 -60.1472 0
      vertex 51.291 -53.6746 0
      vertex 51.3814 -53.7394 0
    endloop
  endfacet
  facet normal 0 0 -1
    outer loop
      vertex 52.7477 -60.1472 0
      vertex 51.205 -53.604 0
      vertex 51.291 -53.6746 0
    endloop
  endfacet
  facet normal 0 0 -1
    outer loop
      vertex 48.7009 -63.4683 0
      vertex 51.205 -53.604 0
      vertex 52.7477 -60.1472 0
    endloop
  endfacet
  facet normal -0 0 -1
    outer loop
      vertex 51.205 -53.604 0
      vertex 48.7009 -63.4683 0
      vertex 51.1238 -53.528 0
    endloop
  endfacet
  facet normal -0 0 -1
    outer loop
      vertex 51.1238 -53.528 0
      vertex 48.7009 -63.4683 0
      vertex 51.0478 -53.4468 0
    endloop
  endfacet
  facet normal -0 0 -1
    outer loop
      vertex 51.0478 -53.4468 0
      vertex 48.7009 -63.4683 0
      vertex 50.9772 -53.3608 0
    endloop
  endfacet
  facet normal -0 0 -1
    outer loop
      vertex 50.9772 -53.3608 0
      vertex 48.7009 -63.4683 0
      vertex 50.9124 -53.2704 0
    endloop
  endfacet
  facet normal -0 0 -1
    outer loop
      vertex 50.9124 -53.2704 0
      vertex 48.7009 -63.4683 0
      vertex 50.8537 -53.1759 0
    endloop
  endfacet
  facet normal 0 0 -1
    outer loop
      vertex 38.2021 -62.8838 0
      vertex 50.8537 -53.1759 0
      vertex 48.7009 -63.4683 0
    endloop
  endfacet
  facet normal -0 0 -1
    outer loop
      vertex 50.8537 -53.1759 0
      vertex 38.2021 -62.8838 0
      vertex 50.8012 -53.0778 0
    endloop
  endfacet
  facet normal 0 0 -1
    outer loop
      vertex 38.1209 -62.8078 0
      vertex 50.8012 -53.0778 0
      vertex 38.2021 -62.8838 0
    endloop
  endfacet
  facet normal 0 0 -1
    outer loop
      vertex 50 -5 0
      vertex 49.825 -3.76721 0
      vertex 50 -3.86075 0
    endloop
  endfacet
  facet normal 0 0 -1
    outer loop
      vertex 50.6404 -52.104 0
      vertex 49.825 -3.76721 0
      vertex 50 -5 0
    endloop
  endfacet
  facet normal 0 0 -1
    outer loop
      vertex 50.6295 -52.2147 0
      vertex 49.5833 -3.61689 0
      vertex 49.825 -3.76721 0
    endloop
  endfacet
  facet normal 0 0 -1
    outer loop
      vertex 50.6295 -52.2147 0
      vertex 49.3519 -3.45109 0
      vertex 49.5833 -3.61689 0
    endloop
  endfacet
  facet normal 0 0 -1
    outer loop
      vertex 50.6295 -52.2147 0
      vertex 49.1318 -3.2705 0
      vertex 49.3519 -3.45109 0
    endloop
  endfacet
  facet normal 0 0 -1
    outer loop
      vertex 50.6295 -52.2147 0
      vertex 5.72756 -5.72756 0
      vertex 49.1318 -3.2705 0
    endloop
  endfacet
  facet normal 0 0 -1
    outer loop
      vertex 37.44 -62.4438 0
      vertex 50.6259 -52.3259 0
      vertex 50.6295 -52.4371 0
    endloop
  endfacet
  facet normal 0 -0 -1
    outer loop
      vertex 6.0899 -5.3407 0
      vertex 49.1318 -3.2705 0
      vertex 5.72756 -5.72756 0
    endloop
  endfacet
  facet normal -0 0 -1
    outer loop
      vertex 50.8012 -53.0778 0
      vertex 38.1209 -62.8078 0
      vertex 50.7553 -52.9765 0
    endloop
  endfacet
  facet normal 0 0 -1
    outer loop
      vertex 38.0349 -62.7372 0
      vertex 50.7553 -52.9765 0
      vertex 38.1209 -62.8078 0
    endloop
  endfacet
  facet normal -0 0 -1
    outer loop
      vertex 50.7553 -52.9765 0
      vertex 38.0349 -62.7372 0
      vertex 50.7161 -52.8723 0
    endloop
  endfacet
  facet normal 0 0 -1
    outer loop
      vertex 37.9445 -62.6724 0
      vertex 50.7161 -52.8723 0
      vertex 38.0349 -62.7372 0
    endloop
  endfacet
  facet normal 0 0 -1
    outer loop
      vertex 37.85 -62.6136 0
      vertex 50.6838 -52.7659 0
      vertex 37.9445 -62.6724 0
    endloop
  endfacet
  facet normal 0 0 -1
    outer loop
      vertex 50.6259 -52.3259 0
      vertex 37.44 -62.4438 0
      vertex 37.3317 -62.4185 0
    endloop
  endfacet
  facet normal 0 0 -1
    outer loop
      vertex 50.6295 -52.2147 0
      vertex 37.3317 -62.4185 0
      vertex 37.2219 -62.4004 0
    endloop
  endfacet
  facet normal 0 0 -1
    outer loop
      vertex 50.6295 -52.2147 0
      vertex 37.2219 -62.4004 0
      vertex 37.1112 -62.3895 0
    endloop
  endfacet
  facet normal 0 0 -1
    outer loop
      vertex 50.6295 -52.2147 0
      vertex 37.1112 -62.3895 0
      vertex 37 -62.3859 0
    endloop
  endfacet
  facet normal 0 0 -1
    outer loop
      vertex 50.6295 -52.2147 0
      vertex 37 -62.3859 0
      vertex 36.8888 -62.3895 0
    endloop
  endfacet
  facet normal 0 0 -1
    outer loop
      vertex 50.6295 -52.2147 0
      vertex 36.8888 -62.3895 0
      vertex 36.7781 -62.4004 0
    endloop
  endfacet
  facet normal 0 0 -1
    outer loop
      vertex 50.6295 -52.2147 0
      vertex 36.7781 -62.4004 0
      vertex 36.6683 -62.4185 0
    endloop
  endfacet
  facet normal 0 0 -1
    outer loop
      vertex 50.6295 -52.2147 0
      vertex 36.6683 -62.4185 0
      vertex 36.56 -62.4438 0
    endloop
  endfacet
  facet normal -0 0 -1
    outer loop
      vertex 49.1318 -3.2705 0
      vertex 6.0899 -5.3407 0
      vertex 48.9241 -3.07591 0
    endloop
  endfacet
  facet normal 0 -0 -1
    outer loop
      vertex 6.42616 -4.93097 0
      vertex 48.9241 -3.07591 0
      vertex 6.0899 -5.3407 0
    endloop
  endfacet
  facet normal -0 0 -1
    outer loop
      vertex 48.9241 -3.07591 0
      vertex 6.42616 -4.93097 0
      vertex 48.7295 -2.86815 0
    endloop
  endfacet
  facet normal 0 0 -1
    outer loop
      vertex 38.5247 -63.334 0
      vertex 48.7009 -63.4683 0
      vertex 44.4456 -66.5176 0
    endloop
  endfacet
  facet normal 0 0 -1
    outer loop
      vertex 50 -5 0
      vertex 79.8287 -5.23225 0
      vertex 79.3156 -10.4421 0
    endloop
  endfacet
  facet normal 0 0 -1
    outer loop
      vertex 50 -5 0
      vertex 79.3156 -10.4421 0
      vertex 78.4628 -15.6072 0
    endloop
  endfacet
  facet normal 0 0 -1
    outer loop
      vertex 50 -5 0
      vertex 78.4628 -15.6072 0
      vertex 77.2741 -20.7055 0
    endloop
  endfacet
  facet normal 0 0 -1
    outer loop
      vertex 50 -5 0
      vertex 77.2741 -20.7055 0
      vertex 75.7544 -25.7152 0
    endloop
  endfacet
  facet normal 0 0 -1
    outer loop
      vertex 50 -5 0
      vertex 75.7544 -25.7152 0
      vertex 73.9104 -30.6147 0
    endloop
  endfacet
  facet normal 0 0 -1
    outer loop
      vertex 50 -5 0
      vertex 73.9104 -30.6147 0
      vertex 71.7498 -35.3831 0
    endloop
  endfacet
  facet normal 0 0 -1
    outer loop
      vertex 50 -5 0
      vertex 71.7498 -35.3831 0
      vertex 69.282 -40 0
    endloop
  endfacet
  facet normal 0 0 -1
    outer loop
      vertex 52.3259 -50.6259 0
      vertex 69.282 -40 0
      vertex 66.5176 -44.4456 0
    endloop
  endfacet
  facet normal 0 0 -1
    outer loop
      vertex 52.8723 -50.7161 0
      vertex 66.5176 -44.4456 0
      vertex 63.4683 -48.7009 0
    endloop
  endfacet
  facet normal 0 0 -1
    outer loop
      vertex 53.604 -51.205 0
      vertex 63.4683 -48.7009 0
      vertex 60.1472 -52.7477 0
    endloop
  endfacet
  facet normal 0 0 -1
    outer loop
      vertex 53.9932 -52.6576 0
      vertex 60.1472 -52.7477 0
      vertex 56.5685 -56.5685 0
    endloop
  endfacet
  facet normal 0 0 -1
    outer loop
      vertex 60.1472 -52.7477 0
      vertex 54.0259 -52.3259 0
      vertex 54.0223 -52.2147 0
    endloop
  endfacet
  facet normal 0 0 -1
    outer loop
      vertex 60.1472 -52.7477 0
      vertex 54.0223 -52.2147 0
      vertex 54.0114 -52.104 0
    endloop
  endfacet
  facet normal 0 0 -1
    outer loop
      vertex 60.1472 -52.7477 0
      vertex 54.0114 -52.104 0
      vertex 53.9932 -51.9942 0
    endloop
  endfacet
  facet normal 0 0 -1
    outer loop
      vertex 60.1472 -52.7477 0
      vertex 53.9932 -51.9942 0
      vertex 53.968 -51.8859 0
    endloop
  endfacet
  facet normal 0 0 -1
    outer loop
      vertex 60.1472 -52.7477 0
      vertex 53.968 -51.8859 0
      vertex 53.9357 -51.7795 0
    endloop
  endfacet
  facet normal 0 0 -1
    outer loop
      vertex 60.1472 -52.7477 0
      vertex 53.9357 -51.7795 0
      vertex 53.8965 -51.6753 0
    endloop
  endfacet
  facet normal 0 0 -1
    outer loop
      vertex 53.8506 -51.574 0
      vertex 60.1472 -52.7477 0
      vertex 53.8965 -51.6753 0
    endloop
  endfacet
  facet normal 0 0 -1
    outer loop
      vertex 53.7981 -51.4759 0
      vertex 60.1472 -52.7477 0
      vertex 53.8506 -51.574 0
    endloop
  endfacet
  facet normal 0 0 -1
    outer loop
      vertex 53.7394 -51.3814 0
      vertex 60.1472 -52.7477 0
      vertex 53.7981 -51.4759 0
    endloop
  endfacet
  facet normal 0 0 -1
    outer loop
      vertex 53.6746 -51.291 0
      vertex 60.1472 -52.7477 0
      vertex 53.7394 -51.3814 0
    endloop
  endfacet
  facet normal 0 0 -1
    outer loop
      vertex 53.604 -51.205 0
      vertex 60.1472 -52.7477 0
      vertex 53.6746 -51.291 0
    endloop
  endfacet
  facet normal 0 0 -1
    outer loop
      vertex 63.4683 -48.7009 0
      vertex 53.604 -51.205 0
      vertex 53.528 -51.1238 0
    endloop
  endfacet
  facet normal 0 0 -1
    outer loop
      vertex 63.4683 -48.7009 0
      vertex 53.528 -51.1238 0
      vertex 53.4468 -51.0478 0
    endloop
  endfacet
  facet normal 0 0 -1
    outer loop
      vertex 63.4683 -48.7009 0
      vertex 53.4468 -51.0478 0
      vertex 53.3608 -50.9772 0
    endloop
  endfacet
  facet normal 0 0 -1
    outer loop
      vertex 63.4683 -48.7009 0
      vertex 53.3608 -50.9772 0
      vertex 53.2704 -50.9124 0
    endloop
  endfacet
  facet normal 0 0 -1
    outer loop
      vertex 63.4683 -48.7009 0
      vertex 53.2704 -50.9124 0
      vertex 53.1759 -50.8537 0
    endloop
  endfacet
  facet normal 0 0 -1
    outer loop
      vertex 63.4683 -48.7009 0
      vertex 53.1759 -50.8537 0
      vertex 53.0778 -50.8012 0
    endloop
  endfacet
  facet normal 0 0 -1
    outer loop
      vertex 63.4683 -48.7009 0
      vertex 53.0778 -50.8012 0
      vertex 52.9765 -50.7553 0
    endloop
  endfacet
  facet normal 0 0 -1
    outer loop
      vertex 52.8723 -50.7161 0
      vertex 63.4683 -48.7009 0
      vertex 52.9765 -50.7553 0
    endloop
  endfacet
  facet normal 0 0 -1
    outer loop
      vertex 66.5176 -44.4456 0
      vertex 52.8723 -50.7161 0
      vertex 52.7659 -50.6838 0
    endloop
  endfacet
  facet normal 0 0 -1
    outer loop
      vertex 66.5176 -44.4456 0
      vertex 52.7659 -50.6838 0
      vertex 52.6576 -50.6586 0
    endloop
  endfacet
  facet normal 0 0 -1
    outer loop
      vertex 66.5176 -44.4456 0
      vertex 52.6576 -50.6586 0
      vertex 52.5478 -50.6404 0
    endloop
  endfacet
  facet normal 0 0 -1
    outer loop
      vertex 66.5176 -44.4456 0
      vertex 52.5478 -50.6404 0
      vertex 52.4371 -50.6295 0
    endloop
  endfacet
  facet normal 0 0 -1
    outer loop
      vertex 52.3259 -50.6259 0
      vertex 66.5176 -44.4456 0
      vertex 52.4371 -50.6295 0
    endloop
  endfacet
  facet normal 0 0 -1
    outer loop
      vertex 69.282 -40 0
      vertex 52.3259 -50.6259 0
      vertex 52.2147 -50.6295 0
    endloop
  endfacet
  facet normal -0 0 -1
    outer loop
      vertex 69.282 -40 0
      vertex 52.2147 -50.6295 0
      vertex 50 -5 0
    endloop
  endfacet
  facet normal 0 0 -1
    outer loop
      vertex 50 -5 0
      vertex 52.2147 -50.6295 0
      vertex 52.104 -50.6404 0
    endloop
  endfacet
  facet normal 0 0 -1
    outer loop
      vertex 50 -5 0
      vertex 52.104 -50.6404 0
      vertex 51.9942 -50.6586 0
    endloop
  endfacet
  facet normal 0 0 -1
    outer loop
      vertex 50 -5 0
      vertex 51.9942 -50.6586 0
      vertex 51.8859 -50.6838 0
    endloop
  endfacet
  facet normal 0 0 -1
    outer loop
      vertex 50 -5 0
      vertex 51.8859 -50.6838 0
      vertex 51.7795 -50.7161 0
    endloop
  endfacet
  facet normal 0 0 -1
    outer loop
      vertex 50 -5 0
      vertex 51.7795 -50.7161 0
      vertex 51.6753 -50.7553 0
    endloop
  endfacet
  facet normal 0 0 -1
    outer loop
      vertex 50 -5 0
      vertex 51.6753 -50.7553 0
      vertex 51.574 -50.8012 0
    endloop
  endfacet
  facet normal 0 0 -1
    outer loop
      vertex 50 -5 0
      vertex 51.574 -50.8012 0
      vertex 51.4759 -50.8537 0
    endloop
  endfacet
  facet normal 0 0 -1
    outer loop
      vertex 50 -5 0
      vertex 51.4759 -50.8537 0
      vertex 51.3814 -50.9124 0
    endloop
  endfacet
  facet normal 0 0 -1
    outer loop
      vertex 50 -5 0
      vertex 51.3814 -50.9124 0
      vertex 51.291 -50.9772 0
    endloop
  endfacet
  facet normal 0 0 -1
    outer loop
      vertex 50 -5 0
      vertex 51.291 -50.9772 0
      vertex 51.205 -51.0478 0
    endloop
  endfacet
  facet normal 0 0 -1
    outer loop
      vertex 50 -5 0
      vertex 51.205 -51.0478 0
      vertex 51.1238 -51.1238 0
    endloop
  endfacet
  facet normal 0 0 -1
    outer loop
      vertex 50 -5 0
      vertex 51.1238 -51.1238 0
      vertex 51.0478 -51.205 0
    endloop
  endfacet
  facet normal 0 0 -1
    outer loop
      vertex 50 -5 0
      vertex 51.0478 -51.205 0
      vertex 50.9772 -51.291 0
    endloop
  endfacet
  facet normal 0 0 -1
    outer loop
      vertex 50 -5 0
      vertex 50.9772 -51.291 0
      vertex 50.9124 -51.3814 0
    endloop
  endfacet
  facet normal 0 0 -1
    outer loop
      vertex 79.8287 -5.23225 0
      vertex 50 -5 0
      vertex 79.8363 -5 0
    endloop
  endfacet
  facet normal 0 0 -1
    outer loop
      vertex 50.8537 -51.4759 0
      vertex 50 -5 0
      vertex 50.9124 -51.3814 0
    endloop
  endfacet
  facet normal 0 0 -1
    outer loop
      vertex 50.8012 -51.574 0
      vertex 50 -5 0
      vertex 50.8537 -51.4759 0
    endloop
  endfacet
  facet normal 0 0 -1
    outer loop
      vertex 50.7553 -51.6753 0
      vertex 50 -5 0
      vertex 50.8012 -51.574 0
    endloop
  endfacet
  facet normal 0 0 -1
    outer loop
      vertex 50.7161 -51.7795 0
      vertex 50 -5 0
      vertex 50.7553 -51.6753 0
    endloop
  endfacet
  facet normal 0 0 -1
    outer loop
      vertex 50.6838 -51.8859 0
      vertex 50 -5 0
      vertex 50.7161 -51.7795 0
    endloop
  endfacet
  facet normal 0 0 -1
    outer loop
      vertex 50.6586 -51.9942 0
      vertex 50 -5 0
      vertex 50.6838 -51.8859 0
    endloop
  endfacet
  facet normal 0 0 -1
    outer loop
      vertex 50.6404 -52.104 0
      vertex 50 -5 0
      vertex 50.6586 -51.9942 0
    endloop
  endfacet
  facet normal 0 0 -1
    outer loop
      vertex 49.825 -3.76721 0
      vertex 50.6404 -52.104 0
      vertex 50.6295 -52.2147 0
    endloop
  endfacet
  facet normal 0 0 -1
    outer loop
      vertex 37.3317 -62.4185 0
      vertex 50.6295 -52.2147 0
      vertex 50.6259 -52.3259 0
    endloop
  endfacet
  facet normal -0 0 -1
    outer loop
      vertex 50 3.86075 0
      vertex 49.825 3.76721 0
      vertex 50 5 0
    endloop
  endfacet
  facet normal 0 0 -1
    outer loop
      vertex -72.3579 0.439992 0
      vertex -8.1 0 0
      vertex -72.3327 0.331653 0
    endloop
  endfacet
  facet normal 0 0 -1
    outer loop
      vertex -72.3902 0.546447 0
      vertex -8.1 0 0
      vertex -72.3579 0.439992 0
    endloop
  endfacet
  facet normal 0 0 -1
    outer loop
      vertex -72.4294 0.650561 0
      vertex -8.1 0 0
      vertex -72.3902 0.546447 0
    endloop
  endfacet
  facet normal 0 0 -1
    outer loop
      vertex -72.4753 0.75189 0
      vertex -8.1 0 0
      vertex -72.4294 0.650561 0
    endloop
  endfacet
  facet normal 0 0 -1
    outer loop
      vertex -8.1 0 0
      vertex -72.4753 0.75189 0
      vertex -51.7795 50.7161 0
    endloop
  endfacet
  facet normal 0 0 -1
    outer loop
      vertex -51.7795 50.7161 0
      vertex -72.4753 0.75189 0
      vertex -51.8859 50.6838 0
    endloop
  endfacet
  facet normal 0 0 -1
    outer loop
      vertex -73.9104 30.6147 0
      vertex -51.8859 50.6838 0
      vertex -72.4753 0.75189 0
    endloop
  endfacet
  facet normal 0 0 -1
    outer loop
      vertex -73.9104 30.6147 0
      vertex -72.4753 0.75189 0
      vertex -72.5278 0.849999 0
    endloop
  endfacet
  facet normal 0 0 -1
    outer loop
      vertex -75.7544 25.7152 0
      vertex -72.5278 0.849999 0
      vertex -72.5865 0.944468 0
    endloop
  endfacet
  facet normal 0 0 -1
    outer loop
      vertex -75.7544 25.7152 0
      vertex -72.5865 0.944468 0
      vertex -72.6513 1.03489 0
    endloop
  endfacet
  facet normal 0 0 -1
    outer loop
      vertex -77.2741 20.7055 0
      vertex -72.6513 1.03489 0
      vertex -72.7219 1.12089 0
    endloop
  endfacet
  facet normal 0 0 -1
    outer loop
      vertex -77.2741 20.7055 0
      vertex -72.7219 1.12089 0
      vertex -72.7979 1.20208 0
    endloop
  endfacet
  facet normal 0 0 -1
    outer loop
      vertex -77.2741 20.7055 0
      vertex -72.7979 1.20208 0
      vertex -72.8791 1.27813 0
    endloop
  endfacet
  facet normal 0 0 -1
    outer loop
      vertex -78.4628 15.6072 0
      vertex -72.8791 1.27813 0
      vertex -72.9651 1.3487 0
    endloop
  endfacet
  facet normal 0 0 -1
    outer loop
      vertex -78.4628 15.6072 0
      vertex -72.9651 1.3487 0
      vertex -73.0555 1.4135 0
    endloop
  endfacet
  facet normal 0 0 -1
    outer loop
      vertex -78.4628 15.6072 0
      vertex -73.0555 1.4135 0
      vertex -73.15 1.47224 0
    endloop
  endfacet
  facet normal 0 0 -1
    outer loop
      vertex -78.4628 15.6072 0
      vertex -73.15 1.47224 0
      vertex -73.2481 1.52468 0
    endloop
  endfacet
  facet normal 0 0 -1
    outer loop
      vertex -79.3156 10.4421 0
      vertex -73.2481 1.52468 0
      vertex -73.3494 1.57059 0
    endloop
  endfacet
  facet normal 0 0 -1
    outer loop
      vertex -79.3156 10.4421 0
      vertex -73.3494 1.57059 0
      vertex -73.4536 1.60978 0
    endloop
  endfacet
  facet normal 0 0 -1
    outer loop
      vertex -79.3156 10.4421 0
      vertex -73.4536 1.60978 0
      vertex -73.56 1.64207 0
    endloop
  endfacet
  facet normal 0 0 -1
    outer loop
      vertex -79.3156 10.4421 0
      vertex -73.56 1.64207 0
      vertex -73.6684 1.66733 0
    endloop
  endfacet
  facet normal 0 0 -1
    outer loop
      vertex -79.3156 10.4421 0
      vertex -73.6684 1.66733 0
      vertex -73.7781 1.68546 0
    endloop
  endfacet
  facet normal 0 0 -1
    outer loop
      vertex -79.3156 10.4421 0
      vertex -73.7781 1.68546 0
      vertex -73.8888 1.69636 0
    endloop
  endfacet
  facet normal 0 0 -1
    outer loop
      vertex -51.8859 50.6838 0
      vertex -73.9104 30.6147 0
      vertex -71.7498 35.3831 0
    endloop
  endfacet
  facet normal 0 0 -1
    outer loop
      vertex -79.3156 10.4421 0
      vertex -73.8888 1.69636 0
      vertex -74 1.7 0
    endloop
  endfacet
  facet normal 0 0 -1
    outer loop
      vertex -79.3156 10.4421 0
      vertex -74 1.7 0
      vertex -74.1112 1.69636 0
    endloop
  endfacet
  facet normal 0 0 -1
    outer loop
      vertex -79.8287 5.23225 0
      vertex -74.1112 1.69636 0
      vertex -74.2219 1.68546 0
    endloop
  endfacet
  facet normal 0 0 -1
    outer loop
      vertex -79.8287 5.23225 0
      vertex -74.2219 1.68546 0
      vertex -74.3316 1.66733 0
    endloop
  endfacet
  facet normal 0 0 -1
    outer loop
      vertex -79.8287 5.23225 0
      vertex -74.3316 1.66733 0
      vertex -74.44 1.64207 0
    endloop
  endfacet
  facet normal 0 0 -1
    outer loop
      vertex -79.8287 5.23225 0
      vertex -74.44 1.64207 0
      vertex -74.5464 1.60978 0
    endloop
  endfacet
  facet normal 0 0 -1
    outer loop
      vertex -79.8287 5.23225 0
      vertex -74.5464 1.60978 0
      vertex -74.6506 1.57059 0
    endloop
  endfacet
  facet normal 0 0 -1
    outer loop
      vertex -79.8287 5.23225 0
      vertex -74.6506 1.57059 0
      vertex -74.7519 1.52468 0
    endloop
  endfacet
  facet normal 0 0 -1
    outer loop
      vertex -79.8287 5.23225 0
      vertex -74.7519 1.52468 0
      vertex -74.85 1.47224 0
    endloop
  endfacet
  facet normal 0 0 -1
    outer loop
      vertex -79.8287 5.23225 0
      vertex -74.85 1.47224 0
      vertex -74.9445 1.4135 0
    endloop
  endfacet
  facet normal 0 0 -1
    outer loop
      vertex -79.8287 5.23225 0
      vertex -74.9445 1.4135 0
      vertex -75.0349 1.3487 0
    endloop
  endfacet
  facet normal 0 0 -1
    outer loop
      vertex -79.8287 5.23225 0
      vertex -75.0349 1.3487 0
      vertex -75.1209 1.27813 0
    endloop
  endfacet
  facet normal 0 0 -1
    outer loop
      vertex -79.8287 5.23225 0
      vertex -75.1209 1.27813 0
      vertex -75.2021 1.20208 0
    endloop
  endfacet
  facet normal 0 0 -1
    outer loop
      vertex -79.8287 5.23225 0
      vertex -75.2021 1.20208 0
      vertex -75.2781 1.12089 0
    endloop
  endfacet
  facet normal 0 0 -1
    outer loop
      vertex -79.8287 5.23225 0
      vertex -75.2781 1.12089 0
      vertex -75.3487 1.03489 0
    endloop
  endfacet
  facet normal 0 0 -1
    outer loop
      vertex -79.8287 5.23225 0
      vertex -75.3487 1.03489 0
      vertex -75.4135 0.944468 0
    endloop
  endfacet
  facet normal 0 0 -1
    outer loop
      vertex -79.8287 5.23225 0
      vertex -75.4135 0.944468 0
      vertex -75.4722 0.849999 0
    endloop
  endfacet
  facet normal 0 0 -1
    outer loop
      vertex -80 0 0
      vertex -75.4722 0.849999 0
      vertex -75.5247 0.75189 0
    endloop
  endfacet
  facet normal 0 0 -1
    outer loop
      vertex -80 0 0
      vertex -75.5247 0.75189 0
      vertex -75.5706 0.650561 0
    endloop
  endfacet
  facet normal 0 0 -1
    outer loop
      vertex -80 0 0
      vertex -75.5706 0.650561 0
      vertex -75.6098 0.546447 0
    endloop
  endfacet
  facet normal 0 0 -1
    outer loop
      vertex -80 0 0
      vertex -75.6098 0.546447 0
      vertex -75.6421 0.439992 0
    endloop
  endfacet
  facet normal 0 0 -1
    outer loop
      vertex -80 0 0
      vertex -75.6421 0.439992 0
      vertex -75.6673 0.331653 0
    endloop
  endfacet
  facet normal 0 0 -1
    outer loop
      vertex -80 0 0
      vertex -75.6673 0.331653 0
      vertex -75.6855 0.221894 0
    endloop
  endfacet
  facet normal 0 0 -1
    outer loop
      vertex -80 0 0
      vertex -75.6855 0.221894 0
      vertex -75.6964 0.111185 0
    endloop
  endfacet
  facet normal 0 0 -1
    outer loop
      vertex -72.5278 0.849999 0
      vertex -75.7544 25.7152 0
      vertex -73.9104 30.6147 0
    endloop
  endfacet
  facet normal 0 0 -1
    outer loop
      vertex -80 0 0
      vertex -75.6964 0.111185 0
      vertex -75.7 0 0
    endloop
  endfacet
  facet normal 0 0 -1
    outer loop
      vertex -75.6098 -0.546447 0
      vertex -80 0 0
      vertex -75.6421 -0.439992 0
    endloop
  endfacet
  facet normal 0 0 -1
    outer loop
      vertex -75.6421 -0.439992 0
      vertex -80 0 0
      vertex -75.6673 -0.331653 0
    endloop
  endfacet
  facet normal 0 0 -1
    outer loop
      vertex -72.6513 1.03489 0
      vertex -77.2741 20.7055 0
      vertex -75.7544 25.7152 0
    endloop
  endfacet
  facet normal 0 0 -1
    outer loop
      vertex -75.6673 -0.331653 0
      vertex -80 0 0
      vertex -75.6855 -0.221894 0
    endloop
  endfacet
  facet normal 0 0 -1
    outer loop
      vertex -72.8791 1.27813 0
      vertex -78.4628 15.6072 0
      vertex -77.2741 20.7055 0
    endloop
  endfacet
  facet normal 0 0 -1
    outer loop
      vertex -75.6855 -0.221894 0
      vertex -80 0 0
      vertex -75.6964 -0.111185 0
    endloop
  endfacet
  facet normal 0 0 -1
    outer loop
      vertex -73.2481 1.52468 0
      vertex -79.3156 10.4421 0
      vertex -78.4628 15.6072 0
    endloop
  endfacet
  facet normal 0 0 -1
    outer loop
      vertex -75.6964 -0.111185 0
      vertex -80 0 0
      vertex -75.7 0 0
    endloop
  endfacet
  facet normal 0 0 -1
    outer loop
      vertex -74.1112 1.69636 0
      vertex -79.8287 5.23225 0
      vertex -79.3156 10.4421 0
    endloop
  endfacet
  facet normal -0 0 -1
    outer loop
      vertex -75.4722 0.849999 0
      vertex -80 0 0
      vertex -79.8287 5.23225 0
    endloop
  endfacet
  facet normal 0 0 -1
    outer loop
      vertex -51.205 -51.0478 0
      vertex -6.0899 -5.3407 0
      vertex -51.1238 -51.1238 0
    endloop
  endfacet
  facet normal 0 0 -1
    outer loop
      vertex -8.1 0 0
      vertex -50.6295 52.2147 0
      vertex -50.6259 52.3259 0
    endloop
  endfacet
  facet normal 0 0 -1
    outer loop
      vertex -51.291 -50.9772 0
      vertex -6.0899 -5.3407 0
      vertex -51.205 -51.0478 0
    endloop
  endfacet
  facet normal 0 0 -1
    outer loop
      vertex -8.1 0 0
      vertex -50.6404 52.104 0
      vertex -50.6295 52.2147 0
    endloop
  endfacet
  facet normal -0 0 -1
    outer loop
      vertex -6.0899 -5.3407 0
      vertex -51.291 -50.9772 0
      vertex -6.42616 -4.93097 0
    endloop
  endfacet
  facet normal 0 0 -1
    outer loop
      vertex -8.1 0 0
      vertex -50.6586 51.9942 0
      vertex -50.6404 52.104 0
    endloop
  endfacet
  facet normal 0 0 -1
    outer loop
      vertex -51.3814 -50.9124 0
      vertex -6.42616 -4.93097 0
      vertex -51.291 -50.9772 0
    endloop
  endfacet
  facet normal 0 0 -1
    outer loop
      vertex -8.1 0 0
      vertex -50.6838 51.8859 0
      vertex -50.6586 51.9942 0
    endloop
  endfacet
  facet normal -0 0 -1
    outer loop
      vertex -6.42616 -4.93097 0
      vertex -51.3814 -50.9124 0
      vertex -6.7349 -4.50012 0
    endloop
  endfacet
  facet normal 0 0 -1
    outer loop
      vertex -8.1 0 0
      vertex -50.7161 51.7795 0
      vertex -50.6838 51.8859 0
    endloop
  endfacet
  facet normal 0 0 -1
    outer loop
      vertex -51.4759 -50.8537 0
      vertex -6.7349 -4.50012 0
      vertex -51.3814 -50.9124 0
    endloop
  endfacet
  facet normal 0 0 -1
    outer loop
      vertex -8.1 0 0
      vertex -50.7553 51.6753 0
      vertex -50.7161 51.7795 0
    endloop
  endfacet
  facet normal -0 0 -1
    outer loop
      vertex -6.7349 -4.50012 0
      vertex -51.4759 -50.8537 0
      vertex -7.0148 -4.05 0
    endloop
  endfacet
  facet normal 0 0 -1
    outer loop
      vertex -8.1 0 0
      vertex -50.8012 51.574 0
      vertex -50.7553 51.6753 0
    endloop
  endfacet
  facet normal 0 0 -1
    outer loop
      vertex -51.574 -50.8012 0
      vertex -7.0148 -4.05 0
      vertex -51.4759 -50.8537 0
    endloop
  endfacet
  facet normal 0 0 -1
    outer loop
      vertex -8.1 0 0
      vertex -50.8537 51.4759 0
      vertex -50.8012 51.574 0
    endloop
  endfacet
  facet normal -0 0 -1
    outer loop
      vertex -7.0148 -4.05 0
      vertex -51.574 -50.8012 0
      vertex -7.26467 -3.58254 0
    endloop
  endfacet
  facet normal 0 0 -1
    outer loop
      vertex -8.1 0 0
      vertex -50.9124 51.3814 0
      vertex -50.8537 51.4759 0
    endloop
  endfacet
  facet normal 0 0 -1
    outer loop
      vertex -51.6753 -50.7553 0
      vertex -7.26467 -3.58254 0
      vertex -51.574 -50.8012 0
    endloop
  endfacet
  facet normal 0 0 -1
    outer loop
      vertex -8.1 0 0
      vertex -50.9772 51.291 0
      vertex -50.9124 51.3814 0
    endloop
  endfacet
  facet normal -0 0 -1
    outer loop
      vertex -7.26467 -3.58254 0
      vertex -51.6753 -50.7553 0
      vertex -7.48342 -3.09974 0
    endloop
  endfacet
  facet normal 0 0 -1
    outer loop
      vertex -8.1 0 0
      vertex -51.0478 51.205 0
      vertex -50.9772 51.291 0
    endloop
  endfacet
  facet normal 0 0 -1
    outer loop
      vertex -51.7795 -50.7161 0
      vertex -7.48342 -3.09974 0
      vertex -51.6753 -50.7553 0
    endloop
  endfacet
  facet normal 0 0 -1
    outer loop
      vertex -8.1 0 0
      vertex -51.1238 51.1238 0
      vertex -51.0478 51.205 0
    endloop
  endfacet
  facet normal 0 0 -1
    outer loop
      vertex -72.4753 -0.75189 0
      vertex -7.48342 -3.09974 0
      vertex -51.7795 -50.7161 0
    endloop
  endfacet
  facet normal 0 0 -1
    outer loop
      vertex -72.3036 0.111185 0
      vertex -8.1 0 0
      vertex -72.3 0 0
    endloop
  endfacet
  facet normal 0 0 -1
    outer loop
      vertex -7.48342 -3.09974 0
      vertex -72.4753 -0.75189 0
      vertex -7.67013 -2.60366 0
    endloop
  endfacet
  facet normal 0 0 -1
    outer loop
      vertex -8.1 0 0
      vertex -51.205 51.0478 0
      vertex -51.1238 51.1238 0
    endloop
  endfacet
  facet normal 0 -0 -1
    outer loop
      vertex -72.4294 -0.650561 0
      vertex -7.67013 -2.60366 0
      vertex -72.4753 -0.75189 0
    endloop
  endfacet
  facet normal 0 0 -1
    outer loop
      vertex -8.1 0 0
      vertex -51.291 50.9772 0
      vertex -51.205 51.0478 0
    endloop
  endfacet
  facet normal 0 -0 -1
    outer loop
      vertex -72.3902 -0.546447 0
      vertex -7.67013 -2.60366 0
      vertex -72.4294 -0.650561 0
    endloop
  endfacet
  facet normal 0 0 -1
    outer loop
      vertex -8.1 0 0
      vertex -51.3814 50.9124 0
      vertex -51.291 50.9772 0
    endloop
  endfacet
  facet normal 0 0 -1
    outer loop
      vertex -7.67013 -2.60366 0
      vertex -72.3902 -0.546447 0
      vertex -7.824 -2.09643 0
    endloop
  endfacet
  facet normal 0 0 -1
    outer loop
      vertex -8.1 0 0
      vertex -51.4759 50.8537 0
      vertex -51.3814 50.9124 0
    endloop
  endfacet
  facet normal 0 -0 -1
    outer loop
      vertex -72.3579 -0.439992 0
      vertex -7.824 -2.09643 0
      vertex -72.3902 -0.546447 0
    endloop
  endfacet
  facet normal 0 0 -1
    outer loop
      vertex -8.1 0 0
      vertex -51.574 50.8012 0
      vertex -51.4759 50.8537 0
    endloop
  endfacet
  facet normal 0 0 -1
    outer loop
      vertex -7.824 -2.09643 0
      vertex -72.3579 -0.439992 0
      vertex -7.94436 -1.58023 0
    endloop
  endfacet
  facet normal 0 0 -1
    outer loop
      vertex -8.1 0 0
      vertex -51.6753 50.7553 0
      vertex -51.574 50.8012 0
    endloop
  endfacet
  facet normal 0 0 -1
    outer loop
      vertex -72.4753 -0.75189 0
      vertex -51.7795 -50.7161 0
      vertex -51.8859 -50.6838 0
    endloop
  endfacet
  facet normal 0 0 -1
    outer loop
      vertex -8.1 0 0
      vertex -51.7795 50.7161 0
      vertex -51.6753 50.7553 0
    endloop
  endfacet
  facet normal 0 0 -1
    outer loop
      vertex -71.7498 -35.3831 0
      vertex -51.8859 -50.6838 0
      vertex -51.9942 -50.6586 0
    endloop
  endfacet
  facet normal 0 0 -1
    outer loop
      vertex -72.3145 0.221894 0
      vertex -8.1 0 0
      vertex -72.3036 0.111185 0
    endloop
  endfacet
  facet normal 0 0 -1
    outer loop
      vertex -71.7498 -35.3831 0
      vertex -51.9942 -50.6586 0
      vertex -52.104 -50.6404 0
    endloop
  endfacet
  facet normal 0 0 -1
    outer loop
      vertex -72.3327 0.331653 0
      vertex -8.1 0 0
      vertex -72.3145 0.221894 0
    endloop
  endfacet
  facet normal 0 0 -1
    outer loop
      vertex -69.282 -40 0
      vertex -52.104 -50.6404 0
      vertex -52.2147 -50.6295 0
    endloop
  endfacet
  facet normal 0 0 -1
    outer loop
      vertex -51.8859 50.6838 0
      vertex -71.7498 35.3831 0
      vertex -51.9942 50.6586 0
    endloop
  endfacet
  facet normal 0 0 -1
    outer loop
      vertex -69.282 -40 0
      vertex -52.2147 -50.6295 0
      vertex -52.3259 -50.6259 0
    endloop
  endfacet
  facet normal 0 0 -1
    outer loop
      vertex -51.9942 50.6586 0
      vertex -71.7498 35.3831 0
      vertex -52.104 50.6404 0
    endloop
  endfacet
  facet normal 0 0 -1
    outer loop
      vertex -69.282 -40 0
      vertex -52.3259 -50.6259 0
      vertex -52.4371 -50.6295 0
    endloop
  endfacet
  facet normal 0 -0 -1
    outer loop
      vertex -69.282 40 0
      vertex -52.104 50.6404 0
      vertex -71.7498 35.3831 0
    endloop
  endfacet
  facet normal 0 0 -1
    outer loop
      vertex -66.5176 -44.4456 0
      vertex -52.4371 -50.6295 0
      vertex -52.5478 -50.6404 0
    endloop
  endfacet
  facet normal 0 0 -1
    outer loop
      vertex -52.104 50.6404 0
      vertex -69.282 40 0
      vertex -52.2147 50.6295 0
    endloop
  endfacet
  facet normal 0 0 -1
    outer loop
      vertex -66.5176 -44.4456 0
      vertex -52.5478 -50.6404 0
      vertex -52.6576 -50.6586 0
    endloop
  endfacet
  facet normal 0 0 -1
    outer loop
      vertex -52.2147 50.6295 0
      vertex -69.282 40 0
      vertex -52.3259 50.6259 0
    endloop
  endfacet
  facet normal 0 0 -1
    outer loop
      vertex -66.5176 -44.4456 0
      vertex -52.6576 -50.6586 0
      vertex -52.7659 -50.6838 0
    endloop
  endfacet
  facet normal -0 0 -1
    outer loop
      vertex -52.3259 50.6259 0
      vertex -69.282 40 0
      vertex -52.4371 50.6295 0
    endloop
  endfacet
  facet normal 0 0 -1
    outer loop
      vertex -66.5176 -44.4456 0
      vertex -52.7659 -50.6838 0
      vertex -52.8723 -50.7161 0
    endloop
  endfacet
  facet normal 0 -0 -1
    outer loop
      vertex -66.5176 44.4456 0
      vertex -52.4371 50.6295 0
      vertex -69.282 40 0
    endloop
  endfacet
  facet normal 0 0 -1
    outer loop
      vertex -63.4683 -48.7009 0
      vertex -52.8723 -50.7161 0
      vertex -52.9765 -50.7553 0
    endloop
  endfacet
  facet normal -0 0 -1
    outer loop
      vertex -52.4371 50.6295 0
      vertex -66.5176 44.4456 0
      vertex -52.5478 50.6404 0
    endloop
  endfacet
  facet normal 0 0 -1
    outer loop
      vertex -63.4683 -48.7009 0
      vertex -52.9765 -50.7553 0
      vertex -53.0778 -50.8012 0
    endloop
  endfacet
  facet normal -0 0 -1
    outer loop
      vertex -52.5478 50.6404 0
      vertex -66.5176 44.4456 0
      vertex -52.6576 50.6586 0
    endloop
  endfacet
  facet normal 0 0 -1
    outer loop
      vertex -63.4683 -48.7009 0
      vertex -53.0778 -50.8012 0
      vertex -53.1759 -50.8537 0
    endloop
  endfacet
  facet normal -0 0 -1
    outer loop
      vertex -52.6576 50.6586 0
      vertex -66.5176 44.4456 0
      vertex -52.7659 50.6838 0
    endloop
  endfacet
  facet normal 0 0 -1
    outer loop
      vertex -63.4683 -48.7009 0
      vertex -53.1759 -50.8537 0
      vertex -53.2704 -50.9124 0
    endloop
  endfacet
  facet normal -0 0 -1
    outer loop
      vertex -52.7659 50.6838 0
      vertex -66.5176 44.4456 0
      vertex -52.8723 50.7161 0
    endloop
  endfacet
  facet normal 0 0 -1
    outer loop
      vertex -63.4683 -48.7009 0
      vertex -53.2704 -50.9124 0
      vertex -53.3608 -50.9772 0
    endloop
  endfacet
  facet normal 0 -0 -1
    outer loop
      vertex -63.4683 48.7009 0
      vertex -52.8723 50.7161 0
      vertex -66.5176 44.4456 0
    endloop
  endfacet
  facet normal 0 0 -1
    outer loop
      vertex -63.4683 -48.7009 0
      vertex -53.3608 -50.9772 0
      vertex -53.4468 -51.0478 0
    endloop
  endfacet
  facet normal -0 0 -1
    outer loop
      vertex -52.8723 50.7161 0
      vertex -63.4683 48.7009 0
      vertex -52.9765 50.7553 0
    endloop
  endfacet
  facet normal 0 0 -1
    outer loop
      vertex -63.4683 -48.7009 0
      vertex -53.4468 -51.0478 0
      vertex -53.528 -51.1238 0
    endloop
  endfacet
  facet normal -0 0 -1
    outer loop
      vertex -52.9765 50.7553 0
      vertex -63.4683 48.7009 0
      vertex -53.0778 50.8012 0
    endloop
  endfacet
  facet normal 0 0 -1
    outer loop
      vertex -63.4683 -48.7009 0
      vertex -53.528 -51.1238 0
      vertex -53.604 -51.205 0
    endloop
  endfacet
  facet normal -0 0 -1
    outer loop
      vertex -53.0778 50.8012 0
      vertex -63.4683 48.7009 0
      vertex -53.1759 50.8537 0
    endloop
  endfacet
  facet normal 0 0 -1
    outer loop
      vertex -60.1472 -52.7477 0
      vertex -53.604 -51.205 0
      vertex -53.6746 -51.291 0
    endloop
  endfacet
  facet normal -0 0 -1
    outer loop
      vertex -53.1759 50.8537 0
      vertex -63.4683 48.7009 0
      vertex -53.2704 50.9124 0
    endloop
  endfacet
  facet normal 0 0 -1
    outer loop
      vertex -60.1472 -52.7477 0
      vertex -53.6746 -51.291 0
      vertex -53.7394 -51.3814 0
    endloop
  endfacet
  facet normal -0 0 -1
    outer loop
      vertex -53.2704 50.9124 0
      vertex -63.4683 48.7009 0
      vertex -53.3608 50.9772 0
    endloop
  endfacet
  facet normal 0 0 -1
    outer loop
      vertex -60.1472 -52.7477 0
      vertex -53.7394 -51.3814 0
      vertex -53.7981 -51.4759 0
    endloop
  endfacet
  facet normal -0 0 -1
    outer loop
      vertex -53.3608 50.9772 0
      vertex -63.4683 48.7009 0
      vertex -53.4468 51.0478 0
    endloop
  endfacet
  facet normal 0 0 -1
    outer loop
      vertex -60.1472 -52.7477 0
      vertex -53.7981 -51.4759 0
      vertex -53.8506 -51.574 0
    endloop
  endfacet
  facet normal -0 0 -1
    outer loop
      vertex -53.4468 51.0478 0
      vertex -63.4683 48.7009 0
      vertex -53.528 51.1238 0
    endloop
  endfacet
  facet normal 0 0 -1
    outer loop
      vertex -60.1472 -52.7477 0
      vertex -53.8506 -51.574 0
      vertex -53.8965 -51.6753 0
    endloop
  endfacet
  facet normal -0 0 -1
    outer loop
      vertex -53.528 51.1238 0
      vertex -63.4683 48.7009 0
      vertex -53.604 51.205 0
    endloop
  endfacet
  facet normal 0 0 -1
    outer loop
      vertex -60.1472 -52.7477 0
      vertex -53.8965 -51.6753 0
      vertex -53.9357 -51.7795 0
    endloop
  endfacet
  facet normal 0 -0 -1
    outer loop
      vertex -60.1472 52.7477 0
      vertex -53.604 51.205 0
      vertex -63.4683 48.7009 0
    endloop
  endfacet
  facet normal 0 0 -1
    outer loop
      vertex -60.1472 -52.7477 0
      vertex -53.9357 -51.7795 0
      vertex -53.968 -51.8859 0
    endloop
  endfacet
  facet normal 0 0 -1
    outer loop
      vertex -53.604 51.205 0
      vertex -60.1472 52.7477 0
      vertex -53.6746 51.291 0
    endloop
  endfacet
  facet normal 0 0 -1
    outer loop
      vertex -60.1472 -52.7477 0
      vertex -53.968 -51.8859 0
      vertex -53.9932 -51.9942 0
    endloop
  endfacet
  facet normal 0 0 -1
    outer loop
      vertex -53.6746 51.291 0
      vertex -60.1472 52.7477 0
      vertex -53.7394 51.3814 0
    endloop
  endfacet
  facet normal 0 0 -1
    outer loop
      vertex -60.1472 -52.7477 0
      vertex -53.9932 -51.9942 0
      vertex -54.0114 -52.104 0
    endloop
  endfacet
  facet normal 0 0 -1
    outer loop
      vertex -53.7394 51.3814 0
      vertex -60.1472 52.7477 0
      vertex -53.7981 51.4759 0
    endloop
  endfacet
  facet normal 0 0 -1
    outer loop
      vertex -60.1472 -52.7477 0
      vertex -54.0114 -52.104 0
      vertex -54.0223 -52.2147 0
    endloop
  endfacet
  facet normal 0 0 -1
    outer loop
      vertex -53.7981 51.4759 0
      vertex -60.1472 52.7477 0
      vertex -53.8506 51.574 0
    endloop
  endfacet
  facet normal -0 0 -1
    outer loop
      vertex -54.0223 -52.4371 0
      vertex -60.1472 -52.7477 0
      vertex -54.0259 -52.3259 0
    endloop
  endfacet
  facet normal 0 0 -1
    outer loop
      vertex -53.8506 51.574 0
      vertex -60.1472 52.7477 0
      vertex -53.8965 51.6753 0
    endloop
  endfacet
  facet normal 0 0 -1
    outer loop
      vertex -50.6838 52.7659 0
      vertex -37.85 62.6136 0
      vertex -50.6586 52.6576 0
    endloop
  endfacet
  facet normal -0 0 -1
    outer loop
      vertex -37.85 62.6136 0
      vertex -50.6838 52.7659 0
      vertex -37.9445 62.6724 0
    endloop
  endfacet
  facet normal 0 0 -1
    outer loop
      vertex -50.7161 52.8723 0
      vertex -37.9445 62.6724 0
      vertex -50.6838 52.7659 0
    endloop
  endfacet
  facet normal -0 0 -1
    outer loop
      vertex -37.9445 62.6724 0
      vertex -50.7161 52.8723 0
      vertex -38.0349 62.7372 0
    endloop
  endfacet
  facet normal 0 0 -1
    outer loop
      vertex -50.7553 52.9765 0
      vertex -38.0349 62.7372 0
      vertex -50.7161 52.8723 0
    endloop
  endfacet
  facet normal -0 0 -1
    outer loop
      vertex -38.0349 62.7372 0
      vertex -50.7553 52.9765 0
      vertex -38.1209 62.8078 0
    endloop
  endfacet
  facet normal 0 0 -1
    outer loop
      vertex -50.8012 53.0778 0
      vertex -38.1209 62.8078 0
      vertex -50.7553 52.9765 0
    endloop
  endfacet
  facet normal 0 0 -1
    outer loop
      vertex -50.8537 53.1759 0
      vertex -38.1209 62.8078 0
      vertex -50.8012 53.0778 0
    endloop
  endfacet
  facet normal -0 0 -1
    outer loop
      vertex -38.1209 62.8078 0
      vertex -50.8537 53.1759 0
      vertex -48.7009 63.4683 0
    endloop
  endfacet
  facet normal 0 0 -1
    outer loop
      vertex -50.9124 53.2704 0
      vertex -48.7009 63.4683 0
      vertex -50.8537 53.1759 0
    endloop
  endfacet
  facet normal 0 0 -1
    outer loop
      vertex -50.9772 53.3608 0
      vertex -48.7009 63.4683 0
      vertex -50.9124 53.2704 0
    endloop
  endfacet
  facet normal 0 0 -1
    outer loop
      vertex -51.0478 53.4468 0
      vertex -48.7009 63.4683 0
      vertex -50.9772 53.3608 0
    endloop
  endfacet
  facet normal 0 0 -1
    outer loop
      vertex -51.1238 53.528 0
      vertex -48.7009 63.4683 0
      vertex -51.0478 53.4468 0
    endloop
  endfacet
  facet normal 0 0 -1
    outer loop
      vertex -51.205 53.604 0
      vertex -48.7009 63.4683 0
      vertex -51.1238 53.528 0
    endloop
  endfacet
  facet normal 0 0 -1
    outer loop
      vertex -52.7477 60.1472 0
      vertex -51.205 53.604 0
      vertex -51.291 53.6746 0
    endloop
  endfacet
  facet normal 0 0 -1
    outer loop
      vertex -52.7477 60.1472 0
      vertex -51.291 53.6746 0
      vertex -51.3814 53.7394 0
    endloop
  endfacet
  facet normal 0 0 -1
    outer loop
      vertex -52.7477 60.1472 0
      vertex -51.3814 53.7394 0
      vertex -51.4759 53.7981 0
    endloop
  endfacet
  facet normal 0 0 -1
    outer loop
      vertex -52.7477 60.1472 0
      vertex -51.4759 53.7981 0
      vertex -51.574 53.8506 0
    endloop
  endfacet
  facet normal 0 0 -1
    outer loop
      vertex -52.7477 60.1472 0
      vertex -51.574 53.8506 0
      vertex -51.6753 53.8965 0
    endloop
  endfacet
  facet normal 0 0 -1
    outer loop
      vertex -52.7477 60.1472 0
      vertex -51.6753 53.8965 0
      vertex -51.7795 53.9357 0
    endloop
  endfacet
  facet normal 0 0 -1
    outer loop
      vertex -52.7477 60.1472 0
      vertex -51.7795 53.9357 0
      vertex -51.8859 53.968 0
    endloop
  endfacet
  facet normal 0 0 -1
    outer loop
      vertex -52.7477 60.1472 0
      vertex -51.8859 53.968 0
      vertex -51.9942 53.9932 0
    endloop
  endfacet
  facet normal 0 0 -1
    outer loop
      vertex -52.7477 60.1472 0
      vertex -51.9942 53.9932 0
      vertex -52.104 54.0114 0
    endloop
  endfacet
  facet normal 0 0 -1
    outer loop
      vertex -52.7477 60.1472 0
      vertex -52.104 54.0114 0
      vertex -52.2147 54.0223 0
    endloop
  endfacet
  facet normal 0 0 -1
    outer loop
      vertex -52.7477 60.1472 0
      vertex -52.2147 54.0223 0
      vertex -52.3259 54.0259 0
    endloop
  endfacet
  facet normal 0 0 -1
    outer loop
      vertex -52.7477 60.1472 0
      vertex -52.3259 54.0259 0
      vertex -52.4371 54.0223 0
    endloop
  endfacet
  facet normal 0 0 -1
    outer loop
      vertex -52.7477 60.1472 0
      vertex -52.4371 54.0223 0
      vertex -52.5478 54.0114 0
    endloop
  endfacet
  facet normal 0 0 -1
    outer loop
      vertex -52.7477 60.1472 0
      vertex -52.5478 54.0114 0
      vertex -52.6576 53.9932 0
    endloop
  endfacet
  facet normal 0 0 -1
    outer loop
      vertex -51.205 53.604 0
      vertex -52.7477 60.1472 0
      vertex -48.7009 63.4683 0
    endloop
  endfacet
  facet normal 0 0 -1
    outer loop
      vertex -52.7659 53.968 0
      vertex -52.7477 60.1472 0
      vertex -52.6576 53.9932 0
    endloop
  endfacet
  facet normal 0 0 -1
    outer loop
      vertex -56.5685 56.5685 0
      vertex -52.7659 53.968 0
      vertex -52.8723 53.9357 0
    endloop
  endfacet
  facet normal 0 0 -1
    outer loop
      vertex -56.5685 56.5685 0
      vertex -52.8723 53.9357 0
      vertex -52.9765 53.8965 0
    endloop
  endfacet
  facet normal 0 0 -1
    outer loop
      vertex -56.5685 56.5685 0
      vertex -52.9765 53.8965 0
      vertex -53.0778 53.8506 0
    endloop
  endfacet
  facet normal 0 0 -1
    outer loop
      vertex -56.5685 56.5685 0
      vertex -53.0778 53.8506 0
      vertex -53.1759 53.7981 0
    endloop
  endfacet
  facet normal 0 0 -1
    outer loop
      vertex -56.5685 56.5685 0
      vertex -53.1759 53.7981 0
      vertex -53.2704 53.7394 0
    endloop
  endfacet
  facet normal 0 0 -1
    outer loop
      vertex -56.5685 56.5685 0
      vertex -53.2704 53.7394 0
      vertex -53.3608 53.6746 0
    endloop
  endfacet
  facet normal 0 0 -1
    outer loop
      vertex -56.5685 56.5685 0
      vertex -53.3608 53.6746 0
      vertex -53.4468 53.604 0
    endloop
  endfacet
  facet normal 0 0 -1
    outer loop
      vertex -56.5685 56.5685 0
      vertex -53.4468 53.604 0
      vertex -53.528 53.528 0
    endloop
  endfacet
  facet normal 0 0 -1
    outer loop
      vertex -56.5685 56.5685 0
      vertex -53.528 53.528 0
      vertex -53.604 53.4468 0
    endloop
  endfacet
  facet normal 0 0 -1
    outer loop
      vertex -56.5685 56.5685 0
      vertex -53.604 53.4468 0
      vertex -53.6746 53.3608 0
    endloop
  endfacet
  facet normal 0 0 -1
    outer loop
      vertex -56.5685 56.5685 0
      vertex -53.6746 53.3608 0
      vertex -53.7394 53.2704 0
    endloop
  endfacet
  facet normal 0 0 -1
    outer loop
      vertex -56.5685 56.5685 0
      vertex -53.7394 53.2704 0
      vertex -53.7981 53.1759 0
    endloop
  endfacet
  facet normal 0 0 -1
    outer loop
      vertex -56.5685 56.5685 0
      vertex -53.7981 53.1759 0
      vertex -53.8506 53.0778 0
    endloop
  endfacet
  facet normal 0 0 -1
    outer loop
      vertex -56.5685 56.5685 0
      vertex -53.8506 53.0778 0
      vertex -53.8965 52.9765 0
    endloop
  endfacet
  facet normal 0 0 -1
    outer loop
      vertex -56.5685 56.5685 0
      vertex -53.8965 52.9765 0
      vertex -53.9357 52.8723 0
    endloop
  endfacet
  facet normal 0 0 -1
    outer loop
      vertex -56.5685 56.5685 0
      vertex -53.9357 52.8723 0
      vertex -53.968 52.7659 0
    endloop
  endfacet
  facet normal 0 0 -1
    outer loop
      vertex -56.5685 56.5685 0
      vertex -53.968 52.7659 0
      vertex -53.9932 52.6576 0
    endloop
  endfacet
  facet normal 0 0 -1
    outer loop
      vertex -52.7659 53.968 0
      vertex -56.5685 56.5685 0
      vertex -52.7477 60.1472 0
    endloop
  endfacet
  facet normal 0 0 -1
    outer loop
      vertex -60.1472 52.7477 0
      vertex -53.9932 52.6576 0
      vertex -54.0114 52.5478 0
    endloop
  endfacet
  facet normal 0 0 -1
    outer loop
      vertex -60.1472 52.7477 0
      vertex -54.0114 52.5478 0
      vertex -54.0223 52.4371 0
    endloop
  endfacet
  facet normal 0 0 -1
    outer loop
      vertex -60.1472 52.7477 0
      vertex -54.0223 52.4371 0
      vertex -54.0259 52.3259 0
    endloop
  endfacet
  facet normal 0 0 -1
    outer loop
      vertex -53.8965 51.6753 0
      vertex -60.1472 52.7477 0
      vertex -53.9357 51.7795 0
    endloop
  endfacet
  facet normal -0 0 -1
    outer loop
      vertex -53.604 -51.205 0
      vertex -60.1472 -52.7477 0
      vertex -63.4683 -48.7009 0
    endloop
  endfacet
  facet normal 0 0 -1
    outer loop
      vertex -53.9357 51.7795 0
      vertex -60.1472 52.7477 0
      vertex -53.968 51.8859 0
    endloop
  endfacet
  facet normal 0 0 -1
    outer loop
      vertex -52.8723 -50.7161 0
      vertex -63.4683 -48.7009 0
      vertex -66.5176 -44.4456 0
    endloop
  endfacet
  facet normal 0 0 -1
    outer loop
      vertex -53.9932 52.6576 0
      vertex -60.1472 52.7477 0
      vertex -56.5685 56.5685 0
    endloop
  endfacet
  facet normal 0 0 -1
    outer loop
      vertex -52.4371 -50.6295 0
      vertex -66.5176 -44.4456 0
      vertex -69.282 -40 0
    endloop
  endfacet
  facet normal 0 0 -1
    outer loop
      vertex -54.0223 52.2147 0
      vertex -60.1472 52.7477 0
      vertex -54.0259 52.3259 0
    endloop
  endfacet
  facet normal 0 0 -1
    outer loop
      vertex -52.104 -50.6404 0
      vertex -69.282 -40 0
      vertex -71.7498 -35.3831 0
    endloop
  endfacet
  facet normal 0 0 -1
    outer loop
      vertex -54.0114 52.104 0
      vertex -60.1472 52.7477 0
      vertex -54.0223 52.2147 0
    endloop
  endfacet
  facet normal 0 0 -1
    outer loop
      vertex -51.8859 -50.6838 0
      vertex -71.7498 -35.3831 0
      vertex -73.9104 -30.6147 0
    endloop
  endfacet
  facet normal 0 0 -1
    outer loop
      vertex -53.9932 51.9942 0
      vertex -60.1472 52.7477 0
      vertex -54.0114 52.104 0
    endloop
  endfacet
  facet normal 0 0 -1
    outer loop
      vertex -53.968 51.8859 0
      vertex -60.1472 52.7477 0
      vertex -53.9932 51.9942 0
    endloop
  endfacet
  facet normal -0 0 -1
    outer loop
      vertex -8.1 0 0
      vertex -72.3036 -0.111185 0
      vertex -72.3 0 0
    endloop
  endfacet
  facet normal 0 0 -1
    outer loop
      vertex -8.08266 -0.529765 0
      vertex -72.3036 -0.111185 0
      vertex -8.1 0 0
    endloop
  endfacet
  facet normal 0 -0 -1
    outer loop
      vertex -72.3036 -0.111185 0
      vertex -8.08266 -0.529765 0
      vertex -72.3145 -0.221894 0
    endloop
  endfacet
  facet normal 0 0 -1
    outer loop
      vertex -8.0307 -1.05726 0
      vertex -72.3145 -0.221894 0
      vertex -8.08266 -0.529765 0
    endloop
  endfacet
  facet normal 0 -0 -1
    outer loop
      vertex -72.3145 -0.221894 0
      vertex -8.0307 -1.05726 0
      vertex -72.3327 -0.331653 0
    endloop
  endfacet
  facet normal 0 0 -1
    outer loop
      vertex -7.94436 -1.58023 0
      vertex -72.3327 -0.331653 0
      vertex -8.0307 -1.05726 0
    endloop
  endfacet
  facet normal 0 -0 -1
    outer loop
      vertex -72.3327 -0.331653 0
      vertex -7.94436 -1.58023 0
      vertex -72.3579 -0.439992 0
    endloop
  endfacet
  facet normal 0 0 -1
    outer loop
      vertex -51.8859 -50.6838 0
      vertex -73.9104 -30.6147 0
      vertex -72.4753 -0.75189 0
    endloop
  endfacet
  facet normal 0 0 -1
    outer loop
      vertex -72.4753 -0.75189 0
      vertex -73.9104 -30.6147 0
      vertex -72.5278 -0.849999 0
    endloop
  endfacet
  facet normal 0 0 -1
    outer loop
      vertex -75.7544 -25.7152 0
      vertex -72.5278 -0.849999 0
      vertex -73.9104 -30.6147 0
    endloop
  endfacet
  facet normal 0 0 -1
    outer loop
      vertex -72.5278 -0.849999 0
      vertex -75.7544 -25.7152 0
      vertex -72.5865 -0.944468 0
    endloop
  endfacet
  facet normal 0 0 -1
    outer loop
      vertex -72.5865 -0.944468 0
      vertex -75.7544 -25.7152 0
      vertex -72.6513 -1.03489 0
    endloop
  endfacet
  facet normal 0 0 -1
    outer loop
      vertex -77.2741 -20.7055 0
      vertex -72.6513 -1.03489 0
      vertex -75.7544 -25.7152 0
    endloop
  endfacet
  facet normal 0 0 -1
    outer loop
      vertex -72.6513 -1.03489 0
      vertex -77.2741 -20.7055 0
      vertex -72.7219 -1.12089 0
    endloop
  endfacet
  facet normal 0 0 -1
    outer loop
      vertex -72.7219 -1.12089 0
      vertex -77.2741 -20.7055 0
      vertex -72.7979 -1.20208 0
    endloop
  endfacet
  facet normal 0 0 -1
    outer loop
      vertex -72.7979 -1.20208 0
      vertex -77.2741 -20.7055 0
      vertex -72.8791 -1.27813 0
    endloop
  endfacet
  facet normal 0 0 -1
    outer loop
      vertex -78.4628 -15.6072 0
      vertex -72.8791 -1.27813 0
      vertex -77.2741 -20.7055 0
    endloop
  endfacet
  facet normal 0 0 -1
    outer loop
      vertex -72.8791 -1.27813 0
      vertex -78.4628 -15.6072 0
      vertex -72.9651 -1.3487 0
    endloop
  endfacet
  facet normal 0 0 -1
    outer loop
      vertex -72.9651 -1.3487 0
      vertex -78.4628 -15.6072 0
      vertex -73.0555 -1.4135 0
    endloop
  endfacet
  facet normal 0 0 -1
    outer loop
      vertex -73.0555 -1.4135 0
      vertex -78.4628 -15.6072 0
      vertex -73.15 -1.47224 0
    endloop
  endfacet
  facet normal 0 0 -1
    outer loop
      vertex -73.15 -1.47224 0
      vertex -78.4628 -15.6072 0
      vertex -73.2481 -1.52468 0
    endloop
  endfacet
  facet normal 0 0 -1
    outer loop
      vertex -79.3156 -10.4421 0
      vertex -73.2481 -1.52468 0
      vertex -78.4628 -15.6072 0
    endloop
  endfacet
  facet normal 0 0 -1
    outer loop
      vertex -73.2481 -1.52468 0
      vertex -79.3156 -10.4421 0
      vertex -73.3494 -1.57059 0
    endloop
  endfacet
  facet normal 0 0 -1
    outer loop
      vertex -73.3494 -1.57059 0
      vertex -79.3156 -10.4421 0
      vertex -73.4536 -1.60978 0
    endloop
  endfacet
  facet normal 0 0 -1
    outer loop
      vertex -73.4536 -1.60978 0
      vertex -79.3156 -10.4421 0
      vertex -73.56 -1.64207 0
    endloop
  endfacet
  facet normal 0 0 -1
    outer loop
      vertex -73.56 -1.64207 0
      vertex -79.3156 -10.4421 0
      vertex -73.6684 -1.66733 0
    endloop
  endfacet
  facet normal 0 0 -1
    outer loop
      vertex -73.6684 -1.66733 0
      vertex -79.3156 -10.4421 0
      vertex -73.7781 -1.68546 0
    endloop
  endfacet
  facet normal 0 0 -1
    outer loop
      vertex -73.7781 -1.68546 0
      vertex -79.3156 -10.4421 0
      vertex -73.8888 -1.69636 0
    endloop
  endfacet
  facet normal 0 0 -1
    outer loop
      vertex -73.8888 -1.69636 0
      vertex -79.3156 -10.4421 0
      vertex -74 -1.7 0
    endloop
  endfacet
  facet normal -0 0 -1
    outer loop
      vertex -74 -1.7 0
      vertex -79.3156 -10.4421 0
      vertex -74.1112 -1.69636 0
    endloop
  endfacet
  facet normal 0 0 -1
    outer loop
      vertex -79.8287 -5.23225 0
      vertex -74.1112 -1.69636 0
      vertex -79.3156 -10.4421 0
    endloop
  endfacet
  facet normal -0 0 -1
    outer loop
      vertex -74.1112 -1.69636 0
      vertex -79.8287 -5.23225 0
      vertex -74.2219 -1.68546 0
    endloop
  endfacet
  facet normal -0 0 -1
    outer loop
      vertex -74.2219 -1.68546 0
      vertex -79.8287 -5.23225 0
      vertex -74.3316 -1.66733 0
    endloop
  endfacet
  facet normal -0 0 -1
    outer loop
      vertex -74.3316 -1.66733 0
      vertex -79.8287 -5.23225 0
      vertex -74.44 -1.64207 0
    endloop
  endfacet
  facet normal -0 0 -1
    outer loop
      vertex -74.44 -1.64207 0
      vertex -79.8287 -5.23225 0
      vertex -74.5464 -1.60978 0
    endloop
  endfacet
  facet normal -0 0 -1
    outer loop
      vertex -74.5464 -1.60978 0
      vertex -79.8287 -5.23225 0
      vertex -74.6506 -1.57059 0
    endloop
  endfacet
  facet normal -0 0 -1
    outer loop
      vertex -74.6506 -1.57059 0
      vertex -79.8287 -5.23225 0
      vertex -74.7519 -1.52468 0
    endloop
  endfacet
  facet normal -0 0 -1
    outer loop
      vertex -74.7519 -1.52468 0
      vertex -79.8287 -5.23225 0
      vertex -74.85 -1.47224 0
    endloop
  endfacet
  facet normal -0 0 -1
    outer loop
      vertex -74.85 -1.47224 0
      vertex -79.8287 -5.23225 0
      vertex -74.9445 -1.4135 0
    endloop
  endfacet
  facet normal -0 0 -1
    outer loop
      vertex -74.9445 -1.4135 0
      vertex -79.8287 -5.23225 0
      vertex -75.0349 -1.3487 0
    endloop
  endfacet
  facet normal -0 0 -1
    outer loop
      vertex -75.0349 -1.3487 0
      vertex -79.8287 -5.23225 0
      vertex -75.1209 -1.27813 0
    endloop
  endfacet
  facet normal -0 0 -1
    outer loop
      vertex -75.1209 -1.27813 0
      vertex -79.8287 -5.23225 0
      vertex -75.2021 -1.20208 0
    endloop
  endfacet
  facet normal -0 0 -1
    outer loop
      vertex -75.2021 -1.20208 0
      vertex -79.8287 -5.23225 0
      vertex -75.2781 -1.12089 0
    endloop
  endfacet
  facet normal -0 0 -1
    outer loop
      vertex -75.2781 -1.12089 0
      vertex -79.8287 -5.23225 0
      vertex -75.3487 -1.03489 0
    endloop
  endfacet
  facet normal -0 0 -1
    outer loop
      vertex -75.3487 -1.03489 0
      vertex -79.8287 -5.23225 0
      vertex -75.4135 -0.944468 0
    endloop
  endfacet
  facet normal -0 0 -1
    outer loop
      vertex -75.4135 -0.944468 0
      vertex -79.8287 -5.23225 0
      vertex -75.4722 -0.849999 0
    endloop
  endfacet
  facet normal 0 0 -1
    outer loop
      vertex -80 0 0
      vertex -75.4722 -0.849999 0
      vertex -79.8287 -5.23225 0
    endloop
  endfacet
  facet normal 0 0 -1
    outer loop
      vertex -75.4722 -0.849999 0
      vertex -80 0 0
      vertex -75.5247 -0.75189 0
    endloop
  endfacet
  facet normal 0 0 -1
    outer loop
      vertex -75.5706 -0.650561 0
      vertex -80 0 0
      vertex -75.6098 -0.546447 0
    endloop
  endfacet
  facet normal 0 0 -1
    outer loop
      vertex -75.5247 -0.75189 0
      vertex -80 0 0
      vertex -75.5706 -0.650561 0
    endloop
  endfacet
  facet normal 0 0 -1
    outer loop
      vertex -36.2481 -62.5612 0
      vertex -4.50012 -6.7349 0
      vertex -36.15 -62.6136 0
    endloop
  endfacet
  facet normal 0 0 -1
    outer loop
      vertex -8.1 0 0
      vertex -35.3036 63.9747 0
      vertex -35.3 64.0859 0
    endloop
  endfacet
  facet normal 0 0 -1
    outer loop
      vertex -36.3494 -62.5153 0
      vertex -4.50012 -6.7349 0
      vertex -36.2481 -62.5612 0
    endloop
  endfacet
  facet normal 0 0 -1
    outer loop
      vertex -8.1 0 0
      vertex -35.3145 63.864 0
      vertex -35.3036 63.9747 0
    endloop
  endfacet
  facet normal -0 0 -1
    outer loop
      vertex -4.50012 -6.7349 0
      vertex -36.3494 -62.5153 0
      vertex -4.93097 -6.42616 0
    endloop
  endfacet
  facet normal 0 0 -1
    outer loop
      vertex -8.1 0 0
      vertex -35.3327 63.7542 0
      vertex -35.3145 63.864 0
    endloop
  endfacet
  facet normal 0 0 -1
    outer loop
      vertex -36.4536 -62.4761 0
      vertex -4.93097 -6.42616 0
      vertex -36.3494 -62.5153 0
    endloop
  endfacet
  facet normal 0 0 -1
    outer loop
      vertex -8.1 0 0
      vertex -35.3579 63.6459 0
      vertex -35.3327 63.7542 0
    endloop
  endfacet
  facet normal 0 0 -1
    outer loop
      vertex -50.7161 -51.7795 0
      vertex -36.8888 -62.3895 0
      vertex -50.6838 -51.8859 0
    endloop
  endfacet
  facet normal 0 0 -1
    outer loop
      vertex -8.1 0 0
      vertex -35.3902 63.5394 0
      vertex -35.3579 63.6459 0
    endloop
  endfacet
  facet normal 0 0 -1
    outer loop
      vertex -36.8888 -62.3895 0
      vertex -50.7161 -51.7795 0
      vertex -36.7781 -62.4004 0
    endloop
  endfacet
  facet normal 0 0 -1
    outer loop
      vertex -8.1 0 0
      vertex -35.4294 63.4353 0
      vertex -35.3902 63.5394 0
    endloop
  endfacet
  facet normal 0 0 -1
    outer loop
      vertex -50.7553 -51.6753 0
      vertex -36.7781 -62.4004 0
      vertex -50.7161 -51.7795 0
    endloop
  endfacet
  facet normal 0 0 -1
    outer loop
      vertex -8.1 0 0
      vertex -35.4753 63.334 0
      vertex -35.4294 63.4353 0
    endloop
  endfacet
  facet normal 0 0 -1
    outer loop
      vertex -50.8012 -51.574 0
      vertex -36.6683 -62.4185 0
      vertex -50.7553 -51.6753 0
    endloop
  endfacet
  facet normal 0 0 -1
    outer loop
      vertex -8.1 0 0
      vertex -35.5278 63.2359 0
      vertex -35.4753 63.334 0
    endloop
  endfacet
  facet normal 0 0 -1
    outer loop
      vertex -36.6683 -62.4185 0
      vertex -50.8012 -51.574 0
      vertex -36.56 -62.4438 0
    endloop
  endfacet
  facet normal 0 0 -1
    outer loop
      vertex -8.1 0 0
      vertex -35.5865 63.1414 0
      vertex -35.5278 63.2359 0
    endloop
  endfacet
  facet normal 0 0 -1
    outer loop
      vertex -50.8537 -51.4759 0
      vertex -36.56 -62.4438 0
      vertex -50.8012 -51.574 0
    endloop
  endfacet
  facet normal 0 0 -1
    outer loop
      vertex -8.1 0 0
      vertex -35.6513 63.051 0
      vertex -35.5865 63.1414 0
    endloop
  endfacet
  facet normal 0 0 -1
    outer loop
      vertex -36.56 -62.4438 0
      vertex -50.8537 -51.4759 0
      vertex -36.4536 -62.4761 0
    endloop
  endfacet
  facet normal 0 0 -1
    outer loop
      vertex -8.1 0 0
      vertex -35.7219 62.965 0
      vertex -35.6513 63.051 0
    endloop
  endfacet
  facet normal 0 0 -1
    outer loop
      vertex -50.9124 -51.3814 0
      vertex -36.4536 -62.4761 0
      vertex -50.8537 -51.4759 0
    endloop
  endfacet
  facet normal 0 0 -1
    outer loop
      vertex -8.1 0 0
      vertex -35.7979 62.8838 0
      vertex -35.7219 62.965 0
    endloop
  endfacet
  facet normal 0 0 -1
    outer loop
      vertex -36.4536 -62.4761 0
      vertex -50.9124 -51.3814 0
      vertex -4.93097 -6.42616 0
    endloop
  endfacet
  facet normal 0 0 -1
    outer loop
      vertex -8.1 0 0
      vertex -35.8791 62.8078 0
      vertex -35.7979 62.8838 0
    endloop
  endfacet
  facet normal 0 0 -1
    outer loop
      vertex -50.9772 -51.291 0
      vertex -4.93097 -6.42616 0
      vertex -50.9124 -51.3814 0
    endloop
  endfacet
  facet normal 0 0 -1
    outer loop
      vertex -8.1 0 0
      vertex -35.9651 62.7372 0
      vertex -35.8791 62.8078 0
    endloop
  endfacet
  facet normal -0 0 -1
    outer loop
      vertex -4.93097 -6.42616 0
      vertex -50.9772 -51.291 0
      vertex -5.3407 -6.0899 0
    endloop
  endfacet
  facet normal 0 0 -1
    outer loop
      vertex -8.1 0 0
      vertex -36.0555 62.6724 0
      vertex -35.9651 62.7372 0
    endloop
  endfacet
  facet normal 0 0 -1
    outer loop
      vertex -51.0478 -51.205 0
      vertex -5.3407 -6.0899 0
      vertex -50.9772 -51.291 0
    endloop
  endfacet
  facet normal 0 0 -1
    outer loop
      vertex -8.1 0 0
      vertex -36.15 62.6136 0
      vertex -36.0555 62.6724 0
    endloop
  endfacet
  facet normal -0 0 -1
    outer loop
      vertex -5.3407 -6.0899 0
      vertex -51.0478 -51.205 0
      vertex -5.72756 -5.72756 0
    endloop
  endfacet
  facet normal 0 0 -1
    outer loop
      vertex -8.1 0 0
      vertex -36.2481 62.5612 0
      vertex -36.15 62.6136 0
    endloop
  endfacet
  facet normal 0 0 -1
    outer loop
      vertex -51.1238 -51.1238 0
      vertex -5.72756 -5.72756 0
      vertex -51.0478 -51.205 0
    endloop
  endfacet
  facet normal -0 0 -1
    outer loop
      vertex -5.72756 -5.72756 0
      vertex -51.1238 -51.1238 0
      vertex -6.0899 -5.3407 0
    endloop
  endfacet
  facet normal 0 0 -1
    outer loop
      vertex -36.7781 -62.4004 0
      vertex -50.7553 -51.6753 0
      vertex -36.6683 -62.4185 0
    endloop
  endfacet
  facet normal 0 0 -1
    outer loop
      vertex -8.1 0 0
      vertex -36.3494 62.5153 0
      vertex -36.2481 62.5612 0
    endloop
  endfacet
  facet normal 0 0 -1
    outer loop
      vertex -37 -62.3859 0
      vertex -50.6838 -51.8859 0
      vertex -36.8888 -62.3895 0
    endloop
  endfacet
  facet normal 0 0 -1
    outer loop
      vertex -8.1 0 0
      vertex -36.4536 62.4761 0
      vertex -36.3494 62.5153 0
    endloop
  endfacet
  facet normal 0 0 -1
    outer loop
      vertex -50.6838 -51.8859 0
      vertex -37 -62.3859 0
      vertex -50.6586 -51.9942 0
    endloop
  endfacet
  facet normal 0 0 -1
    outer loop
      vertex -50.6259 52.3259 0
      vertex -36.4536 62.4761 0
      vertex -8.1 0 0
    endloop
  endfacet
  facet normal 0 0 -1
    outer loop
      vertex -37.1112 -62.3895 0
      vertex -50.6586 -51.9942 0
      vertex -37 -62.3859 0
    endloop
  endfacet
  facet normal 0 0 -1
    outer loop
      vertex -36.4536 62.4761 0
      vertex -50.6259 52.3259 0
      vertex -36.56 62.4438 0
    endloop
  endfacet
  facet normal 0 0 -1
    outer loop
      vertex -50.6586 -51.9942 0
      vertex -37.1112 -62.3895 0
      vertex -50.6404 -52.104 0
    endloop
  endfacet
  facet normal 0 0 -1
    outer loop
      vertex -36.56 62.4438 0
      vertex -50.6259 52.3259 0
      vertex -36.6683 62.4185 0
    endloop
  endfacet
  facet normal 0 0 -1
    outer loop
      vertex -37.2219 -62.4004 0
      vertex -50.6404 -52.104 0
      vertex -37.1112 -62.3895 0
    endloop
  endfacet
  facet normal 0 0 -1
    outer loop
      vertex -36.6683 62.4185 0
      vertex -50.6259 52.3259 0
      vertex -36.7781 62.4004 0
    endloop
  endfacet
  facet normal 0 0 -1
    outer loop
      vertex -50.6404 -52.104 0
      vertex -37.2219 -62.4004 0
      vertex -50.6295 -52.2147 0
    endloop
  endfacet
  facet normal 0 0 -1
    outer loop
      vertex -36.7781 62.4004 0
      vertex -50.6259 52.3259 0
      vertex -36.8888 62.3895 0
    endloop
  endfacet
  facet normal 0 0 -1
    outer loop
      vertex -37.3317 -62.4185 0
      vertex -50.6295 -52.2147 0
      vertex -37.2219 -62.4004 0
    endloop
  endfacet
  facet normal 0 0 -1
    outer loop
      vertex -36.8888 62.3895 0
      vertex -50.6259 52.3259 0
      vertex -37 62.3859 0
    endloop
  endfacet
  facet normal 0 0 -1
    outer loop
      vertex -50.6295 -52.2147 0
      vertex -37.3317 -62.4185 0
      vertex -50.6259 -52.3259 0
    endloop
  endfacet
  facet normal -0 0 -1
    outer loop
      vertex -37 62.3859 0
      vertex -50.6259 52.3259 0
      vertex -37.1112 62.3895 0
    endloop
  endfacet
  facet normal 0 0 -1
    outer loop
      vertex -50.6259 -52.3259 0
      vertex -37.3317 -62.4185 0
      vertex -37.44 -62.4438 0
    endloop
  endfacet
  facet normal -0 0 -1
    outer loop
      vertex -37.1112 62.3895 0
      vertex -50.6259 52.3259 0
      vertex -37.2219 62.4004 0
    endloop
  endfacet
  facet normal 0 0 -1
    outer loop
      vertex -50.6259 -52.3259 0
      vertex -37.44 -62.4438 0
      vertex -37.5464 -62.4761 0
    endloop
  endfacet
  facet normal -0 0 -1
    outer loop
      vertex -37.2219 62.4004 0
      vertex -50.6259 52.3259 0
      vertex -37.3317 62.4185 0
    endloop
  endfacet
  facet normal 0 0 -1
    outer loop
      vertex -50.6259 -52.3259 0
      vertex -37.5464 -62.4761 0
      vertex -37.6506 -62.5153 0
    endloop
  endfacet
  facet normal 0 0 -1
    outer loop
      vertex -50.6259 52.3259 0
      vertex -37.44 62.4438 0
      vertex -37.3317 62.4185 0
    endloop
  endfacet
  facet normal 0 0 -1
    outer loop
      vertex -50.6259 -52.3259 0
      vertex -37.6506 -62.5153 0
      vertex -37.7519 -62.5612 0
    endloop
  endfacet
  facet normal 0 0 -1
    outer loop
      vertex -50.6259 52.3259 0
      vertex -37.5464 62.4761 0
      vertex -37.44 62.4438 0
    endloop
  endfacet
  facet normal 0 0 -1
    outer loop
      vertex -50.6259 -52.3259 0
      vertex -37.7519 -62.5612 0
      vertex -37.85 -62.6136 0
    endloop
  endfacet
  facet normal 0 0 -1
    outer loop
      vertex -50.6295 52.4371 0
      vertex -37.5464 62.4761 0
      vertex -50.6259 52.3259 0
    endloop
  endfacet
  facet normal 0 0 -1
    outer loop
      vertex -50.6259 -52.3259 0
      vertex -37.85 -62.6136 0
      vertex -37.9445 -62.6724 0
    endloop
  endfacet
  facet normal -0 0 -1
    outer loop
      vertex -37.5464 62.4761 0
      vertex -50.6295 52.4371 0
      vertex -37.6506 62.5153 0
    endloop
  endfacet
  facet normal 0 0 -1
    outer loop
      vertex -50.6259 -52.3259 0
      vertex -37.9445 -62.6724 0
      vertex -38.0349 -62.7372 0
    endloop
  endfacet
  facet normal 0 0 -1
    outer loop
      vertex -50.6404 52.5478 0
      vertex -37.6506 62.5153 0
      vertex -50.6295 52.4371 0
    endloop
  endfacet
  facet normal 0 0 -1
    outer loop
      vertex -50.6259 -52.3259 0
      vertex -38.0349 -62.7372 0
      vertex -38.1209 -62.8078 0
    endloop
  endfacet
  facet normal -0 0 -1
    outer loop
      vertex -37.6506 62.5153 0
      vertex -50.6404 52.5478 0
      vertex -37.7519 62.5612 0
    endloop
  endfacet
  facet normal 0 0 -1
    outer loop
      vertex -50.6259 -52.3259 0
      vertex -38.1209 -62.8078 0
      vertex -38.2021 -62.8838 0
    endloop
  endfacet
  facet normal 0 0 -1
    outer loop
      vertex -50.6586 52.6576 0
      vertex -37.7519 62.5612 0
      vertex -50.6404 52.5478 0
    endloop
  endfacet
  facet normal 0 0 -1
    outer loop
      vertex -50.6259 -52.3259 0
      vertex -38.2021 -62.8838 0
      vertex -38.2781 -62.965 0
    endloop
  endfacet
  facet normal -0 0 -1
    outer loop
      vertex -37.7519 62.5612 0
      vertex -50.6586 52.6576 0
      vertex -37.85 62.6136 0
    endloop
  endfacet
  facet normal 0 0 -1
    outer loop
      vertex -50.6259 -52.3259 0
      vertex -38.2781 -62.965 0
      vertex -38.3487 -63.051 0
    endloop
  endfacet
  facet normal 0 0 -1
    outer loop
      vertex -38.1209 62.8078 0
      vertex -48.7009 63.4683 0
      vertex -38.2021 62.8838 0
    endloop
  endfacet
  facet normal 0 0 -1
    outer loop
      vertex -50.6259 -52.3259 0
      vertex -38.3487 -63.051 0
      vertex -38.4135 -63.1414 0
    endloop
  endfacet
  facet normal 0 0 -1
    outer loop
      vertex -38.2021 62.8838 0
      vertex -48.7009 63.4683 0
      vertex -38.2781 62.965 0
    endloop
  endfacet
  facet normal 0 0 -1
    outer loop
      vertex -50.6259 -52.3259 0
      vertex -38.4135 -63.1414 0
      vertex -38.4722 -63.2359 0
    endloop
  endfacet
  facet normal 0 0 -1
    outer loop
      vertex -38.2781 62.965 0
      vertex -48.7009 63.4683 0
      vertex -38.3487 63.051 0
    endloop
  endfacet
  facet normal 0 0 -1
    outer loop
      vertex -50.6259 -52.3259 0
      vertex -38.4722 -63.2359 0
      vertex -38.5247 -63.334 0
    endloop
  endfacet
  facet normal 0 0 -1
    outer loop
      vertex -38.3487 63.051 0
      vertex -48.7009 63.4683 0
      vertex -38.4135 63.1414 0
    endloop
  endfacet
  facet normal 0 0 -1
    outer loop
      vertex -50.6259 -52.3259 0
      vertex -38.5247 -63.334 0
      vertex -38.5706 -63.4353 0
    endloop
  endfacet
  facet normal 0 0 -1
    outer loop
      vertex -38.4135 63.1414 0
      vertex -48.7009 63.4683 0
      vertex -38.4722 63.2359 0
    endloop
  endfacet
  facet normal 0 0 -1
    outer loop
      vertex -50.6259 -52.3259 0
      vertex -38.5706 -63.4353 0
      vertex -38.6098 -63.5394 0
    endloop
  endfacet
  facet normal 0 0 -1
    outer loop
      vertex -38.4722 63.2359 0
      vertex -48.7009 63.4683 0
      vertex -38.5247 63.334 0
    endloop
  endfacet
  facet normal 0 0 -1
    outer loop
      vertex -50.6259 -52.3259 0
      vertex -38.6098 -63.5394 0
      vertex -38.6421 -63.6459 0
    endloop
  endfacet
  facet normal 0 -0 -1
    outer loop
      vertex -44.4456 66.5176 0
      vertex -38.5247 63.334 0
      vertex -48.7009 63.4683 0
    endloop
  endfacet
  facet normal 0 0 -1
    outer loop
      vertex -50.6259 -52.3259 0
      vertex -38.6421 -63.6459 0
      vertex -38.6673 -63.7542 0
    endloop
  endfacet
  facet normal 0 0 -1
    outer loop
      vertex -38.5247 63.334 0
      vertex -44.4456 66.5176 0
      vertex -38.5706 63.4353 0
    endloop
  endfacet
  facet normal 0 0 -1
    outer loop
      vertex -50.6259 -52.3259 0
      vertex -38.6673 -63.7542 0
      vertex -38.6855 -63.864 0
    endloop
  endfacet
  facet normal 0 0 -1
    outer loop
      vertex -38.5706 63.4353 0
      vertex -44.4456 66.5176 0
      vertex -38.6098 63.5394 0
    endloop
  endfacet
  facet normal 0 0 -1
    outer loop
      vertex -50.6259 -52.3259 0
      vertex -38.6855 -63.864 0
      vertex -38.6964 -63.9747 0
    endloop
  endfacet
  facet normal 0 0 -1
    outer loop
      vertex -38.6098 63.5394 0
      vertex -44.4456 66.5176 0
      vertex -38.6421 63.6459 0
    endloop
  endfacet
  facet normal 0 0 -1
    outer loop
      vertex -50.6259 -52.3259 0
      vertex -38.6964 -63.9747 0
      vertex -38.7 -64.0859 0
    endloop
  endfacet
  facet normal 0 0 -1
    outer loop
      vertex -38.6421 63.6459 0
      vertex -44.4456 66.5176 0
      vertex -38.6673 63.7542 0
    endloop
  endfacet
  facet normal 0 0 -1
    outer loop
      vertex -35.3036 64.1971 0
      vertex -25.7152 75.7544 0
      vertex -35.3 64.0859 0
    endloop
  endfacet
  facet normal 0 0 -1
    outer loop
      vertex -25.7152 75.7544 0
      vertex -35.3036 64.1971 0
      vertex -30.6147 73.9104 0
    endloop
  endfacet
  facet normal 0 0 -1
    outer loop
      vertex -35.3145 64.3078 0
      vertex -30.6147 73.9104 0
      vertex -35.3036 64.1971 0
    endloop
  endfacet
  facet normal 0 0 -1
    outer loop
      vertex -35.3327 64.4175 0
      vertex -30.6147 73.9104 0
      vertex -35.3145 64.3078 0
    endloop
  endfacet
  facet normal 0 0 -1
    outer loop
      vertex -35.3579 64.5259 0
      vertex -30.6147 73.9104 0
      vertex -35.3327 64.4175 0
    endloop
  endfacet
  facet normal 0 0 -1
    outer loop
      vertex -35.3902 64.6323 0
      vertex -30.6147 73.9104 0
      vertex -35.3579 64.5259 0
    endloop
  endfacet
  facet normal 0 0 -1
    outer loop
      vertex -35.4294 64.7364 0
      vertex -30.6147 73.9104 0
      vertex -35.3902 64.6323 0
    endloop
  endfacet
  facet normal 0 0 -1
    outer loop
      vertex -35.4753 64.8378 0
      vertex -30.6147 73.9104 0
      vertex -35.4294 64.7364 0
    endloop
  endfacet
  facet normal 0 0 -1
    outer loop
      vertex -35.5278 64.9359 0
      vertex -30.6147 73.9104 0
      vertex -35.4753 64.8378 0
    endloop
  endfacet
  facet normal 0 0 -1
    outer loop
      vertex -35.5865 65.0303 0
      vertex -30.6147 73.9104 0
      vertex -35.5278 64.9359 0
    endloop
  endfacet
  facet normal 0 0 -1
    outer loop
      vertex -30.6147 73.9104 0
      vertex -35.5865 65.0303 0
      vertex -35.3831 71.7498 0
    endloop
  endfacet
  facet normal 0 0 -1
    outer loop
      vertex -35.6513 65.1208 0
      vertex -35.3831 71.7498 0
      vertex -35.5865 65.0303 0
    endloop
  endfacet
  facet normal 0 0 -1
    outer loop
      vertex -35.7219 65.2068 0
      vertex -35.3831 71.7498 0
      vertex -35.6513 65.1208 0
    endloop
  endfacet
  facet normal 0 0 -1
    outer loop
      vertex -35.7979 65.288 0
      vertex -35.3831 71.7498 0
      vertex -35.7219 65.2068 0
    endloop
  endfacet
  facet normal 0 0 -1
    outer loop
      vertex -35.8791 65.364 0
      vertex -35.3831 71.7498 0
      vertex -35.7979 65.288 0
    endloop
  endfacet
  facet normal 0 0 -1
    outer loop
      vertex -35.9651 65.4346 0
      vertex -35.3831 71.7498 0
      vertex -35.8791 65.364 0
    endloop
  endfacet
  facet normal 0 0 -1
    outer loop
      vertex -36.0555 65.4994 0
      vertex -35.3831 71.7498 0
      vertex -35.9651 65.4346 0
    endloop
  endfacet
  facet normal 0 0 -1
    outer loop
      vertex -36.15 65.5581 0
      vertex -35.3831 71.7498 0
      vertex -36.0555 65.4994 0
    endloop
  endfacet
  facet normal 0 0 -1
    outer loop
      vertex -36.2481 65.6106 0
      vertex -35.3831 71.7498 0
      vertex -36.15 65.5581 0
    endloop
  endfacet
  facet normal 0 0 -1
    outer loop
      vertex -36.3494 65.6565 0
      vertex -35.3831 71.7498 0
      vertex -36.2481 65.6106 0
    endloop
  endfacet
  facet normal 0 0 -1
    outer loop
      vertex -36.4536 65.6957 0
      vertex -35.3831 71.7498 0
      vertex -36.3494 65.6565 0
    endloop
  endfacet
  facet normal 0 0 -1
    outer loop
      vertex -36.56 65.728 0
      vertex -35.3831 71.7498 0
      vertex -36.4536 65.6957 0
    endloop
  endfacet
  facet normal 0 0 -1
    outer loop
      vertex -36.6683 65.7532 0
      vertex -35.3831 71.7498 0
      vertex -36.56 65.728 0
    endloop
  endfacet
  facet normal 0 0 -1
    outer loop
      vertex -36.7781 65.7713 0
      vertex -35.3831 71.7498 0
      vertex -36.6683 65.7532 0
    endloop
  endfacet
  facet normal 0 0 -1
    outer loop
      vertex -36.8888 65.7822 0
      vertex -35.3831 71.7498 0
      vertex -36.7781 65.7713 0
    endloop
  endfacet
  facet normal 0 0 -1
    outer loop
      vertex -37 65.7859 0
      vertex -35.3831 71.7498 0
      vertex -36.8888 65.7822 0
    endloop
  endfacet
  facet normal 0 0 -1
    outer loop
      vertex -40 69.282 0
      vertex -37 65.7859 0
      vertex -37.1112 65.7822 0
    endloop
  endfacet
  facet normal 0 0 -1
    outer loop
      vertex -40 69.282 0
      vertex -37.1112 65.7822 0
      vertex -37.2219 65.7713 0
    endloop
  endfacet
  facet normal 0 0 -1
    outer loop
      vertex -40 69.282 0
      vertex -37.2219 65.7713 0
      vertex -37.3317 65.7532 0
    endloop
  endfacet
  facet normal 0 0 -1
    outer loop
      vertex -40 69.282 0
      vertex -37.3317 65.7532 0
      vertex -37.44 65.728 0
    endloop
  endfacet
  facet normal 0 0 -1
    outer loop
      vertex -40 69.282 0
      vertex -37.44 65.728 0
      vertex -37.5464 65.6957 0
    endloop
  endfacet
  facet normal 0 0 -1
    outer loop
      vertex -40 69.282 0
      vertex -37.5464 65.6957 0
      vertex -37.6506 65.6565 0
    endloop
  endfacet
  facet normal 0 0 -1
    outer loop
      vertex -40 69.282 0
      vertex -37.6506 65.6565 0
      vertex -37.7519 65.6106 0
    endloop
  endfacet
  facet normal 0 0 -1
    outer loop
      vertex -40 69.282 0
      vertex -37.7519 65.6106 0
      vertex -37.85 65.5581 0
    endloop
  endfacet
  facet normal 0 0 -1
    outer loop
      vertex -40 69.282 0
      vertex -37.85 65.5581 0
      vertex -37.9445 65.4994 0
    endloop
  endfacet
  facet normal 0 0 -1
    outer loop
      vertex -40 69.282 0
      vertex -37.9445 65.4994 0
      vertex -38.0349 65.4346 0
    endloop
  endfacet
  facet normal 0 0 -1
    outer loop
      vertex -40 69.282 0
      vertex -38.0349 65.4346 0
      vertex -38.1209 65.364 0
    endloop
  endfacet
  facet normal 0 0 -1
    outer loop
      vertex -40 69.282 0
      vertex -38.1209 65.364 0
      vertex -38.2021 65.288 0
    endloop
  endfacet
  facet normal 0 0 -1
    outer loop
      vertex -40 69.282 0
      vertex -38.2021 65.288 0
      vertex -38.2781 65.2068 0
    endloop
  endfacet
  facet normal 0 0 -1
    outer loop
      vertex -40 69.282 0
      vertex -38.2781 65.2068 0
      vertex -38.3487 65.1208 0
    endloop
  endfacet
  facet normal 0 0 -1
    outer loop
      vertex -40 69.282 0
      vertex -38.3487 65.1208 0
      vertex -38.4135 65.0303 0
    endloop
  endfacet
  facet normal 0 0 -1
    outer loop
      vertex -40 69.282 0
      vertex -38.4135 65.0303 0
      vertex -38.4722 64.9359 0
    endloop
  endfacet
  facet normal 0 0 -1
    outer loop
      vertex -40 69.282 0
      vertex -38.4722 64.9359 0
      vertex -38.5247 64.8378 0
    endloop
  endfacet
  facet normal 0 0 -1
    outer loop
      vertex -37 65.7859 0
      vertex -40 69.282 0
      vertex -35.3831 71.7498 0
    endloop
  endfacet
  facet normal 0 0 -1
    outer loop
      vertex -44.4456 66.5176 0
      vertex -38.5247 64.8378 0
      vertex -38.5706 64.7364 0
    endloop
  endfacet
  facet normal 0 0 -1
    outer loop
      vertex -44.4456 66.5176 0
      vertex -38.5706 64.7364 0
      vertex -38.6098 64.6323 0
    endloop
  endfacet
  facet normal 0 0 -1
    outer loop
      vertex -44.4456 66.5176 0
      vertex -38.6098 64.6323 0
      vertex -38.6421 64.5259 0
    endloop
  endfacet
  facet normal 0 0 -1
    outer loop
      vertex -44.4456 66.5176 0
      vertex -38.6421 64.5259 0
      vertex -38.6673 64.4175 0
    endloop
  endfacet
  facet normal 0 0 -1
    outer loop
      vertex -44.4456 66.5176 0
      vertex -38.6673 64.4175 0
      vertex -38.6855 64.3078 0
    endloop
  endfacet
  facet normal 0 0 -1
    outer loop
      vertex -44.4456 66.5176 0
      vertex -38.6855 64.3078 0
      vertex -38.6964 64.1971 0
    endloop
  endfacet
  facet normal 0 0 -1
    outer loop
      vertex -44.4456 66.5176 0
      vertex -38.6964 64.1971 0
      vertex -38.7 64.0859 0
    endloop
  endfacet
  facet normal 0 0 -1
    outer loop
      vertex -38.6673 63.7542 0
      vertex -44.4456 66.5176 0
      vertex -38.6855 63.864 0
    endloop
  endfacet
  facet normal 0 0 -1
    outer loop
      vertex -50.6259 -52.3259 0
      vertex -40 -69.282 0
      vertex -44.4456 -66.5176 0
    endloop
  endfacet
  facet normal 0 0 -1
    outer loop
      vertex -38.6855 63.864 0
      vertex -44.4456 66.5176 0
      vertex -38.6964 63.9747 0
    endloop
  endfacet
  facet normal 0 0 -1
    outer loop
      vertex -50.7161 -52.8723 0
      vertex -44.4456 -66.5176 0
      vertex -48.7009 -63.4683 0
    endloop
  endfacet
  facet normal 0 0 -1
    outer loop
      vertex -38.5247 64.8378 0
      vertex -44.4456 66.5176 0
      vertex -40 69.282 0
    endloop
  endfacet
  facet normal 0 0 -1
    outer loop
      vertex -38.6964 63.9747 0
      vertex -44.4456 66.5176 0
      vertex -38.7 64.0859 0
    endloop
  endfacet
  facet normal 0 0 -1
    outer loop
      vertex -44.4456 -66.5176 0
      vertex -50.6295 -52.4371 0
      vertex -50.6259 -52.3259 0
    endloop
  endfacet
  facet normal 0 0 -1
    outer loop
      vertex -44.4456 -66.5176 0
      vertex -50.6404 -52.5478 0
      vertex -50.6295 -52.4371 0
    endloop
  endfacet
  facet normal 0 0 -1
    outer loop
      vertex -44.4456 -66.5176 0
      vertex -50.6586 -52.6576 0
      vertex -50.6404 -52.5478 0
    endloop
  endfacet
  facet normal 0 0 -1
    outer loop
      vertex -44.4456 -66.5176 0
      vertex -50.6838 -52.7659 0
      vertex -50.6586 -52.6576 0
    endloop
  endfacet
  facet normal 0 0 -1
    outer loop
      vertex -44.4456 -66.5176 0
      vertex -50.7161 -52.8723 0
      vertex -50.6838 -52.7659 0
    endloop
  endfacet
  facet normal 0 0 -1
    outer loop
      vertex -48.7009 -63.4683 0
      vertex -50.7553 -52.9765 0
      vertex -50.7161 -52.8723 0
    endloop
  endfacet
  facet normal 0 0 -1
    outer loop
      vertex -48.7009 -63.4683 0
      vertex -50.8012 -53.0778 0
      vertex -50.7553 -52.9765 0
    endloop
  endfacet
  facet normal 0 0 -1
    outer loop
      vertex -48.7009 -63.4683 0
      vertex -50.8537 -53.1759 0
      vertex -50.8012 -53.0778 0
    endloop
  endfacet
  facet normal 0 0 -1
    outer loop
      vertex -48.7009 -63.4683 0
      vertex -50.9124 -53.2704 0
      vertex -50.8537 -53.1759 0
    endloop
  endfacet
  facet normal 0 0 -1
    outer loop
      vertex -48.7009 -63.4683 0
      vertex -50.9772 -53.3608 0
      vertex -50.9124 -53.2704 0
    endloop
  endfacet
  facet normal 0 0 -1
    outer loop
      vertex -48.7009 -63.4683 0
      vertex -51.0478 -53.4468 0
      vertex -50.9772 -53.3608 0
    endloop
  endfacet
  facet normal 0 0 -1
    outer loop
      vertex -48.7009 -63.4683 0
      vertex -51.1238 -53.528 0
      vertex -51.0478 -53.4468 0
    endloop
  endfacet
  facet normal 0 0 -1
    outer loop
      vertex -48.7009 -63.4683 0
      vertex -51.205 -53.604 0
      vertex -51.1238 -53.528 0
    endloop
  endfacet
  facet normal 0 0 -1
    outer loop
      vertex -52.7477 -60.1472 0
      vertex -51.205 -53.604 0
      vertex -48.7009 -63.4683 0
    endloop
  endfacet
  facet normal 0 0 -1
    outer loop
      vertex -51.205 -53.604 0
      vertex -52.7477 -60.1472 0
      vertex -51.291 -53.6746 0
    endloop
  endfacet
  facet normal 0 0 -1
    outer loop
      vertex -51.291 -53.6746 0
      vertex -52.7477 -60.1472 0
      vertex -51.3814 -53.7394 0
    endloop
  endfacet
  facet normal 0 0 -1
    outer loop
      vertex -51.3814 -53.7394 0
      vertex -52.7477 -60.1472 0
      vertex -51.4759 -53.7981 0
    endloop
  endfacet
  facet normal 0 0 -1
    outer loop
      vertex -51.4759 -53.7981 0
      vertex -52.7477 -60.1472 0
      vertex -51.574 -53.8506 0
    endloop
  endfacet
  facet normal 0 0 -1
    outer loop
      vertex -51.574 -53.8506 0
      vertex -52.7477 -60.1472 0
      vertex -51.6753 -53.8965 0
    endloop
  endfacet
  facet normal 0 0 -1
    outer loop
      vertex -51.6753 -53.8965 0
      vertex -52.7477 -60.1472 0
      vertex -51.7795 -53.9357 0
    endloop
  endfacet
  facet normal 0 0 -1
    outer loop
      vertex -51.7795 -53.9357 0
      vertex -52.7477 -60.1472 0
      vertex -51.8859 -53.968 0
    endloop
  endfacet
  facet normal 0 0 -1
    outer loop
      vertex -51.8859 -53.968 0
      vertex -52.7477 -60.1472 0
      vertex -51.9942 -53.9932 0
    endloop
  endfacet
  facet normal 0 0 -1
    outer loop
      vertex -51.9942 -53.9932 0
      vertex -52.7477 -60.1472 0
      vertex -52.104 -54.0114 0
    endloop
  endfacet
  facet normal 0 0 -1
    outer loop
      vertex -52.104 -54.0114 0
      vertex -52.7477 -60.1472 0
      vertex -52.2147 -54.0223 0
    endloop
  endfacet
  facet normal 0 0 -1
    outer loop
      vertex -52.2147 -54.0223 0
      vertex -52.7477 -60.1472 0
      vertex -52.3259 -54.0259 0
    endloop
  endfacet
  facet normal -0 0 -1
    outer loop
      vertex -52.3259 -54.0259 0
      vertex -52.7477 -60.1472 0
      vertex -52.4371 -54.0223 0
    endloop
  endfacet
  facet normal -0 0 -1
    outer loop
      vertex -52.4371 -54.0223 0
      vertex -52.7477 -60.1472 0
      vertex -52.5478 -54.0114 0
    endloop
  endfacet
  facet normal -0 0 -1
    outer loop
      vertex -52.5478 -54.0114 0
      vertex -52.7477 -60.1472 0
      vertex -52.6576 -53.9932 0
    endloop
  endfacet
  facet normal 0 0 -1
    outer loop
      vertex -52.7477 -60.1472 0
      vertex -52.7659 -53.968 0
      vertex -52.6576 -53.9932 0
    endloop
  endfacet
  facet normal 0 0 -1
    outer loop
      vertex -56.5685 -56.5685 0
      vertex -52.7659 -53.968 0
      vertex -52.7477 -60.1472 0
    endloop
  endfacet
  facet normal -0 0 -1
    outer loop
      vertex -52.7659 -53.968 0
      vertex -56.5685 -56.5685 0
      vertex -52.8723 -53.9357 0
    endloop
  endfacet
  facet normal -0 0 -1
    outer loop
      vertex -52.8723 -53.9357 0
      vertex -56.5685 -56.5685 0
      vertex -52.9765 -53.8965 0
    endloop
  endfacet
  facet normal -0 0 -1
    outer loop
      vertex -52.9765 -53.8965 0
      vertex -56.5685 -56.5685 0
      vertex -53.0778 -53.8506 0
    endloop
  endfacet
  facet normal -0 0 -1
    outer loop
      vertex -53.0778 -53.8506 0
      vertex -56.5685 -56.5685 0
      vertex -53.1759 -53.7981 0
    endloop
  endfacet
  facet normal -0 0 -1
    outer loop
      vertex -53.1759 -53.7981 0
      vertex -56.5685 -56.5685 0
      vertex -53.2704 -53.7394 0
    endloop
  endfacet
  facet normal -0 0 -1
    outer loop
      vertex -53.2704 -53.7394 0
      vertex -56.5685 -56.5685 0
      vertex -53.3608 -53.6746 0
    endloop
  endfacet
  facet normal -0 0 -1
    outer loop
      vertex -53.3608 -53.6746 0
      vertex -56.5685 -56.5685 0
      vertex -53.4468 -53.604 0
    endloop
  endfacet
  facet normal -0 0 -1
    outer loop
      vertex -53.4468 -53.604 0
      vertex -56.5685 -56.5685 0
      vertex -53.528 -53.528 0
    endloop
  endfacet
  facet normal -0 0 -1
    outer loop
      vertex -53.528 -53.528 0
      vertex -56.5685 -56.5685 0
      vertex -53.604 -53.4468 0
    endloop
  endfacet
  facet normal -0 0 -1
    outer loop
      vertex -53.604 -53.4468 0
      vertex -56.5685 -56.5685 0
      vertex -53.6746 -53.3608 0
    endloop
  endfacet
  facet normal -0 0 -1
    outer loop
      vertex -53.6746 -53.3608 0
      vertex -56.5685 -56.5685 0
      vertex -53.7394 -53.2704 0
    endloop
  endfacet
  facet normal -0 0 -1
    outer loop
      vertex -53.7394 -53.2704 0
      vertex -56.5685 -56.5685 0
      vertex -53.7981 -53.1759 0
    endloop
  endfacet
  facet normal -0 0 -1
    outer loop
      vertex -53.7981 -53.1759 0
      vertex -56.5685 -56.5685 0
      vertex -53.8506 -53.0778 0
    endloop
  endfacet
  facet normal -0 0 -1
    outer loop
      vertex -53.8506 -53.0778 0
      vertex -56.5685 -56.5685 0
      vertex -53.8965 -52.9765 0
    endloop
  endfacet
  facet normal -0 0 -1
    outer loop
      vertex -53.8965 -52.9765 0
      vertex -56.5685 -56.5685 0
      vertex -53.9357 -52.8723 0
    endloop
  endfacet
  facet normal -0 0 -1
    outer loop
      vertex -53.9357 -52.8723 0
      vertex -56.5685 -56.5685 0
      vertex -53.968 -52.7659 0
    endloop
  endfacet
  facet normal -0 0 -1
    outer loop
      vertex -54.0259 -52.3259 0
      vertex -60.1472 -52.7477 0
      vertex -54.0223 -52.2147 0
    endloop
  endfacet
  facet normal -0 0 -1
    outer loop
      vertex -54.0114 -52.5478 0
      vertex -60.1472 -52.7477 0
      vertex -54.0223 -52.4371 0
    endloop
  endfacet
  facet normal -0 0 -1
    outer loop
      vertex -53.9932 -52.6576 0
      vertex -60.1472 -52.7477 0
      vertex -54.0114 -52.5478 0
    endloop
  endfacet
  facet normal 0 0 -1
    outer loop
      vertex -60.1472 -52.7477 0
      vertex -53.9932 -52.6576 0
      vertex -56.5685 -56.5685 0
    endloop
  endfacet
  facet normal -0 0 -1
    outer loop
      vertex -53.968 -52.7659 0
      vertex -56.5685 -56.5685 0
      vertex -53.9932 -52.6576 0
    endloop
  endfacet
  facet normal 0 0 -1
    outer loop
      vertex 5.3407 6.0899 0
      vertex 36.56 62.4438 0
      vertex 5.72756 5.72756 0
    endloop
  endfacet
  facet normal -0 0 -1
    outer loop
      vertex 36.56 62.4438 0
      vertex 5.3407 6.0899 0
      vertex 36.4536 62.4761 0
    endloop
  endfacet
  facet normal 0 0 -1
    outer loop
      vertex 4.93097 6.42616 0
      vertex 36.4536 62.4761 0
      vertex 5.3407 6.0899 0
    endloop
  endfacet
  facet normal -0 0 -1
    outer loop
      vertex 36.4536 62.4761 0
      vertex 4.93097 6.42616 0
      vertex 36.3494 62.5153 0
    endloop
  endfacet
  facet normal 0 0 -1
    outer loop
      vertex 4.50012 6.7349 0
      vertex 36.3494 62.5153 0
      vertex 4.93097 6.42616 0
    endloop
  endfacet
  facet normal -0 0 -1
    outer loop
      vertex 36.3494 62.5153 0
      vertex 4.50012 6.7349 0
      vertex 36.2481 62.5612 0
    endloop
  endfacet
  facet normal -0 0 -1
    outer loop
      vertex 36.2481 62.5612 0
      vertex 4.50012 6.7349 0
      vertex 36.15 62.6136 0
    endloop
  endfacet
  facet normal 0 0 -1
    outer loop
      vertex 4.05 7.0148 0
      vertex 36.15 62.6136 0
      vertex 4.50012 6.7349 0
    endloop
  endfacet
  facet normal -0 0 -1
    outer loop
      vertex 36.15 62.6136 0
      vertex 4.05 7.0148 0
      vertex 36.0555 62.6724 0
    endloop
  endfacet
  facet normal 0 0 -1
    outer loop
      vertex 3.58254 7.26467 0
      vertex 36.0555 62.6724 0
      vertex 4.05 7.0148 0
    endloop
  endfacet
  facet normal -0 0 -1
    outer loop
      vertex 36.0555 62.6724 0
      vertex 3.58254 7.26467 0
      vertex 35.9651 62.7372 0
    endloop
  endfacet
  facet normal 0 0 -1
    outer loop
      vertex 3.09974 7.48342 0
      vertex 35.9651 62.7372 0
      vertex 3.58254 7.26467 0
    endloop
  endfacet
  facet normal -0 0 -1
    outer loop
      vertex 35.9651 62.7372 0
      vertex 3.09974 7.48342 0
      vertex 35.8791 62.8078 0
    endloop
  endfacet
  facet normal 0 0 -1
    outer loop
      vertex 2.60366 7.67013 0
      vertex 35.8791 62.8078 0
      vertex 3.09974 7.48342 0
    endloop
  endfacet
  facet normal -0 0 -1
    outer loop
      vertex 35.8791 62.8078 0
      vertex 2.60366 7.67013 0
      vertex 35.7979 62.8838 0
    endloop
  endfacet
  facet normal 0 0 -1
    outer loop
      vertex 2.09643 7.824 0
      vertex 35.7979 62.8838 0
      vertex 2.60366 7.67013 0
    endloop
  endfacet
  facet normal -0 0 -1
    outer loop
      vertex 35.7979 62.8838 0
      vertex 2.09643 7.824 0
      vertex 35.7219 62.965 0
    endloop
  endfacet
  facet normal 0 0 -1
    outer loop
      vertex 1.58023 7.94436 0
      vertex 35.7219 62.965 0
      vertex 2.09643 7.824 0
    endloop
  endfacet
  facet normal -0 0 -1
    outer loop
      vertex 35.7219 62.965 0
      vertex 1.58023 7.94436 0
      vertex 35.6513 63.051 0
    endloop
  endfacet
  facet normal -0 0 -1
    outer loop
      vertex 35.6513 63.051 0
      vertex 1.58023 7.94436 0
      vertex 35.5865 63.1414 0
    endloop
  endfacet
  facet normal 0 0 -1
    outer loop
      vertex 1.05726 8.0307 0
      vertex 35.5865 63.1414 0
      vertex 1.58023 7.94436 0
    endloop
  endfacet
  facet normal -0 0 -1
    outer loop
      vertex 35.5865 63.1414 0
      vertex 1.05726 8.0307 0
      vertex 10.4421 79.3156 0
    endloop
  endfacet
  facet normal -0 0 -1
    outer loop
      vertex 10.4421 79.3156 0
      vertex 1.05726 8.0307 0
      vertex 5.23225 79.8287 0
    endloop
  endfacet
  facet normal 0 0 -1
    outer loop
      vertex 0.529765 8.08266 0
      vertex 5.23225 79.8287 0
      vertex 1.05726 8.0307 0
    endloop
  endfacet
  facet normal 0 0 -1
    outer loop
      vertex 0 8.1 0
      vertex 5.23225 79.8287 0
      vertex 0.529765 8.08266 0
    endloop
  endfacet
  facet normal 0 0 -1
    outer loop
      vertex 0 8.1 0
      vertex 0 80 0
      vertex 5.23225 79.8287 0
    endloop
  endfacet
  facet normal 0 0 -1
    outer loop
      vertex -0.529765 8.08266 0
      vertex 0 80 0
      vertex 0 8.1 0
    endloop
  endfacet
  facet normal 0 0 -1
    outer loop
      vertex -5.23225 79.8287 0
      vertex -0.529765 8.08266 0
      vertex -1.05726 8.0307 0
    endloop
  endfacet
  facet normal 0 0 -1
    outer loop
      vertex -35.3 64.0859 0
      vertex -1.05726 8.0307 0
      vertex -1.58023 7.94436 0
    endloop
  endfacet
  facet normal 0 0 -1
    outer loop
      vertex -35.3 64.0859 0
      vertex -1.58023 7.94436 0
      vertex -2.09643 7.824 0
    endloop
  endfacet
  facet normal 0 0 -1
    outer loop
      vertex -35.3 64.0859 0
      vertex -2.09643 7.824 0
      vertex -2.60366 7.67013 0
    endloop
  endfacet
  facet normal 0 0 -1
    outer loop
      vertex -35.3 64.0859 0
      vertex -2.60366 7.67013 0
      vertex -3.09974 7.48342 0
    endloop
  endfacet
  facet normal 0 0 -1
    outer loop
      vertex -35.3 64.0859 0
      vertex -3.09974 7.48342 0
      vertex -3.58254 7.26467 0
    endloop
  endfacet
  facet normal 0 0 -1
    outer loop
      vertex -35.3 64.0859 0
      vertex -3.58254 7.26467 0
      vertex -4.05 7.0148 0
    endloop
  endfacet
  facet normal 0 0 -1
    outer loop
      vertex -35.3 64.0859 0
      vertex -4.05 7.0148 0
      vertex -4.50012 6.7349 0
    endloop
  endfacet
  facet normal 0 0 -1
    outer loop
      vertex -35.3 64.0859 0
      vertex -4.50012 6.7349 0
      vertex -4.93097 6.42616 0
    endloop
  endfacet
  facet normal 0 0 -1
    outer loop
      vertex -0.529765 8.08266 0
      vertex -5.23225 79.8287 0
      vertex 0 80 0
    endloop
  endfacet
  facet normal 0 0 -1
    outer loop
      vertex -35.3 64.0859 0
      vertex -4.93097 6.42616 0
      vertex -5.3407 6.0899 0
    endloop
  endfacet
  facet normal 0 0 -1
    outer loop
      vertex -35.3 64.0859 0
      vertex -5.3407 6.0899 0
      vertex -5.72756 5.72756 0
    endloop
  endfacet
  facet normal 0 0 -1
    outer loop
      vertex -35.3 64.0859 0
      vertex -5.72756 5.72756 0
      vertex -6.0899 5.3407 0
    endloop
  endfacet
  facet normal 0 0 -1
    outer loop
      vertex -35.3 64.0859 0
      vertex -6.0899 5.3407 0
      vertex -6.42616 4.93097 0
    endloop
  endfacet
  facet normal 0 0 -1
    outer loop
      vertex -35.3 64.0859 0
      vertex -6.42616 4.93097 0
      vertex -6.7349 4.50012 0
    endloop
  endfacet
  facet normal 0 0 -1
    outer loop
      vertex -35.3 64.0859 0
      vertex -6.7349 4.50012 0
      vertex -7.0148 4.05 0
    endloop
  endfacet
  facet normal 0 0 -1
    outer loop
      vertex -35.3 64.0859 0
      vertex -7.0148 4.05 0
      vertex -7.26467 3.58254 0
    endloop
  endfacet
  facet normal 0 0 -1
    outer loop
      vertex -35.3 64.0859 0
      vertex -7.26467 3.58254 0
      vertex -7.48342 3.09974 0
    endloop
  endfacet
  facet normal 0 0 -1
    outer loop
      vertex -35.3 64.0859 0
      vertex -7.48342 3.09974 0
      vertex -7.67013 2.60366 0
    endloop
  endfacet
  facet normal 0 0 -1
    outer loop
      vertex -35.3 64.0859 0
      vertex -7.67013 2.60366 0
      vertex -7.824 2.09643 0
    endloop
  endfacet
  facet normal 0 0 -1
    outer loop
      vertex -35.3 64.0859 0
      vertex -7.824 2.09643 0
      vertex -7.94436 1.58023 0
    endloop
  endfacet
  facet normal 0 0 -1
    outer loop
      vertex -35.3 64.0859 0
      vertex -7.94436 1.58023 0
      vertex -8.0307 1.05726 0
    endloop
  endfacet
  facet normal 0 0 -1
    outer loop
      vertex -35.3 64.0859 0
      vertex -8.0307 1.05726 0
      vertex -8.08266 0.529765 0
    endloop
  endfacet
  facet normal 0 0 -1
    outer loop
      vertex -1.05726 8.0307 0
      vertex -10.4421 79.3156 0
      vertex -5.23225 79.8287 0
    endloop
  endfacet
  facet normal -0 0 -1
    outer loop
      vertex -4.05 -7.0148 0
      vertex -36.15 -62.6136 0
      vertex -4.50012 -6.7349 0
    endloop
  endfacet
  facet normal 0 0 -1
    outer loop
      vertex -36.15 -62.6136 0
      vertex -4.05 -7.0148 0
      vertex -36.0555 -62.6724 0
    endloop
  endfacet
  facet normal 0 0 -1
    outer loop
      vertex -35.3327 -63.7542 0
      vertex -25.7152 -75.7544 0
      vertex -35.3145 -63.864 0
    endloop
  endfacet
  facet normal 0 0 -1
    outer loop
      vertex -8.1 0 0
      vertex -35.3 64.0859 0
      vertex -8.08266 0.529765 0
    endloop
  endfacet
  facet normal 0 0 -1
    outer loop
      vertex -35.3145 -63.864 0
      vertex -25.7152 -75.7544 0
      vertex -35.3036 -63.9747 0
    endloop
  endfacet
  facet normal 0 0 -1
    outer loop
      vertex -1.05726 8.0307 0
      vertex -35.3 64.0859 0
      vertex -10.4421 79.3156 0
    endloop
  endfacet
  facet normal 0 0 -1
    outer loop
      vertex -35.3036 -63.9747 0
      vertex -25.7152 -75.7544 0
      vertex -35.3 -64.0859 0
    endloop
  endfacet
  facet normal 0 0 -1
    outer loop
      vertex -10.4421 79.3156 0
      vertex -35.3 64.0859 0
      vertex -15.6072 78.4628 0
    endloop
  endfacet
  facet normal 0 0 -1
    outer loop
      vertex -35.3036 -64.1971 0
      vertex -25.7152 -75.7544 0
      vertex -30.6147 -73.9104 0
    endloop
  endfacet
  facet normal 0 0 -1
    outer loop
      vertex -15.6072 78.4628 0
      vertex -35.3 64.0859 0
      vertex -20.7055 77.2741 0
    endloop
  endfacet
  facet normal 0 0 -1
    outer loop
      vertex -20.7055 77.2741 0
      vertex -35.3 64.0859 0
      vertex -25.7152 75.7544 0
    endloop
  endfacet
  facet normal 0 0 -1
    outer loop
      vertex -25.7152 -75.7544 0
      vertex -35.3036 -64.1971 0
      vertex -35.3 -64.0859 0
    endloop
  endfacet
  facet normal 0 0 -1
    outer loop
      vertex -30.6147 -73.9104 0
      vertex -35.3145 -64.3078 0
      vertex -35.3036 -64.1971 0
    endloop
  endfacet
  facet normal 0 0 -1
    outer loop
      vertex -30.6147 -73.9104 0
      vertex -35.3327 -64.4175 0
      vertex -35.3145 -64.3078 0
    endloop
  endfacet
  facet normal 0 0 -1
    outer loop
      vertex -30.6147 -73.9104 0
      vertex -35.3579 -64.5259 0
      vertex -35.3327 -64.4175 0
    endloop
  endfacet
  facet normal 0 0 -1
    outer loop
      vertex -35.5865 -65.0303 0
      vertex -30.6147 -73.9104 0
      vertex -35.3831 -71.7498 0
    endloop
  endfacet
  facet normal 0 0 -1
    outer loop
      vertex -30.6147 -73.9104 0
      vertex -35.3902 -64.6323 0
      vertex -35.3579 -64.5259 0
    endloop
  endfacet
  facet normal 0 0 -1
    outer loop
      vertex -30.6147 -73.9104 0
      vertex -35.4294 -64.7364 0
      vertex -35.3902 -64.6323 0
    endloop
  endfacet
  facet normal 0 0 -1
    outer loop
      vertex -30.6147 -73.9104 0
      vertex -35.4753 -64.8378 0
      vertex -35.4294 -64.7364 0
    endloop
  endfacet
  facet normal 0 0 -1
    outer loop
      vertex -30.6147 -73.9104 0
      vertex -35.5278 -64.9359 0
      vertex -35.4753 -64.8378 0
    endloop
  endfacet
  facet normal 0 0 -1
    outer loop
      vertex -30.6147 -73.9104 0
      vertex -35.5865 -65.0303 0
      vertex -35.5278 -64.9359 0
    endloop
  endfacet
  facet normal 0 0 -1
    outer loop
      vertex -35.3831 -71.7498 0
      vertex -35.6513 -65.1208 0
      vertex -35.5865 -65.0303 0
    endloop
  endfacet
  facet normal 0 0 -1
    outer loop
      vertex -35.3831 -71.7498 0
      vertex -35.7219 -65.2068 0
      vertex -35.6513 -65.1208 0
    endloop
  endfacet
  facet normal 0 0 -1
    outer loop
      vertex -35.3831 -71.7498 0
      vertex -35.7979 -65.288 0
      vertex -35.7219 -65.2068 0
    endloop
  endfacet
  facet normal 0 0 -1
    outer loop
      vertex -35.3831 -71.7498 0
      vertex -35.8791 -65.364 0
      vertex -35.7979 -65.288 0
    endloop
  endfacet
  facet normal 0 0 -1
    outer loop
      vertex -35.3831 -71.7498 0
      vertex -35.9651 -65.4346 0
      vertex -35.8791 -65.364 0
    endloop
  endfacet
  facet normal 0 0 -1
    outer loop
      vertex -35.3831 -71.7498 0
      vertex -36.0555 -65.4994 0
      vertex -35.9651 -65.4346 0
    endloop
  endfacet
  facet normal 0 0 -1
    outer loop
      vertex -35.3831 -71.7498 0
      vertex -36.15 -65.5581 0
      vertex -36.0555 -65.4994 0
    endloop
  endfacet
  facet normal 0 0 -1
    outer loop
      vertex -35.3831 -71.7498 0
      vertex -36.2481 -65.6106 0
      vertex -36.15 -65.5581 0
    endloop
  endfacet
  facet normal 0 0 -1
    outer loop
      vertex -35.3831 -71.7498 0
      vertex -36.3494 -65.6565 0
      vertex -36.2481 -65.6106 0
    endloop
  endfacet
  facet normal 0 0 -1
    outer loop
      vertex -35.3831 -71.7498 0
      vertex -36.4536 -65.6957 0
      vertex -36.3494 -65.6565 0
    endloop
  endfacet
  facet normal 0 0 -1
    outer loop
      vertex -35.3831 -71.7498 0
      vertex -36.56 -65.728 0
      vertex -36.4536 -65.6957 0
    endloop
  endfacet
  facet normal 0 0 -1
    outer loop
      vertex -35.3831 -71.7498 0
      vertex -36.6683 -65.7532 0
      vertex -36.56 -65.728 0
    endloop
  endfacet
  facet normal 0 0 -1
    outer loop
      vertex -35.3831 -71.7498 0
      vertex -36.7781 -65.7713 0
      vertex -36.6683 -65.7532 0
    endloop
  endfacet
  facet normal 0 0 -1
    outer loop
      vertex -35.3831 -71.7498 0
      vertex -36.8888 -65.7822 0
      vertex -36.7781 -65.7713 0
    endloop
  endfacet
  facet normal 0 0 -1
    outer loop
      vertex -35.3831 -71.7498 0
      vertex -37 -65.7859 0
      vertex -36.8888 -65.7822 0
    endloop
  endfacet
  facet normal 0 0 -1
    outer loop
      vertex -40 -69.282 0
      vertex -37 -65.7859 0
      vertex -35.3831 -71.7498 0
    endloop
  endfacet
  facet normal -0 0 -1
    outer loop
      vertex -37 -65.7859 0
      vertex -40 -69.282 0
      vertex -37.1112 -65.7822 0
    endloop
  endfacet
  facet normal -0 0 -1
    outer loop
      vertex -37.1112 -65.7822 0
      vertex -40 -69.282 0
      vertex -37.2219 -65.7713 0
    endloop
  endfacet
  facet normal -0 0 -1
    outer loop
      vertex -37.2219 -65.7713 0
      vertex -40 -69.282 0
      vertex -37.3317 -65.7532 0
    endloop
  endfacet
  facet normal -0 0 -1
    outer loop
      vertex -37.3317 -65.7532 0
      vertex -40 -69.282 0
      vertex -37.44 -65.728 0
    endloop
  endfacet
  facet normal -0 0 -1
    outer loop
      vertex -37.44 -65.728 0
      vertex -40 -69.282 0
      vertex -37.5464 -65.6957 0
    endloop
  endfacet
  facet normal -0 0 -1
    outer loop
      vertex -37.5464 -65.6957 0
      vertex -40 -69.282 0
      vertex -37.6506 -65.6565 0
    endloop
  endfacet
  facet normal -0 0 -1
    outer loop
      vertex -37.6506 -65.6565 0
      vertex -40 -69.282 0
      vertex -37.7519 -65.6106 0
    endloop
  endfacet
  facet normal -0 0 -1
    outer loop
      vertex -37.7519 -65.6106 0
      vertex -40 -69.282 0
      vertex -37.85 -65.5581 0
    endloop
  endfacet
  facet normal -0 0 -1
    outer loop
      vertex -37.85 -65.5581 0
      vertex -40 -69.282 0
      vertex -37.9445 -65.4994 0
    endloop
  endfacet
  facet normal -0 0 -1
    outer loop
      vertex -37.9445 -65.4994 0
      vertex -40 -69.282 0
      vertex -38.0349 -65.4346 0
    endloop
  endfacet
  facet normal -0 0 -1
    outer loop
      vertex -38.0349 -65.4346 0
      vertex -40 -69.282 0
      vertex -38.1209 -65.364 0
    endloop
  endfacet
  facet normal -0 0 -1
    outer loop
      vertex -38.1209 -65.364 0
      vertex -40 -69.282 0
      vertex -38.2021 -65.288 0
    endloop
  endfacet
  facet normal -0 0 -1
    outer loop
      vertex -38.2021 -65.288 0
      vertex -40 -69.282 0
      vertex -38.2781 -65.2068 0
    endloop
  endfacet
  facet normal -0 0 -1
    outer loop
      vertex -38.2781 -65.2068 0
      vertex -40 -69.282 0
      vertex -38.3487 -65.1208 0
    endloop
  endfacet
  facet normal -0 0 -1
    outer loop
      vertex -38.3487 -65.1208 0
      vertex -40 -69.282 0
      vertex -38.4135 -65.0303 0
    endloop
  endfacet
  facet normal -0 0 -1
    outer loop
      vertex -38.4135 -65.0303 0
      vertex -40 -69.282 0
      vertex -38.4722 -64.9359 0
    endloop
  endfacet
  facet normal 0 0 -1
    outer loop
      vertex -50.6259 -52.3259 0
      vertex -38.7 -64.0859 0
      vertex -40 -69.282 0
    endloop
  endfacet
  facet normal -0 0 -1
    outer loop
      vertex -38.6964 -64.1971 0
      vertex -40 -69.282 0
      vertex -38.7 -64.0859 0
    endloop
  endfacet
  facet normal -0 0 -1
    outer loop
      vertex -38.6855 -64.3078 0
      vertex -40 -69.282 0
      vertex -38.6964 -64.1971 0
    endloop
  endfacet
  facet normal -0 0 -1
    outer loop
      vertex -38.6673 -64.4175 0
      vertex -40 -69.282 0
      vertex -38.6855 -64.3078 0
    endloop
  endfacet
  facet normal -0 0 -1
    outer loop
      vertex -38.6421 -64.5259 0
      vertex -40 -69.282 0
      vertex -38.6673 -64.4175 0
    endloop
  endfacet
  facet normal -0 0 -1
    outer loop
      vertex -38.6098 -64.6323 0
      vertex -40 -69.282 0
      vertex -38.6421 -64.5259 0
    endloop
  endfacet
  facet normal -0 0 -1
    outer loop
      vertex -38.5706 -64.7364 0
      vertex -40 -69.282 0
      vertex -38.6098 -64.6323 0
    endloop
  endfacet
  facet normal -0 0 -1
    outer loop
      vertex -38.5247 -64.8378 0
      vertex -40 -69.282 0
      vertex -38.5706 -64.7364 0
    endloop
  endfacet
  facet normal -0 0 -1
    outer loop
      vertex -38.4722 -64.9359 0
      vertex -40 -69.282 0
      vertex -38.5247 -64.8378 0
    endloop
  endfacet
  facet normal 0 0 -1
    outer loop
      vertex 38.6673 -63.7542 0
      vertex 44.4456 -66.5176 0
      vertex 38.6855 -63.864 0
    endloop
  endfacet
  facet normal 0 0 -1
    outer loop
      vertex 47.65 0 0
      vertex 38.6964 63.9747 0
      vertex 38.7 64.0859 0
    endloop
  endfacet
  facet normal 0 0 -1
    outer loop
      vertex 38.6421 -63.6459 0
      vertex 44.4456 -66.5176 0
      vertex 38.6673 -63.7542 0
    endloop
  endfacet
  facet normal 0 0 -1
    outer loop
      vertex 47.65 0 0
      vertex 38.6855 63.864 0
      vertex 38.6964 63.9747 0
    endloop
  endfacet
  facet normal 0 0 -1
    outer loop
      vertex 38.6098 -63.5394 0
      vertex 44.4456 -66.5176 0
      vertex 38.6421 -63.6459 0
    endloop
  endfacet
  facet normal 0 0 -1
    outer loop
      vertex 47.65 0 0
      vertex 38.6673 63.7542 0
      vertex 38.6855 63.864 0
    endloop
  endfacet
  facet normal 0 0 -1
    outer loop
      vertex 38.5706 -63.4353 0
      vertex 44.4456 -66.5176 0
      vertex 38.6098 -63.5394 0
    endloop
  endfacet
  facet normal 0 0 -1
    outer loop
      vertex 47.65 0 0
      vertex 38.6421 63.6459 0
      vertex 38.6673 63.7542 0
    endloop
  endfacet
  facet normal 0 0 -1
    outer loop
      vertex 38.5247 -63.334 0
      vertex 44.4456 -66.5176 0
      vertex 38.5706 -63.4353 0
    endloop
  endfacet
  facet normal 0 0 -1
    outer loop
      vertex 47.65 0 0
      vertex 38.6098 63.5394 0
      vertex 38.6421 63.6459 0
    endloop
  endfacet
  facet normal 0 0 -1
    outer loop
      vertex 48.7009 -63.4683 0
      vertex 38.5247 -63.334 0
      vertex 38.4722 -63.2359 0
    endloop
  endfacet
  facet normal 0 0 -1
    outer loop
      vertex 47.65 0 0
      vertex 38.5706 63.4353 0
      vertex 38.6098 63.5394 0
    endloop
  endfacet
  facet normal 0 0 -1
    outer loop
      vertex 48.7009 -63.4683 0
      vertex 38.4722 -63.2359 0
      vertex 38.4135 -63.1414 0
    endloop
  endfacet
  facet normal 0 0 -1
    outer loop
      vertex 47.65 0 0
      vertex 38.5247 63.334 0
      vertex 38.5706 63.4353 0
    endloop
  endfacet
  facet normal 0 0 -1
    outer loop
      vertex 48.7009 -63.4683 0
      vertex 38.4135 -63.1414 0
      vertex 38.3487 -63.051 0
    endloop
  endfacet
  facet normal 0 0 -1
    outer loop
      vertex 47.65 0 0
      vertex 38.4722 63.2359 0
      vertex 38.5247 63.334 0
    endloop
  endfacet
  facet normal 0 0 -1
    outer loop
      vertex 48.7009 -63.4683 0
      vertex 38.3487 -63.051 0
      vertex 38.2781 -62.965 0
    endloop
  endfacet
  facet normal 0 0 -1
    outer loop
      vertex 47.65 0 0
      vertex 38.4135 63.1414 0
      vertex 38.4722 63.2359 0
    endloop
  endfacet
  facet normal 0 0 -1
    outer loop
      vertex 48.7009 -63.4683 0
      vertex 38.2781 -62.965 0
      vertex 38.2021 -62.8838 0
    endloop
  endfacet
  facet normal 0 0 -1
    outer loop
      vertex 47.65 0 0
      vertex 38.3487 63.051 0
      vertex 38.4135 63.1414 0
    endloop
  endfacet
  facet normal -0 0 -1
    outer loop
      vertex 50.7161 -52.8723 0
      vertex 37.9445 -62.6724 0
      vertex 50.6838 -52.7659 0
    endloop
  endfacet
  facet normal 0 0 -1
    outer loop
      vertex 47.65 0 0
      vertex 38.2781 62.965 0
      vertex 38.3487 63.051 0
    endloop
  endfacet
  facet normal -0 0 -1
    outer loop
      vertex 50.6838 -52.7659 0
      vertex 37.85 -62.6136 0
      vertex 50.6586 -52.6576 0
    endloop
  endfacet
  facet normal 0 0 -1
    outer loop
      vertex 47.65 0 0
      vertex 38.2021 62.8838 0
      vertex 38.2781 62.965 0
    endloop
  endfacet
  facet normal 0 0 -1
    outer loop
      vertex 37.7519 -62.5612 0
      vertex 50.6586 -52.6576 0
      vertex 37.85 -62.6136 0
    endloop
  endfacet
  facet normal 0 0 -1
    outer loop
      vertex 47.65 0 0
      vertex 38.1209 62.8078 0
      vertex 38.2021 62.8838 0
    endloop
  endfacet
  facet normal -0 0 -1
    outer loop
      vertex 50.6586 -52.6576 0
      vertex 37.7519 -62.5612 0
      vertex 50.6404 -52.5478 0
    endloop
  endfacet
  facet normal 0 0 -1
    outer loop
      vertex 47.65 0 0
      vertex 38.0349 62.7372 0
      vertex 38.1209 62.8078 0
    endloop
  endfacet
  facet normal 0 0 -1
    outer loop
      vertex 37.6506 -62.5153 0
      vertex 50.6404 -52.5478 0
      vertex 37.7519 -62.5612 0
    endloop
  endfacet
  facet normal 0 0 -1
    outer loop
      vertex 8.08266 0.529765 0
      vertex 47.65 0 0
      vertex 8.1 0 0
    endloop
  endfacet
  facet normal -0 0 -1
    outer loop
      vertex 50.6404 -52.5478 0
      vertex 37.6506 -62.5153 0
      vertex 50.6295 -52.4371 0
    endloop
  endfacet
  facet normal 0 0 -1
    outer loop
      vertex 47.65 0 0
      vertex 37.9445 62.6724 0
      vertex 38.0349 62.7372 0
    endloop
  endfacet
  facet normal 0 0 -1
    outer loop
      vertex 50.6295 -52.4371 0
      vertex 37.6506 -62.5153 0
      vertex 37.5464 -62.4761 0
    endloop
  endfacet
  facet normal 0 0 -1
    outer loop
      vertex 47.65 0 0
      vertex 37.85 62.6136 0
      vertex 37.9445 62.6724 0
    endloop
  endfacet
  facet normal 0 0 -1
    outer loop
      vertex 50.6295 -52.4371 0
      vertex 37.5464 -62.4761 0
      vertex 37.44 -62.4438 0
    endloop
  endfacet
  facet normal 0 0 -1
    outer loop
      vertex 47.65 0 0
      vertex 37.7519 62.5612 0
      vertex 37.85 62.6136 0
    endloop
  endfacet
  facet normal 0 -0 -1
    outer loop
      vertex 6.7349 -4.50012 0
      vertex 48.7295 -2.86815 0
      vertex 6.42616 -4.93097 0
    endloop
  endfacet
  facet normal 0 0 -1
    outer loop
      vertex 47.65 0 0
      vertex 37.6506 62.5153 0
      vertex 37.7519 62.5612 0
    endloop
  endfacet
  facet normal -0 0 -1
    outer loop
      vertex 48.7295 -2.86815 0
      vertex 6.7349 -4.50012 0
      vertex 48.5489 -2.64811 0
    endloop
  endfacet
  facet normal 0 0 -1
    outer loop
      vertex 47.65 0 0
      vertex 37.5464 62.4761 0
      vertex 37.6506 62.5153 0
    endloop
  endfacet
  facet normal 0 -0 -1
    outer loop
      vertex 7.0148 -4.05 0
      vertex 48.5489 -2.64811 0
      vertex 6.7349 -4.50012 0
    endloop
  endfacet
  facet normal 0 0 -1
    outer loop
      vertex 47.65 0 0
      vertex 37.44 62.4438 0
      vertex 37.5464 62.4761 0
    endloop
  endfacet
  facet normal -0 0 -1
    outer loop
      vertex 48.5489 -2.64811 0
      vertex 7.0148 -4.05 0
      vertex 48.3831 -2.41673 0
    endloop
  endfacet
  facet normal 0 0 -1
    outer loop
      vertex 47.65 0 0
      vertex 37.3317 62.4185 0
      vertex 37.44 62.4438 0
    endloop
  endfacet
  facet normal -0 0 -1
    outer loop
      vertex 48.3831 -2.41673 0
      vertex 7.0148 -4.05 0
      vertex 48.2328 -2.175 0
    endloop
  endfacet
  facet normal 0 0 -1
    outer loop
      vertex 47.65 0 0
      vertex 37.2219 62.4004 0
      vertex 37.3317 62.4185 0
    endloop
  endfacet
  facet normal 0 -0 -1
    outer loop
      vertex 7.26467 -3.58254 0
      vertex 48.2328 -2.175 0
      vertex 7.0148 -4.05 0
    endloop
  endfacet
  facet normal 0 0 -1
    outer loop
      vertex 47.65 0 0
      vertex 37.1112 62.3895 0
      vertex 37.2219 62.4004 0
    endloop
  endfacet
  facet normal -0 0 -1
    outer loop
      vertex 48.2328 -2.175 0
      vertex 7.26467 -3.58254 0
      vertex 48.0986 -1.92395 0
    endloop
  endfacet
  facet normal 0 0 -1
    outer loop
      vertex 47.65 0 0
      vertex 37 62.3859 0
      vertex 37.1112 62.3895 0
    endloop
  endfacet
  facet normal 0 -0 -1
    outer loop
      vertex 7.48342 -3.09974 0
      vertex 48.0986 -1.92395 0
      vertex 7.26467 -3.58254 0
    endloop
  endfacet
  facet normal 0 0 -1
    outer loop
      vertex 47.65 0 0
      vertex 36.8888 62.3895 0
      vertex 37 62.3859 0
    endloop
  endfacet
  facet normal -0 0 -1
    outer loop
      vertex 48.0986 -1.92395 0
      vertex 7.48342 -3.09974 0
      vertex 47.9811 -1.66467 0
    endloop
  endfacet
  facet normal 0 0 -1
    outer loop
      vertex 47.65 0 0
      vertex 36.7781 62.4004 0
      vertex 36.8888 62.3895 0
    endloop
  endfacet
  facet normal 0 0 -1
    outer loop
      vertex 50.6295 -52.2147 0
      vertex 36.56 -62.4438 0
      vertex 36.4536 -62.4761 0
    endloop
  endfacet
  facet normal 0 0 -1
    outer loop
      vertex 47.65 0 0
      vertex 36.6683 62.4185 0
      vertex 36.7781 62.4004 0
    endloop
  endfacet
  facet normal -0 0 -1
    outer loop
      vertex 50.6295 -52.2147 0
      vertex 36.4536 -62.4761 0
      vertex 4.93097 -6.42616 0
    endloop
  endfacet
  facet normal 0 0 -1
    outer loop
      vertex 7.67013 2.60366 0
      vertex 47.65 0 0
      vertex 7.824 2.09643 0
    endloop
  endfacet
  facet normal 0 0 -1
    outer loop
      vertex 4.93097 -6.42616 0
      vertex 36.4536 -62.4761 0
      vertex 36.3494 -62.5153 0
    endloop
  endfacet
  facet normal 0 0 -1
    outer loop
      vertex 8.0307 1.05726 0
      vertex 47.65 0 0
      vertex 8.08266 0.529765 0
    endloop
  endfacet
  facet normal 0 0 -1
    outer loop
      vertex 4.50012 -6.7349 0
      vertex 36.3494 -62.5153 0
      vertex 36.2481 -62.5612 0
    endloop
  endfacet
  facet normal 0 0 -1
    outer loop
      vertex 7.94436 1.58023 0
      vertex 47.65 0 0
      vertex 8.0307 1.05726 0
    endloop
  endfacet
  facet normal 0 0 -1
    outer loop
      vertex 4.50012 -6.7349 0
      vertex 36.2481 -62.5612 0
      vertex 36.15 -62.6136 0
    endloop
  endfacet
  facet normal 0 0 -1
    outer loop
      vertex 7.824 2.09643 0
      vertex 47.65 0 0
      vertex 7.94436 1.58023 0
    endloop
  endfacet
  facet normal 0 0 -1
    outer loop
      vertex 4.05 -7.0148 0
      vertex 36.15 -62.6136 0
      vertex 36.0555 -62.6724 0
    endloop
  endfacet
  facet normal 0 0 -1
    outer loop
      vertex 7.48342 3.09974 0
      vertex 47.65 0 0
      vertex 7.67013 2.60366 0
    endloop
  endfacet
  facet normal 0 0 -1
    outer loop
      vertex 3.58254 -7.26467 0
      vertex 36.0555 -62.6724 0
      vertex 35.9651 -62.7372 0
    endloop
  endfacet
  facet normal 0 0 -1
    outer loop
      vertex 7.26467 3.58254 0
      vertex 47.65 0 0
      vertex 7.48342 3.09974 0
    endloop
  endfacet
  facet normal 0 0 -1
    outer loop
      vertex 3.09974 -7.48342 0
      vertex 35.9651 -62.7372 0
      vertex 35.8791 -62.8078 0
    endloop
  endfacet
  facet normal 0 0 -1
    outer loop
      vertex 7.0148 4.05 0
      vertex 47.65 0 0
      vertex 7.26467 3.58254 0
    endloop
  endfacet
  facet normal 0 0 -1
    outer loop
      vertex 2.60366 -7.67013 0
      vertex 35.8791 -62.8078 0
      vertex 35.7979 -62.8838 0
    endloop
  endfacet
  facet normal 0 0 -1
    outer loop
      vertex 6.7349 4.50012 0
      vertex 47.65 0 0
      vertex 7.0148 4.05 0
    endloop
  endfacet
  facet normal 0 0 -1
    outer loop
      vertex 2.09643 -7.824 0
      vertex 35.7979 -62.8838 0
      vertex 35.7219 -62.965 0
    endloop
  endfacet
  facet normal 0 0 -1
    outer loop
      vertex 6.42616 4.93097 0
      vertex 47.65 0 0
      vertex 6.7349 4.50012 0
    endloop
  endfacet
  facet normal 0 0 -1
    outer loop
      vertex 1.58023 -7.94436 0
      vertex 35.7219 -62.965 0
      vertex 35.6513 -63.051 0
    endloop
  endfacet
  facet normal 0 0 -1
    outer loop
      vertex 6.0899 5.3407 0
      vertex 47.65 0 0
      vertex 6.42616 4.93097 0
    endloop
  endfacet
  facet normal 0 0 -1
    outer loop
      vertex 1.58023 -7.94436 0
      vertex 35.6513 -63.051 0
      vertex 35.5865 -63.1414 0
    endloop
  endfacet
  facet normal 0 0 -1
    outer loop
      vertex 5.72756 5.72756 0
      vertex 47.65 0 0
      vertex 6.0899 5.3407 0
    endloop
  endfacet
  facet normal 0 0 -1
    outer loop
      vertex 10.4421 -79.3156 0
      vertex 35.5865 -63.1414 0
      vertex 35.5278 -63.2359 0
    endloop
  endfacet
  facet normal 0 0 -1
    outer loop
      vertex 47.65 0 0
      vertex 5.72756 5.72756 0
      vertex 36.6683 62.4185 0
    endloop
  endfacet
  facet normal 0 0 -1
    outer loop
      vertex 15.6072 -78.4628 0
      vertex 35.5278 -63.2359 0
      vertex 35.4753 -63.334 0
    endloop
  endfacet
  facet normal -0 0 -1
    outer loop
      vertex 36.6683 62.4185 0
      vertex 5.72756 5.72756 0
      vertex 36.56 62.4438 0
    endloop
  endfacet
  facet normal 0 0 -1
    outer loop
      vertex 15.6072 -78.4628 0
      vertex 35.4753 -63.334 0
      vertex 35.4294 -63.4353 0
    endloop
  endfacet
  facet normal 0 0 -1
    outer loop
      vertex 35.5865 63.1414 0
      vertex 10.4421 79.3156 0
      vertex 35.5278 63.2359 0
    endloop
  endfacet
  facet normal 0 0 -1
    outer loop
      vertex 20.7055 -77.2741 0
      vertex 35.4294 -63.4353 0
      vertex 35.3902 -63.5394 0
    endloop
  endfacet
  facet normal -0 -0 -1
    outer loop
      vertex 15.6072 78.4628 0
      vertex 35.5278 63.2359 0
      vertex 10.4421 79.3156 0
    endloop
  endfacet
  facet normal 0 0 -1
    outer loop
      vertex 20.7055 -77.2741 0
      vertex 35.3902 -63.5394 0
      vertex 35.3579 -63.6459 0
    endloop
  endfacet
  facet normal 0 0 -1
    outer loop
      vertex 35.5278 63.2359 0
      vertex 15.6072 78.4628 0
      vertex 35.4753 63.334 0
    endloop
  endfacet
  facet normal 0 0 -1
    outer loop
      vertex 20.7055 -77.2741 0
      vertex 35.3579 -63.6459 0
      vertex 35.3327 -63.7542 0
    endloop
  endfacet
  facet normal 0 0 -1
    outer loop
      vertex 35.4753 63.334 0
      vertex 15.6072 78.4628 0
      vertex 35.4294 63.4353 0
    endloop
  endfacet
  facet normal 0 0 -1
    outer loop
      vertex 25.7152 -75.7544 0
      vertex 35.3327 -63.7542 0
      vertex 35.3145 -63.864 0
    endloop
  endfacet
  facet normal -0 -0 -1
    outer loop
      vertex 20.7055 77.2741 0
      vertex 35.4294 63.4353 0
      vertex 15.6072 78.4628 0
    endloop
  endfacet
  facet normal 0 0 -1
    outer loop
      vertex 25.7152 -75.7544 0
      vertex 35.3145 -63.864 0
      vertex 35.3036 -63.9747 0
    endloop
  endfacet
  facet normal 0 0 -1
    outer loop
      vertex 35.4294 63.4353 0
      vertex 20.7055 77.2741 0
      vertex 35.3902 63.5394 0
    endloop
  endfacet
  facet normal -0 0 -1
    outer loop
      vertex 35.3036 -64.1971 0
      vertex 25.7152 -75.7544 0
      vertex 35.3 -64.0859 0
    endloop
  endfacet
  facet normal 0 0 -1
    outer loop
      vertex 35.3902 63.5394 0
      vertex 20.7055 77.2741 0
      vertex 35.3579 63.6459 0
    endloop
  endfacet
  facet normal 0 0 -1
    outer loop
      vertex 38.6964 64.1971 0
      vertex 44.4456 66.5176 0
      vertex 38.7 64.0859 0
    endloop
  endfacet
  facet normal 0 0 -1
    outer loop
      vertex 38.6855 64.3078 0
      vertex 44.4456 66.5176 0
      vertex 38.6964 64.1971 0
    endloop
  endfacet
  facet normal 0 0 -1
    outer loop
      vertex 38.6673 64.4175 0
      vertex 44.4456 66.5176 0
      vertex 38.6855 64.3078 0
    endloop
  endfacet
  facet normal 0 0 -1
    outer loop
      vertex 38.6421 64.5259 0
      vertex 44.4456 66.5176 0
      vertex 38.6673 64.4175 0
    endloop
  endfacet
  facet normal 0 0 -1
    outer loop
      vertex 38.6098 64.6323 0
      vertex 44.4456 66.5176 0
      vertex 38.6421 64.5259 0
    endloop
  endfacet
  facet normal 0 0 -1
    outer loop
      vertex 38.5706 64.7364 0
      vertex 44.4456 66.5176 0
      vertex 38.6098 64.6323 0
    endloop
  endfacet
  facet normal 0 0 -1
    outer loop
      vertex 38.5247 64.8378 0
      vertex 44.4456 66.5176 0
      vertex 38.5706 64.7364 0
    endloop
  endfacet
  facet normal -0 0 -1
    outer loop
      vertex 44.4456 66.5176 0
      vertex 38.5247 64.8378 0
      vertex 40 69.282 0
    endloop
  endfacet
  facet normal 0 0 -1
    outer loop
      vertex 38.4722 64.9359 0
      vertex 40 69.282 0
      vertex 38.5247 64.8378 0
    endloop
  endfacet
  facet normal 0 0 -1
    outer loop
      vertex 38.4135 65.0303 0
      vertex 40 69.282 0
      vertex 38.4722 64.9359 0
    endloop
  endfacet
  facet normal 0 0 -1
    outer loop
      vertex 38.3487 65.1208 0
      vertex 40 69.282 0
      vertex 38.4135 65.0303 0
    endloop
  endfacet
  facet normal 0 0 -1
    outer loop
      vertex 38.2781 65.2068 0
      vertex 40 69.282 0
      vertex 38.3487 65.1208 0
    endloop
  endfacet
  facet normal 0 0 -1
    outer loop
      vertex 38.2021 65.288 0
      vertex 40 69.282 0
      vertex 38.2781 65.2068 0
    endloop
  endfacet
  facet normal 0 0 -1
    outer loop
      vertex 38.1209 65.364 0
      vertex 40 69.282 0
      vertex 38.2021 65.288 0
    endloop
  endfacet
  facet normal 0 0 -1
    outer loop
      vertex 38.0349 65.4346 0
      vertex 40 69.282 0
      vertex 38.1209 65.364 0
    endloop
  endfacet
  facet normal 0 0 -1
    outer loop
      vertex 37.9445 65.4994 0
      vertex 40 69.282 0
      vertex 38.0349 65.4346 0
    endloop
  endfacet
  facet normal 0 0 -1
    outer loop
      vertex 37.85 65.5581 0
      vertex 40 69.282 0
      vertex 37.9445 65.4994 0
    endloop
  endfacet
  facet normal 0 0 -1
    outer loop
      vertex 37.7519 65.6106 0
      vertex 40 69.282 0
      vertex 37.85 65.5581 0
    endloop
  endfacet
  facet normal 0 0 -1
    outer loop
      vertex 37.6506 65.6565 0
      vertex 40 69.282 0
      vertex 37.7519 65.6106 0
    endloop
  endfacet
  facet normal 0 0 -1
    outer loop
      vertex 37.5464 65.6957 0
      vertex 40 69.282 0
      vertex 37.6506 65.6565 0
    endloop
  endfacet
  facet normal 0 0 -1
    outer loop
      vertex 37.44 65.728 0
      vertex 40 69.282 0
      vertex 37.5464 65.6957 0
    endloop
  endfacet
  facet normal 0 0 -1
    outer loop
      vertex 37.3317 65.7532 0
      vertex 40 69.282 0
      vertex 37.44 65.728 0
    endloop
  endfacet
  facet normal 0 0 -1
    outer loop
      vertex 37.2219 65.7713 0
      vertex 40 69.282 0
      vertex 37.3317 65.7532 0
    endloop
  endfacet
  facet normal 0 0 -1
    outer loop
      vertex 37.1112 65.7822 0
      vertex 40 69.282 0
      vertex 37.2219 65.7713 0
    endloop
  endfacet
  facet normal 0 0 -1
    outer loop
      vertex 37 65.7859 0
      vertex 40 69.282 0
      vertex 37.1112 65.7822 0
    endloop
  endfacet
  facet normal 0 0 -1
    outer loop
      vertex 36.8888 65.7822 0
      vertex 40 69.282 0
      vertex 37 65.7859 0
    endloop
  endfacet
  facet normal 0 0 -1
    outer loop
      vertex 35.3831 71.7498 0
      vertex 36.8888 65.7822 0
      vertex 36.7781 65.7713 0
    endloop
  endfacet
  facet normal 0 0 -1
    outer loop
      vertex 35.3831 71.7498 0
      vertex 36.7781 65.7713 0
      vertex 36.6683 65.7532 0
    endloop
  endfacet
  facet normal 0 0 -1
    outer loop
      vertex 35.3831 71.7498 0
      vertex 36.6683 65.7532 0
      vertex 36.56 65.728 0
    endloop
  endfacet
  facet normal 0 0 -1
    outer loop
      vertex 35.3831 71.7498 0
      vertex 36.56 65.728 0
      vertex 36.4536 65.6957 0
    endloop
  endfacet
  facet normal 0 0 -1
    outer loop
      vertex 35.3831 71.7498 0
      vertex 36.4536 65.6957 0
      vertex 36.3494 65.6565 0
    endloop
  endfacet
  facet normal 0 0 -1
    outer loop
      vertex 35.3831 71.7498 0
      vertex 36.3494 65.6565 0
      vertex 36.2481 65.6106 0
    endloop
  endfacet
  facet normal 0 0 -1
    outer loop
      vertex 35.3831 71.7498 0
      vertex 36.2481 65.6106 0
      vertex 36.15 65.5581 0
    endloop
  endfacet
  facet normal 0 0 -1
    outer loop
      vertex 35.3831 71.7498 0
      vertex 36.15 65.5581 0
      vertex 36.0555 65.4994 0
    endloop
  endfacet
  facet normal 0 0 -1
    outer loop
      vertex 35.3831 71.7498 0
      vertex 36.0555 65.4994 0
      vertex 35.9651 65.4346 0
    endloop
  endfacet
  facet normal 0 0 -1
    outer loop
      vertex 35.3831 71.7498 0
      vertex 35.9651 65.4346 0
      vertex 35.8791 65.364 0
    endloop
  endfacet
  facet normal 0 0 -1
    outer loop
      vertex 35.3831 71.7498 0
      vertex 35.8791 65.364 0
      vertex 35.7979 65.288 0
    endloop
  endfacet
  facet normal 0 0 -1
    outer loop
      vertex 36.8888 65.7822 0
      vertex 35.3831 71.7498 0
      vertex 40 69.282 0
    endloop
  endfacet
  facet normal 0 0 -1
    outer loop
      vertex 35.7219 65.2068 0
      vertex 35.3831 71.7498 0
      vertex 35.7979 65.288 0
    endloop
  endfacet
  facet normal 0 0 -1
    outer loop
      vertex 35.6513 65.1208 0
      vertex 35.3831 71.7498 0
      vertex 35.7219 65.2068 0
    endloop
  endfacet
  facet normal 0 0 -1
    outer loop
      vertex 35.5865 65.0303 0
      vertex 35.3831 71.7498 0
      vertex 35.6513 65.1208 0
    endloop
  endfacet
  facet normal 0 0 -1
    outer loop
      vertex 30.6147 73.9104 0
      vertex 35.5865 65.0303 0
      vertex 35.5278 64.9359 0
    endloop
  endfacet
  facet normal 0 0 -1
    outer loop
      vertex 30.6147 73.9104 0
      vertex 35.5278 64.9359 0
      vertex 35.4753 64.8378 0
    endloop
  endfacet
  facet normal 0 0 -1
    outer loop
      vertex 30.6147 73.9104 0
      vertex 35.4753 64.8378 0
      vertex 35.4294 64.7364 0
    endloop
  endfacet
  facet normal 0 0 -1
    outer loop
      vertex 30.6147 73.9104 0
      vertex 35.4294 64.7364 0
      vertex 35.3902 64.6323 0
    endloop
  endfacet
  facet normal 0 0 -1
    outer loop
      vertex 30.6147 73.9104 0
      vertex 35.3902 64.6323 0
      vertex 35.3579 64.5259 0
    endloop
  endfacet
  facet normal 0 0 -1
    outer loop
      vertex 30.6147 73.9104 0
      vertex 35.3579 64.5259 0
      vertex 35.3327 64.4175 0
    endloop
  endfacet
  facet normal 0 0 -1
    outer loop
      vertex 30.6147 73.9104 0
      vertex 35.3327 64.4175 0
      vertex 35.3145 64.3078 0
    endloop
  endfacet
  facet normal 0 0 -1
    outer loop
      vertex 30.6147 73.9104 0
      vertex 35.3145 64.3078 0
      vertex 35.3036 64.1971 0
    endloop
  endfacet
  facet normal 0 0 -1
    outer loop
      vertex 25.7152 75.7544 0
      vertex 35.3036 64.1971 0
      vertex 35.3 64.0859 0
    endloop
  endfacet
  facet normal -0 0 -1
    outer loop
      vertex 47.65 0 0
      vertex 8.08266 -0.529765 0
      vertex 8.1 0 0
    endloop
  endfacet
  facet normal -0 -0 -1
    outer loop
      vertex 25.7152 75.7544 0
      vertex 35.3327 63.7542 0
      vertex 20.7055 77.2741 0
    endloop
  endfacet
  facet normal 0 0 -1
    outer loop
      vertex 35.3327 -63.7542 0
      vertex 25.7152 -75.7544 0
      vertex 20.7055 -77.2741 0
    endloop
  endfacet
  facet normal 0 0 -1
    outer loop
      vertex 35.5865 65.0303 0
      vertex 30.6147 73.9104 0
      vertex 35.3831 71.7498 0
    endloop
  endfacet
  facet normal 0 0 -1
    outer loop
      vertex 35.4294 -63.4353 0
      vertex 20.7055 -77.2741 0
      vertex 15.6072 -78.4628 0
    endloop
  endfacet
  facet normal 0 0 -1
    outer loop
      vertex 35.3036 64.1971 0
      vertex 25.7152 75.7544 0
      vertex 30.6147 73.9104 0
    endloop
  endfacet
  facet normal 0 0 -1
    outer loop
      vertex 35.5278 -63.2359 0
      vertex 15.6072 -78.4628 0
      vertex 10.4421 -79.3156 0
    endloop
  endfacet
  facet normal 0 0 -1
    outer loop
      vertex 35.3036 63.9747 0
      vertex 25.7152 75.7544 0
      vertex 35.3 64.0859 0
    endloop
  endfacet
  facet normal -0 0 -1
    outer loop
      vertex 35.5865 -63.1414 0
      vertex 10.4421 -79.3156 0
      vertex 1.05726 -8.0307 0
    endloop
  endfacet
  facet normal 0 0 -1
    outer loop
      vertex 35.3145 63.864 0
      vertex 25.7152 75.7544 0
      vertex 35.3036 63.9747 0
    endloop
  endfacet
  facet normal 0 0 -1
    outer loop
      vertex 35.3327 63.7542 0
      vertex 25.7152 75.7544 0
      vertex 35.3145 63.864 0
    endloop
  endfacet
  facet normal 0 0 -1
    outer loop
      vertex 35.3579 63.6459 0
      vertex 20.7055 77.2741 0
      vertex 35.3327 63.7542 0
    endloop
  endfacet
  facet normal -0 0 -1
    outer loop
      vertex 47.6593 -0.284503 0
      vertex 8.08266 -0.529765 0
      vertex 47.65 0 0
    endloop
  endfacet
  facet normal 0 0 -1
    outer loop
      vertex 47.6872 -0.567788 0
      vertex 8.08266 -0.529765 0
      vertex 47.6593 -0.284503 0
    endloop
  endfacet
  facet normal 0 -0 -1
    outer loop
      vertex 8.08266 -0.529765 0
      vertex 47.6872 -0.567788 0
      vertex 8.0307 -1.05726 0
    endloop
  endfacet
  facet normal -0 0 -1
    outer loop
      vertex 47.7336 -0.848642 0
      vertex 8.0307 -1.05726 0
      vertex 47.6872 -0.567788 0
    endloop
  endfacet
  facet normal 0 -0 -1
    outer loop
      vertex 8.0307 -1.05726 0
      vertex 47.7336 -0.848642 0
      vertex 7.94436 -1.58023 0
    endloop
  endfacet
  facet normal -0 0 -1
    outer loop
      vertex 47.7982 -1.12586 0
      vertex 7.94436 -1.58023 0
      vertex 47.7336 -0.848642 0
    endloop
  endfacet
  facet normal 0 -0 -1
    outer loop
      vertex 7.94436 -1.58023 0
      vertex 47.7982 -1.12586 0
      vertex 7.824 -2.09643 0
    endloop
  endfacet
  facet normal -0 0 -1
    outer loop
      vertex 47.8809 -1.39826 0
      vertex 7.824 -2.09643 0
      vertex 47.7982 -1.12586 0
    endloop
  endfacet
  facet normal 0 -0 -1
    outer loop
      vertex 7.824 -2.09643 0
      vertex 47.8809 -1.39826 0
      vertex 7.67013 -2.60366 0
    endloop
  endfacet
  facet normal -0 0 -1
    outer loop
      vertex 47.9811 -1.66467 0
      vertex 7.67013 -2.60366 0
      vertex 47.8809 -1.39826 0
    endloop
  endfacet
  facet normal 0 -0 -1
    outer loop
      vertex 7.67013 -2.60366 0
      vertex 47.9811 -1.66467 0
      vertex 7.48342 -3.09974 0
    endloop
  endfacet
  facet normal 0 0 -1
    outer loop
      vertex 50.6295 -52.2147 0
      vertex 5.3407 -6.0899 0
      vertex 5.72756 -5.72756 0
    endloop
  endfacet
  facet normal 0 0 -1
    outer loop
      vertex 1.05726 -8.0307 0
      vertex 10.4421 -79.3156 0
      vertex 5.23225 -79.8287 0
    endloop
  endfacet
  facet normal 0 0 -1
    outer loop
      vertex 50.6295 -52.2147 0
      vertex 4.93097 -6.42616 0
      vertex 5.3407 -6.0899 0
    endloop
  endfacet
  facet normal 0 0 -1
    outer loop
      vertex 36.3494 -62.5153 0
      vertex 4.50012 -6.7349 0
      vertex 4.93097 -6.42616 0
    endloop
  endfacet
  facet normal 0 0 -1
    outer loop
      vertex 36.15 -62.6136 0
      vertex 4.05 -7.0148 0
      vertex 4.50012 -6.7349 0
    endloop
  endfacet
  facet normal 0 0 -1
    outer loop
      vertex 36.0555 -62.6724 0
      vertex 3.58254 -7.26467 0
      vertex 4.05 -7.0148 0
    endloop
  endfacet
  facet normal 0 0 -1
    outer loop
      vertex 35.9651 -62.7372 0
      vertex 3.09974 -7.48342 0
      vertex 3.58254 -7.26467 0
    endloop
  endfacet
  facet normal 0 0 -1
    outer loop
      vertex 35.8791 -62.8078 0
      vertex 2.60366 -7.67013 0
      vertex 3.09974 -7.48342 0
    endloop
  endfacet
  facet normal 0 0 -1
    outer loop
      vertex 35.7979 -62.8838 0
      vertex 2.09643 -7.824 0
      vertex 2.60366 -7.67013 0
    endloop
  endfacet
  facet normal 0 0 -1
    outer loop
      vertex 35.7219 -62.965 0
      vertex 1.58023 -7.94436 0
      vertex 2.09643 -7.824 0
    endloop
  endfacet
  facet normal 0 0 -1
    outer loop
      vertex 35.5865 -63.1414 0
      vertex 1.05726 -8.0307 0
      vertex 1.58023 -7.94436 0
    endloop
  endfacet
  facet normal 0 0 -1
    outer loop
      vertex 5.23225 -79.8287 0
      vertex 0.529765 -8.08266 0
      vertex 1.05726 -8.0307 0
    endloop
  endfacet
  facet normal 0 0 -1
    outer loop
      vertex 0 -80 0
      vertex 0.529765 -8.08266 0
      vertex 5.23225 -79.8287 0
    endloop
  endfacet
  facet normal 0 0 -1
    outer loop
      vertex 0 -80 0
      vertex 0 -8.1 0
      vertex 0.529765 -8.08266 0
    endloop
  endfacet
  facet normal 0 0 -1
    outer loop
      vertex 0 -80 0
      vertex -0.529765 -8.08266 0
      vertex 0 -8.1 0
    endloop
  endfacet
  facet normal 0 0 -1
    outer loop
      vertex -5.23225 -79.8287 0
      vertex -0.529765 -8.08266 0
      vertex 0 -80 0
    endloop
  endfacet
  facet normal -0 0 -1
    outer loop
      vertex -0.529765 -8.08266 0
      vertex -5.23225 -79.8287 0
      vertex -1.05726 -8.0307 0
    endloop
  endfacet
  facet normal 0 0 -1
    outer loop
      vertex -10.4421 -79.3156 0
      vertex -1.05726 -8.0307 0
      vertex -5.23225 -79.8287 0
    endloop
  endfacet
  facet normal 0 0 -1
    outer loop
      vertex -25.7152 -75.7544 0
      vertex -35.3327 -63.7542 0
      vertex -20.7055 -77.2741 0
    endloop
  endfacet
  facet normal 0 0 -1
    outer loop
      vertex -35.3579 -63.6459 0
      vertex -20.7055 -77.2741 0
      vertex -35.3327 -63.7542 0
    endloop
  endfacet
  facet normal 0 0 -1
    outer loop
      vertex -35.3902 -63.5394 0
      vertex -20.7055 -77.2741 0
      vertex -35.3579 -63.6459 0
    endloop
  endfacet
  facet normal 0 0 -1
    outer loop
      vertex -35.4294 -63.4353 0
      vertex -20.7055 -77.2741 0
      vertex -35.3902 -63.5394 0
    endloop
  endfacet
  facet normal 0 0 -1
    outer loop
      vertex -20.7055 -77.2741 0
      vertex -35.4294 -63.4353 0
      vertex -15.6072 -78.4628 0
    endloop
  endfacet
  facet normal 0 0 -1
    outer loop
      vertex -35.4753 -63.334 0
      vertex -15.6072 -78.4628 0
      vertex -35.4294 -63.4353 0
    endloop
  endfacet
  facet normal 0 0 -1
    outer loop
      vertex -35.5278 -63.2359 0
      vertex -15.6072 -78.4628 0
      vertex -35.4753 -63.334 0
    endloop
  endfacet
  facet normal 0 0 -1
    outer loop
      vertex -15.6072 -78.4628 0
      vertex -35.5278 -63.2359 0
      vertex -10.4421 -79.3156 0
    endloop
  endfacet
  facet normal 0 0 -1
    outer loop
      vertex -35.5865 -63.1414 0
      vertex -10.4421 -79.3156 0
      vertex -35.5278 -63.2359 0
    endloop
  endfacet
  facet normal 0 0 -1
    outer loop
      vertex -10.4421 -79.3156 0
      vertex -35.5865 -63.1414 0
      vertex -1.05726 -8.0307 0
    endloop
  endfacet
  facet normal -0 0 -1
    outer loop
      vertex -1.05726 -8.0307 0
      vertex -35.5865 -63.1414 0
      vertex -1.58023 -7.94436 0
    endloop
  endfacet
  facet normal 0 0 -1
    outer loop
      vertex -35.6513 -63.051 0
      vertex -1.58023 -7.94436 0
      vertex -35.5865 -63.1414 0
    endloop
  endfacet
  facet normal 0 0 -1
    outer loop
      vertex -35.7219 -62.965 0
      vertex -1.58023 -7.94436 0
      vertex -35.6513 -63.051 0
    endloop
  endfacet
  facet normal -0 0 -1
    outer loop
      vertex -1.58023 -7.94436 0
      vertex -35.7219 -62.965 0
      vertex -2.09643 -7.824 0
    endloop
  endfacet
  facet normal 0 0 -1
    outer loop
      vertex -35.7979 -62.8838 0
      vertex -2.09643 -7.824 0
      vertex -35.7219 -62.965 0
    endloop
  endfacet
  facet normal -0 0 -1
    outer loop
      vertex -2.09643 -7.824 0
      vertex -35.7979 -62.8838 0
      vertex -2.60366 -7.67013 0
    endloop
  endfacet
  facet normal 0 0 -1
    outer loop
      vertex -35.8791 -62.8078 0
      vertex -2.60366 -7.67013 0
      vertex -35.7979 -62.8838 0
    endloop
  endfacet
  facet normal -0 0 -1
    outer loop
      vertex -2.60366 -7.67013 0
      vertex -35.8791 -62.8078 0
      vertex -3.09974 -7.48342 0
    endloop
  endfacet
  facet normal 0 0 -1
    outer loop
      vertex -35.9651 -62.7372 0
      vertex -3.09974 -7.48342 0
      vertex -35.8791 -62.8078 0
    endloop
  endfacet
  facet normal -0 0 -1
    outer loop
      vertex -3.09974 -7.48342 0
      vertex -35.9651 -62.7372 0
      vertex -3.58254 -7.26467 0
    endloop
  endfacet
  facet normal -0 0 -1
    outer loop
      vertex -3.58254 -7.26467 0
      vertex -36.0555 -62.6724 0
      vertex -4.05 -7.0148 0
    endloop
  endfacet
  facet normal 0 0 -1
    outer loop
      vertex -36.0555 -62.6724 0
      vertex -3.58254 -7.26467 0
      vertex -35.9651 -62.7372 0
    endloop
  endfacet
  facet normal 0 0 -1
    outer loop
      vertex 50 5 0
      vertex 79.8287 5.23225 0
      vertex 79.8363 5 0
    endloop
  endfacet
  facet normal -0 0 -1
    outer loop
      vertex 79.8287 5.23225 0
      vertex 50 5 0
      vertex 79.3156 10.4421 0
    endloop
  endfacet
  facet normal -0 0 -1
    outer loop
      vertex 79.3156 10.4421 0
      vertex 50 5 0
      vertex 78.4628 15.6072 0
    endloop
  endfacet
  facet normal -0 0 -1
    outer loop
      vertex 78.4628 15.6072 0
      vertex 50 5 0
      vertex 77.2741 20.7055 0
    endloop
  endfacet
  facet normal -0 0 -1
    outer loop
      vertex 77.2741 20.7055 0
      vertex 50 5 0
      vertex 75.7544 25.7152 0
    endloop
  endfacet
  facet normal -0 0 -1
    outer loop
      vertex 75.7544 25.7152 0
      vertex 50 5 0
      vertex 73.9104 30.6147 0
    endloop
  endfacet
  facet normal -0 0 -1
    outer loop
      vertex 73.9104 30.6147 0
      vertex 50 5 0
      vertex 71.7498 35.3831 0
    endloop
  endfacet
  facet normal -0 0 -1
    outer loop
      vertex 71.7498 35.3831 0
      vertex 50 5 0
      vertex 69.282 40 0
    endloop
  endfacet
  facet normal 0 -0 -1
    outer loop
      vertex 52.2147 50.6295 0
      vertex 69.282 40 0
      vertex 50 5 0
    endloop
  endfacet
  facet normal -0 -0 -1
    outer loop
      vertex 52.3259 50.6259 0
      vertex 69.282 40 0
      vertex 52.2147 50.6295 0
    endloop
  endfacet
  facet normal 0 -0 -1
    outer loop
      vertex 52.5478 50.6404 0
      vertex 66.5176 44.4456 0
      vertex 52.4371 50.6295 0
    endloop
  endfacet
  facet normal 0 -0 -1
    outer loop
      vertex 53.9357 51.7795 0
      vertex 60.1472 52.7477 0
      vertex 53.8965 51.6753 0
    endloop
  endfacet
  facet normal 0 0 -1
    outer loop
      vertex 54.0223 52.4371 0
      vertex 60.1472 52.7477 0
      vertex 54.0259 52.3259 0
    endloop
  endfacet
  facet normal 0 -0 -1
    outer loop
      vertex 54.0259 52.3259 0
      vertex 60.1472 52.7477 0
      vertex 54.0223 52.2147 0
    endloop
  endfacet
  facet normal 0 -0 -1
    outer loop
      vertex 54.0223 52.2147 0
      vertex 60.1472 52.7477 0
      vertex 54.0114 52.104 0
    endloop
  endfacet
  facet normal 0 -0 -1
    outer loop
      vertex 54.0114 52.104 0
      vertex 60.1472 52.7477 0
      vertex 53.9932 51.9942 0
    endloop
  endfacet
  facet normal 0 -0 -1
    outer loop
      vertex 53.9932 51.9942 0
      vertex 60.1472 52.7477 0
      vertex 53.968 51.8859 0
    endloop
  endfacet
  facet normal 0 -0 -1
    outer loop
      vertex 53.968 51.8859 0
      vertex 60.1472 52.7477 0
      vertex 53.9357 51.7795 0
    endloop
  endfacet
  facet normal 0 0 -1
    outer loop
      vertex 60.1472 52.7477 0
      vertex 53.8506 51.574 0
      vertex 53.8965 51.6753 0
    endloop
  endfacet
  facet normal 0 0 -1
    outer loop
      vertex 60.1472 52.7477 0
      vertex 53.7981 51.4759 0
      vertex 53.8506 51.574 0
    endloop
  endfacet
  facet normal 0 0 -1
    outer loop
      vertex 60.1472 52.7477 0
      vertex 53.7394 51.3814 0
      vertex 53.7981 51.4759 0
    endloop
  endfacet
  facet normal 0 0 -1
    outer loop
      vertex 60.1472 52.7477 0
      vertex 53.6746 51.291 0
      vertex 53.7394 51.3814 0
    endloop
  endfacet
  facet normal 0 0 -1
    outer loop
      vertex 60.1472 52.7477 0
      vertex 53.604 51.205 0
      vertex 53.6746 51.291 0
    endloop
  endfacet
  facet normal 0 0 -1
    outer loop
      vertex 63.4683 48.7009 0
      vertex 53.604 51.205 0
      vertex 60.1472 52.7477 0
    endloop
  endfacet
  facet normal 0 -0 -1
    outer loop
      vertex 53.604 51.205 0
      vertex 63.4683 48.7009 0
      vertex 53.528 51.1238 0
    endloop
  endfacet
  facet normal 0 -0 -1
    outer loop
      vertex 53.528 51.1238 0
      vertex 63.4683 48.7009 0
      vertex 53.4468 51.0478 0
    endloop
  endfacet
  facet normal 0 -0 -1
    outer loop
      vertex 53.4468 51.0478 0
      vertex 63.4683 48.7009 0
      vertex 53.3608 50.9772 0
    endloop
  endfacet
  facet normal 0 -0 -1
    outer loop
      vertex 53.3608 50.9772 0
      vertex 63.4683 48.7009 0
      vertex 53.2704 50.9124 0
    endloop
  endfacet
  facet normal 0 -0 -1
    outer loop
      vertex 53.2704 50.9124 0
      vertex 63.4683 48.7009 0
      vertex 53.1759 50.8537 0
    endloop
  endfacet
  facet normal 0 -0 -1
    outer loop
      vertex 53.0778 50.8012 0
      vertex 63.4683 48.7009 0
      vertex 52.9765 50.7553 0
    endloop
  endfacet
  facet normal 0 -0 -1
    outer loop
      vertex 53.1759 50.8537 0
      vertex 63.4683 48.7009 0
      vertex 53.0778 50.8012 0
    endloop
  endfacet
  facet normal 0 0 -1
    outer loop
      vertex 63.4683 48.7009 0
      vertex 52.8723 50.7161 0
      vertex 52.9765 50.7553 0
    endloop
  endfacet
  facet normal 0 0 -1
    outer loop
      vertex 66.5176 44.4456 0
      vertex 52.8723 50.7161 0
      vertex 63.4683 48.7009 0
    endloop
  endfacet
  facet normal 0 -0 -1
    outer loop
      vertex 52.8723 50.7161 0
      vertex 66.5176 44.4456 0
      vertex 52.7659 50.6838 0
    endloop
  endfacet
  facet normal 0 -0 -1
    outer loop
      vertex 52.7659 50.6838 0
      vertex 66.5176 44.4456 0
      vertex 52.6576 50.6586 0
    endloop
  endfacet
  facet normal 0 -0 -1
    outer loop
      vertex 52.6576 50.6586 0
      vertex 66.5176 44.4456 0
      vertex 52.5478 50.6404 0
    endloop
  endfacet
  facet normal 0 0 -1
    outer loop
      vertex 66.5176 44.4456 0
      vertex 52.3259 50.6259 0
      vertex 52.4371 50.6295 0
    endloop
  endfacet
  facet normal 0 0 -1
    outer loop
      vertex 69.282 40 0
      vertex 52.3259 50.6259 0
      vertex 66.5176 44.4456 0
    endloop
  endfacet
  facet normal -0 0 -1
    outer loop
      vertex 52.2147 50.6295 0
      vertex 50 5 0
      vertex 52.104 50.6404 0
    endloop
  endfacet
  facet normal -0 0 -1
    outer loop
      vertex 52.104 50.6404 0
      vertex 50 5 0
      vertex 51.9942 50.6586 0
    endloop
  endfacet
  facet normal -0 0 -1
    outer loop
      vertex 51.9942 50.6586 0
      vertex 50 5 0
      vertex 51.8859 50.6838 0
    endloop
  endfacet
  facet normal -0 0 -1
    outer loop
      vertex 51.8859 50.6838 0
      vertex 50 5 0
      vertex 51.7795 50.7161 0
    endloop
  endfacet
  facet normal -0 0 -1
    outer loop
      vertex 51.7795 50.7161 0
      vertex 50 5 0
      vertex 51.6753 50.7553 0
    endloop
  endfacet
  facet normal -0 0 -1
    outer loop
      vertex 51.6753 50.7553 0
      vertex 50 5 0
      vertex 51.574 50.8012 0
    endloop
  endfacet
  facet normal -0 0 -1
    outer loop
      vertex 51.574 50.8012 0
      vertex 50 5 0
      vertex 51.4759 50.8537 0
    endloop
  endfacet
  facet normal -0 0 -1
    outer loop
      vertex 51.4759 50.8537 0
      vertex 50 5 0
      vertex 51.3814 50.9124 0
    endloop
  endfacet
  facet normal -0 0 -1
    outer loop
      vertex 51.3814 50.9124 0
      vertex 50 5 0
      vertex 51.291 50.9772 0
    endloop
  endfacet
  facet normal -0 0 -1
    outer loop
      vertex 51.291 50.9772 0
      vertex 50 5 0
      vertex 51.205 51.0478 0
    endloop
  endfacet
  facet normal -0 0 -1
    outer loop
      vertex 51.205 51.0478 0
      vertex 50 5 0
      vertex 51.1238 51.1238 0
    endloop
  endfacet
  facet normal -0 0 -1
    outer loop
      vertex 51.1238 51.1238 0
      vertex 50 5 0
      vertex 51.0478 51.205 0
    endloop
  endfacet
  facet normal -0 0 -1
    outer loop
      vertex 51.0478 51.205 0
      vertex 50 5 0
      vertex 50.9772 51.291 0
    endloop
  endfacet
  facet normal 0 0 -1
    outer loop
      vertex 38.7 64.0859 0
      vertex 50.6586 51.9942 0
      vertex 50.6838 51.8859 0
    endloop
  endfacet
  facet normal 0 0 -1
    outer loop
      vertex 38.7 64.0859 0
      vertex 50.6838 51.8859 0
      vertex 50.7161 51.7795 0
    endloop
  endfacet
  facet normal 0 0 -1
    outer loop
      vertex 38.7 64.0859 0
      vertex 50.7161 51.7795 0
      vertex 50.7553 51.6753 0
    endloop
  endfacet
  facet normal 0 0 -1
    outer loop
      vertex 50.8012 51.574 0
      vertex 38.7 64.0859 0
      vertex 50.7553 51.6753 0
    endloop
  endfacet
  facet normal 0 0 -1
    outer loop
      vertex 50.8537 51.4759 0
      vertex 38.7 64.0859 0
      vertex 50.8012 51.574 0
    endloop
  endfacet
  facet normal 0 0 -1
    outer loop
      vertex 38.7 64.0859 0
      vertex 48.3831 2.41673 0
      vertex 48.2328 2.175 0
    endloop
  endfacet
  facet normal 0 0 -1
    outer loop
      vertex 38.7 64.0859 0
      vertex 50 5 0
      vertex 48.3831 2.41673 0
    endloop
  endfacet
  facet normal 0 0 -1
    outer loop
      vertex 38.7 64.0859 0
      vertex 50.8537 51.4759 0
      vertex 50 5 0
    endloop
  endfacet
  facet normal -0 0 -1
    outer loop
      vertex 50.9124 51.3814 0
      vertex 50 5 0
      vertex 50.8537 51.4759 0
    endloop
  endfacet
  facet normal -0 0 -1
    outer loop
      vertex 50.9772 51.291 0
      vertex 50 5 0
      vertex 50.9124 51.3814 0
    endloop
  endfacet
  facet normal 0 0 -1
    outer loop
      vertex 54.0114 52.5478 0
      vertex 60.1472 52.7477 0
      vertex 54.0223 52.4371 0
    endloop
  endfacet
  facet normal 0 0 -1
    outer loop
      vertex 53.9932 52.6576 0
      vertex 60.1472 52.7477 0
      vertex 54.0114 52.5478 0
    endloop
  endfacet
  facet normal -0 0 -1
    outer loop
      vertex 60.1472 52.7477 0
      vertex 53.9932 52.6576 0
      vertex 56.5685 56.5685 0
    endloop
  endfacet
  facet normal 0 0 -1
    outer loop
      vertex 53.968 52.7659 0
      vertex 56.5685 56.5685 0
      vertex 53.9932 52.6576 0
    endloop
  endfacet
  facet normal 0 0 -1
    outer loop
      vertex 53.9357 52.8723 0
      vertex 56.5685 56.5685 0
      vertex 53.968 52.7659 0
    endloop
  endfacet
  facet normal 0 0 -1
    outer loop
      vertex 53.8965 52.9765 0
      vertex 56.5685 56.5685 0
      vertex 53.9357 52.8723 0
    endloop
  endfacet
  facet normal 0 0 -1
    outer loop
      vertex 53.8506 53.0778 0
      vertex 56.5685 56.5685 0
      vertex 53.8965 52.9765 0
    endloop
  endfacet
  facet normal 0 0 -1
    outer loop
      vertex 53.7981 53.1759 0
      vertex 56.5685 56.5685 0
      vertex 53.8506 53.0778 0
    endloop
  endfacet
  facet normal 0 0 -1
    outer loop
      vertex 53.7394 53.2704 0
      vertex 56.5685 56.5685 0
      vertex 53.7981 53.1759 0
    endloop
  endfacet
  facet normal 0 0 -1
    outer loop
      vertex 53.6746 53.3608 0
      vertex 56.5685 56.5685 0
      vertex 53.7394 53.2704 0
    endloop
  endfacet
  facet normal 0 0 -1
    outer loop
      vertex 53.604 53.4468 0
      vertex 56.5685 56.5685 0
      vertex 53.6746 53.3608 0
    endloop
  endfacet
  facet normal 0 0 -1
    outer loop
      vertex 53.528 53.528 0
      vertex 56.5685 56.5685 0
      vertex 53.604 53.4468 0
    endloop
  endfacet
  facet normal 0 0 -1
    outer loop
      vertex 53.4468 53.604 0
      vertex 56.5685 56.5685 0
      vertex 53.528 53.528 0
    endloop
  endfacet
  facet normal 0 0 -1
    outer loop
      vertex 53.3608 53.6746 0
      vertex 56.5685 56.5685 0
      vertex 53.4468 53.604 0
    endloop
  endfacet
  facet normal 0 0 -1
    outer loop
      vertex 53.2704 53.7394 0
      vertex 56.5685 56.5685 0
      vertex 53.3608 53.6746 0
    endloop
  endfacet
  facet normal 0 0 -1
    outer loop
      vertex 53.1759 53.7981 0
      vertex 56.5685 56.5685 0
      vertex 53.2704 53.7394 0
    endloop
  endfacet
  facet normal 0 0 -1
    outer loop
      vertex 53.0778 53.8506 0
      vertex 56.5685 56.5685 0
      vertex 53.1759 53.7981 0
    endloop
  endfacet
  facet normal 0 0 -1
    outer loop
      vertex 52.9765 53.8965 0
      vertex 56.5685 56.5685 0
      vertex 53.0778 53.8506 0
    endloop
  endfacet
  facet normal 0 0 -1
    outer loop
      vertex 52.8723 53.9357 0
      vertex 56.5685 56.5685 0
      vertex 52.9765 53.8965 0
    endloop
  endfacet
  facet normal 0 0 -1
    outer loop
      vertex 52.7659 53.968 0
      vertex 56.5685 56.5685 0
      vertex 52.8723 53.9357 0
    endloop
  endfacet
  facet normal 0 0 -1
    outer loop
      vertex 52.7659 53.968 0
      vertex 52.7477 60.1472 0
      vertex 56.5685 56.5685 0
    endloop
  endfacet
  facet normal 0 0 -1
    outer loop
      vertex 52.6576 53.9932 0
      vertex 52.7477 60.1472 0
      vertex 52.7659 53.968 0
    endloop
  endfacet
  facet normal 0 0 -1
    outer loop
      vertex 52.5478 54.0114 0
      vertex 52.7477 60.1472 0
      vertex 52.6576 53.9932 0
    endloop
  endfacet
  facet normal 0 0 -1
    outer loop
      vertex 52.4371 54.0223 0
      vertex 52.7477 60.1472 0
      vertex 52.5478 54.0114 0
    endloop
  endfacet
  facet normal 0 0 -1
    outer loop
      vertex 52.3259 54.0259 0
      vertex 52.7477 60.1472 0
      vertex 52.4371 54.0223 0
    endloop
  endfacet
  facet normal 0 0 -1
    outer loop
      vertex 52.2147 54.0223 0
      vertex 52.7477 60.1472 0
      vertex 52.3259 54.0259 0
    endloop
  endfacet
  facet normal 0 0 -1
    outer loop
      vertex 52.104 54.0114 0
      vertex 52.7477 60.1472 0
      vertex 52.2147 54.0223 0
    endloop
  endfacet
  facet normal 0 0 -1
    outer loop
      vertex 51.9942 53.9932 0
      vertex 52.7477 60.1472 0
      vertex 52.104 54.0114 0
    endloop
  endfacet
  facet normal 0 0 -1
    outer loop
      vertex 51.8859 53.968 0
      vertex 52.7477 60.1472 0
      vertex 51.9942 53.9932 0
    endloop
  endfacet
  facet normal 0 0 -1
    outer loop
      vertex 51.7795 53.9357 0
      vertex 52.7477 60.1472 0
      vertex 51.8859 53.968 0
    endloop
  endfacet
  facet normal 0 0 -1
    outer loop
      vertex 51.6753 53.8965 0
      vertex 52.7477 60.1472 0
      vertex 51.7795 53.9357 0
    endloop
  endfacet
  facet normal 0 0 -1
    outer loop
      vertex 51.574 53.8506 0
      vertex 52.7477 60.1472 0
      vertex 51.6753 53.8965 0
    endloop
  endfacet
  facet normal 0 0 -1
    outer loop
      vertex 51.4759 53.7981 0
      vertex 52.7477 60.1472 0
      vertex 51.574 53.8506 0
    endloop
  endfacet
  facet normal 0 0 -1
    outer loop
      vertex 51.3814 53.7394 0
      vertex 52.7477 60.1472 0
      vertex 51.4759 53.7981 0
    endloop
  endfacet
  facet normal 0 0 -1
    outer loop
      vertex 51.291 53.6746 0
      vertex 52.7477 60.1472 0
      vertex 51.3814 53.7394 0
    endloop
  endfacet
  facet normal 0 0 -1
    outer loop
      vertex 51.205 53.604 0
      vertex 52.7477 60.1472 0
      vertex 51.291 53.6746 0
    endloop
  endfacet
  facet normal 0 0 -1
    outer loop
      vertex 48.7009 63.4683 0
      vertex 51.205 53.604 0
      vertex 51.1238 53.528 0
    endloop
  endfacet
  facet normal 0 0 -1
    outer loop
      vertex 48.7009 63.4683 0
      vertex 51.1238 53.528 0
      vertex 51.0478 53.4468 0
    endloop
  endfacet
  facet normal 0 0 -1
    outer loop
      vertex 48.7009 63.4683 0
      vertex 51.0478 53.4468 0
      vertex 50.9772 53.3608 0
    endloop
  endfacet
  facet normal 0 0 -1
    outer loop
      vertex 48.7009 63.4683 0
      vertex 50.9772 53.3608 0
      vertex 50.9124 53.2704 0
    endloop
  endfacet
  facet normal 0 0 -1
    outer loop
      vertex 48.7009 63.4683 0
      vertex 50.9124 53.2704 0
      vertex 50.8537 53.1759 0
    endloop
  endfacet
  facet normal 0 0 -1
    outer loop
      vertex 48.7009 63.4683 0
      vertex 50.8537 53.1759 0
      vertex 50.8012 53.0778 0
    endloop
  endfacet
  facet normal 0 0 -1
    outer loop
      vertex 38.7 64.0859 0
      vertex 50.8012 53.0778 0
      vertex 50.7553 52.9765 0
    endloop
  endfacet
  facet normal 0 0 -1
    outer loop
      vertex 38.7 64.0859 0
      vertex 50.7553 52.9765 0
      vertex 50.7161 52.8723 0
    endloop
  endfacet
  facet normal 0 0 -1
    outer loop
      vertex 38.7 64.0859 0
      vertex 50.7161 52.8723 0
      vertex 50.6838 52.7659 0
    endloop
  endfacet
  facet normal 0 0 -1
    outer loop
      vertex 49.5833 3.61689 0
      vertex 50 5 0
      vertex 49.825 3.76721 0
    endloop
  endfacet
  facet normal 0 0 -1
    outer loop
      vertex 49.3519 3.45109 0
      vertex 50 5 0
      vertex 49.5833 3.61689 0
    endloop
  endfacet
  facet normal 0 0 -1
    outer loop
      vertex 49.1318 3.2705 0
      vertex 50 5 0
      vertex 49.3519 3.45109 0
    endloop
  endfacet
  facet normal 0 0 -1
    outer loop
      vertex 48.9241 3.07591 0
      vertex 50 5 0
      vertex 49.1318 3.2705 0
    endloop
  endfacet
  facet normal 0 0 -1
    outer loop
      vertex 48.7295 2.86815 0
      vertex 50 5 0
      vertex 48.9241 3.07591 0
    endloop
  endfacet
  facet normal 0 0 -1
    outer loop
      vertex 48.5489 2.64811 0
      vertex 50 5 0
      vertex 48.7295 2.86815 0
    endloop
  endfacet
  facet normal 0 0 -1
    outer loop
      vertex 48.3831 2.41673 0
      vertex 50 5 0
      vertex 48.5489 2.64811 0
    endloop
  endfacet
  facet normal 0 0 -1
    outer loop
      vertex 51.205 53.604 0
      vertex 48.7009 63.4683 0
      vertex 52.7477 60.1472 0
    endloop
  endfacet
  facet normal 0 0 -1
    outer loop
      vertex 38.7 64.0859 0
      vertex 50.6838 52.7659 0
      vertex 50.6586 52.6576 0
    endloop
  endfacet
  facet normal 0 0 -1
    outer loop
      vertex 38.7 64.0859 0
      vertex 50.6586 52.6576 0
      vertex 50.6404 52.5478 0
    endloop
  endfacet
  facet normal 0 0 -1
    outer loop
      vertex 38.7 64.0859 0
      vertex 50.6404 52.5478 0
      vertex 50.6295 52.4371 0
    endloop
  endfacet
  facet normal 0 0 -1
    outer loop
      vertex 38.7 64.0859 0
      vertex 50.6404 52.104 0
      vertex 50.6586 51.9942 0
    endloop
  endfacet
  facet normal 0 0 -1
    outer loop
      vertex 38.7 64.0859 0
      vertex 50.6295 52.2147 0
      vertex 50.6404 52.104 0
    endloop
  endfacet
  facet normal 0 0 -1
    outer loop
      vertex 38.7 64.0859 0
      vertex 50.6259 52.3259 0
      vertex 50.6295 52.2147 0
    endloop
  endfacet
  facet normal 0 0 -1
    outer loop
      vertex 38.7 64.0859 0
      vertex 50.6295 52.4371 0
      vertex 50.6259 52.3259 0
    endloop
  endfacet
  facet normal 0 0 -1
    outer loop
      vertex 38.7 64.0859 0
      vertex 48.2328 2.175 0
      vertex 48.0986 1.92395 0
    endloop
  endfacet
  facet normal 0 0 -1
    outer loop
      vertex 38.7 64.0859 0
      vertex 48.0986 1.92395 0
      vertex 47.9811 1.66467 0
    endloop
  endfacet
  facet normal 0 0 -1
    outer loop
      vertex 38.7 64.0859 0
      vertex 47.9811 1.66467 0
      vertex 47.8809 1.39826 0
    endloop
  endfacet
  facet normal 0 0 -1
    outer loop
      vertex 38.7 64.0859 0
      vertex 47.8809 1.39826 0
      vertex 47.7982 1.12586 0
    endloop
  endfacet
  facet normal 0 0 -1
    outer loop
      vertex 38.7 64.0859 0
      vertex 47.7982 1.12586 0
      vertex 47.7336 0.848642 0
    endloop
  endfacet
  facet normal 0 0 -1
    outer loop
      vertex 38.7 64.0859 0
      vertex 47.7336 0.848642 0
      vertex 47.6872 0.567788 0
    endloop
  endfacet
  facet normal 0 0 -1
    outer loop
      vertex 38.7 64.0859 0
      vertex 47.6872 0.567788 0
      vertex 47.6593 0.284503 0
    endloop
  endfacet
  facet normal 0 0 -1
    outer loop
      vertex 38.7 64.0859 0
      vertex 47.6593 0.284503 0
      vertex 47.65 0 0
    endloop
  endfacet
  facet normal 0 0 -1
    outer loop
      vertex 38.6964 -63.9747 0
      vertex 44.4456 -66.5176 0
      vertex 38.7 -64.0859 0
    endloop
  endfacet
  facet normal 0 0 -1
    outer loop
      vertex 38.6855 -63.864 0
      vertex 44.4456 -66.5176 0
      vertex 38.6964 -63.9747 0
    endloop
  endfacet
  facet normal 0 0 -1
    outer loop
      vertex 38.5247 -64.8378 0
      vertex 44.4456 -66.5176 0
      vertex 40 -69.282 0
    endloop
  endfacet
  facet normal 0 0 -1
    outer loop
      vertex 50.8012 53.0778 0
      vertex 38.7 64.0859 0
      vertex 48.7009 63.4683 0
    endloop
  endfacet
  facet normal 0 0 -1
    outer loop
      vertex 48.7009 63.4683 0
      vertex 38.7 64.0859 0
      vertex 44.4456 66.5176 0
    endloop
  endfacet
  facet normal 0 0 -1
    outer loop
      vertex 44.4456 -66.5176 0
      vertex 38.6964 -64.1971 0
      vertex 38.7 -64.0859 0
    endloop
  endfacet
  facet normal 0 0 -1
    outer loop
      vertex 44.4456 -66.5176 0
      vertex 38.6855 -64.3078 0
      vertex 38.6964 -64.1971 0
    endloop
  endfacet
  facet normal 0 0 -1
    outer loop
      vertex 44.4456 -66.5176 0
      vertex 38.6673 -64.4175 0
      vertex 38.6855 -64.3078 0
    endloop
  endfacet
  facet normal 0 0 -1
    outer loop
      vertex 44.4456 -66.5176 0
      vertex 38.6421 -64.5259 0
      vertex 38.6673 -64.4175 0
    endloop
  endfacet
  facet normal 0 0 -1
    outer loop
      vertex 44.4456 -66.5176 0
      vertex 38.6098 -64.6323 0
      vertex 38.6421 -64.5259 0
    endloop
  endfacet
  facet normal 0 0 -1
    outer loop
      vertex 44.4456 -66.5176 0
      vertex 38.5706 -64.7364 0
      vertex 38.6098 -64.6323 0
    endloop
  endfacet
  facet normal 0 0 -1
    outer loop
      vertex 44.4456 -66.5176 0
      vertex 38.5247 -64.8378 0
      vertex 38.5706 -64.7364 0
    endloop
  endfacet
  facet normal 0 0 -1
    outer loop
      vertex 40 -69.282 0
      vertex 38.4722 -64.9359 0
      vertex 38.5247 -64.8378 0
    endloop
  endfacet
  facet normal 0 0 -1
    outer loop
      vertex 40 -69.282 0
      vertex 38.4135 -65.0303 0
      vertex 38.4722 -64.9359 0
    endloop
  endfacet
  facet normal 0 0 -1
    outer loop
      vertex 40 -69.282 0
      vertex 38.3487 -65.1208 0
      vertex 38.4135 -65.0303 0
    endloop
  endfacet
  facet normal 0 0 -1
    outer loop
      vertex 40 -69.282 0
      vertex 38.2781 -65.2068 0
      vertex 38.3487 -65.1208 0
    endloop
  endfacet
  facet normal 0 0 -1
    outer loop
      vertex 40 -69.282 0
      vertex 38.2021 -65.288 0
      vertex 38.2781 -65.2068 0
    endloop
  endfacet
  facet normal 0 0 -1
    outer loop
      vertex 40 -69.282 0
      vertex 38.1209 -65.364 0
      vertex 38.2021 -65.288 0
    endloop
  endfacet
  facet normal 0 0 -1
    outer loop
      vertex 40 -69.282 0
      vertex 38.0349 -65.4346 0
      vertex 38.1209 -65.364 0
    endloop
  endfacet
  facet normal 0 0 -1
    outer loop
      vertex 40 -69.282 0
      vertex 37.9445 -65.4994 0
      vertex 38.0349 -65.4346 0
    endloop
  endfacet
  facet normal 0 0 -1
    outer loop
      vertex 40 -69.282 0
      vertex 37.85 -65.5581 0
      vertex 37.9445 -65.4994 0
    endloop
  endfacet
  facet normal 0 0 -1
    outer loop
      vertex 40 -69.282 0
      vertex 37.7519 -65.6106 0
      vertex 37.85 -65.5581 0
    endloop
  endfacet
  facet normal 0 0 -1
    outer loop
      vertex 40 -69.282 0
      vertex 37.6506 -65.6565 0
      vertex 37.7519 -65.6106 0
    endloop
  endfacet
  facet normal 0 0 -1
    outer loop
      vertex 40 -69.282 0
      vertex 37.5464 -65.6957 0
      vertex 37.6506 -65.6565 0
    endloop
  endfacet
  facet normal 0 0 -1
    outer loop
      vertex 40 -69.282 0
      vertex 37.44 -65.728 0
      vertex 37.5464 -65.6957 0
    endloop
  endfacet
  facet normal 0 0 -1
    outer loop
      vertex 40 -69.282 0
      vertex 37.3317 -65.7532 0
      vertex 37.44 -65.728 0
    endloop
  endfacet
  facet normal 0 0 -1
    outer loop
      vertex 40 -69.282 0
      vertex 37.2219 -65.7713 0
      vertex 37.3317 -65.7532 0
    endloop
  endfacet
  facet normal 0 0 -1
    outer loop
      vertex 40 -69.282 0
      vertex 37.1112 -65.7822 0
      vertex 37.2219 -65.7713 0
    endloop
  endfacet
  facet normal 0 0 -1
    outer loop
      vertex 40 -69.282 0
      vertex 37 -65.7859 0
      vertex 37.1112 -65.7822 0
    endloop
  endfacet
  facet normal 0 0 -1
    outer loop
      vertex 40 -69.282 0
      vertex 36.8888 -65.7822 0
      vertex 37 -65.7859 0
    endloop
  endfacet
  facet normal 0 0 -1
    outer loop
      vertex 35.3831 -71.7498 0
      vertex 36.8888 -65.7822 0
      vertex 40 -69.282 0
    endloop
  endfacet
  facet normal -0 0 -1
    outer loop
      vertex 36.8888 -65.7822 0
      vertex 35.3831 -71.7498 0
      vertex 36.7781 -65.7713 0
    endloop
  endfacet
  facet normal -0 0 -1
    outer loop
      vertex 36.7781 -65.7713 0
      vertex 35.3831 -71.7498 0
      vertex 36.6683 -65.7532 0
    endloop
  endfacet
  facet normal -0 0 -1
    outer loop
      vertex 36.6683 -65.7532 0
      vertex 35.3831 -71.7498 0
      vertex 36.56 -65.728 0
    endloop
  endfacet
  facet normal -0 0 -1
    outer loop
      vertex 36.56 -65.728 0
      vertex 35.3831 -71.7498 0
      vertex 36.4536 -65.6957 0
    endloop
  endfacet
  facet normal -0 0 -1
    outer loop
      vertex 36.4536 -65.6957 0
      vertex 35.3831 -71.7498 0
      vertex 36.3494 -65.6565 0
    endloop
  endfacet
  facet normal -0 0 -1
    outer loop
      vertex 36.3494 -65.6565 0
      vertex 35.3831 -71.7498 0
      vertex 36.2481 -65.6106 0
    endloop
  endfacet
  facet normal -0 0 -1
    outer loop
      vertex 36.2481 -65.6106 0
      vertex 35.3831 -71.7498 0
      vertex 36.15 -65.5581 0
    endloop
  endfacet
  facet normal -0 0 -1
    outer loop
      vertex 36.15 -65.5581 0
      vertex 35.3831 -71.7498 0
      vertex 36.0555 -65.4994 0
    endloop
  endfacet
  facet normal -0 0 -1
    outer loop
      vertex 36.0555 -65.4994 0
      vertex 35.3831 -71.7498 0
      vertex 35.9651 -65.4346 0
    endloop
  endfacet
  facet normal -0 0 -1
    outer loop
      vertex 35.9651 -65.4346 0
      vertex 35.3831 -71.7498 0
      vertex 35.8791 -65.364 0
    endloop
  endfacet
  facet normal -0 0 -1
    outer loop
      vertex 35.8791 -65.364 0
      vertex 35.3831 -71.7498 0
      vertex 35.7979 -65.288 0
    endloop
  endfacet
  facet normal 0 0 -1
    outer loop
      vertex 35.3831 -71.7498 0
      vertex 35.7219 -65.2068 0
      vertex 35.7979 -65.288 0
    endloop
  endfacet
  facet normal 0 0 -1
    outer loop
      vertex 35.3831 -71.7498 0
      vertex 35.6513 -65.1208 0
      vertex 35.7219 -65.2068 0
    endloop
  endfacet
  facet normal 0 0 -1
    outer loop
      vertex 35.3831 -71.7498 0
      vertex 35.5865 -65.0303 0
      vertex 35.6513 -65.1208 0
    endloop
  endfacet
  facet normal 0 0 -1
    outer loop
      vertex 30.6147 -73.9104 0
      vertex 35.5865 -65.0303 0
      vertex 35.3831 -71.7498 0
    endloop
  endfacet
  facet normal -0 0 -1
    outer loop
      vertex 35.5865 -65.0303 0
      vertex 30.6147 -73.9104 0
      vertex 35.5278 -64.9359 0
    endloop
  endfacet
  facet normal -0 0 -1
    outer loop
      vertex 35.5278 -64.9359 0
      vertex 30.6147 -73.9104 0
      vertex 35.4753 -64.8378 0
    endloop
  endfacet
  facet normal -0 0 -1
    outer loop
      vertex 35.4753 -64.8378 0
      vertex 30.6147 -73.9104 0
      vertex 35.4294 -64.7364 0
    endloop
  endfacet
  facet normal -0 0 -1
    outer loop
      vertex 35.4294 -64.7364 0
      vertex 30.6147 -73.9104 0
      vertex 35.3902 -64.6323 0
    endloop
  endfacet
  facet normal -0 0 -1
    outer loop
      vertex 35.3902 -64.6323 0
      vertex 30.6147 -73.9104 0
      vertex 35.3579 -64.5259 0
    endloop
  endfacet
  facet normal -0 0 -1
    outer loop
      vertex 35.3579 -64.5259 0
      vertex 30.6147 -73.9104 0
      vertex 35.3327 -64.4175 0
    endloop
  endfacet
  facet normal -0 0 -1
    outer loop
      vertex 35.3327 -64.4175 0
      vertex 30.6147 -73.9104 0
      vertex 35.3145 -64.3078 0
    endloop
  endfacet
  facet normal -0 0 -1
    outer loop
      vertex 35.3145 -64.3078 0
      vertex 30.6147 -73.9104 0
      vertex 35.3036 -64.1971 0
    endloop
  endfacet
  facet normal -0 0 -1
    outer loop
      vertex 35.3 -64.0859 0
      vertex 25.7152 -75.7544 0
      vertex 35.3036 -63.9747 0
    endloop
  endfacet
  facet normal 0 0 -1
    outer loop
      vertex 25.7152 -75.7544 0
      vertex 35.3036 -64.1971 0
      vertex 30.6147 -73.9104 0
    endloop
  endfacet
  facet normal -0.683343 -0.730098 0
    outer loop
      vertex 53.4468 53.604 0
      vertex 53.528 53.528 8
      vertex 53.4468 53.604 8
    endloop
  endfacet
  facet normal -0.683343 -0.730098 -0
    outer loop
      vertex 53.528 53.528 8
      vertex 53.4468 53.604 0
      vertex 53.528 53.528 0
    endloop
  endfacet
  facet normal 0.683343 -0.730098 0
    outer loop
      vertex 51.1238 53.528 0
      vertex 51.205 53.604 8
      vertex 51.1238 53.528 8
    endloop
  endfacet
  facet normal 0.683343 -0.730098 0
    outer loop
      vertex 51.205 53.604 8
      vertex 51.1238 53.528 0
      vertex 51.205 53.604 0
    endloop
  endfacet
  facet normal -0.0323571 -0.999476 0
    outer loop
      vertex 52.3259 54.0259 0
      vertex 52.4371 54.0223 8
      vertex 52.3259 54.0259 8
    endloop
  endfacet
  facet normal -0.0323571 -0.999476 -0
    outer loop
      vertex 52.4371 54.0223 8
      vertex 52.3259 54.0259 0
      vertex 52.4371 54.0223 0
    endloop
  endfacet
  facet normal 0.999476 -0.0323571 0
    outer loop
      vertex 50.6259 52.3259 8
      vertex 50.6295 52.4371 0
      vertex 50.6295 52.4371 8
    endloop
  endfacet
  facet normal 0.999476 -0.0323571 0
    outer loop
      vertex 50.6295 52.4371 0
      vertex 50.6259 52.3259 8
      vertex 50.6259 52.3259 0
    endloop
  endfacet
  facet normal 0.910859 -0.412719 0
    outer loop
      vertex 50.7553 52.9765 8
      vertex 50.8012 53.0778 0
      vertex 50.8012 53.0778 8
    endloop
  endfacet
  facet normal 0.910859 -0.412719 0
    outer loop
      vertex 50.8012 53.0778 0
      vertex 50.7553 52.9765 8
      vertex 50.7553 52.9765 0
    endloop
  endfacet
  facet normal -0.412719 -0.910859 0
    outer loop
      vertex 52.9765 53.8965 0
      vertex 53.0778 53.8506 8
      vertex 52.9765 53.8965 8
    endloop
  endfacet
  facet normal -0.412719 -0.910859 -0
    outer loop
      vertex 53.0778 53.8506 8
      vertex 52.9765 53.8965 0
      vertex 53.0778 53.8506 0
    endloop
  endfacet
  facet normal 0.352108 -0.93596 0
    outer loop
      vertex 51.6753 53.8965 0
      vertex 51.7795 53.9357 8
      vertex 51.6753 53.8965 8
    endloop
  endfacet
  facet normal 0.352108 -0.93596 0
    outer loop
      vertex 51.7795 53.9357 8
      vertex 51.6753 53.8965 0
      vertex 51.7795 53.9357 0
    endloop
  endfacet
  facet normal 0.163525 -0.986539 0
    outer loop
      vertex 51.9942 53.9932 0
      vertex 52.104 54.0114 8
      vertex 51.9942 53.9932 8
    endloop
  endfacet
  facet normal 0.163525 -0.986539 0
    outer loop
      vertex 52.104 54.0114 8
      vertex 51.9942 53.9932 0
      vertex 52.104 54.0114 0
    endloop
  endfacet
  facet normal 0.81276 -0.582598 0
    outer loop
      vertex 50.9124 53.2704 8
      vertex 50.9772 53.3608 0
      vertex 50.9772 53.3608 8
    endloop
  endfacet
  facet normal 0.81276 -0.582598 0
    outer loop
      vertex 50.9772 53.3608 0
      vertex 50.9124 53.2704 8
      vertex 50.9124 53.2704 0
    endloop
  endfacet
  facet normal -0.93596 -0.352108 0
    outer loop
      vertex 53.9357 52.8723 0
      vertex 53.8965 52.9765 8
      vertex 53.8965 52.9765 0
    endloop
  endfacet
  facet normal -0.93596 -0.352108 0
    outer loop
      vertex 53.8965 52.9765 8
      vertex 53.9357 52.8723 0
      vertex 53.9357 52.8723 8
    endloop
  endfacet
  facet normal 0.0979904 0.995187 -0
    outer loop
      vertex 52.2147 50.6295 0
      vertex 52.104 50.6404 8
      vertex 52.2147 50.6295 8
    endloop
  endfacet
  facet normal 0.0979904 0.995187 0
    outer loop
      vertex 52.104 50.6404 8
      vertex 52.2147 50.6295 0
      vertex 52.104 50.6404 0
    endloop
  endfacet
  facet normal 0.471847 0.88168 -0
    outer loop
      vertex 51.574 50.8012 0
      vertex 51.4759 50.8537 8
      vertex 51.574 50.8012 8
    endloop
  endfacet
  facet normal 0.471847 0.88168 0
    outer loop
      vertex 51.4759 50.8537 8
      vertex 51.574 50.8012 0
      vertex 51.4759 50.8537 0
    endloop
  endfacet
  facet normal -0.582598 -0.81276 0
    outer loop
      vertex 53.2704 53.7394 0
      vertex 53.3608 53.6746 8
      vertex 53.2704 53.7394 8
    endloop
  endfacet
  facet normal -0.582598 -0.81276 -0
    outer loop
      vertex 53.3608 53.6746 8
      vertex 53.2704 53.7394 0
      vertex 53.3608 53.6746 0
    endloop
  endfacet
  facet normal -0.634509 -0.772915 0
    outer loop
      vertex 53.3608 53.6746 0
      vertex 53.4468 53.604 8
      vertex 53.3608 53.6746 8
    endloop
  endfacet
  facet normal -0.634509 -0.772915 -0
    outer loop
      vertex 53.4468 53.604 8
      vertex 53.3608 53.6746 0
      vertex 53.4468 53.604 0
    endloop
  endfacet
  facet normal -0.226633 -0.97398 0
    outer loop
      vertex 52.6576 53.9932 0
      vertex 52.7659 53.968 8
      vertex 52.6576 53.9932 8
    endloop
  endfacet
  facet normal -0.226633 -0.97398 -0
    outer loop
      vertex 52.7659 53.968 8
      vertex 52.6576 53.9932 0
      vertex 52.7659 53.968 0
    endloop
  endfacet
  facet normal -0.0979904 -0.995187 0
    outer loop
      vertex 52.4371 54.0223 0
      vertex 52.5478 54.0114 8
      vertex 52.4371 54.0223 8
    endloop
  endfacet
  facet normal -0.0979904 -0.995187 -0
    outer loop
      vertex 52.5478 54.0114 8
      vertex 52.4371 54.0223 0
      vertex 52.5478 54.0114 0
    endloop
  endfacet
  facet normal -0.352108 -0.93596 0
    outer loop
      vertex 52.8723 53.9357 0
      vertex 52.9765 53.8965 8
      vertex 52.8723 53.9357 8
    endloop
  endfacet
  facet normal -0.352108 -0.93596 -0
    outer loop
      vertex 52.9765 53.8965 8
      vertex 52.8723 53.9357 0
      vertex 52.9765 53.8965 0
    endloop
  endfacet
  facet normal 0.471847 -0.88168 0
    outer loop
      vertex 51.4759 53.7981 0
      vertex 51.574 53.8506 8
      vertex 51.4759 53.7981 8
    endloop
  endfacet
  facet normal 0.471847 -0.88168 0
    outer loop
      vertex 51.574 53.8506 8
      vertex 51.4759 53.7981 0
      vertex 51.574 53.8506 0
    endloop
  endfacet
  facet normal 0.412719 -0.910859 0
    outer loop
      vertex 51.574 53.8506 0
      vertex 51.6753 53.8965 8
      vertex 51.574 53.8506 8
    endloop
  endfacet
  facet normal 0.412719 -0.910859 0
    outer loop
      vertex 51.6753 53.8965 8
      vertex 51.574 53.8506 0
      vertex 51.6753 53.8965 0
    endloop
  endfacet
  facet normal 0.634509 -0.772915 0
    outer loop
      vertex 51.205 53.604 0
      vertex 51.291 53.6746 8
      vertex 51.205 53.604 8
    endloop
  endfacet
  facet normal 0.634509 -0.772915 0
    outer loop
      vertex 51.291 53.6746 8
      vertex 51.205 53.604 0
      vertex 51.291 53.6746 0
    endloop
  endfacet
  facet normal 0.226633 -0.97398 0
    outer loop
      vertex 51.8859 53.968 0
      vertex 51.9942 53.9932 8
      vertex 51.8859 53.968 8
    endloop
  endfacet
  facet normal 0.226633 -0.97398 0
    outer loop
      vertex 51.9942 53.9932 8
      vertex 51.8859 53.968 0
      vertex 51.9942 53.9932 0
    endloop
  endfacet
  facet normal 0.0323571 -0.999476 0
    outer loop
      vertex 52.2147 54.0223 0
      vertex 52.3259 54.0259 8
      vertex 52.2147 54.0223 8
    endloop
  endfacet
  facet normal 0.0323571 -0.999476 0
    outer loop
      vertex 52.3259 54.0259 8
      vertex 52.2147 54.0223 0
      vertex 52.3259 54.0259 0
    endloop
  endfacet
  facet normal 0.956881 -0.290482 0
    outer loop
      vertex 50.6838 52.7659 8
      vertex 50.7161 52.8723 0
      vertex 50.7161 52.8723 8
    endloop
  endfacet
  facet normal 0.956881 -0.290482 0
    outer loop
      vertex 50.7161 52.8723 0
      vertex 50.6838 52.7659 8
      vertex 50.6838 52.7659 0
    endloop
  endfacet
  facet normal 0.93596 -0.352108 0
    outer loop
      vertex 50.7161 52.8723 8
      vertex 50.7553 52.9765 0
      vertex 50.7553 52.9765 8
    endloop
  endfacet
  facet normal 0.93596 -0.352108 0
    outer loop
      vertex 50.7553 52.9765 0
      vertex 50.7161 52.8723 8
      vertex 50.7161 52.8723 0
    endloop
  endfacet
  facet normal 0.986539 -0.163525 0
    outer loop
      vertex 50.6404 52.5478 8
      vertex 50.6586 52.6576 0
      vertex 50.6586 52.6576 8
    endloop
  endfacet
  facet normal 0.986539 -0.163525 0
    outer loop
      vertex 50.6586 52.6576 0
      vertex 50.6404 52.5478 8
      vertex 50.6404 52.5478 0
    endloop
  endfacet
  facet normal 0.84946 -0.527654 0
    outer loop
      vertex 50.8537 53.1759 8
      vertex 50.9124 53.2704 0
      vertex 50.9124 53.2704 8
    endloop
  endfacet
  facet normal 0.84946 -0.527654 0
    outer loop
      vertex 50.9124 53.2704 0
      vertex 50.8537 53.1759 8
      vertex 50.8537 53.1759 0
    endloop
  endfacet
  facet normal 0.730098 -0.683343 0
    outer loop
      vertex 51.0478 53.4468 8
      vertex 51.1238 53.528 0
      vertex 51.1238 53.528 8
    endloop
  endfacet
  facet normal 0.730098 -0.683343 0
    outer loop
      vertex 51.1238 53.528 0
      vertex 51.0478 53.4468 8
      vertex 51.0478 53.4468 0
    endloop
  endfacet
  facet normal -0.772915 0.634509 0
    outer loop
      vertex 53.604 51.205 0
      vertex 53.6746 51.291 8
      vertex 53.6746 51.291 0
    endloop
  endfacet
  facet normal -0.772915 0.634509 0
    outer loop
      vertex 53.6746 51.291 8
      vertex 53.604 51.205 0
      vertex 53.604 51.205 8
    endloop
  endfacet
  facet normal -0.730098 0.683343 0
    outer loop
      vertex 53.528 51.1238 0
      vertex 53.604 51.205 8
      vertex 53.604 51.205 0
    endloop
  endfacet
  facet normal -0.730098 0.683343 0
    outer loop
      vertex 53.604 51.205 8
      vertex 53.528 51.1238 0
      vertex 53.528 51.1238 8
    endloop
  endfacet
  facet normal -0.93596 0.352108 0
    outer loop
      vertex 53.8965 51.6753 0
      vertex 53.9357 51.7795 8
      vertex 53.9357 51.7795 0
    endloop
  endfacet
  facet normal -0.93596 0.352108 0
    outer loop
      vertex 53.9357 51.7795 8
      vertex 53.8965 51.6753 0
      vertex 53.8965 51.6753 8
    endloop
  endfacet
  facet normal -0.995187 -0.0979904 0
    outer loop
      vertex 54.0223 52.4371 0
      vertex 54.0114 52.5478 8
      vertex 54.0114 52.5478 0
    endloop
  endfacet
  facet normal -0.995187 -0.0979904 0
    outer loop
      vertex 54.0114 52.5478 8
      vertex 54.0223 52.4371 0
      vertex 54.0223 52.4371 8
    endloop
  endfacet
  facet normal -0.999476 -0.0323571 0
    outer loop
      vertex 54.0259 52.3259 0
      vertex 54.0223 52.4371 8
      vertex 54.0223 52.4371 0
    endloop
  endfacet
  facet normal -0.999476 -0.0323571 0
    outer loop
      vertex 54.0223 52.4371 8
      vertex 54.0259 52.3259 0
      vertex 54.0259 52.3259 8
    endloop
  endfacet
  facet normal -0.97398 -0.226633 0
    outer loop
      vertex 53.9932 52.6576 0
      vertex 53.968 52.7659 8
      vertex 53.968 52.7659 0
    endloop
  endfacet
  facet normal -0.97398 -0.226633 0
    outer loop
      vertex 53.968 52.7659 8
      vertex 53.9932 52.6576 0
      vertex 53.9932 52.6576 8
    endloop
  endfacet
  facet normal -0.582598 0.81276 0
    outer loop
      vertex 53.3608 50.9772 0
      vertex 53.2704 50.9124 8
      vertex 53.3608 50.9772 8
    endloop
  endfacet
  facet normal -0.582598 0.81276 0
    outer loop
      vertex 53.2704 50.9124 8
      vertex 53.3608 50.9772 0
      vertex 53.2704 50.9124 0
    endloop
  endfacet
  facet normal -0.683343 0.730098 0
    outer loop
      vertex 53.528 51.1238 0
      vertex 53.4468 51.0478 8
      vertex 53.528 51.1238 8
    endloop
  endfacet
  facet normal -0.683343 0.730098 0
    outer loop
      vertex 53.4468 51.0478 8
      vertex 53.528 51.1238 0
      vertex 53.4468 51.0478 0
    endloop
  endfacet
  facet normal 0.352108 0.93596 -0
    outer loop
      vertex 51.7795 50.7161 0
      vertex 51.6753 50.7553 8
      vertex 51.7795 50.7161 8
    endloop
  endfacet
  facet normal 0.352108 0.93596 0
    outer loop
      vertex 51.6753 50.7553 8
      vertex 51.7795 50.7161 0
      vertex 51.6753 50.7553 0
    endloop
  endfacet
  facet normal 0.163525 0.986539 -0
    outer loop
      vertex 52.104 50.6404 0
      vertex 51.9942 50.6586 8
      vertex 52.104 50.6404 8
    endloop
  endfacet
  facet normal 0.163525 0.986539 0
    outer loop
      vertex 51.9942 50.6586 8
      vertex 52.104 50.6404 0
      vertex 51.9942 50.6586 0
    endloop
  endfacet
  facet normal 0.683343 0.730098 -0
    outer loop
      vertex 51.205 51.0478 0
      vertex 51.1238 51.1238 8
      vertex 51.205 51.0478 8
    endloop
  endfacet
  facet normal 0.683343 0.730098 0
    outer loop
      vertex 51.1238 51.1238 8
      vertex 51.205 51.0478 0
      vertex 51.1238 51.1238 0
    endloop
  endfacet
  facet normal 0.527654 0.84946 -0
    outer loop
      vertex 51.4759 50.8537 0
      vertex 51.3814 50.9124 8
      vertex 51.4759 50.8537 8
    endloop
  endfacet
  facet normal 0.527654 0.84946 0
    outer loop
      vertex 51.3814 50.9124 8
      vertex 51.4759 50.8537 0
      vertex 51.3814 50.9124 0
    endloop
  endfacet
  facet normal -0.527654 -0.84946 0
    outer loop
      vertex 53.1759 53.7981 0
      vertex 53.2704 53.7394 8
      vertex 53.1759 53.7981 8
    endloop
  endfacet
  facet normal -0.527654 -0.84946 -0
    outer loop
      vertex 53.2704 53.7394 8
      vertex 53.1759 53.7981 0
      vertex 53.2704 53.7394 0
    endloop
  endfacet
  facet normal -0.471847 -0.88168 0
    outer loop
      vertex 53.0778 53.8506 0
      vertex 53.1759 53.7981 8
      vertex 53.0778 53.8506 8
    endloop
  endfacet
  facet normal -0.471847 -0.88168 -0
    outer loop
      vertex 53.1759 53.7981 8
      vertex 53.0778 53.8506 0
      vertex 53.1759 53.7981 0
    endloop
  endfacet
  facet normal -0.163525 -0.986539 0
    outer loop
      vertex 52.5478 54.0114 0
      vertex 52.6576 53.9932 8
      vertex 52.5478 54.0114 8
    endloop
  endfacet
  facet normal -0.163525 -0.986539 -0
    outer loop
      vertex 52.6576 53.9932 8
      vertex 52.5478 54.0114 0
      vertex 52.6576 53.9932 0
    endloop
  endfacet
  facet normal -0.290482 -0.956881 0
    outer loop
      vertex 52.7659 53.968 0
      vertex 52.8723 53.9357 8
      vertex 52.7659 53.968 8
    endloop
  endfacet
  facet normal -0.290482 -0.956881 -0
    outer loop
      vertex 52.8723 53.9357 8
      vertex 52.7659 53.968 0
      vertex 52.8723 53.9357 0
    endloop
  endfacet
  facet normal 0.527654 -0.84946 0
    outer loop
      vertex 51.3814 53.7394 0
      vertex 51.4759 53.7981 8
      vertex 51.3814 53.7394 8
    endloop
  endfacet
  facet normal 0.527654 -0.84946 0
    outer loop
      vertex 51.4759 53.7981 8
      vertex 51.3814 53.7394 0
      vertex 51.4759 53.7981 0
    endloop
  endfacet
  facet normal 0.582598 -0.81276 0
    outer loop
      vertex 51.291 53.6746 0
      vertex 51.3814 53.7394 8
      vertex 51.291 53.6746 8
    endloop
  endfacet
  facet normal 0.582598 -0.81276 0
    outer loop
      vertex 51.3814 53.7394 8
      vertex 51.291 53.6746 0
      vertex 51.3814 53.7394 0
    endloop
  endfacet
  facet normal 0.290482 -0.956881 0
    outer loop
      vertex 51.7795 53.9357 0
      vertex 51.8859 53.968 8
      vertex 51.7795 53.9357 8
    endloop
  endfacet
  facet normal 0.290482 -0.956881 0
    outer loop
      vertex 51.8859 53.968 8
      vertex 51.7795 53.9357 0
      vertex 51.8859 53.968 0
    endloop
  endfacet
  facet normal 0.986539 0.163525 0
    outer loop
      vertex 50.6586 51.9942 8
      vertex 50.6404 52.104 0
      vertex 50.6404 52.104 8
    endloop
  endfacet
  facet normal 0.986539 0.163525 0
    outer loop
      vertex 50.6404 52.104 0
      vertex 50.6586 51.9942 8
      vertex 50.6586 51.9942 0
    endloop
  endfacet
  facet normal 0.999476 0.0323571 0
    outer loop
      vertex 50.6295 52.2147 8
      vertex 50.6259 52.3259 0
      vertex 50.6259 52.3259 8
    endloop
  endfacet
  facet normal 0.999476 0.0323571 0
    outer loop
      vertex 50.6259 52.3259 0
      vertex 50.6295 52.2147 8
      vertex 50.6295 52.2147 0
    endloop
  endfacet
  facet normal 0.995187 0.0979904 0
    outer loop
      vertex 50.6404 52.104 8
      vertex 50.6295 52.2147 0
      vertex 50.6295 52.2147 8
    endloop
  endfacet
  facet normal 0.995187 0.0979904 0
    outer loop
      vertex 50.6295 52.2147 0
      vertex 50.6404 52.104 8
      vertex 50.6404 52.104 0
    endloop
  endfacet
  facet normal 0.97398 0.226633 0
    outer loop
      vertex 50.6838 51.8859 8
      vertex 50.6586 51.9942 0
      vertex 50.6586 51.9942 8
    endloop
  endfacet
  facet normal 0.97398 0.226633 0
    outer loop
      vertex 50.6586 51.9942 0
      vertex 50.6838 51.8859 8
      vertex 50.6838 51.8859 0
    endloop
  endfacet
  facet normal 0.93596 0.352108 0
    outer loop
      vertex 50.7553 51.6753 8
      vertex 50.7161 51.7795 0
      vertex 50.7161 51.7795 8
    endloop
  endfacet
  facet normal 0.93596 0.352108 0
    outer loop
      vertex 50.7161 51.7795 0
      vertex 50.7553 51.6753 8
      vertex 50.7553 51.6753 0
    endloop
  endfacet
  facet normal 0.956881 0.290482 0
    outer loop
      vertex 50.7161 51.7795 8
      vertex 50.6838 51.8859 0
      vertex 50.6838 51.8859 8
    endloop
  endfacet
  facet normal 0.956881 0.290482 0
    outer loop
      vertex 50.6838 51.8859 0
      vertex 50.7161 51.7795 8
      vertex 50.7161 51.7795 0
    endloop
  endfacet
  facet normal 0.84946 0.527654 0
    outer loop
      vertex 50.9124 51.3814 8
      vertex 50.8537 51.4759 0
      vertex 50.8537 51.4759 8
    endloop
  endfacet
  facet normal 0.84946 0.527654 0
    outer loop
      vertex 50.8537 51.4759 0
      vertex 50.9124 51.3814 8
      vertex 50.9124 51.3814 0
    endloop
  endfacet
  facet normal 0.910859 0.412719 0
    outer loop
      vertex 50.8012 51.574 8
      vertex 50.7553 51.6753 0
      vertex 50.7553 51.6753 8
    endloop
  endfacet
  facet normal 0.910859 0.412719 0
    outer loop
      vertex 50.7553 51.6753 0
      vertex 50.8012 51.574 8
      vertex 50.8012 51.574 0
    endloop
  endfacet
  facet normal 0.88168 0.471847 0
    outer loop
      vertex 50.8537 51.4759 8
      vertex 50.8012 51.574 0
      vertex 50.8012 51.574 8
    endloop
  endfacet
  facet normal 0.88168 0.471847 0
    outer loop
      vertex 50.8012 51.574 0
      vertex 50.8537 51.4759 8
      vertex 50.8537 51.4759 0
    endloop
  endfacet
  facet normal 0.730098 0.683343 0
    outer loop
      vertex 51.1238 51.1238 8
      vertex 51.0478 51.205 0
      vertex 51.0478 51.205 8
    endloop
  endfacet
  facet normal 0.730098 0.683343 0
    outer loop
      vertex 51.0478 51.205 0
      vertex 51.1238 51.1238 8
      vertex 51.1238 51.1238 0
    endloop
  endfacet
  facet normal 0.81276 0.582598 0
    outer loop
      vertex 50.9772 51.291 8
      vertex 50.9124 51.3814 0
      vertex 50.9124 51.3814 8
    endloop
  endfacet
  facet normal 0.81276 0.582598 0
    outer loop
      vertex 50.9124 51.3814 0
      vertex 50.9772 51.291 8
      vertex 50.9772 51.291 0
    endloop
  endfacet
  facet normal 0.772915 0.634509 0
    outer loop
      vertex 51.0478 51.205 8
      vertex 50.9772 51.291 0
      vertex 50.9772 51.291 8
    endloop
  endfacet
  facet normal 0.772915 0.634509 0
    outer loop
      vertex 50.9772 51.291 0
      vertex 51.0478 51.205 8
      vertex 51.0478 51.205 0
    endloop
  endfacet
  facet normal 0.97398 -0.226633 0
    outer loop
      vertex 50.6586 52.6576 8
      vertex 50.6838 52.7659 0
      vertex 50.6838 52.7659 8
    endloop
  endfacet
  facet normal 0.97398 -0.226633 0
    outer loop
      vertex 50.6838 52.7659 0
      vertex 50.6586 52.6576 8
      vertex 50.6586 52.6576 0
    endloop
  endfacet
  facet normal 0.772915 -0.634509 0
    outer loop
      vertex 50.9772 53.3608 8
      vertex 51.0478 53.4468 0
      vertex 51.0478 53.4468 8
    endloop
  endfacet
  facet normal 0.772915 -0.634509 0
    outer loop
      vertex 51.0478 53.4468 0
      vertex 50.9772 53.3608 8
      vertex 50.9772 53.3608 0
    endloop
  endfacet
  facet normal -0.730098 -0.683343 0
    outer loop
      vertex 53.604 53.4468 0
      vertex 53.528 53.528 8
      vertex 53.528 53.528 0
    endloop
  endfacet
  facet normal -0.730098 -0.683343 0
    outer loop
      vertex 53.528 53.528 8
      vertex 53.604 53.4468 0
      vertex 53.604 53.4468 8
    endloop
  endfacet
  facet normal -0.84946 0.527654 0
    outer loop
      vertex 53.7394 51.3814 0
      vertex 53.7981 51.4759 8
      vertex 53.7981 51.4759 0
    endloop
  endfacet
  facet normal -0.84946 0.527654 0
    outer loop
      vertex 53.7981 51.4759 8
      vertex 53.7394 51.3814 0
      vertex 53.7394 51.3814 8
    endloop
  endfacet
  facet normal -0.910859 0.412719 0
    outer loop
      vertex 53.8506 51.574 0
      vertex 53.8965 51.6753 8
      vertex 53.8965 51.6753 0
    endloop
  endfacet
  facet normal -0.910859 0.412719 0
    outer loop
      vertex 53.8965 51.6753 8
      vertex 53.8506 51.574 0
      vertex 53.8506 51.574 8
    endloop
  endfacet
  facet normal -0.88168 0.471847 0
    outer loop
      vertex 53.7981 51.4759 0
      vertex 53.8506 51.574 8
      vertex 53.8506 51.574 0
    endloop
  endfacet
  facet normal -0.88168 0.471847 0
    outer loop
      vertex 53.8506 51.574 8
      vertex 53.7981 51.4759 0
      vertex 53.7981 51.4759 8
    endloop
  endfacet
  facet normal -0.999476 0.0323571 0
    outer loop
      vertex 54.0223 52.2147 0
      vertex 54.0259 52.3259 8
      vertex 54.0259 52.3259 0
    endloop
  endfacet
  facet normal -0.999476 0.0323571 0
    outer loop
      vertex 54.0259 52.3259 8
      vertex 54.0223 52.2147 0
      vertex 54.0223 52.2147 8
    endloop
  endfacet
  facet normal -0.986539 0.163525 0
    outer loop
      vertex 53.9932 51.9942 0
      vertex 54.0114 52.104 8
      vertex 54.0114 52.104 0
    endloop
  endfacet
  facet normal -0.986539 0.163525 0
    outer loop
      vertex 54.0114 52.104 8
      vertex 53.9932 51.9942 0
      vertex 53.9932 51.9942 8
    endloop
  endfacet
  facet normal -0.995187 0.0979904 0
    outer loop
      vertex 54.0114 52.104 0
      vertex 54.0223 52.2147 8
      vertex 54.0223 52.2147 0
    endloop
  endfacet
  facet normal -0.995187 0.0979904 0
    outer loop
      vertex 54.0223 52.2147 8
      vertex 54.0114 52.104 0
      vertex 54.0114 52.104 8
    endloop
  endfacet
  facet normal -0.97398 0.226633 0
    outer loop
      vertex 53.968 51.8859 0
      vertex 53.9932 51.9942 8
      vertex 53.9932 51.9942 0
    endloop
  endfacet
  facet normal -0.97398 0.226633 0
    outer loop
      vertex 53.9932 51.9942 8
      vertex 53.968 51.8859 0
      vertex 53.968 51.8859 8
    endloop
  endfacet
  facet normal -0.956881 0.290482 0
    outer loop
      vertex 53.9357 51.7795 0
      vertex 53.968 51.8859 8
      vertex 53.968 51.8859 0
    endloop
  endfacet
  facet normal -0.956881 0.290482 0
    outer loop
      vertex 53.968 51.8859 8
      vertex 53.9357 51.7795 0
      vertex 53.9357 51.7795 8
    endloop
  endfacet
  facet normal -0.986539 -0.163525 0
    outer loop
      vertex 54.0114 52.5478 0
      vertex 53.9932 52.6576 8
      vertex 53.9932 52.6576 0
    endloop
  endfacet
  facet normal -0.986539 -0.163525 0
    outer loop
      vertex 53.9932 52.6576 8
      vertex 54.0114 52.5478 0
      vertex 54.0114 52.5478 8
    endloop
  endfacet
  facet normal -0.910859 -0.412719 0
    outer loop
      vertex 53.8965 52.9765 0
      vertex 53.8506 53.0778 8
      vertex 53.8506 53.0778 0
    endloop
  endfacet
  facet normal -0.910859 -0.412719 0
    outer loop
      vertex 53.8506 53.0778 8
      vertex 53.8965 52.9765 0
      vertex 53.8965 52.9765 8
    endloop
  endfacet
  facet normal -0.163525 0.986539 0
    outer loop
      vertex 52.6576 50.6586 0
      vertex 52.5478 50.6404 8
      vertex 52.6576 50.6586 8
    endloop
  endfacet
  facet normal -0.163525 0.986539 0
    outer loop
      vertex 52.5478 50.6404 8
      vertex 52.6576 50.6586 0
      vertex 52.5478 50.6404 0
    endloop
  endfacet
  facet normal -0.0323571 0.999476 0
    outer loop
      vertex 52.4371 50.6295 0
      vertex 52.3259 50.6259 8
      vertex 52.4371 50.6295 8
    endloop
  endfacet
  facet normal -0.0323571 0.999476 0
    outer loop
      vertex 52.3259 50.6259 8
      vertex 52.4371 50.6295 0
      vertex 52.3259 50.6259 0
    endloop
  endfacet
  facet normal -0.0979904 0.995187 0
    outer loop
      vertex 52.5478 50.6404 0
      vertex 52.4371 50.6295 8
      vertex 52.5478 50.6404 8
    endloop
  endfacet
  facet normal -0.0979904 0.995187 0
    outer loop
      vertex 52.4371 50.6295 8
      vertex 52.5478 50.6404 0
      vertex 52.4371 50.6295 0
    endloop
  endfacet
  facet normal -0.226633 0.97398 0
    outer loop
      vertex 52.7659 50.6838 0
      vertex 52.6576 50.6586 8
      vertex 52.7659 50.6838 8
    endloop
  endfacet
  facet normal -0.226633 0.97398 0
    outer loop
      vertex 52.6576 50.6586 8
      vertex 52.7659 50.6838 0
      vertex 52.6576 50.6586 0
    endloop
  endfacet
  facet normal -0.352108 0.93596 0
    outer loop
      vertex 52.9765 50.7553 0
      vertex 52.8723 50.7161 8
      vertex 52.9765 50.7553 8
    endloop
  endfacet
  facet normal -0.352108 0.93596 0
    outer loop
      vertex 52.8723 50.7161 8
      vertex 52.9765 50.7553 0
      vertex 52.8723 50.7161 0
    endloop
  endfacet
  facet normal -0.290482 0.956881 0
    outer loop
      vertex 52.8723 50.7161 0
      vertex 52.7659 50.6838 8
      vertex 52.8723 50.7161 8
    endloop
  endfacet
  facet normal -0.290482 0.956881 0
    outer loop
      vertex 52.7659 50.6838 8
      vertex 52.8723 50.7161 0
      vertex 52.7659 50.6838 0
    endloop
  endfacet
  facet normal -0.527654 0.84946 0
    outer loop
      vertex 53.2704 50.9124 0
      vertex 53.1759 50.8537 8
      vertex 53.2704 50.9124 8
    endloop
  endfacet
  facet normal -0.527654 0.84946 0
    outer loop
      vertex 53.1759 50.8537 8
      vertex 53.2704 50.9124 0
      vertex 53.1759 50.8537 0
    endloop
  endfacet
  facet normal -0.412719 0.910859 0
    outer loop
      vertex 53.0778 50.8012 0
      vertex 52.9765 50.7553 8
      vertex 53.0778 50.8012 8
    endloop
  endfacet
  facet normal -0.412719 0.910859 0
    outer loop
      vertex 52.9765 50.7553 8
      vertex 53.0778 50.8012 0
      vertex 52.9765 50.7553 0
    endloop
  endfacet
  facet normal -0.471847 0.88168 0
    outer loop
      vertex 53.1759 50.8537 0
      vertex 53.0778 50.8012 8
      vertex 53.1759 50.8537 8
    endloop
  endfacet
  facet normal -0.471847 0.88168 0
    outer loop
      vertex 53.0778 50.8012 8
      vertex 53.1759 50.8537 0
      vertex 53.0778 50.8012 0
    endloop
  endfacet
  facet normal -0.634509 0.772915 0
    outer loop
      vertex 53.4468 51.0478 0
      vertex 53.3608 50.9772 8
      vertex 53.4468 51.0478 8
    endloop
  endfacet
  facet normal -0.634509 0.772915 0
    outer loop
      vertex 53.3608 50.9772 8
      vertex 53.4468 51.0478 0
      vertex 53.3608 50.9772 0
    endloop
  endfacet
  facet normal 0.0323571 0.999476 -0
    outer loop
      vertex 52.3259 50.6259 0
      vertex 52.2147 50.6295 8
      vertex 52.3259 50.6259 8
    endloop
  endfacet
  facet normal 0.0323571 0.999476 0
    outer loop
      vertex 52.2147 50.6295 8
      vertex 52.3259 50.6259 0
      vertex 52.2147 50.6295 0
    endloop
  endfacet
  facet normal 0.290482 0.956881 -0
    outer loop
      vertex 51.8859 50.6838 0
      vertex 51.7795 50.7161 8
      vertex 51.8859 50.6838 8
    endloop
  endfacet
  facet normal 0.290482 0.956881 0
    outer loop
      vertex 51.7795 50.7161 8
      vertex 51.8859 50.6838 0
      vertex 51.7795 50.7161 0
    endloop
  endfacet
  facet normal 0.412719 0.910859 -0
    outer loop
      vertex 51.6753 50.7553 0
      vertex 51.574 50.8012 8
      vertex 51.6753 50.7553 8
    endloop
  endfacet
  facet normal 0.412719 0.910859 0
    outer loop
      vertex 51.574 50.8012 8
      vertex 51.6753 50.7553 0
      vertex 51.574 50.8012 0
    endloop
  endfacet
  facet normal 0.634509 0.772915 -0
    outer loop
      vertex 51.291 50.9772 0
      vertex 51.205 51.0478 8
      vertex 51.291 50.9772 8
    endloop
  endfacet
  facet normal 0.634509 0.772915 0
    outer loop
      vertex 51.205 51.0478 8
      vertex 51.291 50.9772 0
      vertex 51.205 51.0478 0
    endloop
  endfacet
  facet normal 0.582598 0.81276 -0
    outer loop
      vertex 51.3814 50.9124 0
      vertex 51.291 50.9772 8
      vertex 51.3814 50.9124 8
    endloop
  endfacet
  facet normal 0.582598 0.81276 0
    outer loop
      vertex 51.291 50.9772 8
      vertex 51.3814 50.9124 0
      vertex 51.291 50.9772 0
    endloop
  endfacet
  facet normal 0.0979904 -0.995187 0
    outer loop
      vertex 52.104 54.0114 0
      vertex 52.2147 54.0223 8
      vertex 52.104 54.0114 8
    endloop
  endfacet
  facet normal 0.0979904 -0.995187 0
    outer loop
      vertex 52.2147 54.0223 8
      vertex 52.104 54.0114 0
      vertex 52.2147 54.0223 0
    endloop
  endfacet
  facet normal 0.995187 -0.0979904 0
    outer loop
      vertex 50.6295 52.4371 8
      vertex 50.6404 52.5478 0
      vertex 50.6404 52.5478 8
    endloop
  endfacet
  facet normal 0.995187 -0.0979904 0
    outer loop
      vertex 50.6404 52.5478 0
      vertex 50.6295 52.4371 8
      vertex 50.6295 52.4371 0
    endloop
  endfacet
  facet normal 0.88168 -0.471847 0
    outer loop
      vertex 50.8012 53.0778 8
      vertex 50.8537 53.1759 0
      vertex 50.8537 53.1759 8
    endloop
  endfacet
  facet normal 0.88168 -0.471847 0
    outer loop
      vertex 50.8537 53.1759 0
      vertex 50.8012 53.0778 8
      vertex 50.8012 53.0778 0
    endloop
  endfacet
  facet normal -0.84946 -0.527654 0
    outer loop
      vertex 53.7981 53.1759 0
      vertex 53.7394 53.2704 8
      vertex 53.7394 53.2704 0
    endloop
  endfacet
  facet normal -0.84946 -0.527654 0
    outer loop
      vertex 53.7394 53.2704 8
      vertex 53.7981 53.1759 0
      vertex 53.7981 53.1759 8
    endloop
  endfacet
  facet normal -0.81276 -0.582598 0
    outer loop
      vertex 53.7394 53.2704 0
      vertex 53.6746 53.3608 8
      vertex 53.6746 53.3608 0
    endloop
  endfacet
  facet normal -0.81276 -0.582598 0
    outer loop
      vertex 53.6746 53.3608 8
      vertex 53.7394 53.2704 0
      vertex 53.7394 53.2704 8
    endloop
  endfacet
  facet normal -0.772915 -0.634509 0
    outer loop
      vertex 53.6746 53.3608 0
      vertex 53.604 53.4468 8
      vertex 53.604 53.4468 0
    endloop
  endfacet
  facet normal -0.772915 -0.634509 0
    outer loop
      vertex 53.604 53.4468 8
      vertex 53.6746 53.3608 0
      vertex 53.6746 53.3608 8
    endloop
  endfacet
  facet normal -0.81276 0.582598 0
    outer loop
      vertex 53.6746 51.291 0
      vertex 53.7394 51.3814 8
      vertex 53.7394 51.3814 0
    endloop
  endfacet
  facet normal -0.81276 0.582598 0
    outer loop
      vertex 53.7394 51.3814 8
      vertex 53.6746 51.291 0
      vertex 53.6746 51.291 8
    endloop
  endfacet
  facet normal -0.956881 -0.290482 0
    outer loop
      vertex 53.968 52.7659 0
      vertex 53.9357 52.8723 8
      vertex 53.9357 52.8723 0
    endloop
  endfacet
  facet normal -0.956881 -0.290482 0
    outer loop
      vertex 53.9357 52.8723 8
      vertex 53.968 52.7659 0
      vertex 53.968 52.7659 8
    endloop
  endfacet
  facet normal -0.88168 -0.471847 0
    outer loop
      vertex 53.8506 53.0778 0
      vertex 53.7981 53.1759 8
      vertex 53.7981 53.1759 0
    endloop
  endfacet
  facet normal -0.88168 -0.471847 0
    outer loop
      vertex 53.7981 53.1759 8
      vertex 53.8506 53.0778 0
      vertex 53.8506 53.0778 8
    endloop
  endfacet
  facet normal 0.226633 0.97398 -0
    outer loop
      vertex 51.9942 50.6586 0
      vertex 51.8859 50.6838 8
      vertex 51.9942 50.6586 8
    endloop
  endfacet
  facet normal 0.226633 0.97398 0
    outer loop
      vertex 51.8859 50.6838 8
      vertex 51.9942 50.6586 0
      vertex 51.8859 50.6838 0
    endloop
  endfacet
  facet normal 0.730098 -0.683343 0
    outer loop
      vertex -53.604 53.4468 8
      vertex -53.528 53.528 0
      vertex -53.528 53.528 8
    endloop
  endfacet
  facet normal 0.730098 -0.683343 0
    outer loop
      vertex -53.528 53.528 0
      vertex -53.604 53.4468 8
      vertex -53.604 53.4468 0
    endloop
  endfacet
  facet normal -0.730098 -0.683343 0
    outer loop
      vertex -51.0478 53.4468 0
      vertex -51.1238 53.528 8
      vertex -51.1238 53.528 0
    endloop
  endfacet
  facet normal -0.730098 -0.683343 0
    outer loop
      vertex -51.1238 53.528 8
      vertex -51.0478 53.4468 0
      vertex -51.0478 53.4468 8
    endloop
  endfacet
  facet normal 0.999476 -0.0323571 0
    outer loop
      vertex -54.0259 52.3259 8
      vertex -54.0223 52.4371 0
      vertex -54.0223 52.4371 8
    endloop
  endfacet
  facet normal 0.999476 -0.0323571 0
    outer loop
      vertex -54.0223 52.4371 0
      vertex -54.0259 52.3259 8
      vertex -54.0259 52.3259 0
    endloop
  endfacet
  facet normal -0.0323571 -0.999476 0
    outer loop
      vertex -52.3259 54.0259 0
      vertex -52.2147 54.0223 8
      vertex -52.3259 54.0259 8
    endloop
  endfacet
  facet normal -0.0323571 -0.999476 -0
    outer loop
      vertex -52.2147 54.0223 8
      vertex -52.3259 54.0259 0
      vertex -52.2147 54.0223 0
    endloop
  endfacet
  facet normal 0.910859 -0.412719 0
    outer loop
      vertex -53.8965 52.9765 8
      vertex -53.8506 53.0778 0
      vertex -53.8506 53.0778 8
    endloop
  endfacet
  facet normal 0.910859 -0.412719 0
    outer loop
      vertex -53.8506 53.0778 0
      vertex -53.8965 52.9765 8
      vertex -53.8965 52.9765 0
    endloop
  endfacet
  facet normal 0.352108 -0.93596 0
    outer loop
      vertex -52.9765 53.8965 0
      vertex -52.8723 53.9357 8
      vertex -52.9765 53.8965 8
    endloop
  endfacet
  facet normal 0.352108 -0.93596 0
    outer loop
      vertex -52.8723 53.9357 8
      vertex -52.9765 53.8965 0
      vertex -52.8723 53.9357 0
    endloop
  endfacet
  facet normal -0.412719 -0.910859 0
    outer loop
      vertex -51.6753 53.8965 0
      vertex -51.574 53.8506 8
      vertex -51.6753 53.8965 8
    endloop
  endfacet
  facet normal -0.412719 -0.910859 -0
    outer loop
      vertex -51.574 53.8506 8
      vertex -51.6753 53.8965 0
      vertex -51.574 53.8506 0
    endloop
  endfacet
  facet normal -0.93596 -0.352108 0
    outer loop
      vertex -50.7161 52.8723 0
      vertex -50.7553 52.9765 8
      vertex -50.7553 52.9765 0
    endloop
  endfacet
  facet normal -0.93596 -0.352108 0
    outer loop
      vertex -50.7553 52.9765 8
      vertex -50.7161 52.8723 0
      vertex -50.7161 52.8723 8
    endloop
  endfacet
  facet normal -0.772915 0.634509 0
    outer loop
      vertex -51.0478 51.205 0
      vertex -50.9772 51.291 8
      vertex -50.9772 51.291 0
    endloop
  endfacet
  facet normal -0.772915 0.634509 0
    outer loop
      vertex -50.9772 51.291 8
      vertex -51.0478 51.205 0
      vertex -51.0478 51.205 8
    endloop
  endfacet
  facet normal 0.81276 -0.582598 0
    outer loop
      vertex -53.7394 53.2704 8
      vertex -53.6746 53.3608 0
      vertex -53.6746 53.3608 8
    endloop
  endfacet
  facet normal 0.81276 -0.582598 0
    outer loop
      vertex -53.6746 53.3608 0
      vertex -53.7394 53.2704 8
      vertex -53.7394 53.2704 0
    endloop
  endfacet
  facet normal 0.772915 -0.634509 0
    outer loop
      vertex -53.6746 53.3608 8
      vertex -53.604 53.4468 0
      vertex -53.604 53.4468 8
    endloop
  endfacet
  facet normal 0.772915 -0.634509 0
    outer loop
      vertex -53.604 53.4468 0
      vertex -53.6746 53.3608 8
      vertex -53.6746 53.3608 0
    endloop
  endfacet
  facet normal 0.97398 -0.226633 0
    outer loop
      vertex -53.9932 52.6576 8
      vertex -53.968 52.7659 0
      vertex -53.968 52.7659 8
    endloop
  endfacet
  facet normal 0.97398 -0.226633 0
    outer loop
      vertex -53.968 52.7659 0
      vertex -53.9932 52.6576 8
      vertex -53.9932 52.6576 0
    endloop
  endfacet
  facet normal 0.956881 -0.290482 0
    outer loop
      vertex -53.968 52.7659 8
      vertex -53.9357 52.8723 0
      vertex -53.9357 52.8723 8
    endloop
  endfacet
  facet normal 0.956881 -0.290482 0
    outer loop
      vertex -53.9357 52.8723 0
      vertex -53.968 52.7659 8
      vertex -53.968 52.7659 0
    endloop
  endfacet
  facet normal 0.910859 0.412719 0
    outer loop
      vertex -53.8506 51.574 8
      vertex -53.8965 51.6753 0
      vertex -53.8965 51.6753 8
    endloop
  endfacet
  facet normal 0.910859 0.412719 0
    outer loop
      vertex -53.8965 51.6753 0
      vertex -53.8506 51.574 8
      vertex -53.8506 51.574 0
    endloop
  endfacet
  facet normal 0.97398 0.226633 0
    outer loop
      vertex -53.968 51.8859 8
      vertex -53.9932 51.9942 0
      vertex -53.9932 51.9942 8
    endloop
  endfacet
  facet normal 0.97398 0.226633 0
    outer loop
      vertex -53.9932 51.9942 0
      vertex -53.968 51.8859 8
      vertex -53.968 51.8859 0
    endloop
  endfacet
  facet normal 0.999476 0.0323571 0
    outer loop
      vertex -54.0223 52.2147 8
      vertex -54.0259 52.3259 0
      vertex -54.0259 52.3259 8
    endloop
  endfacet
  facet normal 0.999476 0.0323571 0
    outer loop
      vertex -54.0259 52.3259 0
      vertex -54.0223 52.2147 8
      vertex -54.0223 52.2147 0
    endloop
  endfacet
  facet normal 0.352108 0.93596 -0
    outer loop
      vertex -52.8723 50.7161 0
      vertex -52.9765 50.7553 8
      vertex -52.8723 50.7161 8
    endloop
  endfacet
  facet normal 0.352108 0.93596 0
    outer loop
      vertex -52.9765 50.7553 8
      vertex -52.8723 50.7161 0
      vertex -52.9765 50.7553 0
    endloop
  endfacet
  facet normal 0.163525 0.986539 -0
    outer loop
      vertex -52.5478 50.6404 0
      vertex -52.6576 50.6586 8
      vertex -52.5478 50.6404 8
    endloop
  endfacet
  facet normal 0.163525 0.986539 0
    outer loop
      vertex -52.6576 50.6586 8
      vertex -52.5478 50.6404 0
      vertex -52.6576 50.6586 0
    endloop
  endfacet
  facet normal 0.527654 0.84946 -0
    outer loop
      vertex -53.1759 50.8537 0
      vertex -53.2704 50.9124 8
      vertex -53.1759 50.8537 8
    endloop
  endfacet
  facet normal 0.527654 0.84946 0
    outer loop
      vertex -53.2704 50.9124 8
      vertex -53.1759 50.8537 0
      vertex -53.2704 50.9124 0
    endloop
  endfacet
  facet normal -0.582598 -0.81276 0
    outer loop
      vertex -51.3814 53.7394 0
      vertex -51.291 53.6746 8
      vertex -51.3814 53.7394 8
    endloop
  endfacet
  facet normal -0.582598 -0.81276 -0
    outer loop
      vertex -51.291 53.6746 8
      vertex -51.3814 53.7394 0
      vertex -51.291 53.6746 0
    endloop
  endfacet
  facet normal -0.683343 -0.730098 0
    outer loop
      vertex -51.205 53.604 0
      vertex -51.1238 53.528 8
      vertex -51.205 53.604 8
    endloop
  endfacet
  facet normal -0.683343 -0.730098 -0
    outer loop
      vertex -51.1238 53.528 8
      vertex -51.205 53.604 0
      vertex -51.1238 53.528 0
    endloop
  endfacet
  facet normal -0.226633 -0.97398 0
    outer loop
      vertex -51.9942 53.9932 0
      vertex -51.8859 53.968 8
      vertex -51.9942 53.9932 8
    endloop
  endfacet
  facet normal -0.226633 -0.97398 -0
    outer loop
      vertex -51.8859 53.968 8
      vertex -51.9942 53.9932 0
      vertex -51.8859 53.968 0
    endloop
  endfacet
  facet normal -0.290482 -0.956881 0
    outer loop
      vertex -51.8859 53.968 0
      vertex -51.7795 53.9357 8
      vertex -51.8859 53.968 8
    endloop
  endfacet
  facet normal -0.290482 -0.956881 -0
    outer loop
      vertex -51.7795 53.9357 8
      vertex -51.8859 53.968 0
      vertex -51.7795 53.9357 0
    endloop
  endfacet
  facet normal 0.163525 -0.986539 0
    outer loop
      vertex -52.6576 53.9932 0
      vertex -52.5478 54.0114 8
      vertex -52.6576 53.9932 8
    endloop
  endfacet
  facet normal 0.163525 -0.986539 0
    outer loop
      vertex -52.5478 54.0114 8
      vertex -52.6576 53.9932 0
      vertex -52.5478 54.0114 0
    endloop
  endfacet
  facet normal 0.0323571 -0.999476 0
    outer loop
      vertex -52.4371 54.0223 0
      vertex -52.3259 54.0259 8
      vertex -52.4371 54.0223 8
    endloop
  endfacet
  facet normal 0.0323571 -0.999476 0
    outer loop
      vertex -52.3259 54.0259 8
      vertex -52.4371 54.0223 0
      vertex -52.3259 54.0259 0
    endloop
  endfacet
  facet normal 0.226633 -0.97398 0
    outer loop
      vertex -52.7659 53.968 0
      vertex -52.6576 53.9932 8
      vertex -52.7659 53.968 8
    endloop
  endfacet
  facet normal 0.226633 -0.97398 0
    outer loop
      vertex -52.6576 53.9932 8
      vertex -52.7659 53.968 0
      vertex -52.6576 53.9932 0
    endloop
  endfacet
  facet normal 0.634509 -0.772915 0
    outer loop
      vertex -53.4468 53.604 0
      vertex -53.3608 53.6746 8
      vertex -53.4468 53.604 8
    endloop
  endfacet
  facet normal 0.634509 -0.772915 0
    outer loop
      vertex -53.3608 53.6746 8
      vertex -53.4468 53.604 0
      vertex -53.3608 53.6746 0
    endloop
  endfacet
  facet normal -0.84946 -0.527654 0
    outer loop
      vertex -50.8537 53.1759 0
      vertex -50.9124 53.2704 8
      vertex -50.9124 53.2704 0
    endloop
  endfacet
  facet normal -0.84946 -0.527654 0
    outer loop
      vertex -50.9124 53.2704 8
      vertex -50.8537 53.1759 0
      vertex -50.8537 53.1759 8
    endloop
  endfacet
  facet normal -0.986539 -0.163525 0
    outer loop
      vertex -50.6404 52.5478 0
      vertex -50.6586 52.6576 8
      vertex -50.6586 52.6576 0
    endloop
  endfacet
  facet normal -0.986539 -0.163525 0
    outer loop
      vertex -50.6586 52.6576 8
      vertex -50.6404 52.5478 0
      vertex -50.6404 52.5478 8
    endloop
  endfacet
  facet normal -0.88168 -0.471847 0
    outer loop
      vertex -50.8012 53.0778 0
      vertex -50.8537 53.1759 8
      vertex -50.8537 53.1759 0
    endloop
  endfacet
  facet normal -0.88168 -0.471847 0
    outer loop
      vertex -50.8537 53.1759 8
      vertex -50.8012 53.0778 0
      vertex -50.8012 53.0778 8
    endloop
  endfacet
  facet normal -0.81276 -0.582598 0
    outer loop
      vertex -50.9124 53.2704 0
      vertex -50.9772 53.3608 8
      vertex -50.9772 53.3608 0
    endloop
  endfacet
  facet normal -0.81276 -0.582598 0
    outer loop
      vertex -50.9772 53.3608 8
      vertex -50.9124 53.2704 0
      vertex -50.9124 53.2704 8
    endloop
  endfacet
  facet normal -0.97398 0.226633 0
    outer loop
      vertex -50.6838 51.8859 0
      vertex -50.6586 51.9942 8
      vertex -50.6586 51.9942 0
    endloop
  endfacet
  facet normal -0.97398 0.226633 0
    outer loop
      vertex -50.6586 51.9942 8
      vertex -50.6838 51.8859 0
      vertex -50.6838 51.8859 8
    endloop
  endfacet
  facet normal -0.93596 0.352108 0
    outer loop
      vertex -50.7553 51.6753 0
      vertex -50.7161 51.7795 8
      vertex -50.7161 51.7795 0
    endloop
  endfacet
  facet normal -0.93596 0.352108 0
    outer loop
      vertex -50.7161 51.7795 8
      vertex -50.7553 51.6753 0
      vertex -50.7553 51.6753 8
    endloop
  endfacet
  facet normal -0.986539 0.163525 0
    outer loop
      vertex -50.6586 51.9942 0
      vertex -50.6404 52.104 8
      vertex -50.6404 52.104 0
    endloop
  endfacet
  facet normal -0.986539 0.163525 0
    outer loop
      vertex -50.6404 52.104 8
      vertex -50.6586 51.9942 0
      vertex -50.6586 51.9942 8
    endloop
  endfacet
  facet normal -0.84946 0.527654 0
    outer loop
      vertex -50.9124 51.3814 0
      vertex -50.8537 51.4759 8
      vertex -50.8537 51.4759 0
    endloop
  endfacet
  facet normal -0.84946 0.527654 0
    outer loop
      vertex -50.8537 51.4759 8
      vertex -50.9124 51.3814 0
      vertex -50.9124 51.3814 8
    endloop
  endfacet
  facet normal -0.88168 0.471847 0
    outer loop
      vertex -50.8537 51.4759 0
      vertex -50.8012 51.574 8
      vertex -50.8012 51.574 0
    endloop
  endfacet
  facet normal -0.88168 0.471847 0
    outer loop
      vertex -50.8012 51.574 8
      vertex -50.8537 51.4759 0
      vertex -50.8537 51.4759 8
    endloop
  endfacet
  facet normal -0.730098 0.683343 0
    outer loop
      vertex -51.1238 51.1238 0
      vertex -51.0478 51.205 8
      vertex -51.0478 51.205 0
    endloop
  endfacet
  facet normal -0.730098 0.683343 0
    outer loop
      vertex -51.0478 51.205 8
      vertex -51.1238 51.1238 0
      vertex -51.1238 51.1238 8
    endloop
  endfacet
  facet normal 0.88168 -0.471847 0
    outer loop
      vertex -53.8506 53.0778 8
      vertex -53.7981 53.1759 0
      vertex -53.7981 53.1759 8
    endloop
  endfacet
  facet normal 0.88168 -0.471847 0
    outer loop
      vertex -53.7981 53.1759 0
      vertex -53.8506 53.0778 8
      vertex -53.8506 53.0778 0
    endloop
  endfacet
  facet normal 0.84946 -0.527654 0
    outer loop
      vertex -53.7981 53.1759 8
      vertex -53.7394 53.2704 0
      vertex -53.7394 53.2704 8
    endloop
  endfacet
  facet normal 0.84946 -0.527654 0
    outer loop
      vertex -53.7394 53.2704 0
      vertex -53.7981 53.1759 8
      vertex -53.7981 53.1759 0
    endloop
  endfacet
  facet normal 0.995187 -0.0979904 0
    outer loop
      vertex -54.0223 52.4371 8
      vertex -54.0114 52.5478 0
      vertex -54.0114 52.5478 8
    endloop
  endfacet
  facet normal 0.995187 -0.0979904 0
    outer loop
      vertex -54.0114 52.5478 0
      vertex -54.0223 52.4371 8
      vertex -54.0223 52.4371 0
    endloop
  endfacet
  facet normal 0.93596 -0.352108 0
    outer loop
      vertex -53.9357 52.8723 8
      vertex -53.8965 52.9765 0
      vertex -53.8965 52.9765 8
    endloop
  endfacet
  facet normal 0.93596 -0.352108 0
    outer loop
      vertex -53.8965 52.9765 0
      vertex -53.9357 52.8723 8
      vertex -53.9357 52.8723 0
    endloop
  endfacet
  facet normal 0.88168 0.471847 0
    outer loop
      vertex -53.7981 51.4759 8
      vertex -53.8506 51.574 0
      vertex -53.8506 51.574 8
    endloop
  endfacet
  facet normal 0.88168 0.471847 0
    outer loop
      vertex -53.8506 51.574 0
      vertex -53.7981 51.4759 8
      vertex -53.7981 51.4759 0
    endloop
  endfacet
  facet normal 0.772915 0.634509 0
    outer loop
      vertex -53.604 51.205 8
      vertex -53.6746 51.291 0
      vertex -53.6746 51.291 8
    endloop
  endfacet
  facet normal 0.772915 0.634509 0
    outer loop
      vertex -53.6746 51.291 0
      vertex -53.604 51.205 8
      vertex -53.604 51.205 0
    endloop
  endfacet
  facet normal 0.81276 0.582598 0
    outer loop
      vertex -53.6746 51.291 8
      vertex -53.7394 51.3814 0
      vertex -53.7394 51.3814 8
    endloop
  endfacet
  facet normal 0.81276 0.582598 0
    outer loop
      vertex -53.7394 51.3814 0
      vertex -53.6746 51.291 8
      vertex -53.6746 51.291 0
    endloop
  endfacet
  facet normal 0.730098 0.683343 0
    outer loop
      vertex -53.528 51.1238 8
      vertex -53.604 51.205 0
      vertex -53.604 51.205 8
    endloop
  endfacet
  facet normal 0.730098 0.683343 0
    outer loop
      vertex -53.604 51.205 0
      vertex -53.528 51.1238 8
      vertex -53.528 51.1238 0
    endloop
  endfacet
  facet normal 0.956881 0.290482 0
    outer loop
      vertex -53.9357 51.7795 8
      vertex -53.968 51.8859 0
      vertex -53.968 51.8859 8
    endloop
  endfacet
  facet normal 0.956881 0.290482 0
    outer loop
      vertex -53.968 51.8859 0
      vertex -53.9357 51.7795 8
      vertex -53.9357 51.7795 0
    endloop
  endfacet
  facet normal 0.995187 0.0979904 0
    outer loop
      vertex -54.0114 52.104 8
      vertex -54.0223 52.2147 0
      vertex -54.0223 52.2147 8
    endloop
  endfacet
  facet normal 0.995187 0.0979904 0
    outer loop
      vertex -54.0223 52.2147 0
      vertex -54.0114 52.104 8
      vertex -54.0114 52.104 0
    endloop
  endfacet
  facet normal 0.986539 0.163525 0
    outer loop
      vertex -53.9932 51.9942 8
      vertex -54.0114 52.104 0
      vertex -54.0114 52.104 8
    endloop
  endfacet
  facet normal 0.986539 0.163525 0
    outer loop
      vertex -54.0114 52.104 0
      vertex -53.9932 51.9942 8
      vertex -53.9932 51.9942 0
    endloop
  endfacet
  facet normal -0.0323571 0.999476 0
    outer loop
      vertex -52.2147 50.6295 0
      vertex -52.3259 50.6259 8
      vertex -52.2147 50.6295 8
    endloop
  endfacet
  facet normal -0.0323571 0.999476 0
    outer loop
      vertex -52.3259 50.6259 8
      vertex -52.2147 50.6295 0
      vertex -52.3259 50.6259 0
    endloop
  endfacet
  facet normal -0.163525 0.986539 0
    outer loop
      vertex -51.9942 50.6586 0
      vertex -52.104 50.6404 8
      vertex -51.9942 50.6586 8
    endloop
  endfacet
  facet normal -0.163525 0.986539 0
    outer loop
      vertex -52.104 50.6404 8
      vertex -51.9942 50.6586 0
      vertex -52.104 50.6404 0
    endloop
  endfacet
  facet normal -0.352108 0.93596 0
    outer loop
      vertex -51.6753 50.7553 0
      vertex -51.7795 50.7161 8
      vertex -51.6753 50.7553 8
    endloop
  endfacet
  facet normal -0.352108 0.93596 0
    outer loop
      vertex -51.7795 50.7161 8
      vertex -51.6753 50.7553 0
      vertex -51.7795 50.7161 0
    endloop
  endfacet
  facet normal -0.226633 0.97398 0
    outer loop
      vertex -51.8859 50.6838 0
      vertex -51.9942 50.6586 8
      vertex -51.8859 50.6838 8
    endloop
  endfacet
  facet normal -0.226633 0.97398 0
    outer loop
      vertex -51.9942 50.6586 8
      vertex -51.8859 50.6838 0
      vertex -51.9942 50.6586 0
    endloop
  endfacet
  facet normal -0.412719 0.910859 0
    outer loop
      vertex -51.574 50.8012 0
      vertex -51.6753 50.7553 8
      vertex -51.574 50.8012 8
    endloop
  endfacet
  facet normal -0.412719 0.910859 0
    outer loop
      vertex -51.6753 50.7553 8
      vertex -51.574 50.8012 0
      vertex -51.6753 50.7553 0
    endloop
  endfacet
  facet normal -0.527654 0.84946 0
    outer loop
      vertex -51.3814 50.9124 0
      vertex -51.4759 50.8537 8
      vertex -51.3814 50.9124 8
    endloop
  endfacet
  facet normal -0.527654 0.84946 0
    outer loop
      vertex -51.4759 50.8537 8
      vertex -51.3814 50.9124 0
      vertex -51.4759 50.8537 0
    endloop
  endfacet
  facet normal -0.634509 0.772915 0
    outer loop
      vertex -51.205 51.0478 0
      vertex -51.291 50.9772 8
      vertex -51.205 51.0478 8
    endloop
  endfacet
  facet normal -0.634509 0.772915 0
    outer loop
      vertex -51.291 50.9772 8
      vertex -51.205 51.0478 0
      vertex -51.291 50.9772 0
    endloop
  endfacet
  facet normal -0.582598 0.81276 0
    outer loop
      vertex -51.291 50.9772 0
      vertex -51.3814 50.9124 8
      vertex -51.291 50.9772 8
    endloop
  endfacet
  facet normal -0.582598 0.81276 0
    outer loop
      vertex -51.3814 50.9124 8
      vertex -51.291 50.9772 0
      vertex -51.3814 50.9124 0
    endloop
  endfacet
  facet normal -0.683343 0.730098 0
    outer loop
      vertex -51.1238 51.1238 0
      vertex -51.205 51.0478 8
      vertex -51.1238 51.1238 8
    endloop
  endfacet
  facet normal -0.683343 0.730098 0
    outer loop
      vertex -51.205 51.0478 8
      vertex -51.1238 51.1238 0
      vertex -51.205 51.0478 0
    endloop
  endfacet
  facet normal 0.290482 0.956881 -0
    outer loop
      vertex -52.7659 50.6838 0
      vertex -52.8723 50.7161 8
      vertex -52.7659 50.6838 8
    endloop
  endfacet
  facet normal 0.290482 0.956881 0
    outer loop
      vertex -52.8723 50.7161 8
      vertex -52.7659 50.6838 0
      vertex -52.8723 50.7161 0
    endloop
  endfacet
  facet normal 0.0979904 0.995187 -0
    outer loop
      vertex -52.4371 50.6295 0
      vertex -52.5478 50.6404 8
      vertex -52.4371 50.6295 8
    endloop
  endfacet
  facet normal 0.0979904 0.995187 0
    outer loop
      vertex -52.5478 50.6404 8
      vertex -52.4371 50.6295 0
      vertex -52.5478 50.6404 0
    endloop
  endfacet
  facet normal 0.471847 0.88168 -0
    outer loop
      vertex -53.0778 50.8012 0
      vertex -53.1759 50.8537 8
      vertex -53.0778 50.8012 8
    endloop
  endfacet
  facet normal 0.471847 0.88168 0
    outer loop
      vertex -53.1759 50.8537 8
      vertex -53.0778 50.8012 0
      vertex -53.1759 50.8537 0
    endloop
  endfacet
  facet normal 0.582598 0.81276 -0
    outer loop
      vertex -53.2704 50.9124 0
      vertex -53.3608 50.9772 8
      vertex -53.2704 50.9124 8
    endloop
  endfacet
  facet normal 0.582598 0.81276 0
    outer loop
      vertex -53.3608 50.9772 8
      vertex -53.2704 50.9124 0
      vertex -53.3608 50.9772 0
    endloop
  endfacet
  facet normal 0.683343 0.730098 -0
    outer loop
      vertex -53.4468 51.0478 0
      vertex -53.528 51.1238 8
      vertex -53.4468 51.0478 8
    endloop
  endfacet
  facet normal 0.683343 0.730098 0
    outer loop
      vertex -53.528 51.1238 8
      vertex -53.4468 51.0478 0
      vertex -53.528 51.1238 0
    endloop
  endfacet
  facet normal 0.683343 -0.730098 0
    outer loop
      vertex -53.528 53.528 0
      vertex -53.4468 53.604 8
      vertex -53.528 53.528 8
    endloop
  endfacet
  facet normal 0.683343 -0.730098 0
    outer loop
      vertex -53.4468 53.604 8
      vertex -53.528 53.528 0
      vertex -53.4468 53.604 0
    endloop
  endfacet
  facet normal -0.634509 -0.772915 0
    outer loop
      vertex -51.291 53.6746 0
      vertex -51.205 53.604 8
      vertex -51.291 53.6746 8
    endloop
  endfacet
  facet normal -0.634509 -0.772915 -0
    outer loop
      vertex -51.205 53.604 8
      vertex -51.291 53.6746 0
      vertex -51.205 53.604 0
    endloop
  endfacet
  facet normal -0.471847 -0.88168 0
    outer loop
      vertex -51.574 53.8506 0
      vertex -51.4759 53.7981 8
      vertex -51.574 53.8506 8
    endloop
  endfacet
  facet normal -0.471847 -0.88168 -0
    outer loop
      vertex -51.4759 53.7981 8
      vertex -51.574 53.8506 0
      vertex -51.4759 53.7981 0
    endloop
  endfacet
  facet normal -0.527654 -0.84946 0
    outer loop
      vertex -51.4759 53.7981 0
      vertex -51.3814 53.7394 8
      vertex -51.4759 53.7981 8
    endloop
  endfacet
  facet normal -0.527654 -0.84946 -0
    outer loop
      vertex -51.3814 53.7394 8
      vertex -51.4759 53.7981 0
      vertex -51.3814 53.7394 0
    endloop
  endfacet
  facet normal -0.0979904 -0.995187 0
    outer loop
      vertex -52.2147 54.0223 0
      vertex -52.104 54.0114 8
      vertex -52.2147 54.0223 8
    endloop
  endfacet
  facet normal -0.0979904 -0.995187 -0
    outer loop
      vertex -52.104 54.0114 8
      vertex -52.2147 54.0223 0
      vertex -52.104 54.0114 0
    endloop
  endfacet
  facet normal -0.352108 -0.93596 0
    outer loop
      vertex -51.7795 53.9357 0
      vertex -51.6753 53.8965 8
      vertex -51.7795 53.9357 8
    endloop
  endfacet
  facet normal -0.352108 -0.93596 -0
    outer loop
      vertex -51.6753 53.8965 8
      vertex -51.7795 53.9357 0
      vertex -51.6753 53.8965 0
    endloop
  endfacet
  facet normal 0.0979904 -0.995187 0
    outer loop
      vertex -52.5478 54.0114 0
      vertex -52.4371 54.0223 8
      vertex -52.5478 54.0114 8
    endloop
  endfacet
  facet normal 0.0979904 -0.995187 0
    outer loop
      vertex -52.4371 54.0223 8
      vertex -52.5478 54.0114 0
      vertex -52.4371 54.0223 0
    endloop
  endfacet
  facet normal 0.290482 -0.956881 0
    outer loop
      vertex -52.8723 53.9357 0
      vertex -52.7659 53.968 8
      vertex -52.8723 53.9357 8
    endloop
  endfacet
  facet normal 0.290482 -0.956881 0
    outer loop
      vertex -52.7659 53.968 8
      vertex -52.8723 53.9357 0
      vertex -52.7659 53.968 0
    endloop
  endfacet
  facet normal 0.527654 -0.84946 0
    outer loop
      vertex -53.2704 53.7394 0
      vertex -53.1759 53.7981 8
      vertex -53.2704 53.7394 8
    endloop
  endfacet
  facet normal 0.527654 -0.84946 0
    outer loop
      vertex -53.1759 53.7981 8
      vertex -53.2704 53.7394 0
      vertex -53.1759 53.7981 0
    endloop
  endfacet
  facet normal 0.412719 -0.910859 0
    outer loop
      vertex -53.0778 53.8506 0
      vertex -52.9765 53.8965 8
      vertex -53.0778 53.8506 8
    endloop
  endfacet
  facet normal 0.412719 -0.910859 0
    outer loop
      vertex -52.9765 53.8965 8
      vertex -53.0778 53.8506 0
      vertex -52.9765 53.8965 0
    endloop
  endfacet
  facet normal -0.995187 -0.0979904 0
    outer loop
      vertex -50.6295 52.4371 0
      vertex -50.6404 52.5478 8
      vertex -50.6404 52.5478 0
    endloop
  endfacet
  facet normal -0.995187 -0.0979904 0
    outer loop
      vertex -50.6404 52.5478 8
      vertex -50.6295 52.4371 0
      vertex -50.6295 52.4371 8
    endloop
  endfacet
  facet normal -0.999476 -0.0323571 0
    outer loop
      vertex -50.6259 52.3259 0
      vertex -50.6295 52.4371 8
      vertex -50.6295 52.4371 0
    endloop
  endfacet
  facet normal -0.999476 -0.0323571 0
    outer loop
      vertex -50.6295 52.4371 8
      vertex -50.6259 52.3259 0
      vertex -50.6259 52.3259 8
    endloop
  endfacet
  facet normal -0.97398 -0.226633 0
    outer loop
      vertex -50.6586 52.6576 0
      vertex -50.6838 52.7659 8
      vertex -50.6838 52.7659 0
    endloop
  endfacet
  facet normal -0.97398 -0.226633 0
    outer loop
      vertex -50.6838 52.7659 8
      vertex -50.6586 52.6576 0
      vertex -50.6586 52.6576 8
    endloop
  endfacet
  facet normal -0.956881 -0.290482 0
    outer loop
      vertex -50.6838 52.7659 0
      vertex -50.7161 52.8723 8
      vertex -50.7161 52.8723 0
    endloop
  endfacet
  facet normal -0.956881 -0.290482 0
    outer loop
      vertex -50.7161 52.8723 8
      vertex -50.6838 52.7659 0
      vertex -50.6838 52.7659 8
    endloop
  endfacet
  facet normal -0.910859 -0.412719 0
    outer loop
      vertex -50.7553 52.9765 0
      vertex -50.8012 53.0778 8
      vertex -50.8012 53.0778 0
    endloop
  endfacet
  facet normal -0.910859 -0.412719 0
    outer loop
      vertex -50.8012 53.0778 8
      vertex -50.7553 52.9765 0
      vertex -50.7553 52.9765 8
    endloop
  endfacet
  facet normal -0.772915 -0.634509 0
    outer loop
      vertex -50.9772 53.3608 0
      vertex -51.0478 53.4468 8
      vertex -51.0478 53.4468 0
    endloop
  endfacet
  facet normal -0.772915 -0.634509 0
    outer loop
      vertex -51.0478 53.4468 8
      vertex -50.9772 53.3608 0
      vertex -50.9772 53.3608 8
    endloop
  endfacet
  facet normal -0.956881 0.290482 0
    outer loop
      vertex -50.7161 51.7795 0
      vertex -50.6838 51.8859 8
      vertex -50.6838 51.8859 0
    endloop
  endfacet
  facet normal -0.956881 0.290482 0
    outer loop
      vertex -50.6838 51.8859 8
      vertex -50.7161 51.7795 0
      vertex -50.7161 51.7795 8
    endloop
  endfacet
  facet normal -0.995187 0.0979904 0
    outer loop
      vertex -50.6404 52.104 0
      vertex -50.6295 52.2147 8
      vertex -50.6295 52.2147 0
    endloop
  endfacet
  facet normal -0.995187 0.0979904 0
    outer loop
      vertex -50.6295 52.2147 8
      vertex -50.6404 52.104 0
      vertex -50.6404 52.104 8
    endloop
  endfacet
  facet normal -0.910859 0.412719 0
    outer loop
      vertex -50.8012 51.574 0
      vertex -50.7553 51.6753 8
      vertex -50.7553 51.6753 0
    endloop
  endfacet
  facet normal -0.910859 0.412719 0
    outer loop
      vertex -50.7553 51.6753 8
      vertex -50.8012 51.574 0
      vertex -50.8012 51.574 8
    endloop
  endfacet
  facet normal -0.81276 0.582598 0
    outer loop
      vertex -50.9772 51.291 0
      vertex -50.9124 51.3814 8
      vertex -50.9124 51.3814 0
    endloop
  endfacet
  facet normal -0.81276 0.582598 0
    outer loop
      vertex -50.9124 51.3814 8
      vertex -50.9772 51.291 0
      vertex -50.9772 51.291 8
    endloop
  endfacet
  facet normal 0.986539 -0.163525 0
    outer loop
      vertex -54.0114 52.5478 8
      vertex -53.9932 52.6576 0
      vertex -53.9932 52.6576 8
    endloop
  endfacet
  facet normal 0.986539 -0.163525 0
    outer loop
      vertex -53.9932 52.6576 0
      vertex -54.0114 52.5478 8
      vertex -54.0114 52.5478 0
    endloop
  endfacet
  facet normal 0.84946 0.527654 0
    outer loop
      vertex -53.7394 51.3814 8
      vertex -53.7981 51.4759 0
      vertex -53.7981 51.4759 8
    endloop
  endfacet
  facet normal 0.84946 0.527654 0
    outer loop
      vertex -53.7981 51.4759 0
      vertex -53.7394 51.3814 8
      vertex -53.7394 51.3814 0
    endloop
  endfacet
  facet normal 0.93596 0.352108 0
    outer loop
      vertex -53.8965 51.6753 8
      vertex -53.9357 51.7795 0
      vertex -53.9357 51.7795 8
    endloop
  endfacet
  facet normal 0.93596 0.352108 0
    outer loop
      vertex -53.9357 51.7795 0
      vertex -53.8965 51.6753 8
      vertex -53.8965 51.6753 0
    endloop
  endfacet
  facet normal -0.0979904 0.995187 0
    outer loop
      vertex -52.104 50.6404 0
      vertex -52.2147 50.6295 8
      vertex -52.104 50.6404 8
    endloop
  endfacet
  facet normal -0.0979904 0.995187 0
    outer loop
      vertex -52.2147 50.6295 8
      vertex -52.104 50.6404 0
      vertex -52.2147 50.6295 0
    endloop
  endfacet
  facet normal -0.290482 0.956881 0
    outer loop
      vertex -51.7795 50.7161 0
      vertex -51.8859 50.6838 8
      vertex -51.7795 50.7161 8
    endloop
  endfacet
  facet normal -0.290482 0.956881 0
    outer loop
      vertex -51.8859 50.6838 8
      vertex -51.7795 50.7161 0
      vertex -51.8859 50.6838 0
    endloop
  endfacet
  facet normal -0.471847 0.88168 0
    outer loop
      vertex -51.4759 50.8537 0
      vertex -51.574 50.8012 8
      vertex -51.4759 50.8537 8
    endloop
  endfacet
  facet normal -0.471847 0.88168 0
    outer loop
      vertex -51.574 50.8012 8
      vertex -51.4759 50.8537 0
      vertex -51.574 50.8012 0
    endloop
  endfacet
  facet normal 0.226633 0.97398 -0
    outer loop
      vertex -52.6576 50.6586 0
      vertex -52.7659 50.6838 8
      vertex -52.6576 50.6586 8
    endloop
  endfacet
  facet normal 0.226633 0.97398 0
    outer loop
      vertex -52.7659 50.6838 8
      vertex -52.6576 50.6586 0
      vertex -52.7659 50.6838 0
    endloop
  endfacet
  facet normal 0.0323571 0.999476 -0
    outer loop
      vertex -52.3259 50.6259 0
      vertex -52.4371 50.6295 8
      vertex -52.3259 50.6259 8
    endloop
  endfacet
  facet normal 0.0323571 0.999476 0
    outer loop
      vertex -52.4371 50.6295 8
      vertex -52.3259 50.6259 0
      vertex -52.4371 50.6295 0
    endloop
  endfacet
  facet normal 0.412719 0.910859 -0
    outer loop
      vertex -52.9765 50.7553 0
      vertex -53.0778 50.8012 8
      vertex -52.9765 50.7553 8
    endloop
  endfacet
  facet normal 0.412719 0.910859 0
    outer loop
      vertex -53.0778 50.8012 8
      vertex -52.9765 50.7553 0
      vertex -53.0778 50.8012 0
    endloop
  endfacet
  facet normal 0.634509 0.772915 -0
    outer loop
      vertex -53.3608 50.9772 0
      vertex -53.4468 51.0478 8
      vertex -53.3608 50.9772 8
    endloop
  endfacet
  facet normal 0.634509 0.772915 0
    outer loop
      vertex -53.4468 51.0478 8
      vertex -53.3608 50.9772 0
      vertex -53.4468 51.0478 0
    endloop
  endfacet
  facet normal 0.582598 -0.81276 0
    outer loop
      vertex -53.3608 53.6746 0
      vertex -53.2704 53.7394 8
      vertex -53.3608 53.6746 8
    endloop
  endfacet
  facet normal 0.582598 -0.81276 0
    outer loop
      vertex -53.2704 53.7394 8
      vertex -53.3608 53.6746 0
      vertex -53.2704 53.7394 0
    endloop
  endfacet
  facet normal -0.163525 -0.986539 0
    outer loop
      vertex -52.104 54.0114 0
      vertex -51.9942 53.9932 8
      vertex -52.104 54.0114 8
    endloop
  endfacet
  facet normal -0.163525 -0.986539 -0
    outer loop
      vertex -51.9942 53.9932 8
      vertex -52.104 54.0114 0
      vertex -51.9942 53.9932 0
    endloop
  endfacet
  facet normal 0.471847 -0.88168 0
    outer loop
      vertex -53.1759 53.7981 0
      vertex -53.0778 53.8506 8
      vertex -53.1759 53.7981 8
    endloop
  endfacet
  facet normal 0.471847 -0.88168 0
    outer loop
      vertex -53.0778 53.8506 8
      vertex -53.1759 53.7981 0
      vertex -53.0778 53.8506 0
    endloop
  endfacet
  facet normal -0.999476 0.0323571 0
    outer loop
      vertex -50.6295 52.2147 0
      vertex -50.6259 52.3259 8
      vertex -50.6259 52.3259 0
    endloop
  endfacet
  facet normal -0.999476 0.0323571 0
    outer loop
      vertex -50.6259 52.3259 8
      vertex -50.6295 52.2147 0
      vertex -50.6295 52.2147 8
    endloop
  endfacet
  facet normal -0.730098 -0.683343 0
    outer loop
      vertex -51.0478 -51.205 0
      vertex -51.1238 -51.1238 8
      vertex -51.1238 -51.1238 0
    endloop
  endfacet
  facet normal -0.730098 -0.683343 0
    outer loop
      vertex -51.1238 -51.1238 8
      vertex -51.0478 -51.205 0
      vertex -51.0478 -51.205 8
    endloop
  endfacet
  facet normal 0.999476 -0.0323571 0
    outer loop
      vertex -54.0259 -52.3259 8
      vertex -54.0223 -52.2147 0
      vertex -54.0223 -52.2147 8
    endloop
  endfacet
  facet normal 0.999476 -0.0323571 0
    outer loop
      vertex -54.0223 -52.2147 0
      vertex -54.0259 -52.3259 8
      vertex -54.0259 -52.3259 0
    endloop
  endfacet
  facet normal 0.527654 0.84946 -0
    outer loop
      vertex -53.1759 -53.7981 0
      vertex -53.2704 -53.7394 8
      vertex -53.1759 -53.7981 8
    endloop
  endfacet
  facet normal 0.527654 0.84946 0
    outer loop
      vertex -53.2704 -53.7394 8
      vertex -53.1759 -53.7981 0
      vertex -53.2704 -53.7394 0
    endloop
  endfacet
  facet normal 0.0323571 0.999476 -0
    outer loop
      vertex -52.3259 -54.0259 0
      vertex -52.4371 -54.0223 8
      vertex -52.3259 -54.0259 8
    endloop
  endfacet
  facet normal 0.0323571 0.999476 0
    outer loop
      vertex -52.4371 -54.0223 8
      vertex -52.3259 -54.0259 0
      vertex -52.4371 -54.0223 0
    endloop
  endfacet
  facet normal -0.683343 0.730098 0
    outer loop
      vertex -51.1238 -53.528 0
      vertex -51.205 -53.604 8
      vertex -51.1238 -53.528 8
    endloop
  endfacet
  facet normal -0.683343 0.730098 0
    outer loop
      vertex -51.205 -53.604 8
      vertex -51.1238 -53.528 0
      vertex -51.205 -53.604 0
    endloop
  endfacet
  facet normal -0.290482 0.956881 0
    outer loop
      vertex -51.7795 -53.9357 0
      vertex -51.8859 -53.968 8
      vertex -51.7795 -53.9357 8
    endloop
  endfacet
  facet normal -0.290482 0.956881 0
    outer loop
      vertex -51.8859 -53.968 8
      vertex -51.7795 -53.9357 0
      vertex -51.8859 -53.968 0
    endloop
  endfacet
  facet normal -0.97398 -0.226633 0
    outer loop
      vertex -50.6586 -51.9942 0
      vertex -50.6838 -51.8859 8
      vertex -50.6838 -51.8859 0
    endloop
  endfacet
  facet normal -0.97398 -0.226633 0
    outer loop
      vertex -50.6838 -51.8859 8
      vertex -50.6586 -51.9942 0
      vertex -50.6586 -51.9942 8
    endloop
  endfacet
  facet normal -0.986539 -0.163525 0
    outer loop
      vertex -50.6404 -52.104 0
      vertex -50.6586 -51.9942 8
      vertex -50.6586 -51.9942 0
    endloop
  endfacet
  facet normal -0.986539 -0.163525 0
    outer loop
      vertex -50.6586 -51.9942 8
      vertex -50.6404 -52.104 0
      vertex -50.6404 -52.104 8
    endloop
  endfacet
  facet normal -0.995187 0.0979904 0
    outer loop
      vertex -50.6404 -52.5478 0
      vertex -50.6295 -52.4371 8
      vertex -50.6295 -52.4371 0
    endloop
  endfacet
  facet normal -0.995187 0.0979904 0
    outer loop
      vertex -50.6295 -52.4371 8
      vertex -50.6404 -52.5478 0
      vertex -50.6404 -52.5478 8
    endloop
  endfacet
  facet normal -0.88168 0.471847 0
    outer loop
      vertex -50.8537 -53.1759 0
      vertex -50.8012 -53.0778 8
      vertex -50.8012 -53.0778 0
    endloop
  endfacet
  facet normal -0.88168 0.471847 0
    outer loop
      vertex -50.8012 -53.0778 8
      vertex -50.8537 -53.1759 0
      vertex -50.8537 -53.1759 8
    endloop
  endfacet
  facet normal 0.97398 0.226633 0
    outer loop
      vertex -53.968 -52.7659 8
      vertex -53.9932 -52.6576 0
      vertex -53.9932 -52.6576 8
    endloop
  endfacet
  facet normal 0.97398 0.226633 0
    outer loop
      vertex -53.9932 -52.6576 0
      vertex -53.968 -52.7659 8
      vertex -53.968 -52.7659 0
    endloop
  endfacet
  facet normal 0.84946 -0.527654 0
    outer loop
      vertex -53.7981 -51.4759 8
      vertex -53.7394 -51.3814 0
      vertex -53.7394 -51.3814 8
    endloop
  endfacet
  facet normal 0.84946 -0.527654 0
    outer loop
      vertex -53.7394 -51.3814 0
      vertex -53.7981 -51.4759 8
      vertex -53.7981 -51.4759 0
    endloop
  endfacet
  facet normal 0.910859 0.412719 0
    outer loop
      vertex -53.8506 -53.0778 8
      vertex -53.8965 -52.9765 0
      vertex -53.8965 -52.9765 8
    endloop
  endfacet
  facet normal 0.910859 0.412719 0
    outer loop
      vertex -53.8965 -52.9765 0
      vertex -53.8506 -53.0778 8
      vertex -53.8506 -53.0778 0
    endloop
  endfacet
  facet normal 0.412719 -0.910859 0
    outer loop
      vertex -53.0778 -50.8012 0
      vertex -52.9765 -50.7553 8
      vertex -53.0778 -50.8012 8
    endloop
  endfacet
  facet normal 0.412719 -0.910859 0
    outer loop
      vertex -52.9765 -50.7553 8
      vertex -53.0778 -50.8012 0
      vertex -52.9765 -50.7553 0
    endloop
  endfacet
  facet normal -0.582598 -0.81276 0
    outer loop
      vertex -51.3814 -50.9124 0
      vertex -51.291 -50.9772 8
      vertex -51.3814 -50.9124 8
    endloop
  endfacet
  facet normal -0.582598 -0.81276 -0
    outer loop
      vertex -51.291 -50.9772 8
      vertex -51.3814 -50.9124 0
      vertex -51.291 -50.9772 0
    endloop
  endfacet
  facet normal -0.226633 -0.97398 0
    outer loop
      vertex -51.9942 -50.6586 0
      vertex -51.8859 -50.6838 8
      vertex -51.9942 -50.6586 8
    endloop
  endfacet
  facet normal -0.226633 -0.97398 -0
    outer loop
      vertex -51.8859 -50.6838 8
      vertex -51.9942 -50.6586 0
      vertex -51.8859 -50.6838 0
    endloop
  endfacet
  facet normal 0.634509 0.772915 -0
    outer loop
      vertex -53.3608 -53.6746 0
      vertex -53.4468 -53.604 8
      vertex -53.3608 -53.6746 8
    endloop
  endfacet
  facet normal 0.634509 0.772915 0
    outer loop
      vertex -53.4468 -53.604 8
      vertex -53.3608 -53.6746 0
      vertex -53.4468 -53.604 0
    endloop
  endfacet
  facet normal 0.582598 0.81276 -0
    outer loop
      vertex -53.2704 -53.7394 0
      vertex -53.3608 -53.6746 8
      vertex -53.2704 -53.7394 8
    endloop
  endfacet
  facet normal 0.582598 0.81276 0
    outer loop
      vertex -53.3608 -53.6746 8
      vertex -53.2704 -53.7394 0
      vertex -53.3608 -53.6746 0
    endloop
  endfacet
  facet normal -0.412719 0.910859 0
    outer loop
      vertex -51.574 -53.8506 0
      vertex -51.6753 -53.8965 8
      vertex -51.574 -53.8506 8
    endloop
  endfacet
  facet normal -0.412719 0.910859 0
    outer loop
      vertex -51.6753 -53.8965 8
      vertex -51.574 -53.8506 0
      vertex -51.6753 -53.8965 0
    endloop
  endfacet
  facet normal -0.0323571 0.999476 0
    outer loop
      vertex -52.2147 -54.0223 0
      vertex -52.3259 -54.0259 8
      vertex -52.2147 -54.0223 8
    endloop
  endfacet
  facet normal -0.0323571 0.999476 0
    outer loop
      vertex -52.3259 -54.0259 8
      vertex -52.2147 -54.0223 0
      vertex -52.3259 -54.0259 0
    endloop
  endfacet
  facet normal -0.226633 0.97398 0
    outer loop
      vertex -51.8859 -53.968 0
      vertex -51.9942 -53.9932 8
      vertex -51.8859 -53.968 8
    endloop
  endfacet
  facet normal -0.226633 0.97398 0
    outer loop
      vertex -51.9942 -53.9932 8
      vertex -51.8859 -53.968 0
      vertex -51.9942 -53.9932 0
    endloop
  endfacet
  facet normal -0.93596 -0.352108 0
    outer loop
      vertex -50.7161 -51.7795 0
      vertex -50.7553 -51.6753 8
      vertex -50.7553 -51.6753 0
    endloop
  endfacet
  facet normal -0.93596 -0.352108 0
    outer loop
      vertex -50.7553 -51.6753 8
      vertex -50.7161 -51.7795 0
      vertex -50.7161 -51.7795 8
    endloop
  endfacet
  facet normal -0.84946 -0.527654 0
    outer loop
      vertex -50.8537 -51.4759 0
      vertex -50.9124 -51.3814 8
      vertex -50.9124 -51.3814 0
    endloop
  endfacet
  facet normal -0.84946 -0.527654 0
    outer loop
      vertex -50.9124 -51.3814 8
      vertex -50.8537 -51.4759 0
      vertex -50.8537 -51.4759 8
    endloop
  endfacet
  facet normal -0.772915 -0.634509 0
    outer loop
      vertex -50.9772 -51.291 0
      vertex -51.0478 -51.205 8
      vertex -51.0478 -51.205 0
    endloop
  endfacet
  facet normal -0.772915 -0.634509 0
    outer loop
      vertex -51.0478 -51.205 8
      vertex -50.9772 -51.291 0
      vertex -50.9772 -51.291 8
    endloop
  endfacet
  facet normal -0.97398 0.226633 0
    outer loop
      vertex -50.6838 -52.7659 0
      vertex -50.6586 -52.6576 8
      vertex -50.6586 -52.6576 0
    endloop
  endfacet
  facet normal -0.97398 0.226633 0
    outer loop
      vertex -50.6586 -52.6576 8
      vertex -50.6838 -52.7659 0
      vertex -50.6838 -52.7659 8
    endloop
  endfacet
  facet normal -0.93596 0.352108 0
    outer loop
      vertex -50.7553 -52.9765 0
      vertex -50.7161 -52.8723 8
      vertex -50.7161 -52.8723 0
    endloop
  endfacet
  facet normal -0.93596 0.352108 0
    outer loop
      vertex -50.7161 -52.8723 8
      vertex -50.7553 -52.9765 0
      vertex -50.7553 -52.9765 8
    endloop
  endfacet
  facet normal -0.986539 0.163525 0
    outer loop
      vertex -50.6586 -52.6576 0
      vertex -50.6404 -52.5478 8
      vertex -50.6404 -52.5478 0
    endloop
  endfacet
  facet normal -0.986539 0.163525 0
    outer loop
      vertex -50.6404 -52.5478 8
      vertex -50.6586 -52.6576 0
      vertex -50.6586 -52.6576 8
    endloop
  endfacet
  facet normal -0.772915 0.634509 0
    outer loop
      vertex -51.0478 -53.4468 0
      vertex -50.9772 -53.3608 8
      vertex -50.9772 -53.3608 0
    endloop
  endfacet
  facet normal -0.772915 0.634509 0
    outer loop
      vertex -50.9772 -53.3608 8
      vertex -51.0478 -53.4468 0
      vertex -51.0478 -53.4468 8
    endloop
  endfacet
  facet normal -0.84946 0.527654 0
    outer loop
      vertex -50.9124 -53.2704 0
      vertex -50.8537 -53.1759 8
      vertex -50.8537 -53.1759 0
    endloop
  endfacet
  facet normal -0.84946 0.527654 0
    outer loop
      vertex -50.8537 -53.1759 8
      vertex -50.9124 -53.2704 0
      vertex -50.9124 -53.2704 8
    endloop
  endfacet
  facet normal 0.730098 0.683343 0
    outer loop
      vertex -53.528 -53.528 8
      vertex -53.604 -53.4468 0
      vertex -53.604 -53.4468 8
    endloop
  endfacet
  facet normal 0.730098 0.683343 0
    outer loop
      vertex -53.604 -53.4468 0
      vertex -53.528 -53.528 8
      vertex -53.528 -53.528 0
    endloop
  endfacet
  facet normal 0.910859 -0.412719 0
    outer loop
      vertex -53.8965 -51.6753 8
      vertex -53.8506 -51.574 0
      vertex -53.8506 -51.574 8
    endloop
  endfacet
  facet normal 0.910859 -0.412719 0
    outer loop
      vertex -53.8506 -51.574 0
      vertex -53.8965 -51.6753 8
      vertex -53.8965 -51.6753 0
    endloop
  endfacet
  facet normal 0.956881 -0.290482 0
    outer loop
      vertex -53.968 -51.8859 8
      vertex -53.9357 -51.7795 0
      vertex -53.9357 -51.7795 8
    endloop
  endfacet
  facet normal 0.956881 -0.290482 0
    outer loop
      vertex -53.9357 -51.7795 0
      vertex -53.968 -51.8859 8
      vertex -53.968 -51.8859 0
    endloop
  endfacet
  facet normal 0.995187 -0.0979904 0
    outer loop
      vertex -54.0223 -52.2147 8
      vertex -54.0114 -52.104 0
      vertex -54.0114 -52.104 8
    endloop
  endfacet
  facet normal 0.995187 -0.0979904 0
    outer loop
      vertex -54.0114 -52.104 0
      vertex -54.0223 -52.2147 8
      vertex -54.0223 -52.2147 0
    endloop
  endfacet
  facet normal 0.97398 -0.226633 0
    outer loop
      vertex -53.9932 -51.9942 8
      vertex -53.968 -51.8859 0
      vertex -53.968 -51.8859 8
    endloop
  endfacet
  facet normal 0.97398 -0.226633 0
    outer loop
      vertex -53.968 -51.8859 0
      vertex -53.9932 -51.9942 8
      vertex -53.9932 -51.9942 0
    endloop
  endfacet
  facet normal 0.999476 0.0323571 0
    outer loop
      vertex -54.0223 -52.4371 8
      vertex -54.0259 -52.3259 0
      vertex -54.0259 -52.3259 8
    endloop
  endfacet
  facet normal 0.999476 0.0323571 0
    outer loop
      vertex -54.0259 -52.3259 0
      vertex -54.0223 -52.4371 8
      vertex -54.0223 -52.4371 0
    endloop
  endfacet
  facet normal 0.582598 -0.81276 0
    outer loop
      vertex -53.3608 -50.9772 0
      vertex -53.2704 -50.9124 8
      vertex -53.3608 -50.9772 8
    endloop
  endfacet
  facet normal 0.582598 -0.81276 0
    outer loop
      vertex -53.2704 -50.9124 8
      vertex -53.3608 -50.9772 0
      vertex -53.2704 -50.9124 0
    endloop
  endfacet
  facet normal 0.352108 -0.93596 0
    outer loop
      vertex -52.9765 -50.7553 0
      vertex -52.8723 -50.7161 8
      vertex -52.9765 -50.7553 8
    endloop
  endfacet
  facet normal 0.352108 -0.93596 0
    outer loop
      vertex -52.8723 -50.7161 8
      vertex -52.9765 -50.7553 0
      vertex -52.8723 -50.7161 0
    endloop
  endfacet
  facet normal 0.527654 -0.84946 0
    outer loop
      vertex -53.2704 -50.9124 0
      vertex -53.1759 -50.8537 8
      vertex -53.2704 -50.9124 8
    endloop
  endfacet
  facet normal 0.527654 -0.84946 0
    outer loop
      vertex -53.1759 -50.8537 8
      vertex -53.2704 -50.9124 0
      vertex -53.1759 -50.8537 0
    endloop
  endfacet
  facet normal 0.163525 -0.986539 0
    outer loop
      vertex -52.6576 -50.6586 0
      vertex -52.5478 -50.6404 8
      vertex -52.6576 -50.6586 8
    endloop
  endfacet
  facet normal 0.163525 -0.986539 0
    outer loop
      vertex -52.5478 -50.6404 8
      vertex -52.6576 -50.6586 0
      vertex -52.5478 -50.6404 0
    endloop
  endfacet
  facet normal -0.352108 -0.93596 0
    outer loop
      vertex -51.7795 -50.7161 0
      vertex -51.6753 -50.7553 8
      vertex -51.7795 -50.7161 8
    endloop
  endfacet
  facet normal -0.352108 -0.93596 -0
    outer loop
      vertex -51.6753 -50.7553 8
      vertex -51.7795 -50.7161 0
      vertex -51.6753 -50.7553 0
    endloop
  endfacet
  facet normal -0.527654 -0.84946 0
    outer loop
      vertex -51.4759 -50.8537 0
      vertex -51.3814 -50.9124 8
      vertex -51.4759 -50.8537 8
    endloop
  endfacet
  facet normal -0.527654 -0.84946 -0
    outer loop
      vertex -51.3814 -50.9124 8
      vertex -51.4759 -50.8537 0
      vertex -51.3814 -50.9124 0
    endloop
  endfacet
  facet normal -0.683343 -0.730098 0
    outer loop
      vertex -51.205 -51.0478 0
      vertex -51.1238 -51.1238 8
      vertex -51.205 -51.0478 8
    endloop
  endfacet
  facet normal -0.683343 -0.730098 -0
    outer loop
      vertex -51.1238 -51.1238 8
      vertex -51.205 -51.0478 0
      vertex -51.1238 -51.1238 0
    endloop
  endfacet
  facet normal 0.412719 0.910859 -0
    outer loop
      vertex -52.9765 -53.8965 0
      vertex -53.0778 -53.8506 8
      vertex -52.9765 -53.8965 8
    endloop
  endfacet
  facet normal 0.412719 0.910859 0
    outer loop
      vertex -53.0778 -53.8506 8
      vertex -52.9765 -53.8965 0
      vertex -53.0778 -53.8506 0
    endloop
  endfacet
  facet normal 0.163525 0.986539 -0
    outer loop
      vertex -52.5478 -54.0114 0
      vertex -52.6576 -53.9932 8
      vertex -52.5478 -54.0114 8
    endloop
  endfacet
  facet normal 0.163525 0.986539 0
    outer loop
      vertex -52.6576 -53.9932 8
      vertex -52.5478 -54.0114 0
      vertex -52.6576 -53.9932 0
    endloop
  endfacet
  facet normal 0.226633 0.97398 -0
    outer loop
      vertex -52.6576 -53.9932 0
      vertex -52.7659 -53.968 8
      vertex -52.6576 -53.9932 8
    endloop
  endfacet
  facet normal 0.226633 0.97398 0
    outer loop
      vertex -52.7659 -53.968 8
      vertex -52.6576 -53.9932 0
      vertex -52.7659 -53.968 0
    endloop
  endfacet
  facet normal 0.352108 0.93596 -0
    outer loop
      vertex -52.8723 -53.9357 0
      vertex -52.9765 -53.8965 8
      vertex -52.8723 -53.9357 8
    endloop
  endfacet
  facet normal 0.352108 0.93596 0
    outer loop
      vertex -52.9765 -53.8965 8
      vertex -52.8723 -53.9357 0
      vertex -52.9765 -53.8965 0
    endloop
  endfacet
  facet normal -0.471847 0.88168 0
    outer loop
      vertex -51.4759 -53.7981 0
      vertex -51.574 -53.8506 8
      vertex -51.4759 -53.7981 8
    endloop
  endfacet
  facet normal -0.471847 0.88168 0
    outer loop
      vertex -51.574 -53.8506 8
      vertex -51.4759 -53.7981 0
      vertex -51.574 -53.8506 0
    endloop
  endfacet
  facet normal -0.582598 0.81276 0
    outer loop
      vertex -51.291 -53.6746 0
      vertex -51.3814 -53.7394 8
      vertex -51.291 -53.6746 8
    endloop
  endfacet
  facet normal -0.582598 0.81276 0
    outer loop
      vertex -51.3814 -53.7394 8
      vertex -51.291 -53.6746 0
      vertex -51.3814 -53.7394 0
    endloop
  endfacet
  facet normal -0.352108 0.93596 0
    outer loop
      vertex -51.6753 -53.8965 0
      vertex -51.7795 -53.9357 8
      vertex -51.6753 -53.8965 8
    endloop
  endfacet
  facet normal -0.352108 0.93596 0
    outer loop
      vertex -51.7795 -53.9357 8
      vertex -51.6753 -53.8965 0
      vertex -51.7795 -53.9357 0
    endloop
  endfacet
  facet normal -0.0979904 0.995187 0
    outer loop
      vertex -52.104 -54.0114 0
      vertex -52.2147 -54.0223 8
      vertex -52.104 -54.0114 8
    endloop
  endfacet
  facet normal -0.0979904 0.995187 0
    outer loop
      vertex -52.2147 -54.0223 8
      vertex -52.104 -54.0114 0
      vertex -52.2147 -54.0223 0
    endloop
  endfacet
  facet normal -0.163525 0.986539 0
    outer loop
      vertex -51.9942 -53.9932 0
      vertex -52.104 -54.0114 8
      vertex -51.9942 -53.9932 8
    endloop
  endfacet
  facet normal -0.163525 0.986539 0
    outer loop
      vertex -52.104 -54.0114 8
      vertex -51.9942 -53.9932 0
      vertex -52.104 -54.0114 0
    endloop
  endfacet
  facet normal -0.995187 -0.0979904 0
    outer loop
      vertex -50.6295 -52.2147 0
      vertex -50.6404 -52.104 8
      vertex -50.6404 -52.104 0
    endloop
  endfacet
  facet normal -0.995187 -0.0979904 0
    outer loop
      vertex -50.6404 -52.104 8
      vertex -50.6295 -52.2147 0
      vertex -50.6295 -52.2147 8
    endloop
  endfacet
  facet normal -0.956881 -0.290482 0
    outer loop
      vertex -50.6838 -51.8859 0
      vertex -50.7161 -51.7795 8
      vertex -50.7161 -51.7795 0
    endloop
  endfacet
  facet normal -0.956881 -0.290482 0
    outer loop
      vertex -50.7161 -51.7795 8
      vertex -50.6838 -51.8859 0
      vertex -50.6838 -51.8859 8
    endloop
  endfacet
  facet normal -0.910859 -0.412719 0
    outer loop
      vertex -50.7553 -51.6753 0
      vertex -50.8012 -51.574 8
      vertex -50.8012 -51.574 0
    endloop
  endfacet
  facet normal -0.910859 -0.412719 0
    outer loop
      vertex -50.8012 -51.574 8
      vertex -50.7553 -51.6753 0
      vertex -50.7553 -51.6753 8
    endloop
  endfacet
  facet normal -0.88168 -0.471847 0
    outer loop
      vertex -50.8012 -51.574 0
      vertex -50.8537 -51.4759 8
      vertex -50.8537 -51.4759 0
    endloop
  endfacet
  facet normal -0.88168 -0.471847 0
    outer loop
      vertex -50.8537 -51.4759 8
      vertex -50.8012 -51.574 0
      vertex -50.8012 -51.574 8
    endloop
  endfacet
  facet normal -0.81276 -0.582598 0
    outer loop
      vertex -50.9124 -51.3814 0
      vertex -50.9772 -51.291 8
      vertex -50.9772 -51.291 0
    endloop
  endfacet
  facet normal -0.81276 -0.582598 0
    outer loop
      vertex -50.9772 -51.291 8
      vertex -50.9124 -51.3814 0
      vertex -50.9124 -51.3814 8
    endloop
  endfacet
  facet normal -0.999476 0.0323571 0
    outer loop
      vertex -50.6295 -52.4371 0
      vertex -50.6259 -52.3259 8
      vertex -50.6259 -52.3259 0
    endloop
  endfacet
  facet normal -0.999476 0.0323571 0
    outer loop
      vertex -50.6259 -52.3259 8
      vertex -50.6295 -52.4371 0
      vertex -50.6295 -52.4371 8
    endloop
  endfacet
  facet normal -0.956881 0.290482 0
    outer loop
      vertex -50.7161 -52.8723 0
      vertex -50.6838 -52.7659 8
      vertex -50.6838 -52.7659 0
    endloop
  endfacet
  facet normal -0.956881 0.290482 0
    outer loop
      vertex -50.6838 -52.7659 8
      vertex -50.7161 -52.8723 0
      vertex -50.7161 -52.8723 8
    endloop
  endfacet
  facet normal -0.910859 0.412719 0
    outer loop
      vertex -50.8012 -53.0778 0
      vertex -50.7553 -52.9765 8
      vertex -50.7553 -52.9765 0
    endloop
  endfacet
  facet normal -0.910859 0.412719 0
    outer loop
      vertex -50.7553 -52.9765 8
      vertex -50.8012 -53.0778 0
      vertex -50.8012 -53.0778 8
    endloop
  endfacet
  facet normal -0.81276 0.582598 0
    outer loop
      vertex -50.9772 -53.3608 0
      vertex -50.9124 -53.2704 8
      vertex -50.9124 -53.2704 0
    endloop
  endfacet
  facet normal -0.81276 0.582598 0
    outer loop
      vertex -50.9124 -53.2704 8
      vertex -50.9772 -53.3608 0
      vertex -50.9772 -53.3608 8
    endloop
  endfacet
  facet normal -0.730098 0.683343 0
    outer loop
      vertex -51.1238 -53.528 0
      vertex -51.0478 -53.4468 8
      vertex -51.0478 -53.4468 0
    endloop
  endfacet
  facet normal -0.730098 0.683343 0
    outer loop
      vertex -51.0478 -53.4468 8
      vertex -51.1238 -53.528 0
      vertex -51.1238 -53.528 8
    endloop
  endfacet
  facet normal 0.683343 0.730098 -0
    outer loop
      vertex -53.4468 -53.604 0
      vertex -53.528 -53.528 8
      vertex -53.4468 -53.604 8
    endloop
  endfacet
  facet normal 0.683343 0.730098 0
    outer loop
      vertex -53.528 -53.528 8
      vertex -53.4468 -53.604 0
      vertex -53.528 -53.528 0
    endloop
  endfacet
  facet normal 0.772915 0.634509 0
    outer loop
      vertex -53.604 -53.4468 8
      vertex -53.6746 -53.3608 0
      vertex -53.6746 -53.3608 8
    endloop
  endfacet
  facet normal 0.772915 0.634509 0
    outer loop
      vertex -53.6746 -53.3608 0
      vertex -53.604 -53.4468 8
      vertex -53.604 -53.4468 0
    endloop
  endfacet
  facet normal 0.88168 -0.471847 0
    outer loop
      vertex -53.8506 -51.574 8
      vertex -53.7981 -51.4759 0
      vertex -53.7981 -51.4759 8
    endloop
  endfacet
  facet normal 0.88168 -0.471847 0
    outer loop
      vertex -53.7981 -51.4759 0
      vertex -53.8506 -51.574 8
      vertex -53.8506 -51.574 0
    endloop
  endfacet
  facet normal 0.986539 -0.163525 0
    outer loop
      vertex -54.0114 -52.104 8
      vertex -53.9932 -51.9942 0
      vertex -53.9932 -51.9942 8
    endloop
  endfacet
  facet normal 0.986539 -0.163525 0
    outer loop
      vertex -53.9932 -51.9942 0
      vertex -54.0114 -52.104 8
      vertex -54.0114 -52.104 0
    endloop
  endfacet
  facet normal 0.93596 -0.352108 0
    outer loop
      vertex -53.9357 -51.7795 8
      vertex -53.8965 -51.6753 0
      vertex -53.8965 -51.6753 8
    endloop
  endfacet
  facet normal 0.93596 -0.352108 0
    outer loop
      vertex -53.8965 -51.6753 0
      vertex -53.9357 -51.7795 8
      vertex -53.9357 -51.7795 0
    endloop
  endfacet
  facet normal 0.995187 0.0979904 0
    outer loop
      vertex -54.0114 -52.5478 8
      vertex -54.0223 -52.4371 0
      vertex -54.0223 -52.4371 8
    endloop
  endfacet
  facet normal 0.995187 0.0979904 0
    outer loop
      vertex -54.0223 -52.4371 0
      vertex -54.0114 -52.5478 8
      vertex -54.0114 -52.5478 0
    endloop
  endfacet
  facet normal 0.956881 0.290482 0
    outer loop
      vertex -53.9357 -52.8723 8
      vertex -53.968 -52.7659 0
      vertex -53.968 -52.7659 8
    endloop
  endfacet
  facet normal 0.956881 0.290482 0
    outer loop
      vertex -53.968 -52.7659 0
      vertex -53.9357 -52.8723 8
      vertex -53.9357 -52.8723 0
    endloop
  endfacet
  facet normal 0.93596 0.352108 0
    outer loop
      vertex -53.8965 -52.9765 8
      vertex -53.9357 -52.8723 0
      vertex -53.9357 -52.8723 8
    endloop
  endfacet
  facet normal 0.93596 0.352108 0
    outer loop
      vertex -53.9357 -52.8723 0
      vertex -53.8965 -52.9765 8
      vertex -53.8965 -52.9765 0
    endloop
  endfacet
  facet normal 0.88168 0.471847 0
    outer loop
      vertex -53.7981 -53.1759 8
      vertex -53.8506 -53.0778 0
      vertex -53.8506 -53.0778 8
    endloop
  endfacet
  facet normal 0.88168 0.471847 0
    outer loop
      vertex -53.8506 -53.0778 0
      vertex -53.7981 -53.1759 8
      vertex -53.7981 -53.1759 0
    endloop
  endfacet
  facet normal 0.683343 -0.730098 0
    outer loop
      vertex -53.528 -51.1238 0
      vertex -53.4468 -51.0478 8
      vertex -53.528 -51.1238 8
    endloop
  endfacet
  facet normal 0.683343 -0.730098 0
    outer loop
      vertex -53.4468 -51.0478 8
      vertex -53.528 -51.1238 0
      vertex -53.4468 -51.0478 0
    endloop
  endfacet
  facet normal 0.471847 -0.88168 0
    outer loop
      vertex -53.1759 -50.8537 0
      vertex -53.0778 -50.8012 8
      vertex -53.1759 -50.8537 8
    endloop
  endfacet
  facet normal 0.471847 -0.88168 0
    outer loop
      vertex -53.0778 -50.8012 8
      vertex -53.1759 -50.8537 0
      vertex -53.0778 -50.8012 0
    endloop
  endfacet
  facet normal 0.226633 -0.97398 0
    outer loop
      vertex -52.7659 -50.6838 0
      vertex -52.6576 -50.6586 8
      vertex -52.7659 -50.6838 8
    endloop
  endfacet
  facet normal 0.226633 -0.97398 0
    outer loop
      vertex -52.6576 -50.6586 8
      vertex -52.7659 -50.6838 0
      vertex -52.6576 -50.6586 0
    endloop
  endfacet
  facet normal 0.290482 -0.956881 0
    outer loop
      vertex -52.8723 -50.7161 0
      vertex -52.7659 -50.6838 8
      vertex -52.8723 -50.7161 8
    endloop
  endfacet
  facet normal 0.290482 -0.956881 0
    outer loop
      vertex -52.7659 -50.6838 8
      vertex -52.8723 -50.7161 0
      vertex -52.7659 -50.6838 0
    endloop
  endfacet
  facet normal 0.0979904 -0.995187 0
    outer loop
      vertex -52.5478 -50.6404 0
      vertex -52.4371 -50.6295 8
      vertex -52.5478 -50.6404 8
    endloop
  endfacet
  facet normal 0.0979904 -0.995187 0
    outer loop
      vertex -52.4371 -50.6295 8
      vertex -52.5478 -50.6404 0
      vertex -52.4371 -50.6295 0
    endloop
  endfacet
  facet normal -0.0323571 -0.999476 0
    outer loop
      vertex -52.3259 -50.6259 0
      vertex -52.2147 -50.6295 8
      vertex -52.3259 -50.6259 8
    endloop
  endfacet
  facet normal -0.0323571 -0.999476 -0
    outer loop
      vertex -52.2147 -50.6295 8
      vertex -52.3259 -50.6259 0
      vertex -52.2147 -50.6295 0
    endloop
  endfacet
  facet normal -0.163525 -0.986539 0
    outer loop
      vertex -52.104 -50.6404 0
      vertex -51.9942 -50.6586 8
      vertex -52.104 -50.6404 8
    endloop
  endfacet
  facet normal -0.163525 -0.986539 -0
    outer loop
      vertex -51.9942 -50.6586 8
      vertex -52.104 -50.6404 0
      vertex -51.9942 -50.6586 0
    endloop
  endfacet
  facet normal -0.290482 -0.956881 0
    outer loop
      vertex -51.8859 -50.6838 0
      vertex -51.7795 -50.7161 8
      vertex -51.8859 -50.6838 8
    endloop
  endfacet
  facet normal -0.290482 -0.956881 -0
    outer loop
      vertex -51.7795 -50.7161 8
      vertex -51.8859 -50.6838 0
      vertex -51.7795 -50.7161 0
    endloop
  endfacet
  facet normal -0.634509 -0.772915 0
    outer loop
      vertex -51.291 -50.9772 0
      vertex -51.205 -51.0478 8
      vertex -51.291 -50.9772 8
    endloop
  endfacet
  facet normal -0.634509 -0.772915 -0
    outer loop
      vertex -51.205 -51.0478 8
      vertex -51.291 -50.9772 0
      vertex -51.205 -51.0478 0
    endloop
  endfacet
  facet normal -0.471847 -0.88168 0
    outer loop
      vertex -51.574 -50.8012 0
      vertex -51.4759 -50.8537 8
      vertex -51.574 -50.8012 8
    endloop
  endfacet
  facet normal -0.471847 -0.88168 -0
    outer loop
      vertex -51.4759 -50.8537 8
      vertex -51.574 -50.8012 0
      vertex -51.4759 -50.8537 0
    endloop
  endfacet
  facet normal -0.412719 -0.910859 0
    outer loop
      vertex -51.6753 -50.7553 0
      vertex -51.574 -50.8012 8
      vertex -51.6753 -50.7553 8
    endloop
  endfacet
  facet normal -0.412719 -0.910859 -0
    outer loop
      vertex -51.574 -50.8012 8
      vertex -51.6753 -50.7553 0
      vertex -51.574 -50.8012 0
    endloop
  endfacet
  facet normal 0.471847 0.88168 -0
    outer loop
      vertex -53.0778 -53.8506 0
      vertex -53.1759 -53.7981 8
      vertex -53.0778 -53.8506 8
    endloop
  endfacet
  facet normal 0.471847 0.88168 0
    outer loop
      vertex -53.1759 -53.7981 8
      vertex -53.0778 -53.8506 0
      vertex -53.1759 -53.7981 0
    endloop
  endfacet
  facet normal 0.0979904 0.995187 -0
    outer loop
      vertex -52.4371 -54.0223 0
      vertex -52.5478 -54.0114 8
      vertex -52.4371 -54.0223 8
    endloop
  endfacet
  facet normal 0.0979904 0.995187 0
    outer loop
      vertex -52.5478 -54.0114 8
      vertex -52.4371 -54.0223 0
      vertex -52.5478 -54.0114 0
    endloop
  endfacet
  facet normal 0.290482 0.956881 -0
    outer loop
      vertex -52.7659 -53.968 0
      vertex -52.8723 -53.9357 8
      vertex -52.7659 -53.968 8
    endloop
  endfacet
  facet normal 0.290482 0.956881 0
    outer loop
      vertex -52.8723 -53.9357 8
      vertex -52.7659 -53.968 0
      vertex -52.8723 -53.9357 0
    endloop
  endfacet
  facet normal -0.527654 0.84946 0
    outer loop
      vertex -51.3814 -53.7394 0
      vertex -51.4759 -53.7981 8
      vertex -51.3814 -53.7394 8
    endloop
  endfacet
  facet normal -0.527654 0.84946 0
    outer loop
      vertex -51.4759 -53.7981 8
      vertex -51.3814 -53.7394 0
      vertex -51.4759 -53.7981 0
    endloop
  endfacet
  facet normal -0.634509 0.772915 0
    outer loop
      vertex -51.205 -53.604 0
      vertex -51.291 -53.6746 8
      vertex -51.205 -53.604 8
    endloop
  endfacet
  facet normal -0.634509 0.772915 0
    outer loop
      vertex -51.291 -53.6746 8
      vertex -51.205 -53.604 0
      vertex -51.291 -53.6746 0
    endloop
  endfacet
  facet normal -0.999476 -0.0323571 0
    outer loop
      vertex -50.6259 -52.3259 0
      vertex -50.6295 -52.2147 8
      vertex -50.6295 -52.2147 0
    endloop
  endfacet
  facet normal -0.999476 -0.0323571 0
    outer loop
      vertex -50.6295 -52.2147 8
      vertex -50.6259 -52.3259 0
      vertex -50.6259 -52.3259 8
    endloop
  endfacet
  facet normal 0.81276 0.582598 0
    outer loop
      vertex -53.6746 -53.3608 8
      vertex -53.7394 -53.2704 0
      vertex -53.7394 -53.2704 8
    endloop
  endfacet
  facet normal 0.81276 0.582598 0
    outer loop
      vertex -53.7394 -53.2704 0
      vertex -53.6746 -53.3608 8
      vertex -53.6746 -53.3608 0
    endloop
  endfacet
  facet normal 0.81276 -0.582598 0
    outer loop
      vertex -53.7394 -51.3814 8
      vertex -53.6746 -51.291 0
      vertex -53.6746 -51.291 8
    endloop
  endfacet
  facet normal 0.81276 -0.582598 0
    outer loop
      vertex -53.6746 -51.291 0
      vertex -53.7394 -51.3814 8
      vertex -53.7394 -51.3814 0
    endloop
  endfacet
  facet normal 0.772915 -0.634509 0
    outer loop
      vertex -53.6746 -51.291 8
      vertex -53.604 -51.205 0
      vertex -53.604 -51.205 8
    endloop
  endfacet
  facet normal 0.772915 -0.634509 0
    outer loop
      vertex -53.604 -51.205 0
      vertex -53.6746 -51.291 8
      vertex -53.6746 -51.291 0
    endloop
  endfacet
  facet normal 0.730098 -0.683343 0
    outer loop
      vertex -53.604 -51.205 8
      vertex -53.528 -51.1238 0
      vertex -53.528 -51.1238 8
    endloop
  endfacet
  facet normal 0.730098 -0.683343 0
    outer loop
      vertex -53.528 -51.1238 0
      vertex -53.604 -51.205 8
      vertex -53.604 -51.205 0
    endloop
  endfacet
  facet normal 0.986539 0.163525 0
    outer loop
      vertex -53.9932 -52.6576 8
      vertex -54.0114 -52.5478 0
      vertex -54.0114 -52.5478 8
    endloop
  endfacet
  facet normal 0.986539 0.163525 0
    outer loop
      vertex -54.0114 -52.5478 0
      vertex -53.9932 -52.6576 8
      vertex -53.9932 -52.6576 0
    endloop
  endfacet
  facet normal 0.634509 -0.772915 0
    outer loop
      vertex -53.4468 -51.0478 0
      vertex -53.3608 -50.9772 8
      vertex -53.4468 -51.0478 8
    endloop
  endfacet
  facet normal 0.634509 -0.772915 0
    outer loop
      vertex -53.3608 -50.9772 8
      vertex -53.4468 -51.0478 0
      vertex -53.3608 -50.9772 0
    endloop
  endfacet
  facet normal 0.0323571 -0.999476 0
    outer loop
      vertex -52.4371 -50.6295 0
      vertex -52.3259 -50.6259 8
      vertex -52.4371 -50.6295 8
    endloop
  endfacet
  facet normal 0.0323571 -0.999476 0
    outer loop
      vertex -52.3259 -50.6259 8
      vertex -52.4371 -50.6295 0
      vertex -52.3259 -50.6259 0
    endloop
  endfacet
  facet normal -0.0979904 -0.995187 0
    outer loop
      vertex -52.2147 -50.6295 0
      vertex -52.104 -50.6404 8
      vertex -52.2147 -50.6295 8
    endloop
  endfacet
  facet normal -0.0979904 -0.995187 -0
    outer loop
      vertex -52.104 -50.6404 8
      vertex -52.2147 -50.6295 0
      vertex -52.104 -50.6404 0
    endloop
  endfacet
  facet normal 0.84946 0.527654 0
    outer loop
      vertex -53.7394 -53.2704 8
      vertex -53.7981 -53.1759 0
      vertex -53.7981 -53.1759 8
    endloop
  endfacet
  facet normal 0.84946 0.527654 0
    outer loop
      vertex -53.7981 -53.1759 0
      vertex -53.7394 -53.2704 8
      vertex -53.7394 -53.2704 0
    endloop
  endfacet
  facet normal -0.999476 -0.0323571 0
    outer loop
      vertex 54.0259 -52.3259 0
      vertex 54.0223 -52.2147 8
      vertex 54.0223 -52.2147 0
    endloop
  endfacet
  facet normal -0.999476 -0.0323571 0
    outer loop
      vertex 54.0223 -52.2147 8
      vertex 54.0259 -52.3259 0
      vertex 54.0259 -52.3259 8
    endloop
  endfacet
  facet normal -0.412719 -0.910859 0
    outer loop
      vertex 52.9765 -50.7553 0
      vertex 53.0778 -50.8012 8
      vertex 52.9765 -50.7553 8
    endloop
  endfacet
  facet normal -0.412719 -0.910859 -0
    outer loop
      vertex 53.0778 -50.8012 8
      vertex 52.9765 -50.7553 0
      vertex 53.0778 -50.8012 0
    endloop
  endfacet
  facet normal 0.352108 -0.93596 0
    outer loop
      vertex 51.6753 -50.7553 0
      vertex 51.7795 -50.7161 8
      vertex 51.6753 -50.7553 8
    endloop
  endfacet
  facet normal 0.352108 -0.93596 0
    outer loop
      vertex 51.7795 -50.7161 8
      vertex 51.6753 -50.7553 0
      vertex 51.7795 -50.7161 0
    endloop
  endfacet
  facet normal 0.910859 -0.412719 0
    outer loop
      vertex 50.7553 -51.6753 8
      vertex 50.8012 -51.574 0
      vertex 50.8012 -51.574 8
    endloop
  endfacet
  facet normal 0.910859 -0.412719 0
    outer loop
      vertex 50.8012 -51.574 0
      vertex 50.7553 -51.6753 8
      vertex 50.7553 -51.6753 0
    endloop
  endfacet
  facet normal -0.93596 0.352108 0
    outer loop
      vertex 53.8965 -52.9765 0
      vertex 53.9357 -52.8723 8
      vertex 53.9357 -52.8723 0
    endloop
  endfacet
  facet normal -0.93596 0.352108 0
    outer loop
      vertex 53.9357 -52.8723 8
      vertex 53.8965 -52.9765 0
      vertex 53.8965 -52.9765 8
    endloop
  endfacet
  facet normal -0.93596 -0.352108 0
    outer loop
      vertex 53.9357 -51.7795 0
      vertex 53.8965 -51.6753 8
      vertex 53.8965 -51.6753 0
    endloop
  endfacet
  facet normal -0.93596 -0.352108 0
    outer loop
      vertex 53.8965 -51.6753 8
      vertex 53.9357 -51.7795 0
      vertex 53.9357 -51.7795 8
    endloop
  endfacet
  facet normal 0.0323571 -0.999476 0
    outer loop
      vertex 52.2147 -50.6295 0
      vertex 52.3259 -50.6259 8
      vertex 52.2147 -50.6295 8
    endloop
  endfacet
  facet normal 0.0323571 -0.999476 0
    outer loop
      vertex 52.3259 -50.6259 8
      vertex 52.2147 -50.6295 0
      vertex 52.3259 -50.6259 0
    endloop
  endfacet
  facet normal -0.582598 -0.81276 0
    outer loop
      vertex 53.2704 -50.9124 0
      vertex 53.3608 -50.9772 8
      vertex 53.2704 -50.9124 8
    endloop
  endfacet
  facet normal -0.582598 -0.81276 -0
    outer loop
      vertex 53.3608 -50.9772 8
      vertex 53.2704 -50.9124 0
      vertex 53.3608 -50.9772 0
    endloop
  endfacet
  facet normal -0.683343 0.730098 0
    outer loop
      vertex 53.528 -53.528 0
      vertex 53.4468 -53.604 8
      vertex 53.528 -53.528 8
    endloop
  endfacet
  facet normal -0.683343 0.730098 0
    outer loop
      vertex 53.4468 -53.604 8
      vertex 53.528 -53.528 0
      vertex 53.4468 -53.604 0
    endloop
  endfacet
  facet normal -0.0323571 0.999476 0
    outer loop
      vertex 52.4371 -54.0223 0
      vertex 52.3259 -54.0259 8
      vertex 52.4371 -54.0223 8
    endloop
  endfacet
  facet normal -0.0323571 0.999476 0
    outer loop
      vertex 52.3259 -54.0259 8
      vertex 52.4371 -54.0223 0
      vertex 52.3259 -54.0259 0
    endloop
  endfacet
  facet normal 0.81276 0.582598 0
    outer loop
      vertex 50.9772 -53.3608 8
      vertex 50.9124 -53.2704 0
      vertex 50.9124 -53.2704 8
    endloop
  endfacet
  facet normal 0.81276 0.582598 0
    outer loop
      vertex 50.9124 -53.2704 0
      vertex 50.9772 -53.3608 8
      vertex 50.9772 -53.3608 0
    endloop
  endfacet
  facet normal 0.999476 0.0323571 0
    outer loop
      vertex 50.6295 -52.4371 8
      vertex 50.6259 -52.3259 0
      vertex 50.6259 -52.3259 8
    endloop
  endfacet
  facet normal 0.999476 0.0323571 0
    outer loop
      vertex 50.6259 -52.3259 0
      vertex 50.6295 -52.4371 8
      vertex 50.6295 -52.4371 0
    endloop
  endfacet
  facet normal 0.81276 -0.582598 0
    outer loop
      vertex 50.9124 -51.3814 8
      vertex 50.9772 -51.291 0
      vertex 50.9772 -51.291 8
    endloop
  endfacet
  facet normal 0.81276 -0.582598 0
    outer loop
      vertex 50.9772 -51.291 0
      vertex 50.9124 -51.3814 8
      vertex 50.9124 -51.3814 0
    endloop
  endfacet
  facet normal -0.772915 0.634509 0
    outer loop
      vertex 53.604 -53.4468 0
      vertex 53.6746 -53.3608 8
      vertex 53.6746 -53.3608 0
    endloop
  endfacet
  facet normal -0.772915 0.634509 0
    outer loop
      vertex 53.6746 -53.3608 8
      vertex 53.604 -53.4468 0
      vertex 53.604 -53.4468 8
    endloop
  endfacet
  facet normal -0.81276 0.582598 0
    outer loop
      vertex 53.6746 -53.3608 0
      vertex 53.7394 -53.2704 8
      vertex 53.7394 -53.2704 0
    endloop
  endfacet
  facet normal -0.81276 0.582598 0
    outer loop
      vertex 53.7394 -53.2704 8
      vertex 53.6746 -53.3608 0
      vertex 53.6746 -53.3608 8
    endloop
  endfacet
  facet normal -0.986539 -0.163525 0
    outer loop
      vertex 54.0114 -52.104 0
      vertex 53.9932 -51.9942 8
      vertex 53.9932 -51.9942 0
    endloop
  endfacet
  facet normal -0.986539 -0.163525 0
    outer loop
      vertex 53.9932 -51.9942 8
      vertex 54.0114 -52.104 0
      vertex 54.0114 -52.104 8
    endloop
  endfacet
  facet normal -0.730098 -0.683343 0
    outer loop
      vertex 53.604 -51.205 0
      vertex 53.528 -51.1238 8
      vertex 53.528 -51.1238 0
    endloop
  endfacet
  facet normal -0.730098 -0.683343 0
    outer loop
      vertex 53.528 -51.1238 8
      vertex 53.604 -51.205 0
      vertex 53.604 -51.205 8
    endloop
  endfacet
  facet normal -0.97398 -0.226633 0
    outer loop
      vertex 53.9932 -51.9942 0
      vertex 53.968 -51.8859 8
      vertex 53.968 -51.8859 0
    endloop
  endfacet
  facet normal -0.97398 -0.226633 0
    outer loop
      vertex 53.968 -51.8859 8
      vertex 53.9932 -51.9942 0
      vertex 53.9932 -51.9942 8
    endloop
  endfacet
  facet normal -0.910859 -0.412719 0
    outer loop
      vertex 53.8965 -51.6753 0
      vertex 53.8506 -51.574 8
      vertex 53.8506 -51.574 0
    endloop
  endfacet
  facet normal -0.910859 -0.412719 0
    outer loop
      vertex 53.8506 -51.574 8
      vertex 53.8965 -51.6753 0
      vertex 53.8965 -51.6753 8
    endloop
  endfacet
  facet normal -0.84946 -0.527654 0
    outer loop
      vertex 53.7981 -51.4759 0
      vertex 53.7394 -51.3814 8
      vertex 53.7394 -51.3814 0
    endloop
  endfacet
  facet normal -0.84946 -0.527654 0
    outer loop
      vertex 53.7394 -51.3814 8
      vertex 53.7981 -51.4759 0
      vertex 53.7981 -51.4759 8
    endloop
  endfacet
  facet normal 0.683343 -0.730098 0
    outer loop
      vertex 51.1238 -51.1238 0
      vertex 51.205 -51.0478 8
      vertex 51.1238 -51.1238 8
    endloop
  endfacet
  facet normal 0.683343 -0.730098 0
    outer loop
      vertex 51.205 -51.0478 8
      vertex 51.1238 -51.1238 0
      vertex 51.205 -51.0478 0
    endloop
  endfacet
  facet normal 0.527654 -0.84946 0
    outer loop
      vertex 51.3814 -50.9124 0
      vertex 51.4759 -50.8537 8
      vertex 51.3814 -50.9124 8
    endloop
  endfacet
  facet normal 0.527654 -0.84946 0
    outer loop
      vertex 51.4759 -50.8537 8
      vertex 51.3814 -50.9124 0
      vertex 51.4759 -50.8537 0
    endloop
  endfacet
  facet normal 0.163525 -0.986539 0
    outer loop
      vertex 51.9942 -50.6586 0
      vertex 52.104 -50.6404 8
      vertex 51.9942 -50.6586 8
    endloop
  endfacet
  facet normal 0.163525 -0.986539 0
    outer loop
      vertex 52.104 -50.6404 8
      vertex 51.9942 -50.6586 0
      vertex 52.104 -50.6404 0
    endloop
  endfacet
  facet normal -0.527654 -0.84946 0
    outer loop
      vertex 53.1759 -50.8537 0
      vertex 53.2704 -50.9124 8
      vertex 53.1759 -50.8537 8
    endloop
  endfacet
  facet normal -0.527654 -0.84946 -0
    outer loop
      vertex 53.2704 -50.9124 8
      vertex 53.1759 -50.8537 0
      vertex 53.2704 -50.9124 0
    endloop
  endfacet
  facet normal -0.634509 -0.772915 0
    outer loop
      vertex 53.3608 -50.9772 0
      vertex 53.4468 -51.0478 8
      vertex 53.3608 -50.9772 8
    endloop
  endfacet
  facet normal -0.634509 -0.772915 -0
    outer loop
      vertex 53.4468 -51.0478 8
      vertex 53.3608 -50.9772 0
      vertex 53.4468 -51.0478 0
    endloop
  endfacet
  facet normal -0.226633 -0.97398 0
    outer loop
      vertex 52.6576 -50.6586 0
      vertex 52.7659 -50.6838 8
      vertex 52.6576 -50.6586 8
    endloop
  endfacet
  facet normal -0.226633 -0.97398 -0
    outer loop
      vertex 52.7659 -50.6838 8
      vertex 52.6576 -50.6586 0
      vertex 52.7659 -50.6838 0
    endloop
  endfacet
  facet normal -0.163525 -0.986539 0
    outer loop
      vertex 52.5478 -50.6404 0
      vertex 52.6576 -50.6586 8
      vertex 52.5478 -50.6404 8
    endloop
  endfacet
  facet normal -0.163525 -0.986539 -0
    outer loop
      vertex 52.6576 -50.6586 8
      vertex 52.5478 -50.6404 0
      vertex 52.6576 -50.6586 0
    endloop
  endfacet
  facet normal -0.352108 -0.93596 0
    outer loop
      vertex 52.8723 -50.7161 0
      vertex 52.9765 -50.7553 8
      vertex 52.8723 -50.7161 8
    endloop
  endfacet
  facet normal -0.352108 -0.93596 -0
    outer loop
      vertex 52.9765 -50.7553 8
      vertex 52.8723 -50.7161 0
      vertex 52.9765 -50.7553 0
    endloop
  endfacet
  facet normal 0.683343 0.730098 -0
    outer loop
      vertex 51.205 -53.604 0
      vertex 51.1238 -53.528 8
      vertex 51.205 -53.604 8
    endloop
  endfacet
  facet normal 0.683343 0.730098 0
    outer loop
      vertex 51.1238 -53.528 8
      vertex 51.205 -53.604 0
      vertex 51.1238 -53.528 0
    endloop
  endfacet
  facet normal -0.412719 0.910859 0
    outer loop
      vertex 53.0778 -53.8506 0
      vertex 52.9765 -53.8965 8
      vertex 53.0778 -53.8506 8
    endloop
  endfacet
  facet normal -0.412719 0.910859 0
    outer loop
      vertex 52.9765 -53.8965 8
      vertex 53.0778 -53.8506 0
      vertex 52.9765 -53.8965 0
    endloop
  endfacet
  facet normal -0.226633 0.97398 0
    outer loop
      vertex 52.7659 -53.968 0
      vertex 52.6576 -53.9932 8
      vertex 52.7659 -53.968 8
    endloop
  endfacet
  facet normal -0.226633 0.97398 0
    outer loop
      vertex 52.6576 -53.9932 8
      vertex 52.7659 -53.968 0
      vertex 52.6576 -53.9932 0
    endloop
  endfacet
  facet normal 0.772915 0.634509 0
    outer loop
      vertex 51.0478 -53.4468 8
      vertex 50.9772 -53.3608 0
      vertex 50.9772 -53.3608 8
    endloop
  endfacet
  facet normal 0.772915 0.634509 0
    outer loop
      vertex 50.9772 -53.3608 0
      vertex 51.0478 -53.4468 8
      vertex 51.0478 -53.4468 0
    endloop
  endfacet
  facet normal 0.84946 -0.527654 0
    outer loop
      vertex 50.8537 -51.4759 8
      vertex 50.9124 -51.3814 0
      vertex 50.9124 -51.3814 8
    endloop
  endfacet
  facet normal 0.84946 -0.527654 0
    outer loop
      vertex 50.9124 -51.3814 0
      vertex 50.8537 -51.4759 8
      vertex 50.8537 -51.4759 0
    endloop
  endfacet
  facet normal 0.730098 -0.683343 0
    outer loop
      vertex 51.0478 -51.205 8
      vertex 51.1238 -51.1238 0
      vertex 51.1238 -51.1238 8
    endloop
  endfacet
  facet normal 0.730098 -0.683343 0
    outer loop
      vertex 51.1238 -51.1238 0
      vertex 51.0478 -51.205 8
      vertex 51.0478 -51.205 0
    endloop
  endfacet
  facet normal 0.97398 -0.226633 0
    outer loop
      vertex 50.6586 -51.9942 8
      vertex 50.6838 -51.8859 0
      vertex 50.6838 -51.8859 8
    endloop
  endfacet
  facet normal 0.97398 -0.226633 0
    outer loop
      vertex 50.6838 -51.8859 0
      vertex 50.6586 -51.9942 8
      vertex 50.6586 -51.9942 0
    endloop
  endfacet
  facet normal 0.986539 -0.163525 0
    outer loop
      vertex 50.6404 -52.104 8
      vertex 50.6586 -51.9942 0
      vertex 50.6586 -51.9942 8
    endloop
  endfacet
  facet normal 0.986539 -0.163525 0
    outer loop
      vertex 50.6586 -51.9942 0
      vertex 50.6404 -52.104 8
      vertex 50.6404 -52.104 0
    endloop
  endfacet
  facet normal 0.93596 -0.352108 0
    outer loop
      vertex 50.7161 -51.7795 8
      vertex 50.7553 -51.6753 0
      vertex 50.7553 -51.6753 8
    endloop
  endfacet
  facet normal 0.93596 -0.352108 0
    outer loop
      vertex 50.7553 -51.6753 0
      vertex 50.7161 -51.7795 8
      vertex 50.7161 -51.7795 0
    endloop
  endfacet
  facet normal -0.910859 0.412719 0
    outer loop
      vertex 53.8506 -53.0778 0
      vertex 53.8965 -52.9765 8
      vertex 53.8965 -52.9765 0
    endloop
  endfacet
  facet normal -0.910859 0.412719 0
    outer loop
      vertex 53.8965 -52.9765 8
      vertex 53.8506 -53.0778 0
      vertex 53.8506 -53.0778 8
    endloop
  endfacet
  facet normal -0.84946 0.527654 0
    outer loop
      vertex 53.7394 -53.2704 0
      vertex 53.7981 -53.1759 8
      vertex 53.7981 -53.1759 0
    endloop
  endfacet
  facet normal -0.84946 0.527654 0
    outer loop
      vertex 53.7981 -53.1759 8
      vertex 53.7394 -53.2704 0
      vertex 53.7394 -53.2704 8
    endloop
  endfacet
  facet normal -0.97398 0.226633 0
    outer loop
      vertex 53.968 -52.7659 0
      vertex 53.9932 -52.6576 8
      vertex 53.9932 -52.6576 0
    endloop
  endfacet
  facet normal -0.97398 0.226633 0
    outer loop
      vertex 53.9932 -52.6576 8
      vertex 53.968 -52.7659 0
      vertex 53.968 -52.7659 8
    endloop
  endfacet
  facet normal -0.999476 0.0323571 0
    outer loop
      vertex 54.0223 -52.4371 0
      vertex 54.0259 -52.3259 8
      vertex 54.0259 -52.3259 0
    endloop
  endfacet
  facet normal -0.999476 0.0323571 0
    outer loop
      vertex 54.0259 -52.3259 8
      vertex 54.0223 -52.4371 0
      vertex 54.0223 -52.4371 8
    endloop
  endfacet
  facet normal -0.986539 0.163525 0
    outer loop
      vertex 53.9932 -52.6576 0
      vertex 54.0114 -52.5478 8
      vertex 54.0114 -52.5478 0
    endloop
  endfacet
  facet normal -0.986539 0.163525 0
    outer loop
      vertex 54.0114 -52.5478 8
      vertex 53.9932 -52.6576 0
      vertex 53.9932 -52.6576 8
    endloop
  endfacet
  facet normal -0.995187 -0.0979904 0
    outer loop
      vertex 54.0223 -52.2147 0
      vertex 54.0114 -52.104 8
      vertex 54.0114 -52.104 0
    endloop
  endfacet
  facet normal -0.995187 -0.0979904 0
    outer loop
      vertex 54.0114 -52.104 8
      vertex 54.0223 -52.2147 0
      vertex 54.0223 -52.2147 8
    endloop
  endfacet
  facet normal -0.956881 -0.290482 0
    outer loop
      vertex 53.968 -51.8859 0
      vertex 53.9357 -51.7795 8
      vertex 53.9357 -51.7795 0
    endloop
  endfacet
  facet normal -0.956881 -0.290482 0
    outer loop
      vertex 53.9357 -51.7795 8
      vertex 53.968 -51.8859 0
      vertex 53.968 -51.8859 8
    endloop
  endfacet
  facet normal -0.81276 -0.582598 0
    outer loop
      vertex 53.7394 -51.3814 0
      vertex 53.6746 -51.291 8
      vertex 53.6746 -51.291 0
    endloop
  endfacet
  facet normal -0.81276 -0.582598 0
    outer loop
      vertex 53.6746 -51.291 8
      vertex 53.7394 -51.3814 0
      vertex 53.7394 -51.3814 8
    endloop
  endfacet
  facet normal -0.772915 -0.634509 0
    outer loop
      vertex 53.6746 -51.291 0
      vertex 53.604 -51.205 8
      vertex 53.604 -51.205 0
    endloop
  endfacet
  facet normal -0.772915 -0.634509 0
    outer loop
      vertex 53.604 -51.205 8
      vertex 53.6746 -51.291 0
      vertex 53.6746 -51.291 8
    endloop
  endfacet
  facet normal -0.88168 -0.471847 0
    outer loop
      vertex 53.8506 -51.574 0
      vertex 53.7981 -51.4759 8
      vertex 53.7981 -51.4759 0
    endloop
  endfacet
  facet normal -0.88168 -0.471847 0
    outer loop
      vertex 53.7981 -51.4759 8
      vertex 53.8506 -51.574 0
      vertex 53.8506 -51.574 8
    endloop
  endfacet
  facet normal 0.471847 -0.88168 0
    outer loop
      vertex 51.4759 -50.8537 0
      vertex 51.574 -50.8012 8
      vertex 51.4759 -50.8537 8
    endloop
  endfacet
  facet normal 0.471847 -0.88168 0
    outer loop
      vertex 51.574 -50.8012 8
      vertex 51.4759 -50.8537 0
      vertex 51.574 -50.8012 0
    endloop
  endfacet
  facet normal 0.412719 -0.910859 0
    outer loop
      vertex 51.574 -50.8012 0
      vertex 51.6753 -50.7553 8
      vertex 51.574 -50.8012 8
    endloop
  endfacet
  facet normal 0.412719 -0.910859 0
    outer loop
      vertex 51.6753 -50.7553 8
      vertex 51.574 -50.8012 0
      vertex 51.6753 -50.7553 0
    endloop
  endfacet
  facet normal 0.582598 -0.81276 0
    outer loop
      vertex 51.291 -50.9772 0
      vertex 51.3814 -50.9124 8
      vertex 51.291 -50.9772 8
    endloop
  endfacet
  facet normal 0.582598 -0.81276 0
    outer loop
      vertex 51.3814 -50.9124 8
      vertex 51.291 -50.9772 0
      vertex 51.3814 -50.9124 0
    endloop
  endfacet
  facet normal 0.634509 -0.772915 0
    outer loop
      vertex 51.205 -51.0478 0
      vertex 51.291 -50.9772 8
      vertex 51.205 -51.0478 8
    endloop
  endfacet
  facet normal 0.634509 -0.772915 0
    outer loop
      vertex 51.291 -50.9772 8
      vertex 51.205 -51.0478 0
      vertex 51.291 -50.9772 0
    endloop
  endfacet
  facet normal 0.226633 -0.97398 0
    outer loop
      vertex 51.8859 -50.6838 0
      vertex 51.9942 -50.6586 8
      vertex 51.8859 -50.6838 8
    endloop
  endfacet
  facet normal 0.226633 -0.97398 0
    outer loop
      vertex 51.9942 -50.6586 8
      vertex 51.8859 -50.6838 0
      vertex 51.9942 -50.6586 0
    endloop
  endfacet
  facet normal 0.290482 -0.956881 0
    outer loop
      vertex 51.7795 -50.7161 0
      vertex 51.8859 -50.6838 8
      vertex 51.7795 -50.7161 8
    endloop
  endfacet
  facet normal 0.290482 -0.956881 0
    outer loop
      vertex 51.8859 -50.6838 8
      vertex 51.7795 -50.7161 0
      vertex 51.8859 -50.6838 0
    endloop
  endfacet
  facet normal 0.0979904 -0.995187 0
    outer loop
      vertex 52.104 -50.6404 0
      vertex 52.2147 -50.6295 8
      vertex 52.104 -50.6404 8
    endloop
  endfacet
  facet normal 0.0979904 -0.995187 0
    outer loop
      vertex 52.2147 -50.6295 8
      vertex 52.104 -50.6404 0
      vertex 52.2147 -50.6295 0
    endloop
  endfacet
  facet normal -0.471847 -0.88168 0
    outer loop
      vertex 53.0778 -50.8012 0
      vertex 53.1759 -50.8537 8
      vertex 53.0778 -50.8012 8
    endloop
  endfacet
  facet normal -0.471847 -0.88168 -0
    outer loop
      vertex 53.1759 -50.8537 8
      vertex 53.0778 -50.8012 0
      vertex 53.1759 -50.8537 0
    endloop
  endfacet
  facet normal -0.683343 -0.730098 0
    outer loop
      vertex 53.4468 -51.0478 0
      vertex 53.528 -51.1238 8
      vertex 53.4468 -51.0478 8
    endloop
  endfacet
  facet normal -0.683343 -0.730098 -0
    outer loop
      vertex 53.528 -51.1238 8
      vertex 53.4468 -51.0478 0
      vertex 53.528 -51.1238 0
    endloop
  endfacet
  facet normal -0.290482 -0.956881 0
    outer loop
      vertex 52.7659 -50.6838 0
      vertex 52.8723 -50.7161 8
      vertex 52.7659 -50.6838 8
    endloop
  endfacet
  facet normal -0.290482 -0.956881 -0
    outer loop
      vertex 52.8723 -50.7161 8
      vertex 52.7659 -50.6838 0
      vertex 52.8723 -50.7161 0
    endloop
  endfacet
  facet normal -0.0979904 -0.995187 0
    outer loop
      vertex 52.4371 -50.6295 0
      vertex 52.5478 -50.6404 8
      vertex 52.4371 -50.6295 8
    endloop
  endfacet
  facet normal -0.0979904 -0.995187 -0
    outer loop
      vertex 52.5478 -50.6404 8
      vertex 52.4371 -50.6295 0
      vertex 52.5478 -50.6404 0
    endloop
  endfacet
  facet normal -0.0323571 -0.999476 0
    outer loop
      vertex 52.3259 -50.6259 0
      vertex 52.4371 -50.6295 8
      vertex 52.3259 -50.6259 8
    endloop
  endfacet
  facet normal -0.0323571 -0.999476 -0
    outer loop
      vertex 52.4371 -50.6295 8
      vertex 52.3259 -50.6259 0
      vertex 52.4371 -50.6295 0
    endloop
  endfacet
  facet normal -0.730098 0.683343 0
    outer loop
      vertex 53.528 -53.528 0
      vertex 53.604 -53.4468 8
      vertex 53.604 -53.4468 0
    endloop
  endfacet
  facet normal -0.730098 0.683343 0
    outer loop
      vertex 53.604 -53.4468 8
      vertex 53.528 -53.528 0
      vertex 53.528 -53.528 8
    endloop
  endfacet
  facet normal -0.582598 0.81276 0
    outer loop
      vertex 53.3608 -53.6746 0
      vertex 53.2704 -53.7394 8
      vertex 53.3608 -53.6746 8
    endloop
  endfacet
  facet normal -0.582598 0.81276 0
    outer loop
      vertex 53.2704 -53.7394 8
      vertex 53.3608 -53.6746 0
      vertex 53.2704 -53.7394 0
    endloop
  endfacet
  facet normal 0.634509 0.772915 -0
    outer loop
      vertex 51.291 -53.6746 0
      vertex 51.205 -53.604 8
      vertex 51.291 -53.6746 8
    endloop
  endfacet
  facet normal 0.634509 0.772915 0
    outer loop
      vertex 51.205 -53.604 8
      vertex 51.291 -53.6746 0
      vertex 51.205 -53.604 0
    endloop
  endfacet
  facet normal 0.412719 0.910859 -0
    outer loop
      vertex 51.6753 -53.8965 0
      vertex 51.574 -53.8506 8
      vertex 51.6753 -53.8965 8
    endloop
  endfacet
  facet normal 0.412719 0.910859 0
    outer loop
      vertex 51.574 -53.8506 8
      vertex 51.6753 -53.8965 0
      vertex 51.574 -53.8506 0
    endloop
  endfacet
  facet normal 0.527654 0.84946 -0
    outer loop
      vertex 51.4759 -53.7981 0
      vertex 51.3814 -53.7394 8
      vertex 51.4759 -53.7981 8
    endloop
  endfacet
  facet normal 0.527654 0.84946 0
    outer loop
      vertex 51.3814 -53.7394 8
      vertex 51.4759 -53.7981 0
      vertex 51.3814 -53.7394 0
    endloop
  endfacet
  facet normal 0.163525 0.986539 -0
    outer loop
      vertex 52.104 -54.0114 0
      vertex 51.9942 -53.9932 8
      vertex 52.104 -54.0114 8
    endloop
  endfacet
  facet normal 0.163525 0.986539 0
    outer loop
      vertex 51.9942 -53.9932 8
      vertex 52.104 -54.0114 0
      vertex 51.9942 -53.9932 0
    endloop
  endfacet
  facet normal 0.0323571 0.999476 -0
    outer loop
      vertex 52.3259 -54.0259 0
      vertex 52.2147 -54.0223 8
      vertex 52.3259 -54.0259 8
    endloop
  endfacet
  facet normal 0.0323571 0.999476 0
    outer loop
      vertex 52.2147 -54.0223 8
      vertex 52.3259 -54.0259 0
      vertex 52.2147 -54.0223 0
    endloop
  endfacet
  facet normal 0.226633 0.97398 -0
    outer loop
      vertex 51.9942 -53.9932 0
      vertex 51.8859 -53.968 8
      vertex 51.9942 -53.9932 8
    endloop
  endfacet
  facet normal 0.226633 0.97398 0
    outer loop
      vertex 51.8859 -53.968 8
      vertex 51.9942 -53.9932 0
      vertex 51.8859 -53.968 0
    endloop
  endfacet
  facet normal 0.352108 0.93596 -0
    outer loop
      vertex 51.7795 -53.9357 0
      vertex 51.6753 -53.8965 8
      vertex 51.7795 -53.9357 8
    endloop
  endfacet
  facet normal 0.352108 0.93596 0
    outer loop
      vertex 51.6753 -53.8965 8
      vertex 51.7795 -53.9357 0
      vertex 51.6753 -53.8965 0
    endloop
  endfacet
  facet normal -0.290482 0.956881 0
    outer loop
      vertex 52.8723 -53.9357 0
      vertex 52.7659 -53.968 8
      vertex 52.8723 -53.9357 8
    endloop
  endfacet
  facet normal -0.290482 0.956881 0
    outer loop
      vertex 52.7659 -53.968 8
      vertex 52.8723 -53.9357 0
      vertex 52.7659 -53.968 0
    endloop
  endfacet
  facet normal -0.0979904 0.995187 0
    outer loop
      vertex 52.5478 -54.0114 0
      vertex 52.4371 -54.0223 8
      vertex 52.5478 -54.0114 8
    endloop
  endfacet
  facet normal -0.0979904 0.995187 0
    outer loop
      vertex 52.4371 -54.0223 8
      vertex 52.5478 -54.0114 0
      vertex 52.4371 -54.0223 0
    endloop
  endfacet
  facet normal 0.730098 0.683343 0
    outer loop
      vertex 51.1238 -53.528 8
      vertex 51.0478 -53.4468 0
      vertex 51.0478 -53.4468 8
    endloop
  endfacet
  facet normal 0.730098 0.683343 0
    outer loop
      vertex 51.0478 -53.4468 0
      vertex 51.1238 -53.528 8
      vertex 51.1238 -53.528 0
    endloop
  endfacet
  facet normal 0.910859 0.412719 0
    outer loop
      vertex 50.8012 -53.0778 8
      vertex 50.7553 -52.9765 0
      vertex 50.7553 -52.9765 8
    endloop
  endfacet
  facet normal 0.910859 0.412719 0
    outer loop
      vertex 50.7553 -52.9765 0
      vertex 50.8012 -53.0778 8
      vertex 50.8012 -53.0778 0
    endloop
  endfacet
  facet normal 0.84946 0.527654 0
    outer loop
      vertex 50.9124 -53.2704 8
      vertex 50.8537 -53.1759 0
      vertex 50.8537 -53.1759 8
    endloop
  endfacet
  facet normal 0.84946 0.527654 0
    outer loop
      vertex 50.8537 -53.1759 0
      vertex 50.9124 -53.2704 8
      vertex 50.9124 -53.2704 0
    endloop
  endfacet
  facet normal 0.97398 0.226633 0
    outer loop
      vertex 50.6838 -52.7659 8
      vertex 50.6586 -52.6576 0
      vertex 50.6586 -52.6576 8
    endloop
  endfacet
  facet normal 0.97398 0.226633 0
    outer loop
      vertex 50.6586 -52.6576 0
      vertex 50.6838 -52.7659 8
      vertex 50.6838 -52.7659 0
    endloop
  endfacet
  facet normal 0.93596 0.352108 0
    outer loop
      vertex 50.7553 -52.9765 8
      vertex 50.7161 -52.8723 0
      vertex 50.7161 -52.8723 8
    endloop
  endfacet
  facet normal 0.93596 0.352108 0
    outer loop
      vertex 50.7161 -52.8723 0
      vertex 50.7553 -52.9765 8
      vertex 50.7553 -52.9765 0
    endloop
  endfacet
  facet normal 0.986539 0.163525 0
    outer loop
      vertex 50.6586 -52.6576 8
      vertex 50.6404 -52.5478 0
      vertex 50.6404 -52.5478 8
    endloop
  endfacet
  facet normal 0.986539 0.163525 0
    outer loop
      vertex 50.6404 -52.5478 0
      vertex 50.6586 -52.6576 8
      vertex 50.6586 -52.6576 0
    endloop
  endfacet
  facet normal 0.88168 -0.471847 0
    outer loop
      vertex 50.8012 -51.574 8
      vertex 50.8537 -51.4759 0
      vertex 50.8537 -51.4759 8
    endloop
  endfacet
  facet normal 0.88168 -0.471847 0
    outer loop
      vertex 50.8537 -51.4759 0
      vertex 50.8012 -51.574 8
      vertex 50.8012 -51.574 0
    endloop
  endfacet
  facet normal 0.772915 -0.634509 0
    outer loop
      vertex 50.9772 -51.291 8
      vertex 51.0478 -51.205 0
      vertex 51.0478 -51.205 8
    endloop
  endfacet
  facet normal 0.772915 -0.634509 0
    outer loop
      vertex 51.0478 -51.205 0
      vertex 50.9772 -51.291 8
      vertex 50.9772 -51.291 0
    endloop
  endfacet
  facet normal 0.956881 -0.290482 0
    outer loop
      vertex 50.6838 -51.8859 8
      vertex 50.7161 -51.7795 0
      vertex 50.7161 -51.7795 8
    endloop
  endfacet
  facet normal 0.956881 -0.290482 0
    outer loop
      vertex 50.7161 -51.7795 0
      vertex 50.6838 -51.8859 8
      vertex 50.6838 -51.8859 0
    endloop
  endfacet
  facet normal 0.995187 -0.0979904 0
    outer loop
      vertex 50.6295 -52.2147 8
      vertex 50.6404 -52.104 0
      vertex 50.6404 -52.104 8
    endloop
  endfacet
  facet normal 0.995187 -0.0979904 0
    outer loop
      vertex 50.6404 -52.104 0
      vertex 50.6295 -52.2147 8
      vertex 50.6295 -52.2147 0
    endloop
  endfacet
  facet normal 0.999476 -0.0323571 0
    outer loop
      vertex 50.6259 -52.3259 8
      vertex 50.6295 -52.2147 0
      vertex 50.6295 -52.2147 8
    endloop
  endfacet
  facet normal 0.999476 -0.0323571 0
    outer loop
      vertex 50.6295 -52.2147 0
      vertex 50.6259 -52.3259 8
      vertex 50.6259 -52.3259 0
    endloop
  endfacet
  facet normal -0.88168 0.471847 0
    outer loop
      vertex 53.7981 -53.1759 0
      vertex 53.8506 -53.0778 8
      vertex 53.8506 -53.0778 0
    endloop
  endfacet
  facet normal -0.88168 0.471847 0
    outer loop
      vertex 53.8506 -53.0778 8
      vertex 53.7981 -53.1759 0
      vertex 53.7981 -53.1759 8
    endloop
  endfacet
  facet normal -0.956881 0.290482 0
    outer loop
      vertex 53.9357 -52.8723 0
      vertex 53.968 -52.7659 8
      vertex 53.968 -52.7659 0
    endloop
  endfacet
  facet normal -0.956881 0.290482 0
    outer loop
      vertex 53.968 -52.7659 8
      vertex 53.9357 -52.8723 0
      vertex 53.9357 -52.8723 8
    endloop
  endfacet
  facet normal -0.995187 0.0979904 0
    outer loop
      vertex 54.0114 -52.5478 0
      vertex 54.0223 -52.4371 8
      vertex 54.0223 -52.4371 0
    endloop
  endfacet
  facet normal -0.995187 0.0979904 0
    outer loop
      vertex 54.0223 -52.4371 8
      vertex 54.0114 -52.5478 0
      vertex 54.0114 -52.5478 8
    endloop
  endfacet
  facet normal -0.471847 0.88168 0
    outer loop
      vertex 53.1759 -53.7981 0
      vertex 53.0778 -53.8506 8
      vertex 53.1759 -53.7981 8
    endloop
  endfacet
  facet normal -0.471847 0.88168 0
    outer loop
      vertex 53.0778 -53.8506 8
      vertex 53.1759 -53.7981 0
      vertex 53.0778 -53.8506 0
    endloop
  endfacet
  facet normal 0.582598 0.81276 -0
    outer loop
      vertex 51.3814 -53.7394 0
      vertex 51.291 -53.6746 8
      vertex 51.3814 -53.7394 8
    endloop
  endfacet
  facet normal 0.582598 0.81276 0
    outer loop
      vertex 51.291 -53.6746 8
      vertex 51.3814 -53.7394 0
      vertex 51.291 -53.6746 0
    endloop
  endfacet
  facet normal 0.471847 0.88168 -0
    outer loop
      vertex 51.574 -53.8506 0
      vertex 51.4759 -53.7981 8
      vertex 51.574 -53.8506 8
    endloop
  endfacet
  facet normal 0.471847 0.88168 0
    outer loop
      vertex 51.4759 -53.7981 8
      vertex 51.574 -53.8506 0
      vertex 51.4759 -53.7981 0
    endloop
  endfacet
  facet normal 0.0979904 0.995187 -0
    outer loop
      vertex 52.2147 -54.0223 0
      vertex 52.104 -54.0114 8
      vertex 52.2147 -54.0223 8
    endloop
  endfacet
  facet normal 0.0979904 0.995187 0
    outer loop
      vertex 52.104 -54.0114 8
      vertex 52.2147 -54.0223 0
      vertex 52.104 -54.0114 0
    endloop
  endfacet
  facet normal 0.290482 0.956881 -0
    outer loop
      vertex 51.8859 -53.968 0
      vertex 51.7795 -53.9357 8
      vertex 51.8859 -53.968 8
    endloop
  endfacet
  facet normal 0.290482 0.956881 0
    outer loop
      vertex 51.7795 -53.9357 8
      vertex 51.8859 -53.968 0
      vertex 51.7795 -53.9357 0
    endloop
  endfacet
  facet normal -0.352108 0.93596 0
    outer loop
      vertex 52.9765 -53.8965 0
      vertex 52.8723 -53.9357 8
      vertex 52.9765 -53.8965 8
    endloop
  endfacet
  facet normal -0.352108 0.93596 0
    outer loop
      vertex 52.8723 -53.9357 8
      vertex 52.9765 -53.8965 0
      vertex 52.8723 -53.9357 0
    endloop
  endfacet
  facet normal -0.163525 0.986539 0
    outer loop
      vertex 52.6576 -53.9932 0
      vertex 52.5478 -54.0114 8
      vertex 52.6576 -53.9932 8
    endloop
  endfacet
  facet normal -0.163525 0.986539 0
    outer loop
      vertex 52.5478 -54.0114 8
      vertex 52.6576 -53.9932 0
      vertex 52.5478 -54.0114 0
    endloop
  endfacet
  facet normal 0.88168 0.471847 0
    outer loop
      vertex 50.8537 -53.1759 8
      vertex 50.8012 -53.0778 0
      vertex 50.8012 -53.0778 8
    endloop
  endfacet
  facet normal 0.88168 0.471847 0
    outer loop
      vertex 50.8012 -53.0778 0
      vertex 50.8537 -53.1759 8
      vertex 50.8537 -53.1759 0
    endloop
  endfacet
  facet normal 0.956881 0.290482 0
    outer loop
      vertex 50.7161 -52.8723 8
      vertex 50.6838 -52.7659 0
      vertex 50.6838 -52.7659 8
    endloop
  endfacet
  facet normal 0.956881 0.290482 0
    outer loop
      vertex 50.6838 -52.7659 0
      vertex 50.7161 -52.8723 8
      vertex 50.7161 -52.8723 0
    endloop
  endfacet
  facet normal 0.995187 0.0979904 0
    outer loop
      vertex 50.6404 -52.5478 8
      vertex 50.6295 -52.4371 0
      vertex 50.6295 -52.4371 8
    endloop
  endfacet
  facet normal 0.995187 0.0979904 0
    outer loop
      vertex 50.6295 -52.4371 0
      vertex 50.6404 -52.5478 8
      vertex 50.6404 -52.5478 0
    endloop
  endfacet
  facet normal -0.634509 0.772915 0
    outer loop
      vertex 53.4468 -53.604 0
      vertex 53.3608 -53.6746 8
      vertex 53.4468 -53.604 8
    endloop
  endfacet
  facet normal -0.634509 0.772915 0
    outer loop
      vertex 53.3608 -53.6746 8
      vertex 53.4468 -53.604 0
      vertex 53.3608 -53.6746 0
    endloop
  endfacet
  facet normal -0.527654 0.84946 0
    outer loop
      vertex 53.2704 -53.7394 0
      vertex 53.1759 -53.7981 8
      vertex 53.2704 -53.7394 8
    endloop
  endfacet
  facet normal -0.527654 0.84946 0
    outer loop
      vertex 53.1759 -53.7981 8
      vertex 53.2704 -53.7394 0
      vertex 53.1759 -53.7981 0
    endloop
  endfacet
  facet normal -0.471847 -0.88168 0
    outer loop
      vertex 37.7519 65.6106 0
      vertex 37.85 65.5581 8
      vertex 37.7519 65.6106 8
    endloop
  endfacet
  facet normal -0.471847 -0.88168 -0
    outer loop
      vertex 37.85 65.5581 8
      vertex 37.7519 65.6106 0
      vertex 37.85 65.5581 0
    endloop
  endfacet
  facet normal 0.88168 -0.471847 0
    outer loop
      vertex 35.4753 64.8378 8
      vertex 35.5278 64.9359 0
      vertex 35.5278 64.9359 8
    endloop
  endfacet
  facet normal 0.88168 -0.471847 0
    outer loop
      vertex 35.5278 64.9359 0
      vertex 35.4753 64.8378 8
      vertex 35.4753 64.8378 0
    endloop
  endfacet
  facet normal -0.88168 0.471847 0
    outer loop
      vertex 38.4722 63.2359 0
      vertex 38.5247 63.334 8
      vertex 38.5247 63.334 0
    endloop
  endfacet
  facet normal -0.88168 0.471847 0
    outer loop
      vertex 38.5247 63.334 8
      vertex 38.4722 63.2359 0
      vertex 38.4722 63.2359 8
    endloop
  endfacet
  facet normal 0.290482 -0.956881 0
    outer loop
      vertex 36.4536 65.6957 0
      vertex 36.56 65.728 8
      vertex 36.4536 65.6957 8
    endloop
  endfacet
  facet normal 0.290482 -0.956881 0
    outer loop
      vertex 36.56 65.728 8
      vertex 36.4536 65.6957 0
      vertex 36.56 65.728 0
    endloop
  endfacet
  facet normal -0.0979904 -0.995187 0
    outer loop
      vertex 37.1112 65.7822 0
      vertex 37.2219 65.7713 8
      vertex 37.1112 65.7822 8
    endloop
  endfacet
  facet normal -0.0979904 -0.995187 -0
    outer loop
      vertex 37.2219 65.7713 8
      vertex 37.1112 65.7822 0
      vertex 37.2219 65.7713 0
    endloop
  endfacet
  facet normal 0.412719 -0.910859 0
    outer loop
      vertex 36.2481 65.6106 0
      vertex 36.3494 65.6565 8
      vertex 36.2481 65.6106 8
    endloop
  endfacet
  facet normal 0.412719 -0.910859 0
    outer loop
      vertex 36.3494 65.6565 8
      vertex 36.2481 65.6106 0
      vertex 36.3494 65.6565 0
    endloop
  endfacet
  facet normal 0.88168 0.471847 0
    outer loop
      vertex 35.5278 63.2359 8
      vertex 35.4753 63.334 0
      vertex 35.4753 63.334 8
    endloop
  endfacet
  facet normal 0.88168 0.471847 0
    outer loop
      vertex 35.4753 63.334 0
      vertex 35.5278 63.2359 8
      vertex 35.5278 63.2359 0
    endloop
  endfacet
  facet normal 0.97398 0.226633 0
    outer loop
      vertex 35.3579 63.6459 8
      vertex 35.3327 63.7542 0
      vertex 35.3327 63.7542 8
    endloop
  endfacet
  facet normal 0.97398 0.226633 0
    outer loop
      vertex 35.3327 63.7542 0
      vertex 35.3579 63.6459 8
      vertex 35.3579 63.6459 0
    endloop
  endfacet
  facet normal 0.935848 -0.352404 0
    outer loop
      vertex 35.3902 64.6323 8
      vertex 35.4294 64.7364 0
      vertex 35.4294 64.7364 8
    endloop
  endfacet
  facet normal 0.935848 -0.352404 0
    outer loop
      vertex 35.4294 64.7364 0
      vertex 35.3902 64.6323 8
      vertex 35.3902 64.6323 0
    endloop
  endfacet
  facet normal -0.352108 -0.93596 0
    outer loop
      vertex 37.5464 65.6957 0
      vertex 37.6506 65.6565 8
      vertex 37.5464 65.6957 8
    endloop
  endfacet
  facet normal -0.352108 -0.93596 -0
    outer loop
      vertex 37.6506 65.6565 8
      vertex 37.5464 65.6957 0
      vertex 37.6506 65.6565 0
    endloop
  endfacet
  facet normal -0.412719 -0.910859 0
    outer loop
      vertex 37.6506 65.6565 0
      vertex 37.7519 65.6106 8
      vertex 37.6506 65.6565 8
    endloop
  endfacet
  facet normal -0.412719 -0.910859 -0
    outer loop
      vertex 37.7519 65.6106 8
      vertex 37.6506 65.6565 0
      vertex 37.7519 65.6106 0
    endloop
  endfacet
  facet normal -0.226633 -0.97398 0
    outer loop
      vertex 37.3317 65.7532 0
      vertex 37.44 65.728 8
      vertex 37.3317 65.7532 8
    endloop
  endfacet
  facet normal -0.226633 -0.97398 -0
    outer loop
      vertex 37.44 65.728 8
      vertex 37.3317 65.7532 0
      vertex 37.44 65.728 0
    endloop
  endfacet
  facet normal 0.0979904 -0.995187 0
    outer loop
      vertex 36.7781 65.7713 0
      vertex 36.8888 65.7822 8
      vertex 36.7781 65.7713 8
    endloop
  endfacet
  facet normal 0.0979904 -0.995187 0
    outer loop
      vertex 36.8888 65.7822 8
      vertex 36.7781 65.7713 0
      vertex 36.8888 65.7822 0
    endloop
  endfacet
  facet normal 0.16265 -0.986684 0
    outer loop
      vertex 36.6683 65.7532 0
      vertex 36.7781 65.7713 8
      vertex 36.6683 65.7532 8
    endloop
  endfacet
  facet normal 0.16265 -0.986684 0
    outer loop
      vertex 36.7781 65.7713 8
      vertex 36.6683 65.7532 0
      vertex 36.7781 65.7713 0
    endloop
  endfacet
  facet normal 0.772915 -0.634509 0
    outer loop
      vertex 35.6513 65.1208 8
      vertex 35.7219 65.2068 0
      vertex 35.7219 65.2068 8
    endloop
  endfacet
  facet normal 0.772915 -0.634509 0
    outer loop
      vertex 35.7219 65.2068 0
      vertex 35.6513 65.1208 8
      vertex 35.6513 65.1208 0
    endloop
  endfacet
  facet normal 0.813065 -0.582173 0
    outer loop
      vertex 35.5865 65.0303 8
      vertex 35.6513 65.1208 0
      vertex 35.6513 65.1208 8
    endloop
  endfacet
  facet normal 0.813065 -0.582173 0
    outer loop
      vertex 35.6513 65.1208 0
      vertex 35.5865 65.0303 8
      vertex 35.5865 65.0303 0
    endloop
  endfacet
  facet normal 0.527654 -0.84946 0
    outer loop
      vertex 36.0555 65.4994 0
      vertex 36.15 65.5581 8
      vertex 36.0555 65.4994 8
    endloop
  endfacet
  facet normal 0.527654 -0.84946 0
    outer loop
      vertex 36.15 65.5581 8
      vertex 36.0555 65.4994 0
      vertex 36.15 65.5581 0
    endloop
  endfacet
  facet normal 0.352108 -0.93596 0
    outer loop
      vertex 36.3494 65.6565 0
      vertex 36.4536 65.6957 8
      vertex 36.3494 65.6565 8
    endloop
  endfacet
  facet normal 0.352108 -0.93596 0
    outer loop
      vertex 36.4536 65.6957 8
      vertex 36.3494 65.6565 0
      vertex 36.4536 65.6957 0
    endloop
  endfacet
  facet normal 0.910859 0.412719 0
    outer loop
      vertex 35.4753 63.334 8
      vertex 35.4294 63.4353 0
      vertex 35.4294 63.4353 8
    endloop
  endfacet
  facet normal 0.910859 0.412719 0
    outer loop
      vertex 35.4294 63.4353 0
      vertex 35.4753 63.334 8
      vertex 35.4753 63.334 0
    endloop
  endfacet
  facet normal 0.683343 0.730098 -0
    outer loop
      vertex 35.8791 62.8078 0
      vertex 35.7979 62.8838 8
      vertex 35.8791 62.8078 8
    endloop
  endfacet
  facet normal 0.683343 0.730098 0
    outer loop
      vertex 35.7979 62.8838 8
      vertex 35.8791 62.8078 0
      vertex 35.7979 62.8838 0
    endloop
  endfacet
  facet normal 0.772915 0.634509 0
    outer loop
      vertex 35.7219 62.965 8
      vertex 35.6513 63.051 0
      vertex 35.6513 63.051 8
    endloop
  endfacet
  facet normal 0.772915 0.634509 0
    outer loop
      vertex 35.6513 63.051 0
      vertex 35.7219 62.965 8
      vertex 35.7219 62.965 0
    endloop
  endfacet
  facet normal 0.634509 0.772915 -0
    outer loop
      vertex 35.9651 62.7372 0
      vertex 35.8791 62.8078 8
      vertex 35.9651 62.7372 8
    endloop
  endfacet
  facet normal 0.634509 0.772915 0
    outer loop
      vertex 35.8791 62.8078 8
      vertex 35.9651 62.7372 0
      vertex 35.8791 62.8078 0
    endloop
  endfacet
  facet normal 0.999476 0.0323571 0
    outer loop
      vertex 35.3036 63.9747 8
      vertex 35.3 64.0859 0
      vertex 35.3 64.0859 8
    endloop
  endfacet
  facet normal 0.999476 0.0323571 0
    outer loop
      vertex 35.3 64.0859 0
      vertex 35.3036 63.9747 8
      vertex 35.3036 63.9747 0
    endloop
  endfacet
  facet normal 0.999476 -0.0323571 0
    outer loop
      vertex 35.3 64.0859 8
      vertex 35.3036 64.1971 0
      vertex 35.3036 64.1971 8
    endloop
  endfacet
  facet normal 0.999476 -0.0323571 0
    outer loop
      vertex 35.3036 64.1971 0
      vertex 35.3 64.0859 8
      vertex 35.3 64.0859 0
    endloop
  endfacet
  facet normal 0.974026 -0.226434 0
    outer loop
      vertex 35.3327 64.4175 8
      vertex 35.3579 64.5259 0
      vertex 35.3579 64.5259 8
    endloop
  endfacet
  facet normal 0.974026 -0.226434 0
    outer loop
      vertex 35.3579 64.5259 0
      vertex 35.3327 64.4175 8
      vertex 35.3327 64.4175 0
    endloop
  endfacet
  facet normal 0.911012 -0.412381 0
    outer loop
      vertex 35.4294 64.7364 8
      vertex 35.4753 64.8378 0
      vertex 35.4753 64.8378 8
    endloop
  endfacet
  facet normal 0.911012 -0.412381 0
    outer loop
      vertex 35.4753 64.8378 0
      vertex 35.4294 64.7364 8
      vertex 35.4294 64.7364 0
    endloop
  endfacet
  facet normal -0.956881 -0.290482 0
    outer loop
      vertex 38.6421 64.5259 0
      vertex 38.6098 64.6323 8
      vertex 38.6098 64.6323 0
    endloop
  endfacet
  facet normal -0.956881 -0.290482 0
    outer loop
      vertex 38.6098 64.6323 8
      vertex 38.6421 64.5259 0
      vertex 38.6421 64.5259 8
    endloop
  endfacet
  facet normal -0.772915 -0.634509 0
    outer loop
      vertex 38.3487 65.1208 0
      vertex 38.2781 65.2068 8
      vertex 38.2781 65.2068 0
    endloop
  endfacet
  facet normal -0.772915 -0.634509 0
    outer loop
      vertex 38.2781 65.2068 8
      vertex 38.3487 65.1208 0
      vertex 38.3487 65.1208 8
    endloop
  endfacet
  facet normal -0.634509 0.772915 0
    outer loop
      vertex 38.1209 62.8078 0
      vertex 38.0349 62.7372 8
      vertex 38.1209 62.8078 8
    endloop
  endfacet
  facet normal -0.634509 0.772915 0
    outer loop
      vertex 38.0349 62.7372 8
      vertex 38.1209 62.8078 0
      vertex 38.0349 62.7372 0
    endloop
  endfacet
  facet normal -0.910859 0.412719 0
    outer loop
      vertex 38.5247 63.334 0
      vertex 38.5706 63.4353 8
      vertex 38.5706 63.4353 0
    endloop
  endfacet
  facet normal -0.910859 0.412719 0
    outer loop
      vertex 38.5706 63.4353 8
      vertex 38.5247 63.334 0
      vertex 38.5247 63.334 8
    endloop
  endfacet
  facet normal -0.986539 0.163525 0
    outer loop
      vertex 38.6673 63.7542 0
      vertex 38.6855 63.864 8
      vertex 38.6855 63.864 0
    endloop
  endfacet
  facet normal -0.986539 0.163525 0
    outer loop
      vertex 38.6855 63.864 8
      vertex 38.6673 63.7542 0
      vertex 38.6673 63.7542 8
    endloop
  endfacet
  facet normal -0.97398 0.226633 0
    outer loop
      vertex 38.6421 63.6459 0
      vertex 38.6673 63.7542 8
      vertex 38.6673 63.7542 0
    endloop
  endfacet
  facet normal -0.97398 0.226633 0
    outer loop
      vertex 38.6673 63.7542 8
      vertex 38.6421 63.6459 0
      vertex 38.6421 63.6459 8
    endloop
  endfacet
  facet normal -0.290482 -0.956881 0
    outer loop
      vertex 37.44 65.728 0
      vertex 37.5464 65.6957 8
      vertex 37.44 65.728 8
    endloop
  endfacet
  facet normal -0.290482 -0.956881 -0
    outer loop
      vertex 37.5464 65.6957 8
      vertex 37.44 65.728 0
      vertex 37.5464 65.6957 0
    endloop
  endfacet
  facet normal -0.16265 -0.986684 0
    outer loop
      vertex 37.2219 65.7713 0
      vertex 37.3317 65.7532 8
      vertex 37.2219 65.7713 8
    endloop
  endfacet
  facet normal -0.16265 -0.986684 -0
    outer loop
      vertex 37.3317 65.7532 8
      vertex 37.2219 65.7713 0
      vertex 37.3317 65.7532 0
    endloop
  endfacet
  facet normal 0.226633 -0.97398 0
    outer loop
      vertex 36.56 65.728 0
      vertex 36.6683 65.7532 8
      vertex 36.56 65.728 8
    endloop
  endfacet
  facet normal 0.226633 -0.97398 0
    outer loop
      vertex 36.6683 65.7532 8
      vertex 36.56 65.728 0
      vertex 36.6683 65.7532 0
    endloop
  endfacet
  facet normal 0.033255 -0.999447 0
    outer loop
      vertex 36.8888 65.7822 0
      vertex 37 65.7859 8
      vertex 36.8888 65.7822 8
    endloop
  endfacet
  facet normal 0.033255 -0.999447 0
    outer loop
      vertex 37 65.7859 8
      vertex 36.8888 65.7822 0
      vertex 37 65.7859 0
    endloop
  endfacet
  facet normal -0.033255 -0.999447 0
    outer loop
      vertex 37 65.7859 0
      vertex 37.1112 65.7822 8
      vertex 37 65.7859 8
    endloop
  endfacet
  facet normal -0.033255 -0.999447 -0
    outer loop
      vertex 37.1112 65.7822 8
      vertex 37 65.7859 0
      vertex 37.1112 65.7822 0
    endloop
  endfacet
  facet normal 0.683343 -0.730098 0
    outer loop
      vertex 35.7979 65.288 0
      vertex 35.8791 65.364 8
      vertex 35.7979 65.288 8
    endloop
  endfacet
  facet normal 0.683343 -0.730098 0
    outer loop
      vertex 35.8791 65.364 8
      vertex 35.7979 65.288 0
      vertex 35.8791 65.364 0
    endloop
  endfacet
  facet normal 0.730098 -0.683343 0
    outer loop
      vertex 35.7219 65.2068 8
      vertex 35.7979 65.288 0
      vertex 35.7979 65.288 8
    endloop
  endfacet
  facet normal 0.730098 -0.683343 0
    outer loop
      vertex 35.7979 65.288 0
      vertex 35.7219 65.2068 8
      vertex 35.7219 65.2068 0
    endloop
  endfacet
  facet normal 0.849209 -0.528057 0
    outer loop
      vertex 35.5278 64.9359 8
      vertex 35.5865 65.0303 0
      vertex 35.5865 65.0303 8
    endloop
  endfacet
  facet normal 0.849209 -0.528057 0
    outer loop
      vertex 35.5865 65.0303 0
      vertex 35.5278 64.9359 8
      vertex 35.5278 64.9359 0
    endloop
  endfacet
  facet normal 0.634509 -0.772915 0
    outer loop
      vertex 35.8791 65.364 0
      vertex 35.9651 65.4346 8
      vertex 35.8791 65.364 8
    endloop
  endfacet
  facet normal 0.634509 -0.772915 0
    outer loop
      vertex 35.9651 65.4346 8
      vertex 35.8791 65.364 0
      vertex 35.9651 65.4346 0
    endloop
  endfacet
  facet normal 0.471847 -0.88168 0
    outer loop
      vertex 36.15 65.5581 0
      vertex 36.2481 65.6106 8
      vertex 36.15 65.5581 8
    endloop
  endfacet
  facet normal 0.471847 -0.88168 0
    outer loop
      vertex 36.2481 65.6106 8
      vertex 36.15 65.5581 0
      vertex 36.2481 65.6106 0
    endloop
  endfacet
  facet normal 0.956956 0.290232 0
    outer loop
      vertex 35.3902 63.5394 8
      vertex 35.3579 63.6459 0
      vertex 35.3579 63.6459 8
    endloop
  endfacet
  facet normal 0.956956 0.290232 0
    outer loop
      vertex 35.3579 63.6459 0
      vertex 35.3902 63.5394 8
      vertex 35.3902 63.5394 0
    endloop
  endfacet
  facet normal 0.935848 0.352404 0
    outer loop
      vertex 35.4294 63.4353 8
      vertex 35.3902 63.5394 0
      vertex 35.3902 63.5394 8
    endloop
  endfacet
  facet normal 0.935848 0.352404 0
    outer loop
      vertex 35.3902 63.5394 0
      vertex 35.4294 63.4353 8
      vertex 35.4294 63.4353 0
    endloop
  endfacet
  facet normal 0.81276 0.582598 0
    outer loop
      vertex 35.6513 63.051 8
      vertex 35.5865 63.1414 0
      vertex 35.5865 63.1414 8
    endloop
  endfacet
  facet normal 0.81276 0.582598 0
    outer loop
      vertex 35.5865 63.1414 0
      vertex 35.6513 63.051 8
      vertex 35.6513 63.051 0
    endloop
  endfacet
  facet normal 0.730098 0.683343 0
    outer loop
      vertex 35.7979 62.8838 8
      vertex 35.7219 62.965 0
      vertex 35.7219 62.965 8
    endloop
  endfacet
  facet normal 0.730098 0.683343 0
    outer loop
      vertex 35.7219 62.965 0
      vertex 35.7979 62.8838 8
      vertex 35.7979 62.8838 0
    endloop
  endfacet
  facet normal 0.582598 0.81276 -0
    outer loop
      vertex 36.0555 62.6724 0
      vertex 35.9651 62.7372 8
      vertex 36.0555 62.6724 8
    endloop
  endfacet
  facet normal 0.582598 0.81276 0
    outer loop
      vertex 35.9651 62.7372 8
      vertex 36.0555 62.6724 0
      vertex 35.9651 62.7372 0
    endloop
  endfacet
  facet normal 0.995187 0.0979904 0
    outer loop
      vertex 35.3145 63.864 8
      vertex 35.3036 63.9747 0
      vertex 35.3036 63.9747 8
    endloop
  endfacet
  facet normal 0.995187 0.0979904 0
    outer loop
      vertex 35.3036 63.9747 0
      vertex 35.3145 63.864 8
      vertex 35.3145 63.864 0
    endloop
  endfacet
  facet normal 0.995187 -0.0979904 0
    outer loop
      vertex 35.3036 64.1971 8
      vertex 35.3145 64.3078 0
      vertex 35.3145 64.3078 8
    endloop
  endfacet
  facet normal 0.995187 -0.0979904 0
    outer loop
      vertex 35.3145 64.3078 0
      vertex 35.3036 64.1971 8
      vertex 35.3036 64.1971 0
    endloop
  endfacet
  facet normal 0.956881 -0.290482 0
    outer loop
      vertex 35.3579 64.5259 8
      vertex 35.3902 64.6323 0
      vertex 35.3902 64.6323 8
    endloop
  endfacet
  facet normal 0.956881 -0.290482 0
    outer loop
      vertex 35.3902 64.6323 0
      vertex 35.3579 64.5259 8
      vertex 35.3579 64.5259 0
    endloop
  endfacet
  facet normal -0.527654 -0.84946 0
    outer loop
      vertex 37.85 65.5581 0
      vertex 37.9445 65.4994 8
      vertex 37.85 65.5581 8
    endloop
  endfacet
  facet normal -0.527654 -0.84946 -0
    outer loop
      vertex 37.9445 65.4994 8
      vertex 37.85 65.5581 0
      vertex 37.9445 65.4994 0
    endloop
  endfacet
  facet normal -0.634509 -0.772915 0
    outer loop
      vertex 38.0349 65.4346 0
      vertex 38.1209 65.364 8
      vertex 38.0349 65.4346 8
    endloop
  endfacet
  facet normal -0.634509 -0.772915 -0
    outer loop
      vertex 38.1209 65.364 8
      vertex 38.0349 65.4346 0
      vertex 38.1209 65.364 0
    endloop
  endfacet
  facet normal -0.582598 -0.81276 0
    outer loop
      vertex 37.9445 65.4994 0
      vertex 38.0349 65.4346 8
      vertex 37.9445 65.4994 8
    endloop
  endfacet
  facet normal -0.582598 -0.81276 -0
    outer loop
      vertex 38.0349 65.4346 8
      vertex 37.9445 65.4994 0
      vertex 38.0349 65.4346 0
    endloop
  endfacet
  facet normal -0.16265 0.986684 0
    outer loop
      vertex 37.3317 62.4185 0
      vertex 37.2219 62.4004 8
      vertex 37.3317 62.4185 8
    endloop
  endfacet
  facet normal -0.16265 0.986684 0
    outer loop
      vertex 37.2219 62.4004 8
      vertex 37.3317 62.4185 0
      vertex 37.2219 62.4004 0
    endloop
  endfacet
  facet normal 0.290482 0.956881 -0
    outer loop
      vertex 36.56 62.4438 0
      vertex 36.4536 62.4761 8
      vertex 36.56 62.4438 8
    endloop
  endfacet
  facet normal 0.290482 0.956881 0
    outer loop
      vertex 36.4536 62.4761 8
      vertex 36.56 62.4438 0
      vertex 36.4536 62.4761 0
    endloop
  endfacet
  facet normal 0.16265 0.986684 -0
    outer loop
      vertex 36.7781 62.4004 0
      vertex 36.6683 62.4185 8
      vertex 36.7781 62.4004 8
    endloop
  endfacet
  facet normal 0.16265 0.986684 0
    outer loop
      vertex 36.6683 62.4185 8
      vertex 36.7781 62.4004 0
      vertex 36.6683 62.4185 0
    endloop
  endfacet
  facet normal 0.471148 0.882054 -0
    outer loop
      vertex 36.2481 62.5612 0
      vertex 36.15 62.6136 8
      vertex 36.2481 62.5612 8
    endloop
  endfacet
  facet normal 0.471148 0.882054 0
    outer loop
      vertex 36.15 62.6136 8
      vertex 36.2481 62.5612 0
      vertex 36.15 62.6136 0
    endloop
  endfacet
  facet normal -0.956956 0.290232 0
    outer loop
      vertex 38.6098 63.5394 0
      vertex 38.6421 63.6459 8
      vertex 38.6421 63.6459 0
    endloop
  endfacet
  facet normal -0.956956 0.290232 0
    outer loop
      vertex 38.6421 63.6459 8
      vertex 38.6098 63.5394 0
      vertex 38.6098 63.5394 8
    endloop
  endfacet
  facet normal -0.995187 0.0979904 0
    outer loop
      vertex 38.6855 63.864 0
      vertex 38.6964 63.9747 8
      vertex 38.6964 63.9747 0
    endloop
  endfacet
  facet normal -0.995187 0.0979904 0
    outer loop
      vertex 38.6964 63.9747 8
      vertex 38.6855 63.864 0
      vertex 38.6855 63.864 8
    endloop
  endfacet
  facet normal 0.582598 -0.81276 0
    outer loop
      vertex 35.9651 65.4346 0
      vertex 36.0555 65.4994 8
      vertex 35.9651 65.4346 8
    endloop
  endfacet
  facet normal 0.582598 -0.81276 0
    outer loop
      vertex 36.0555 65.4994 8
      vertex 35.9651 65.4346 0
      vertex 36.0555 65.4994 0
    endloop
  endfacet
  facet normal 0.84946 0.527654 0
    outer loop
      vertex 35.5865 63.1414 8
      vertex 35.5278 63.2359 0
      vertex 35.5278 63.2359 8
    endloop
  endfacet
  facet normal 0.84946 0.527654 0
    outer loop
      vertex 35.5278 63.2359 0
      vertex 35.5865 63.1414 8
      vertex 35.5865 63.1414 0
    endloop
  endfacet
  facet normal 0.528302 0.849057 -0
    outer loop
      vertex 36.15 62.6136 0
      vertex 36.0555 62.6724 8
      vertex 36.15 62.6136 8
    endloop
  endfacet
  facet normal 0.528302 0.849057 0
    outer loop
      vertex 36.0555 62.6724 8
      vertex 36.15 62.6136 0
      vertex 36.0555 62.6724 0
    endloop
  endfacet
  facet normal 0.986539 0.163525 0
    outer loop
      vertex 35.3327 63.7542 8
      vertex 35.3145 63.864 0
      vertex 35.3145 63.864 8
    endloop
  endfacet
  facet normal 0.986539 0.163525 0
    outer loop
      vertex 35.3145 63.864 0
      vertex 35.3327 63.7542 8
      vertex 35.3327 63.7542 0
    endloop
  endfacet
  facet normal 0.986515 -0.16367 0
    outer loop
      vertex 35.3145 64.3078 8
      vertex 35.3327 64.4175 0
      vertex 35.3327 64.4175 8
    endloop
  endfacet
  facet normal 0.986515 -0.16367 0
    outer loop
      vertex 35.3327 64.4175 0
      vertex 35.3145 64.3078 8
      vertex 35.3145 64.3078 0
    endloop
  endfacet
  facet normal -0.730098 -0.683343 0
    outer loop
      vertex 38.2781 65.2068 0
      vertex 38.2021 65.288 8
      vertex 38.2021 65.288 0
    endloop
  endfacet
  facet normal -0.730098 -0.683343 0
    outer loop
      vertex 38.2021 65.288 8
      vertex 38.2781 65.2068 0
      vertex 38.2781 65.2068 8
    endloop
  endfacet
  facet normal -0.683343 -0.730098 0
    outer loop
      vertex 38.1209 65.364 0
      vertex 38.2021 65.288 8
      vertex 38.1209 65.364 8
    endloop
  endfacet
  facet normal -0.683343 -0.730098 -0
    outer loop
      vertex 38.2021 65.288 8
      vertex 38.1209 65.364 0
      vertex 38.2021 65.288 0
    endloop
  endfacet
  facet normal -0.935848 -0.352404 0
    outer loop
      vertex 38.6098 64.6323 0
      vertex 38.5706 64.7364 8
      vertex 38.5706 64.7364 0
    endloop
  endfacet
  facet normal -0.935848 -0.352404 0
    outer loop
      vertex 38.5706 64.7364 8
      vertex 38.6098 64.6323 0
      vertex 38.6098 64.6323 8
    endloop
  endfacet
  facet normal -0.88168 -0.471847 0
    outer loop
      vertex 38.5247 64.8378 0
      vertex 38.4722 64.9359 8
      vertex 38.4722 64.9359 0
    endloop
  endfacet
  facet normal -0.88168 -0.471847 0
    outer loop
      vertex 38.4722 64.9359 8
      vertex 38.5247 64.8378 0
      vertex 38.5247 64.8378 8
    endloop
  endfacet
  facet normal -0.999476 -0.0323571 0
    outer loop
      vertex 38.7 64.0859 0
      vertex 38.6964 64.1971 8
      vertex 38.6964 64.1971 0
    endloop
  endfacet
  facet normal -0.999476 -0.0323571 0
    outer loop
      vertex 38.6964 64.1971 8
      vertex 38.7 64.0859 0
      vertex 38.7 64.0859 8
    endloop
  endfacet
  facet normal -0.999476 0.0323571 0
    outer loop
      vertex 38.6964 63.9747 0
      vertex 38.7 64.0859 8
      vertex 38.7 64.0859 0
    endloop
  endfacet
  facet normal -0.999476 0.0323571 0
    outer loop
      vertex 38.7 64.0859 8
      vertex 38.6964 63.9747 0
      vertex 38.6964 63.9747 8
    endloop
  endfacet
  facet normal -0.290482 0.956881 0
    outer loop
      vertex 37.5464 62.4761 0
      vertex 37.44 62.4438 8
      vertex 37.5464 62.4761 8
    endloop
  endfacet
  facet normal -0.290482 0.956881 0
    outer loop
      vertex 37.44 62.4438 8
      vertex 37.5464 62.4761 0
      vertex 37.44 62.4438 0
    endloop
  endfacet
  facet normal -0.0979904 0.995187 0
    outer loop
      vertex 37.2219 62.4004 0
      vertex 37.1112 62.3895 8
      vertex 37.2219 62.4004 8
    endloop
  endfacet
  facet normal -0.0979904 0.995187 0
    outer loop
      vertex 37.1112 62.3895 8
      vertex 37.2219 62.4004 0
      vertex 37.1112 62.3895 0
    endloop
  endfacet
  facet normal 0.227485 0.973781 -0
    outer loop
      vertex 36.6683 62.4185 0
      vertex 36.56 62.4438 8
      vertex 36.6683 62.4185 8
    endloop
  endfacet
  facet normal 0.227485 0.973781 0
    outer loop
      vertex 36.56 62.4438 8
      vertex 36.6683 62.4185 0
      vertex 36.56 62.4438 0
    endloop
  endfacet
  facet normal 0.412719 0.910859 -0
    outer loop
      vertex 36.3494 62.5153 0
      vertex 36.2481 62.5612 8
      vertex 36.3494 62.5153 8
    endloop
  endfacet
  facet normal 0.412719 0.910859 0
    outer loop
      vertex 36.2481 62.5612 8
      vertex 36.3494 62.5153 0
      vertex 36.2481 62.5612 0
    endloop
  endfacet
  facet normal 0.352108 0.93596 -0
    outer loop
      vertex 36.4536 62.4761 0
      vertex 36.3494 62.5153 8
      vertex 36.4536 62.4761 8
    endloop
  endfacet
  facet normal 0.352108 0.93596 0
    outer loop
      vertex 36.3494 62.5153 8
      vertex 36.4536 62.4761 0
      vertex 36.3494 62.5153 0
    endloop
  endfacet
  facet normal -0.813065 -0.582173 0
    outer loop
      vertex 38.4135 65.0303 0
      vertex 38.3487 65.1208 8
      vertex 38.3487 65.1208 0
    endloop
  endfacet
  facet normal -0.813065 -0.582173 0
    outer loop
      vertex 38.3487 65.1208 8
      vertex 38.4135 65.0303 0
      vertex 38.4135 65.0303 8
    endloop
  endfacet
  facet normal -0.849209 -0.528057 0
    outer loop
      vertex 38.4722 64.9359 0
      vertex 38.4135 65.0303 8
      vertex 38.4135 65.0303 0
    endloop
  endfacet
  facet normal -0.849209 -0.528057 0
    outer loop
      vertex 38.4135 65.0303 8
      vertex 38.4722 64.9359 0
      vertex 38.4722 64.9359 8
    endloop
  endfacet
  facet normal -0.911012 -0.412381 0
    outer loop
      vertex 38.5706 64.7364 0
      vertex 38.5247 64.8378 8
      vertex 38.5247 64.8378 0
    endloop
  endfacet
  facet normal -0.911012 -0.412381 0
    outer loop
      vertex 38.5247 64.8378 8
      vertex 38.5706 64.7364 0
      vertex 38.5706 64.7364 8
    endloop
  endfacet
  facet normal -0.974026 -0.226434 0
    outer loop
      vertex 38.6673 64.4175 0
      vertex 38.6421 64.5259 8
      vertex 38.6421 64.5259 0
    endloop
  endfacet
  facet normal -0.974026 -0.226434 0
    outer loop
      vertex 38.6421 64.5259 8
      vertex 38.6673 64.4175 0
      vertex 38.6673 64.4175 8
    endloop
  endfacet
  facet normal -0.986515 -0.16367 0
    outer loop
      vertex 38.6855 64.3078 0
      vertex 38.6673 64.4175 8
      vertex 38.6673 64.4175 0
    endloop
  endfacet
  facet normal -0.986515 -0.16367 0
    outer loop
      vertex 38.6673 64.4175 8
      vertex 38.6855 64.3078 0
      vertex 38.6855 64.3078 8
    endloop
  endfacet
  facet normal -0.84946 0.527654 0
    outer loop
      vertex 38.4135 63.1414 0
      vertex 38.4722 63.2359 8
      vertex 38.4722 63.2359 0
    endloop
  endfacet
  facet normal -0.84946 0.527654 0
    outer loop
      vertex 38.4722 63.2359 8
      vertex 38.4135 63.1414 0
      vertex 38.4135 63.1414 8
    endloop
  endfacet
  facet normal -0.352108 0.93596 0
    outer loop
      vertex 37.6506 62.5153 0
      vertex 37.5464 62.4761 8
      vertex 37.6506 62.5153 8
    endloop
  endfacet
  facet normal -0.352108 0.93596 0
    outer loop
      vertex 37.5464 62.4761 8
      vertex 37.6506 62.5153 0
      vertex 37.5464 62.4761 0
    endloop
  endfacet
  facet normal -0.772915 0.634509 0
    outer loop
      vertex 38.2781 62.965 0
      vertex 38.3487 63.051 8
      vertex 38.3487 63.051 0
    endloop
  endfacet
  facet normal -0.772915 0.634509 0
    outer loop
      vertex 38.3487 63.051 8
      vertex 38.2781 62.965 0
      vertex 38.2781 62.965 8
    endloop
  endfacet
  facet normal -0.81276 0.582598 0
    outer loop
      vertex 38.3487 63.051 0
      vertex 38.4135 63.1414 8
      vertex 38.4135 63.1414 0
    endloop
  endfacet
  facet normal -0.81276 0.582598 0
    outer loop
      vertex 38.4135 63.1414 8
      vertex 38.3487 63.051 0
      vertex 38.3487 63.051 8
    endloop
  endfacet
  facet normal -0.227485 0.973781 0
    outer loop
      vertex 37.44 62.4438 0
      vertex 37.3317 62.4185 8
      vertex 37.44 62.4438 8
    endloop
  endfacet
  facet normal -0.227485 0.973781 0
    outer loop
      vertex 37.3317 62.4185 8
      vertex 37.44 62.4438 0
      vertex 37.3317 62.4185 0
    endloop
  endfacet
  facet normal -0.935848 0.352404 0
    outer loop
      vertex 38.5706 63.4353 0
      vertex 38.6098 63.5394 8
      vertex 38.6098 63.5394 0
    endloop
  endfacet
  facet normal -0.935848 0.352404 0
    outer loop
      vertex 38.6098 63.5394 8
      vertex 38.5706 63.4353 0
      vertex 38.5706 63.4353 8
    endloop
  endfacet
  facet normal -0.528302 0.849057 0
    outer loop
      vertex 37.9445 62.6724 0
      vertex 37.85 62.6136 8
      vertex 37.9445 62.6724 8
    endloop
  endfacet
  facet normal -0.528302 0.849057 0
    outer loop
      vertex 37.85 62.6136 8
      vertex 37.9445 62.6724 0
      vertex 37.85 62.6136 0
    endloop
  endfacet
  facet normal -0.471148 0.882054 0
    outer loop
      vertex 37.85 62.6136 0
      vertex 37.7519 62.5612 8
      vertex 37.85 62.6136 8
    endloop
  endfacet
  facet normal -0.471148 0.882054 0
    outer loop
      vertex 37.7519 62.5612 8
      vertex 37.85 62.6136 0
      vertex 37.7519 62.5612 0
    endloop
  endfacet
  facet normal -0.412719 0.910859 0
    outer loop
      vertex 37.7519 62.5612 0
      vertex 37.6506 62.5153 8
      vertex 37.7519 62.5612 8
    endloop
  endfacet
  facet normal -0.412719 0.910859 0
    outer loop
      vertex 37.6506 62.5153 8
      vertex 37.7519 62.5612 0
      vertex 37.6506 62.5153 0
    endloop
  endfacet
  facet normal -0.0323571 0.999476 0
    outer loop
      vertex 37.1112 62.3895 0
      vertex 37 62.3859 8
      vertex 37.1112 62.3895 8
    endloop
  endfacet
  facet normal -0.0323571 0.999476 0
    outer loop
      vertex 37 62.3859 8
      vertex 37.1112 62.3895 0
      vertex 37 62.3859 0
    endloop
  endfacet
  facet normal 0.0323571 0.999476 -0
    outer loop
      vertex 37 62.3859 0
      vertex 36.8888 62.3895 8
      vertex 37 62.3859 8
    endloop
  endfacet
  facet normal 0.0323571 0.999476 0
    outer loop
      vertex 36.8888 62.3895 8
      vertex 37 62.3859 0
      vertex 36.8888 62.3895 0
    endloop
  endfacet
  facet normal 0.0979904 0.995187 -0
    outer loop
      vertex 36.8888 62.3895 0
      vertex 36.7781 62.4004 8
      vertex 36.8888 62.3895 8
    endloop
  endfacet
  facet normal 0.0979904 0.995187 0
    outer loop
      vertex 36.7781 62.4004 8
      vertex 36.8888 62.3895 0
      vertex 36.7781 62.4004 0
    endloop
  endfacet
  facet normal -0.995187 -0.0979904 0
    outer loop
      vertex 38.6964 64.1971 0
      vertex 38.6855 64.3078 8
      vertex 38.6855 64.3078 0
    endloop
  endfacet
  facet normal -0.995187 -0.0979904 0
    outer loop
      vertex 38.6855 64.3078 8
      vertex 38.6964 64.1971 0
      vertex 38.6964 64.1971 8
    endloop
  endfacet
  facet normal -0.582598 0.81276 0
    outer loop
      vertex 38.0349 62.7372 0
      vertex 37.9445 62.6724 8
      vertex 38.0349 62.7372 8
    endloop
  endfacet
  facet normal -0.582598 0.81276 0
    outer loop
      vertex 37.9445 62.6724 8
      vertex 38.0349 62.7372 0
      vertex 37.9445 62.6724 0
    endloop
  endfacet
  facet normal -0.730098 0.683343 0
    outer loop
      vertex 38.2021 62.8838 0
      vertex 38.2781 62.965 8
      vertex 38.2781 62.965 0
    endloop
  endfacet
  facet normal -0.730098 0.683343 0
    outer loop
      vertex 38.2781 62.965 8
      vertex 38.2021 62.8838 0
      vertex 38.2021 62.8838 8
    endloop
  endfacet
  facet normal -0.683343 0.730098 0
    outer loop
      vertex 38.2021 62.8838 0
      vertex 38.1209 62.8078 8
      vertex 38.2021 62.8838 8
    endloop
  endfacet
  facet normal -0.683343 0.730098 0
    outer loop
      vertex 38.1209 62.8078 8
      vertex 38.2021 62.8838 0
      vertex 38.1209 62.8078 0
    endloop
  endfacet
  facet normal 0.849209 -0.528057 0
    outer loop
      vertex -38.4722 64.9359 8
      vertex -38.4135 65.0303 0
      vertex -38.4135 65.0303 8
    endloop
  endfacet
  facet normal 0.849209 -0.528057 0
    outer loop
      vertex -38.4135 65.0303 0
      vertex -38.4722 64.9359 8
      vertex -38.4722 64.9359 0
    endloop
  endfacet
  facet normal -0.582598 -0.81276 0
    outer loop
      vertex -36.0555 65.4994 0
      vertex -35.9651 65.4346 8
      vertex -36.0555 65.4994 8
    endloop
  endfacet
  facet normal -0.582598 -0.81276 -0
    outer loop
      vertex -35.9651 65.4346 8
      vertex -36.0555 65.4994 0
      vertex -35.9651 65.4346 0
    endloop
  endfacet
  facet normal 0.88168 -0.471847 0
    outer loop
      vertex -38.5247 64.8378 8
      vertex -38.4722 64.9359 0
      vertex -38.4722 64.9359 8
    endloop
  endfacet
  facet normal 0.88168 -0.471847 0
    outer loop
      vertex -38.4722 64.9359 0
      vertex -38.5247 64.8378 8
      vertex -38.5247 64.8378 0
    endloop
  endfacet
  facet normal 0.88168 0.471847 0
    outer loop
      vertex -38.4722 63.2359 8
      vertex -38.5247 63.334 0
      vertex -38.5247 63.334 8
    endloop
  endfacet
  facet normal 0.88168 0.471847 0
    outer loop
      vertex -38.5247 63.334 0
      vertex -38.4722 63.2359 8
      vertex -38.4722 63.2359 0
    endloop
  endfacet
  facet normal 0.995187 0.0979904 0
    outer loop
      vertex -38.6855 63.864 8
      vertex -38.6964 63.9747 0
      vertex -38.6964 63.9747 8
    endloop
  endfacet
  facet normal 0.995187 0.0979904 0
    outer loop
      vertex -38.6964 63.9747 0
      vertex -38.6855 63.864 8
      vertex -38.6855 63.864 0
    endloop
  endfacet
  facet normal -0.471148 0.882054 0
    outer loop
      vertex -36.15 62.6136 0
      vertex -36.2481 62.5612 8
      vertex -36.15 62.6136 8
    endloop
  endfacet
  facet normal -0.471148 0.882054 0
    outer loop
      vertex -36.2481 62.5612 8
      vertex -36.15 62.6136 0
      vertex -36.2481 62.5612 0
    endloop
  endfacet
  facet normal -0.0323571 0.999476 0
    outer loop
      vertex -36.8888 62.3895 0
      vertex -37 62.3859 8
      vertex -36.8888 62.3895 8
    endloop
  endfacet
  facet normal -0.0323571 0.999476 0
    outer loop
      vertex -37 62.3859 8
      vertex -36.8888 62.3895 0
      vertex -37 62.3859 0
    endloop
  endfacet
  facet normal 0.634509 0.772915 -0
    outer loop
      vertex -38.0349 62.7372 0
      vertex -38.1209 62.8078 8
      vertex -38.0349 62.7372 8
    endloop
  endfacet
  facet normal 0.634509 0.772915 0
    outer loop
      vertex -38.1209 62.8078 8
      vertex -38.0349 62.7372 0
      vertex -38.1209 62.8078 0
    endloop
  endfacet
  facet normal 0.412719 0.910859 -0
    outer loop
      vertex -37.6506 62.5153 0
      vertex -37.7519 62.5612 8
      vertex -37.6506 62.5153 8
    endloop
  endfacet
  facet normal 0.412719 0.910859 0
    outer loop
      vertex -37.7519 62.5612 8
      vertex -37.6506 62.5153 0
      vertex -37.7519 62.5612 0
    endloop
  endfacet
  facet normal 0.634509 -0.772915 0
    outer loop
      vertex -38.1209 65.364 0
      vertex -38.0349 65.4346 8
      vertex -38.1209 65.364 8
    endloop
  endfacet
  facet normal 0.634509 -0.772915 0
    outer loop
      vertex -38.0349 65.4346 8
      vertex -38.1209 65.364 0
      vertex -38.0349 65.4346 0
    endloop
  endfacet
  facet normal 0.683343 -0.730098 0
    outer loop
      vertex -38.2021 65.288 0
      vertex -38.1209 65.364 8
      vertex -38.2021 65.288 8
    endloop
  endfacet
  facet normal 0.683343 -0.730098 0
    outer loop
      vertex -38.1209 65.364 8
      vertex -38.2021 65.288 0
      vertex -38.1209 65.364 0
    endloop
  endfacet
  facet normal 0.911012 -0.412381 0
    outer loop
      vertex -38.5706 64.7364 8
      vertex -38.5247 64.8378 0
      vertex -38.5247 64.8378 8
    endloop
  endfacet
  facet normal 0.911012 -0.412381 0
    outer loop
      vertex -38.5247 64.8378 0
      vertex -38.5706 64.7364 8
      vertex -38.5706 64.7364 0
    endloop
  endfacet
  facet normal 0.974026 -0.226434 0
    outer loop
      vertex -38.6673 64.4175 8
      vertex -38.6421 64.5259 0
      vertex -38.6421 64.5259 8
    endloop
  endfacet
  facet normal 0.974026 -0.226434 0
    outer loop
      vertex -38.6421 64.5259 0
      vertex -38.6673 64.4175 8
      vertex -38.6673 64.4175 0
    endloop
  endfacet
  facet normal 0.956881 -0.290482 0
    outer loop
      vertex -38.6421 64.5259 8
      vertex -38.6098 64.6323 0
      vertex -38.6098 64.6323 8
    endloop
  endfacet
  facet normal 0.956881 -0.290482 0
    outer loop
      vertex -38.6098 64.6323 0
      vertex -38.6421 64.5259 8
      vertex -38.6421 64.5259 0
    endloop
  endfacet
  facet normal 0.935848 0.352404 0
    outer loop
      vertex -38.5706 63.4353 8
      vertex -38.6098 63.5394 0
      vertex -38.6098 63.5394 8
    endloop
  endfacet
  facet normal 0.935848 0.352404 0
    outer loop
      vertex -38.6098 63.5394 0
      vertex -38.5706 63.4353 8
      vertex -38.5706 63.4353 0
    endloop
  endfacet
  facet normal 0.97398 0.226633 0
    outer loop
      vertex -38.6421 63.6459 8
      vertex -38.6673 63.7542 0
      vertex -38.6673 63.7542 8
    endloop
  endfacet
  facet normal 0.97398 0.226633 0
    outer loop
      vertex -38.6673 63.7542 0
      vertex -38.6421 63.6459 8
      vertex -38.6421 63.6459 0
    endloop
  endfacet
  facet normal 0.910859 0.412719 0
    outer loop
      vertex -38.5247 63.334 8
      vertex -38.5706 63.4353 0
      vertex -38.5706 63.4353 8
    endloop
  endfacet
  facet normal 0.910859 0.412719 0
    outer loop
      vertex -38.5706 63.4353 0
      vertex -38.5247 63.334 8
      vertex -38.5247 63.334 0
    endloop
  endfacet
  facet normal 0.995187 -0.0979904 0
    outer loop
      vertex -38.6964 64.1971 8
      vertex -38.6855 64.3078 0
      vertex -38.6855 64.3078 8
    endloop
  endfacet
  facet normal 0.995187 -0.0979904 0
    outer loop
      vertex -38.6855 64.3078 0
      vertex -38.6964 64.1971 8
      vertex -38.6964 64.1971 0
    endloop
  endfacet
  facet normal 0.999476 0.0323571 0
    outer loop
      vertex -38.6964 63.9747 8
      vertex -38.7 64.0859 0
      vertex -38.7 64.0859 8
    endloop
  endfacet
  facet normal 0.999476 0.0323571 0
    outer loop
      vertex -38.7 64.0859 0
      vertex -38.6964 63.9747 8
      vertex -38.6964 63.9747 0
    endloop
  endfacet
  facet normal 0.999476 -0.0323571 0
    outer loop
      vertex -38.7 64.0859 8
      vertex -38.6964 64.1971 0
      vertex -38.6964 64.1971 8
    endloop
  endfacet
  facet normal 0.999476 -0.0323571 0
    outer loop
      vertex -38.6964 64.1971 0
      vertex -38.7 64.0859 8
      vertex -38.7 64.0859 0
    endloop
  endfacet
  facet normal -0.290482 0.956881 0
    outer loop
      vertex -36.4536 62.4761 0
      vertex -36.56 62.4438 8
      vertex -36.4536 62.4761 8
    endloop
  endfacet
  facet normal -0.290482 0.956881 0
    outer loop
      vertex -36.56 62.4438 8
      vertex -36.4536 62.4761 0
      vertex -36.56 62.4438 0
    endloop
  endfacet
  facet normal 0.0323571 0.999476 -0
    outer loop
      vertex -37 62.3859 0
      vertex -37.1112 62.3895 8
      vertex -37 62.3859 8
    endloop
  endfacet
  facet normal 0.0323571 0.999476 0
    outer loop
      vertex -37.1112 62.3895 8
      vertex -37 62.3859 0
      vertex -37.1112 62.3895 0
    endloop
  endfacet
  facet normal 0.81276 0.582598 0
    outer loop
      vertex -38.3487 63.051 8
      vertex -38.4135 63.1414 0
      vertex -38.4135 63.1414 8
    endloop
  endfacet
  facet normal 0.81276 0.582598 0
    outer loop
      vertex -38.4135 63.1414 0
      vertex -38.3487 63.051 8
      vertex -38.3487 63.051 0
    endloop
  endfacet
  facet normal -0.033255 -0.999447 0
    outer loop
      vertex -37 65.7859 0
      vertex -36.8888 65.7822 8
      vertex -37 65.7859 8
    endloop
  endfacet
  facet normal -0.033255 -0.999447 -0
    outer loop
      vertex -36.8888 65.7822 8
      vertex -37 65.7859 0
      vertex -36.8888 65.7822 0
    endloop
  endfacet
  facet normal -0.910859 0.412719 0
    outer loop
      vertex -35.4753 63.334 0
      vertex -35.4294 63.4353 8
      vertex -35.4294 63.4353 0
    endloop
  endfacet
  facet normal -0.910859 0.412719 0
    outer loop
      vertex -35.4294 63.4353 8
      vertex -35.4753 63.334 0
      vertex -35.4753 63.334 8
    endloop
  endfacet
  facet normal -0.813065 -0.582173 0
    outer loop
      vertex -35.5865 65.0303 0
      vertex -35.6513 65.1208 8
      vertex -35.6513 65.1208 0
    endloop
  endfacet
  facet normal -0.813065 -0.582173 0
    outer loop
      vertex -35.6513 65.1208 8
      vertex -35.5865 65.0303 0
      vertex -35.5865 65.0303 8
    endloop
  endfacet
  facet normal 0.582598 -0.81276 0
    outer loop
      vertex -38.0349 65.4346 0
      vertex -37.9445 65.4994 8
      vertex -38.0349 65.4346 8
    endloop
  endfacet
  facet normal 0.582598 -0.81276 0
    outer loop
      vertex -37.9445 65.4994 8
      vertex -38.0349 65.4346 0
      vertex -37.9445 65.4994 0
    endloop
  endfacet
  facet normal 0.813065 -0.582173 0
    outer loop
      vertex -38.4135 65.0303 8
      vertex -38.3487 65.1208 0
      vertex -38.3487 65.1208 8
    endloop
  endfacet
  facet normal 0.813065 -0.582173 0
    outer loop
      vertex -38.3487 65.1208 0
      vertex -38.4135 65.0303 8
      vertex -38.4135 65.0303 0
    endloop
  endfacet
  facet normal 0.772915 -0.634509 0
    outer loop
      vertex -38.3487 65.1208 8
      vertex -38.2781 65.2068 0
      vertex -38.2781 65.2068 8
    endloop
  endfacet
  facet normal 0.772915 -0.634509 0
    outer loop
      vertex -38.2781 65.2068 0
      vertex -38.3487 65.1208 8
      vertex -38.3487 65.1208 0
    endloop
  endfacet
  facet normal 0.935848 -0.352404 0
    outer loop
      vertex -38.6098 64.6323 8
      vertex -38.5706 64.7364 0
      vertex -38.5706 64.7364 8
    endloop
  endfacet
  facet normal 0.935848 -0.352404 0
    outer loop
      vertex -38.5706 64.7364 0
      vertex -38.6098 64.6323 8
      vertex -38.6098 64.6323 0
    endloop
  endfacet
  facet normal 0.84946 0.527654 0
    outer loop
      vertex -38.4135 63.1414 8
      vertex -38.4722 63.2359 0
      vertex -38.4722 63.2359 8
    endloop
  endfacet
  facet normal 0.84946 0.527654 0
    outer loop
      vertex -38.4722 63.2359 0
      vertex -38.4135 63.1414 8
      vertex -38.4135 63.1414 0
    endloop
  endfacet
  facet normal 0.956956 0.290232 0
    outer loop
      vertex -38.6098 63.5394 8
      vertex -38.6421 63.6459 0
      vertex -38.6421 63.6459 8
    endloop
  endfacet
  facet normal 0.956956 0.290232 0
    outer loop
      vertex -38.6421 63.6459 0
      vertex -38.6098 63.5394 8
      vertex -38.6098 63.5394 0
    endloop
  endfacet
  facet normal 0.986539 0.163525 0
    outer loop
      vertex -38.6673 63.7542 8
      vertex -38.6855 63.864 0
      vertex -38.6855 63.864 8
    endloop
  endfacet
  facet normal 0.986539 0.163525 0
    outer loop
      vertex -38.6855 63.864 0
      vertex -38.6673 63.7542 8
      vertex -38.6673 63.7542 0
    endloop
  endfacet
  facet normal 0.986515 -0.16367 0
    outer loop
      vertex -38.6855 64.3078 8
      vertex -38.6673 64.4175 0
      vertex -38.6673 64.4175 8
    endloop
  endfacet
  facet normal 0.986515 -0.16367 0
    outer loop
      vertex -38.6673 64.4175 0
      vertex -38.6855 64.3078 8
      vertex -38.6855 64.3078 0
    endloop
  endfacet
  facet normal -0.16265 0.986684 0
    outer loop
      vertex -36.6683 62.4185 0
      vertex -36.7781 62.4004 8
      vertex -36.6683 62.4185 8
    endloop
  endfacet
  facet normal -0.16265 0.986684 0
    outer loop
      vertex -36.7781 62.4004 8
      vertex -36.6683 62.4185 0
      vertex -36.7781 62.4004 0
    endloop
  endfacet
  facet normal -0.227485 0.973781 0
    outer loop
      vertex -36.56 62.4438 0
      vertex -36.6683 62.4185 8
      vertex -36.56 62.4438 8
    endloop
  endfacet
  facet normal -0.227485 0.973781 0
    outer loop
      vertex -36.6683 62.4185 8
      vertex -36.56 62.4438 0
      vertex -36.6683 62.4185 0
    endloop
  endfacet
  facet normal -0.352108 0.93596 0
    outer loop
      vertex -36.3494 62.5153 0
      vertex -36.4536 62.4761 8
      vertex -36.3494 62.5153 8
    endloop
  endfacet
  facet normal -0.352108 0.93596 0
    outer loop
      vertex -36.4536 62.4761 8
      vertex -36.3494 62.5153 0
      vertex -36.4536 62.4761 0
    endloop
  endfacet
  facet normal -0.0979904 0.995187 0
    outer loop
      vertex -36.7781 62.4004 0
      vertex -36.8888 62.3895 8
      vertex -36.7781 62.4004 8
    endloop
  endfacet
  facet normal -0.0979904 0.995187 0
    outer loop
      vertex -36.8888 62.3895 8
      vertex -36.7781 62.4004 0
      vertex -36.8888 62.3895 0
    endloop
  endfacet
  facet normal 0.0979904 0.995187 -0
    outer loop
      vertex -37.1112 62.3895 0
      vertex -37.2219 62.4004 8
      vertex -37.1112 62.3895 8
    endloop
  endfacet
  facet normal 0.0979904 0.995187 0
    outer loop
      vertex -37.2219 62.4004 8
      vertex -37.1112 62.3895 0
      vertex -37.2219 62.4004 0
    endloop
  endfacet
  facet normal 0.227485 0.973781 -0
    outer loop
      vertex -37.3317 62.4185 0
      vertex -37.44 62.4438 8
      vertex -37.3317 62.4185 8
    endloop
  endfacet
  facet normal 0.227485 0.973781 0
    outer loop
      vertex -37.44 62.4438 8
      vertex -37.3317 62.4185 0
      vertex -37.44 62.4438 0
    endloop
  endfacet
  facet normal 0.730098 0.683343 0
    outer loop
      vertex -38.2021 62.8838 8
      vertex -38.2781 62.965 0
      vertex -38.2781 62.965 8
    endloop
  endfacet
  facet normal 0.730098 0.683343 0
    outer loop
      vertex -38.2781 62.965 0
      vertex -38.2021 62.8838 8
      vertex -38.2021 62.8838 0
    endloop
  endfacet
  facet normal 0.772915 0.634509 0
    outer loop
      vertex -38.2781 62.965 8
      vertex -38.3487 63.051 0
      vertex -38.3487 63.051 8
    endloop
  endfacet
  facet normal 0.772915 0.634509 0
    outer loop
      vertex -38.3487 63.051 0
      vertex -38.2781 62.965 8
      vertex -38.2781 62.965 0
    endloop
  endfacet
  facet normal 0.471148 0.882054 -0
    outer loop
      vertex -37.7519 62.5612 0
      vertex -37.85 62.6136 8
      vertex -37.7519 62.5612 8
    endloop
  endfacet
  facet normal 0.471148 0.882054 0
    outer loop
      vertex -37.85 62.6136 8
      vertex -37.7519 62.5612 0
      vertex -37.85 62.6136 0
    endloop
  endfacet
  facet normal 0.582598 0.81276 -0
    outer loop
      vertex -37.9445 62.6724 0
      vertex -38.0349 62.7372 8
      vertex -37.9445 62.6724 8
    endloop
  endfacet
  facet normal 0.582598 0.81276 0
    outer loop
      vertex -38.0349 62.7372 8
      vertex -37.9445 62.6724 0
      vertex -38.0349 62.7372 0
    endloop
  endfacet
  facet normal 0.290482 0.956881 -0
    outer loop
      vertex -37.44 62.4438 0
      vertex -37.5464 62.4761 8
      vertex -37.44 62.4438 8
    endloop
  endfacet
  facet normal 0.290482 0.956881 0
    outer loop
      vertex -37.5464 62.4761 8
      vertex -37.44 62.4438 0
      vertex -37.5464 62.4761 0
    endloop
  endfacet
  facet normal 0.527654 -0.84946 0
    outer loop
      vertex -37.9445 65.4994 0
      vertex -37.85 65.5581 8
      vertex -37.9445 65.4994 8
    endloop
  endfacet
  facet normal 0.527654 -0.84946 0
    outer loop
      vertex -37.85 65.5581 8
      vertex -37.9445 65.4994 0
      vertex -37.85 65.5581 0
    endloop
  endfacet
  facet normal 0.471847 -0.88168 0
    outer loop
      vertex -37.85 65.5581 0
      vertex -37.7519 65.6106 8
      vertex -37.85 65.5581 8
    endloop
  endfacet
  facet normal 0.471847 -0.88168 0
    outer loop
      vertex -37.7519 65.6106 8
      vertex -37.85 65.5581 0
      vertex -37.7519 65.6106 0
    endloop
  endfacet
  facet normal 0.412719 -0.910859 0
    outer loop
      vertex -37.7519 65.6106 0
      vertex -37.6506 65.6565 8
      vertex -37.7519 65.6106 8
    endloop
  endfacet
  facet normal 0.412719 -0.910859 0
    outer loop
      vertex -37.6506 65.6565 8
      vertex -37.7519 65.6106 0
      vertex -37.6506 65.6565 0
    endloop
  endfacet
  facet normal 0.352108 -0.93596 0
    outer loop
      vertex -37.6506 65.6565 0
      vertex -37.5464 65.6957 8
      vertex -37.6506 65.6565 8
    endloop
  endfacet
  facet normal 0.352108 -0.93596 0
    outer loop
      vertex -37.5464 65.6957 8
      vertex -37.6506 65.6565 0
      vertex -37.5464 65.6957 0
    endloop
  endfacet
  facet normal 0.226633 -0.97398 0
    outer loop
      vertex -37.44 65.728 0
      vertex -37.3317 65.7532 8
      vertex -37.44 65.728 8
    endloop
  endfacet
  facet normal 0.226633 -0.97398 0
    outer loop
      vertex -37.3317 65.7532 8
      vertex -37.44 65.728 0
      vertex -37.3317 65.7532 0
    endloop
  endfacet
  facet normal -0.527654 -0.84946 0
    outer loop
      vertex -36.15 65.5581 0
      vertex -36.0555 65.4994 8
      vertex -36.15 65.5581 8
    endloop
  endfacet
  facet normal -0.527654 -0.84946 -0
    outer loop
      vertex -36.0555 65.4994 8
      vertex -36.15 65.5581 0
      vertex -36.0555 65.4994 0
    endloop
  endfacet
  facet normal 0.033255 -0.999447 0
    outer loop
      vertex -37.1112 65.7822 0
      vertex -37 65.7859 8
      vertex -37.1112 65.7822 8
    endloop
  endfacet
  facet normal 0.033255 -0.999447 0
    outer loop
      vertex -37 65.7859 8
      vertex -37.1112 65.7822 0
      vertex -37 65.7859 0
    endloop
  endfacet
  facet normal -0.16265 -0.986684 0
    outer loop
      vertex -36.7781 65.7713 0
      vertex -36.6683 65.7532 8
      vertex -36.7781 65.7713 8
    endloop
  endfacet
  facet normal -0.16265 -0.986684 -0
    outer loop
      vertex -36.6683 65.7532 8
      vertex -36.7781 65.7713 0
      vertex -36.6683 65.7532 0
    endloop
  endfacet
  facet normal -0.986515 -0.16367 0
    outer loop
      vertex -35.3145 64.3078 0
      vertex -35.3327 64.4175 8
      vertex -35.3327 64.4175 0
    endloop
  endfacet
  facet normal -0.986515 -0.16367 0
    outer loop
      vertex -35.3327 64.4175 8
      vertex -35.3145 64.3078 0
      vertex -35.3145 64.3078 8
    endloop
  endfacet
  facet normal -0.772915 0.634509 0
    outer loop
      vertex -35.7219 62.965 0
      vertex -35.6513 63.051 8
      vertex -35.6513 63.051 0
    endloop
  endfacet
  facet normal -0.772915 0.634509 0
    outer loop
      vertex -35.6513 63.051 8
      vertex -35.7219 62.965 0
      vertex -35.7219 62.965 8
    endloop
  endfacet
  facet normal -0.935848 0.352404 0
    outer loop
      vertex -35.4294 63.4353 0
      vertex -35.3902 63.5394 8
      vertex -35.3902 63.5394 0
    endloop
  endfacet
  facet normal -0.935848 0.352404 0
    outer loop
      vertex -35.3902 63.5394 8
      vertex -35.4294 63.4353 0
      vertex -35.4294 63.4353 8
    endloop
  endfacet
  facet normal -0.81276 0.582598 0
    outer loop
      vertex -35.6513 63.051 0
      vertex -35.5865 63.1414 8
      vertex -35.5865 63.1414 0
    endloop
  endfacet
  facet normal -0.81276 0.582598 0
    outer loop
      vertex -35.5865 63.1414 8
      vertex -35.6513 63.051 0
      vertex -35.6513 63.051 8
    endloop
  endfacet
  facet normal -0.634509 -0.772915 0
    outer loop
      vertex -35.9651 65.4346 0
      vertex -35.8791 65.364 8
      vertex -35.9651 65.4346 8
    endloop
  endfacet
  facet normal -0.634509 -0.772915 -0
    outer loop
      vertex -35.8791 65.364 8
      vertex -35.9651 65.4346 0
      vertex -35.8791 65.364 0
    endloop
  endfacet
  facet normal 0.730098 -0.683343 0
    outer loop
      vertex -38.2781 65.2068 8
      vertex -38.2021 65.288 0
      vertex -38.2021 65.288 8
    endloop
  endfacet
  facet normal 0.730098 -0.683343 0
    outer loop
      vertex -38.2021 65.288 0
      vertex -38.2781 65.2068 8
      vertex -38.2781 65.2068 0
    endloop
  endfacet
  facet normal -0.412719 0.910859 0
    outer loop
      vertex -36.2481 62.5612 0
      vertex -36.3494 62.5153 8
      vertex -36.2481 62.5612 8
    endloop
  endfacet
  facet normal -0.412719 0.910859 0
    outer loop
      vertex -36.3494 62.5153 8
      vertex -36.2481 62.5612 0
      vertex -36.3494 62.5153 0
    endloop
  endfacet
  facet normal 0.16265 0.986684 -0
    outer loop
      vertex -37.2219 62.4004 0
      vertex -37.3317 62.4185 8
      vertex -37.2219 62.4004 8
    endloop
  endfacet
  facet normal 0.16265 0.986684 0
    outer loop
      vertex -37.3317 62.4185 8
      vertex -37.2219 62.4004 0
      vertex -37.3317 62.4185 0
    endloop
  endfacet
  facet normal 0.683343 0.730098 -0
    outer loop
      vertex -38.1209 62.8078 0
      vertex -38.2021 62.8838 8
      vertex -38.1209 62.8078 8
    endloop
  endfacet
  facet normal 0.683343 0.730098 0
    outer loop
      vertex -38.2021 62.8838 8
      vertex -38.1209 62.8078 0
      vertex -38.2021 62.8838 0
    endloop
  endfacet
  facet normal 0.528302 0.849057 -0
    outer loop
      vertex -37.85 62.6136 0
      vertex -37.9445 62.6724 8
      vertex -37.85 62.6136 8
    endloop
  endfacet
  facet normal 0.528302 0.849057 0
    outer loop
      vertex -37.9445 62.6724 8
      vertex -37.85 62.6136 0
      vertex -37.9445 62.6724 0
    endloop
  endfacet
  facet normal 0.352108 0.93596 -0
    outer loop
      vertex -37.5464 62.4761 0
      vertex -37.6506 62.5153 8
      vertex -37.5464 62.4761 8
    endloop
  endfacet
  facet normal 0.352108 0.93596 0
    outer loop
      vertex -37.6506 62.5153 8
      vertex -37.5464 62.4761 0
      vertex -37.6506 62.5153 0
    endloop
  endfacet
  facet normal 0.290482 -0.956881 0
    outer loop
      vertex -37.5464 65.6957 0
      vertex -37.44 65.728 8
      vertex -37.5464 65.6957 8
    endloop
  endfacet
  facet normal 0.290482 -0.956881 0
    outer loop
      vertex -37.44 65.728 8
      vertex -37.5464 65.6957 0
      vertex -37.44 65.728 0
    endloop
  endfacet
  facet normal -0.352108 -0.93596 0
    outer loop
      vertex -36.4536 65.6957 0
      vertex -36.3494 65.6565 8
      vertex -36.4536 65.6957 8
    endloop
  endfacet
  facet normal -0.352108 -0.93596 -0
    outer loop
      vertex -36.3494 65.6565 8
      vertex -36.4536 65.6957 0
      vertex -36.3494 65.6565 0
    endloop
  endfacet
  facet normal 0.16265 -0.986684 0
    outer loop
      vertex -37.3317 65.7532 0
      vertex -37.2219 65.7713 8
      vertex -37.3317 65.7532 8
    endloop
  endfacet
  facet normal 0.16265 -0.986684 0
    outer loop
      vertex -37.2219 65.7713 8
      vertex -37.3317 65.7532 0
      vertex -37.2219 65.7713 0
    endloop
  endfacet
  facet normal 0.0979904 -0.995187 0
    outer loop
      vertex -37.2219 65.7713 0
      vertex -37.1112 65.7822 8
      vertex -37.2219 65.7713 8
    endloop
  endfacet
  facet normal 0.0979904 -0.995187 0
    outer loop
      vertex -37.1112 65.7822 8
      vertex -37.2219 65.7713 0
      vertex -37.1112 65.7822 0
    endloop
  endfacet
  facet normal -0.0979904 -0.995187 0
    outer loop
      vertex -36.8888 65.7822 0
      vertex -36.7781 65.7713 8
      vertex -36.8888 65.7822 8
    endloop
  endfacet
  facet normal -0.0979904 -0.995187 -0
    outer loop
      vertex -36.7781 65.7713 8
      vertex -36.8888 65.7822 0
      vertex -36.7781 65.7713 0
    endloop
  endfacet
  facet normal -0.974026 -0.226434 0
    outer loop
      vertex -35.3327 64.4175 0
      vertex -35.3579 64.5259 8
      vertex -35.3579 64.5259 0
    endloop
  endfacet
  facet normal -0.974026 -0.226434 0
    outer loop
      vertex -35.3579 64.5259 8
      vertex -35.3327 64.4175 0
      vertex -35.3327 64.4175 8
    endloop
  endfacet
  facet normal -0.935848 -0.352404 0
    outer loop
      vertex -35.3902 64.6323 0
      vertex -35.4294 64.7364 8
      vertex -35.4294 64.7364 0
    endloop
  endfacet
  facet normal -0.935848 -0.352404 0
    outer loop
      vertex -35.4294 64.7364 8
      vertex -35.3902 64.6323 0
      vertex -35.3902 64.6323 8
    endloop
  endfacet
  facet normal -0.999476 0.0323571 0
    outer loop
      vertex -35.3036 63.9747 0
      vertex -35.3 64.0859 8
      vertex -35.3 64.0859 0
    endloop
  endfacet
  facet normal -0.999476 0.0323571 0
    outer loop
      vertex -35.3 64.0859 8
      vertex -35.3036 63.9747 0
      vertex -35.3036 63.9747 8
    endloop
  endfacet
  facet normal -0.999476 -0.0323571 0
    outer loop
      vertex -35.3 64.0859 0
      vertex -35.3036 64.1971 8
      vertex -35.3036 64.1971 0
    endloop
  endfacet
  facet normal -0.999476 -0.0323571 0
    outer loop
      vertex -35.3036 64.1971 8
      vertex -35.3 64.0859 0
      vertex -35.3 64.0859 8
    endloop
  endfacet
  facet normal -0.528302 0.849057 0
    outer loop
      vertex -36.0555 62.6724 0
      vertex -36.15 62.6136 8
      vertex -36.0555 62.6724 8
    endloop
  endfacet
  facet normal -0.528302 0.849057 0
    outer loop
      vertex -36.15 62.6136 8
      vertex -36.0555 62.6724 0
      vertex -36.15 62.6136 0
    endloop
  endfacet
  facet normal -0.634509 0.772915 0
    outer loop
      vertex -35.8791 62.8078 0
      vertex -35.9651 62.7372 8
      vertex -35.8791 62.8078 8
    endloop
  endfacet
  facet normal -0.634509 0.772915 0
    outer loop
      vertex -35.9651 62.7372 8
      vertex -35.8791 62.8078 0
      vertex -35.9651 62.7372 0
    endloop
  endfacet
  facet normal -0.956956 0.290232 0
    outer loop
      vertex -35.3902 63.5394 0
      vertex -35.3579 63.6459 8
      vertex -35.3579 63.6459 0
    endloop
  endfacet
  facet normal -0.956956 0.290232 0
    outer loop
      vertex -35.3579 63.6459 8
      vertex -35.3902 63.5394 0
      vertex -35.3902 63.5394 8
    endloop
  endfacet
  facet normal -0.84946 0.527654 0
    outer loop
      vertex -35.5865 63.1414 0
      vertex -35.5278 63.2359 8
      vertex -35.5278 63.2359 0
    endloop
  endfacet
  facet normal -0.84946 0.527654 0
    outer loop
      vertex -35.5278 63.2359 8
      vertex -35.5865 63.1414 0
      vertex -35.5865 63.1414 8
    endloop
  endfacet
  facet normal -0.88168 0.471847 0
    outer loop
      vertex -35.5278 63.2359 0
      vertex -35.4753 63.334 8
      vertex -35.4753 63.334 0
    endloop
  endfacet
  facet normal -0.88168 0.471847 0
    outer loop
      vertex -35.4753 63.334 8
      vertex -35.5278 63.2359 0
      vertex -35.5278 63.2359 8
    endloop
  endfacet
  facet normal -0.772915 -0.634509 0
    outer loop
      vertex -35.6513 65.1208 0
      vertex -35.7219 65.2068 8
      vertex -35.7219 65.2068 0
    endloop
  endfacet
  facet normal -0.772915 -0.634509 0
    outer loop
      vertex -35.7219 65.2068 8
      vertex -35.6513 65.1208 0
      vertex -35.6513 65.1208 8
    endloop
  endfacet
  facet normal -0.683343 -0.730098 0
    outer loop
      vertex -35.8791 65.364 0
      vertex -35.7979 65.288 8
      vertex -35.8791 65.364 8
    endloop
  endfacet
  facet normal -0.683343 -0.730098 -0
    outer loop
      vertex -35.7979 65.288 8
      vertex -35.8791 65.364 0
      vertex -35.7979 65.288 0
    endloop
  endfacet
  facet normal -0.471847 -0.88168 0
    outer loop
      vertex -36.2481 65.6106 0
      vertex -36.15 65.5581 8
      vertex -36.2481 65.6106 8
    endloop
  endfacet
  facet normal -0.471847 -0.88168 -0
    outer loop
      vertex -36.15 65.5581 8
      vertex -36.2481 65.6106 0
      vertex -36.15 65.5581 0
    endloop
  endfacet
  facet normal -0.412719 -0.910859 0
    outer loop
      vertex -36.3494 65.6565 0
      vertex -36.2481 65.6106 8
      vertex -36.3494 65.6565 8
    endloop
  endfacet
  facet normal -0.412719 -0.910859 -0
    outer loop
      vertex -36.2481 65.6106 8
      vertex -36.3494 65.6565 0
      vertex -36.2481 65.6106 0
    endloop
  endfacet
  facet normal -0.290482 -0.956881 0
    outer loop
      vertex -36.56 65.728 0
      vertex -36.4536 65.6957 8
      vertex -36.56 65.728 8
    endloop
  endfacet
  facet normal -0.290482 -0.956881 -0
    outer loop
      vertex -36.4536 65.6957 8
      vertex -36.56 65.728 0
      vertex -36.4536 65.6957 0
    endloop
  endfacet
  facet normal -0.97398 0.226633 0
    outer loop
      vertex -35.3579 63.6459 0
      vertex -35.3327 63.7542 8
      vertex -35.3327 63.7542 0
    endloop
  endfacet
  facet normal -0.97398 0.226633 0
    outer loop
      vertex -35.3327 63.7542 8
      vertex -35.3579 63.6459 0
      vertex -35.3579 63.6459 8
    endloop
  endfacet
  facet normal -0.849209 -0.528057 0
    outer loop
      vertex -35.5278 64.9359 0
      vertex -35.5865 65.0303 8
      vertex -35.5865 65.0303 0
    endloop
  endfacet
  facet normal -0.849209 -0.528057 0
    outer loop
      vertex -35.5865 65.0303 8
      vertex -35.5278 64.9359 0
      vertex -35.5278 64.9359 8
    endloop
  endfacet
  facet normal -0.88168 -0.471847 0
    outer loop
      vertex -35.4753 64.8378 0
      vertex -35.5278 64.9359 8
      vertex -35.5278 64.9359 0
    endloop
  endfacet
  facet normal -0.88168 -0.471847 0
    outer loop
      vertex -35.5278 64.9359 8
      vertex -35.4753 64.8378 0
      vertex -35.4753 64.8378 8
    endloop
  endfacet
  facet normal -0.911012 -0.412381 0
    outer loop
      vertex -35.4294 64.7364 0
      vertex -35.4753 64.8378 8
      vertex -35.4753 64.8378 0
    endloop
  endfacet
  facet normal -0.911012 -0.412381 0
    outer loop
      vertex -35.4753 64.8378 8
      vertex -35.4294 64.7364 0
      vertex -35.4294 64.7364 8
    endloop
  endfacet
  facet normal -0.956881 -0.290482 0
    outer loop
      vertex -35.3579 64.5259 0
      vertex -35.3902 64.6323 8
      vertex -35.3902 64.6323 0
    endloop
  endfacet
  facet normal -0.956881 -0.290482 0
    outer loop
      vertex -35.3902 64.6323 8
      vertex -35.3579 64.5259 0
      vertex -35.3579 64.5259 8
    endloop
  endfacet
  facet normal -0.995187 0.0979904 0
    outer loop
      vertex -35.3145 63.864 0
      vertex -35.3036 63.9747 8
      vertex -35.3036 63.9747 0
    endloop
  endfacet
  facet normal -0.995187 0.0979904 0
    outer loop
      vertex -35.3036 63.9747 8
      vertex -35.3145 63.864 0
      vertex -35.3145 63.864 8
    endloop
  endfacet
  facet normal -0.995187 -0.0979904 0
    outer loop
      vertex -35.3036 64.1971 0
      vertex -35.3145 64.3078 8
      vertex -35.3145 64.3078 0
    endloop
  endfacet
  facet normal -0.995187 -0.0979904 0
    outer loop
      vertex -35.3145 64.3078 8
      vertex -35.3036 64.1971 0
      vertex -35.3036 64.1971 8
    endloop
  endfacet
  facet normal -0.582598 0.81276 0
    outer loop
      vertex -35.9651 62.7372 0
      vertex -36.0555 62.6724 8
      vertex -35.9651 62.7372 8
    endloop
  endfacet
  facet normal -0.582598 0.81276 0
    outer loop
      vertex -36.0555 62.6724 8
      vertex -35.9651 62.7372 0
      vertex -36.0555 62.6724 0
    endloop
  endfacet
  facet normal -0.730098 0.683343 0
    outer loop
      vertex -35.7979 62.8838 0
      vertex -35.7219 62.965 8
      vertex -35.7219 62.965 0
    endloop
  endfacet
  facet normal -0.730098 0.683343 0
    outer loop
      vertex -35.7219 62.965 8
      vertex -35.7979 62.8838 0
      vertex -35.7979 62.8838 8
    endloop
  endfacet
  facet normal -0.683343 0.730098 0
    outer loop
      vertex -35.7979 62.8838 0
      vertex -35.8791 62.8078 8
      vertex -35.7979 62.8838 8
    endloop
  endfacet
  facet normal -0.683343 0.730098 0
    outer loop
      vertex -35.8791 62.8078 8
      vertex -35.7979 62.8838 0
      vertex -35.8791 62.8078 0
    endloop
  endfacet
  facet normal -0.730098 -0.683343 0
    outer loop
      vertex -35.7219 65.2068 0
      vertex -35.7979 65.288 8
      vertex -35.7979 65.288 0
    endloop
  endfacet
  facet normal -0.730098 -0.683343 0
    outer loop
      vertex -35.7979 65.288 8
      vertex -35.7219 65.2068 0
      vertex -35.7219 65.2068 8
    endloop
  endfacet
  facet normal -0.226633 -0.97398 0
    outer loop
      vertex -36.6683 65.7532 0
      vertex -36.56 65.728 8
      vertex -36.6683 65.7532 8
    endloop
  endfacet
  facet normal -0.226633 -0.97398 -0
    outer loop
      vertex -36.56 65.728 8
      vertex -36.6683 65.7532 0
      vertex -36.56 65.728 0
    endloop
  endfacet
  facet normal -0.986539 0.163525 0
    outer loop
      vertex -35.3327 63.7542 0
      vertex -35.3145 63.864 8
      vertex -35.3145 63.864 0
    endloop
  endfacet
  facet normal -0.986539 0.163525 0
    outer loop
      vertex -35.3145 63.864 8
      vertex -35.3327 63.7542 0
      vertex -35.3327 63.7542 8
    endloop
  endfacet
  facet normal 0.634348 0.773047 -0
    outer loop
      vertex -75.0349 -1.3487 0
      vertex -75.1209 -1.27813 8
      vertex -75.0349 -1.3487 8
    endloop
  endfacet
  facet normal 0.634348 0.773047 0
    outer loop
      vertex -75.1209 -1.27813 8
      vertex -75.0349 -1.3487 0
      vertex -75.1209 -1.27813 0
    endloop
  endfacet
  facet normal -0.352029 0.935989 0
    outer loop
      vertex -73.3494 -1.57059 0
      vertex -73.4536 -1.60978 8
      vertex -73.3494 -1.57059 8
    endloop
  endfacet
  facet normal -0.352029 0.935989 0
    outer loop
      vertex -73.4536 -1.60978 8
      vertex -73.3494 -1.57059 0
      vertex -73.4536 -1.60978 0
    endloop
  endfacet
  facet normal 0.582598 -0.81276 0
    outer loop
      vertex -75.0349 1.3487 0
      vertex -74.9445 1.4135 8
      vertex -75.0349 1.3487 8
    endloop
  endfacet
  facet normal 0.582598 -0.81276 0
    outer loop
      vertex -74.9445 1.4135 8
      vertex -75.0349 1.3487 0
      vertex -74.9445 1.4135 0
    endloop
  endfacet
  facet normal -0.935864 -0.352362 0
    outer loop
      vertex -72.3902 0.546447 0
      vertex -72.4294 0.650561 8
      vertex -72.4294 0.650561 0
    endloop
  endfacet
  facet normal -0.935864 -0.352362 0
    outer loop
      vertex -72.4294 0.650561 8
      vertex -72.3902 0.546447 0
      vertex -72.3902 0.546447 8
    endloop
  endfacet
  facet normal -0.412793 -0.910825 0
    outer loop
      vertex -73.3494 1.57059 0
      vertex -73.2481 1.52468 8
      vertex -73.3494 1.57059 8
    endloop
  endfacet
  facet normal -0.412793 -0.910825 -0
    outer loop
      vertex -73.2481 1.52468 8
      vertex -73.3494 1.57059 0
      vertex -73.2481 1.52468 0
    endloop
  endfacet
  facet normal 0.881698 0.471814 0
    outer loop
      vertex -75.4722 -0.849999 8
      vertex -75.5247 -0.75189 0
      vertex -75.5247 -0.75189 8
    endloop
  endfacet
  facet normal 0.881698 0.471814 0
    outer loop
      vertex -75.5247 -0.75189 0
      vertex -75.4722 -0.849999 8
      vertex -75.4722 -0.849999 0
    endloop
  endfacet
  facet normal -0.730056 0.683388 0
    outer loop
      vertex -72.7979 -1.20208 0
      vertex -72.7219 -1.12089 8
      vertex -72.7219 -1.12089 0
    endloop
  endfacet
  facet normal -0.730056 0.683388 0
    outer loop
      vertex -72.7219 -1.12089 8
      vertex -72.7979 -1.20208 0
      vertex -72.7979 -1.20208 8
    endloop
  endfacet
  facet normal -0.163057 0.986617 0
    outer loop
      vertex -73.6684 -1.66733 0
      vertex -73.7781 -1.68546 8
      vertex -73.6684 -1.66733 8
    endloop
  endfacet
  facet normal -0.163057 0.986617 0
    outer loop
      vertex -73.7781 -1.68546 8
      vertex -73.6684 -1.66733 0
      vertex -73.7781 -1.68546 0
    endloop
  endfacet
  facet normal 0.935864 -0.352362 0
    outer loop
      vertex -75.6098 0.546447 8
      vertex -75.5706 0.650561 0
      vertex -75.5706 0.650561 8
    endloop
  endfacet
  facet normal 0.935864 -0.352362 0
    outer loop
      vertex -75.5706 0.650561 0
      vertex -75.6098 0.546447 8
      vertex -75.6098 0.546447 0
    endloop
  endfacet
  facet normal 0.352029 -0.935989 0
    outer loop
      vertex -74.6506 1.57059 0
      vertex -74.5464 1.60978 8
      vertex -74.6506 1.57059 8
    endloop
  endfacet
  facet normal 0.352029 -0.935989 0
    outer loop
      vertex -74.5464 1.60978 8
      vertex -74.6506 1.57059 0
      vertex -74.5464 1.60978 0
    endloop
  endfacet
  facet normal -0.683582 -0.729873 0
    outer loop
      vertex -72.8791 1.27813 0
      vertex -72.7979 1.20208 8
      vertex -72.8791 1.27813 8
    endloop
  endfacet
  facet normal -0.683582 -0.729873 -0
    outer loop
      vertex -72.7979 1.20208 8
      vertex -72.8791 1.27813 0
      vertex -72.7979 1.20208 0
    endloop
  endfacet
  facet normal -0.986529 -0.163584 0
    outer loop
      vertex -72.3145 0.221894 0
      vertex -72.3327 0.331653 8
      vertex -72.3327 0.331653 0
    endloop
  endfacet
  facet normal -0.986529 -0.163584 0
    outer loop
      vertex -72.3327 0.331653 8
      vertex -72.3145 0.221894 0
      vertex -72.3145 0.221894 8
    endloop
  endfacet
  facet normal 0.973998 0.226555 0
    outer loop
      vertex -75.6421 -0.439992 8
      vertex -75.6673 -0.331653 0
      vertex -75.6673 -0.331653 8
    endloop
  endfacet
  facet normal 0.973998 0.226555 0
    outer loop
      vertex -75.6673 -0.331653 0
      vertex -75.6421 -0.439992 8
      vertex -75.6421 -0.439992 0
    endloop
  endfacet
  facet normal 0.772915 0.634509 0
    outer loop
      vertex -75.2781 -1.12089 8
      vertex -75.3487 -1.03489 0
      vertex -75.3487 -1.03489 8
    endloop
  endfacet
  facet normal 0.772915 0.634509 0
    outer loop
      vertex -75.3487 -1.03489 0
      vertex -75.2781 -1.12089 8
      vertex -75.2781 -1.12089 0
    endloop
  endfacet
  facet normal 0.0327163 0.999465 -0
    outer loop
      vertex -74 -1.7 0
      vertex -74.1112 -1.69636 8
      vertex -74 -1.7 8
    endloop
  endfacet
  facet normal 0.0327163 0.999465 0
    outer loop
      vertex -74.1112 -1.69636 8
      vertex -74 -1.7 0
      vertex -74.1112 -1.69636 0
    endloop
  endfacet
  facet normal -0.999476 0.0323615 0
    outer loop
      vertex -72.3036 -0.111185 0
      vertex -72.3 0 8
      vertex -72.3 0 0
    endloop
  endfacet
  facet normal -0.999476 0.0323615 0
    outer loop
      vertex -72.3 0 8
      vertex -72.3036 -0.111185 0
      vertex -72.3036 -0.111185 8
    endloop
  endfacet
  facet normal -0.812827 0.582504 0
    outer loop
      vertex -72.6513 -1.03489 0
      vertex -72.5865 -0.944468 8
      vertex -72.5865 -0.944468 0
    endloop
  endfacet
  facet normal -0.812827 0.582504 0
    outer loop
      vertex -72.5865 -0.944468 8
      vertex -72.6513 -1.03489 0
      vertex -72.6513 -1.03489 8
    endloop
  endfacet
  facet normal -0.226946 0.973907 0
    outer loop
      vertex -73.56 -1.64207 0
      vertex -73.6684 -1.66733 8
      vertex -73.56 -1.64207 8
    endloop
  endfacet
  facet normal -0.226946 0.973907 0
    outer loop
      vertex -73.6684 -1.66733 8
      vertex -73.56 -1.64207 0
      vertex -73.6684 -1.66733 0
    endloop
  endfacet
  facet normal -0.0327163 0.999465 0
    outer loop
      vertex -73.8888 -1.69636 0
      vertex -74 -1.7 8
      vertex -73.8888 -1.69636 8
    endloop
  endfacet
  facet normal -0.0327163 0.999465 0
    outer loop
      vertex -74 -1.7 8
      vertex -73.8888 -1.69636 0
      vertex -74 -1.7 0
    endloop
  endfacet
  facet normal -0.412793 0.910825 0
    outer loop
      vertex -73.2481 -1.52468 0
      vertex -73.3494 -1.57059 8
      vertex -73.2481 -1.52468 8
    endloop
  endfacet
  facet normal -0.412793 0.910825 0
    outer loop
      vertex -73.3494 -1.57059 8
      vertex -73.2481 -1.52468 0
      vertex -73.3494 -1.57059 0
    endloop
  endfacet
  facet normal 0.999476 0.0323615 0
    outer loop
      vertex -75.6964 -0.111185 8
      vertex -75.7 0 0
      vertex -75.7 0 8
    endloop
  endfacet
  facet normal 0.999476 0.0323615 0
    outer loop
      vertex -75.7 0 0
      vertex -75.6964 -0.111185 8
      vertex -75.6964 -0.111185 0
    endloop
  endfacet
  facet normal 0.0327163 -0.999465 0
    outer loop
      vertex -74.1112 1.69636 0
      vertex -74 1.7 8
      vertex -74.1112 1.69636 8
    endloop
  endfacet
  facet normal 0.0327163 -0.999465 0
    outer loop
      vertex -74 1.7 8
      vertex -74.1112 1.69636 0
      vertex -74 1.7 0
    endloop
  endfacet
  facet normal 0.163057 -0.986617 0
    outer loop
      vertex -74.3316 1.66733 0
      vertex -74.2219 1.68546 8
      vertex -74.3316 1.66733 8
    endloop
  endfacet
  facet normal 0.163057 -0.986617 0
    outer loop
      vertex -74.2219 1.68546 8
      vertex -74.3316 1.66733 0
      vertex -74.2219 1.68546 0
    endloop
  endfacet
  facet normal 0.226946 -0.973907 0
    outer loop
      vertex -74.44 1.64207 0
      vertex -74.3316 1.66733 8
      vertex -74.44 1.64207 8
    endloop
  endfacet
  facet normal 0.226946 -0.973907 0
    outer loop
      vertex -74.3316 1.66733 8
      vertex -74.44 1.64207 0
      vertex -74.3316 1.66733 0
    endloop
  endfacet
  facet normal 0.634348 -0.773047 0
    outer loop
      vertex -75.1209 1.27813 0
      vertex -75.0349 1.3487 8
      vertex -75.1209 1.27813 8
    endloop
  endfacet
  facet normal 0.634348 -0.773047 0
    outer loop
      vertex -75.0349 1.3487 8
      vertex -75.1209 1.27813 0
      vertex -75.0349 1.3487 0
    endloop
  endfacet
  facet normal 0.471428 -0.881905 0
    outer loop
      vertex -74.85 1.47224 0
      vertex -74.7519 1.52468 8
      vertex -74.85 1.47224 8
    endloop
  endfacet
  facet normal 0.471428 -0.881905 0
    outer loop
      vertex -74.7519 1.52468 8
      vertex -74.85 1.47224 0
      vertex -74.7519 1.52468 0
    endloop
  endfacet
  facet normal -0.0327163 -0.999465 0
    outer loop
      vertex -74 1.7 0
      vertex -73.8888 1.69636 8
      vertex -74 1.7 8
    endloop
  endfacet
  facet normal -0.0327163 -0.999465 -0
    outer loop
      vertex -73.8888 1.69636 8
      vertex -74 1.7 0
      vertex -73.8888 1.69636 0
    endloop
  endfacet
  facet normal -0.226946 -0.973907 0
    outer loop
      vertex -73.6684 1.66733 0
      vertex -73.56 1.64207 8
      vertex -73.6684 1.66733 8
    endloop
  endfacet
  facet normal -0.226946 -0.973907 -0
    outer loop
      vertex -73.56 1.64207 8
      vertex -73.6684 1.66733 0
      vertex -73.56 1.64207 0
    endloop
  endfacet
  facet normal -0.582598 -0.81276 0
    outer loop
      vertex -73.0555 1.4135 0
      vertex -72.9651 1.3487 8
      vertex -73.0555 1.4135 8
    endloop
  endfacet
  facet normal -0.582598 -0.81276 -0
    outer loop
      vertex -72.9651 1.3487 8
      vertex -73.0555 1.4135 0
      vertex -72.9651 1.3487 0
    endloop
  endfacet
  facet normal -0.973998 -0.226555 0
    outer loop
      vertex -72.3327 0.331653 0
      vertex -72.3579 0.439992 8
      vertex -72.3579 0.439992 0
    endloop
  endfacet
  facet normal -0.973998 -0.226555 0
    outer loop
      vertex -72.3579 0.439992 8
      vertex -72.3327 0.331653 0
      vertex -72.3327 0.331653 8
    endloop
  endfacet
  facet normal -0.999476 -0.0323615 0
    outer loop
      vertex -72.3 0 0
      vertex -72.3036 0.111185 8
      vertex -72.3036 0.111185 0
    endloop
  endfacet
  facet normal -0.999476 -0.0323615 0
    outer loop
      vertex -72.3036 0.111185 8
      vertex -72.3 0 0
      vertex -72.3 0 8
    endloop
  endfacet
  facet normal -0.849382 -0.527779 0
    outer loop
      vertex -72.5278 0.849999 0
      vertex -72.5865 0.944468 8
      vertex -72.5865 0.944468 0
    endloop
  endfacet
  facet normal -0.849382 -0.527779 0
    outer loop
      vertex -72.5865 0.944468 8
      vertex -72.5278 0.849999 0
      vertex -72.5278 0.849999 8
    endloop
  endfacet
  facet normal -0.910903 -0.412621 0
    outer loop
      vertex -72.4294 0.650561 0
      vertex -72.4753 0.75189 8
      vertex -72.4753 0.75189 0
    endloop
  endfacet
  facet normal -0.910903 -0.412621 0
    outer loop
      vertex -72.4753 0.75189 8
      vertex -72.4294 0.650561 0
      vertex -72.4294 0.650561 8
    endloop
  endfacet
  facet normal -0.730056 -0.683388 0
    outer loop
      vertex -72.7219 1.12089 0
      vertex -72.7979 1.20208 8
      vertex -72.7979 1.20208 0
    endloop
  endfacet
  facet normal -0.730056 -0.683388 0
    outer loop
      vertex -72.7979 1.20208 8
      vertex -72.7219 1.12089 0
      vertex -72.7219 1.12089 8
    endloop
  endfacet
  facet normal 0.995188 0.0979826 0
    outer loop
      vertex -75.6855 -0.221894 8
      vertex -75.6964 -0.111185 0
      vertex -75.6964 -0.111185 8
    endloop
  endfacet
  facet normal 0.995188 0.0979826 0
    outer loop
      vertex -75.6964 -0.111185 0
      vertex -75.6855 -0.221894 8
      vertex -75.6855 -0.221894 0
    endloop
  endfacet
  facet normal 0.986529 0.163584 0
    outer loop
      vertex -75.6673 -0.331653 8
      vertex -75.6855 -0.221894 0
      vertex -75.6855 -0.221894 8
    endloop
  endfacet
  facet normal 0.986529 0.163584 0
    outer loop
      vertex -75.6855 -0.221894 0
      vertex -75.6673 -0.331653 8
      vertex -75.6673 -0.331653 0
    endloop
  endfacet
  facet normal 0.910903 0.412621 0
    outer loop
      vertex -75.5247 -0.75189 8
      vertex -75.5706 -0.650561 0
      vertex -75.5706 -0.650561 8
    endloop
  endfacet
  facet normal 0.910903 0.412621 0
    outer loop
      vertex -75.5706 -0.650561 0
      vertex -75.5247 -0.75189 8
      vertex -75.5247 -0.75189 0
    endloop
  endfacet
  facet normal 0.956922 0.290344 0
    outer loop
      vertex -75.6098 -0.546447 8
      vertex -75.6421 -0.439992 0
      vertex -75.6421 -0.439992 8
    endloop
  endfacet
  facet normal 0.956922 0.290344 0
    outer loop
      vertex -75.6421 -0.439992 0
      vertex -75.6098 -0.546447 8
      vertex -75.6098 -0.546447 0
    endloop
  endfacet
  facet normal 0.812827 0.582504 0
    outer loop
      vertex -75.3487 -1.03489 8
      vertex -75.4135 -0.944468 0
      vertex -75.4135 -0.944468 8
    endloop
  endfacet
  facet normal 0.812827 0.582504 0
    outer loop
      vertex -75.4135 -0.944468 0
      vertex -75.3487 -1.03489 8
      vertex -75.3487 -1.03489 0
    endloop
  endfacet
  facet normal 0.730056 0.683388 0
    outer loop
      vertex -75.2021 -1.20208 8
      vertex -75.2781 -1.12089 0
      vertex -75.2781 -1.12089 8
    endloop
  endfacet
  facet normal 0.730056 0.683388 0
    outer loop
      vertex -75.2781 -1.12089 0
      vertex -75.2021 -1.20208 8
      vertex -75.2021 -1.20208 0
    endloop
  endfacet
  facet normal 0.683582 0.729873 -0
    outer loop
      vertex -75.1209 -1.27813 0
      vertex -75.2021 -1.20208 8
      vertex -75.1209 -1.27813 8
    endloop
  endfacet
  facet normal 0.683582 0.729873 0
    outer loop
      vertex -75.2021 -1.20208 8
      vertex -75.1209 -1.27813 0
      vertex -75.2021 -1.20208 0
    endloop
  endfacet
  facet normal 0.582598 0.81276 -0
    outer loop
      vertex -74.9445 -1.4135 0
      vertex -75.0349 -1.3487 8
      vertex -74.9445 -1.4135 8
    endloop
  endfacet
  facet normal 0.582598 0.81276 0
    outer loop
      vertex -75.0349 -1.3487 8
      vertex -74.9445 -1.4135 0
      vertex -75.0349 -1.3487 0
    endloop
  endfacet
  facet normal 0.412793 0.910825 -0
    outer loop
      vertex -74.6506 -1.57059 0
      vertex -74.7519 -1.52468 8
      vertex -74.6506 -1.57059 8
    endloop
  endfacet
  facet normal 0.412793 0.910825 0
    outer loop
      vertex -74.7519 -1.52468 8
      vertex -74.6506 -1.57059 0
      vertex -74.7519 -1.52468 0
    endloop
  endfacet
  facet normal 0.527913 0.849298 -0
    outer loop
      vertex -74.85 -1.47224 0
      vertex -74.9445 -1.4135 8
      vertex -74.85 -1.47224 8
    endloop
  endfacet
  facet normal 0.527913 0.849298 0
    outer loop
      vertex -74.9445 -1.4135 8
      vertex -74.85 -1.47224 0
      vertex -74.9445 -1.4135 0
    endloop
  endfacet
  facet normal 0.352029 0.935989 -0
    outer loop
      vertex -74.5464 -1.60978 0
      vertex -74.6506 -1.57059 8
      vertex -74.5464 -1.60978 8
    endloop
  endfacet
  facet normal 0.352029 0.935989 0
    outer loop
      vertex -74.6506 -1.57059 8
      vertex -74.5464 -1.60978 0
      vertex -74.6506 -1.57059 0
    endloop
  endfacet
  facet normal 0.163057 0.986617 -0
    outer loop
      vertex -74.2219 -1.68546 0
      vertex -74.3316 -1.66733 8
      vertex -74.2219 -1.68546 8
    endloop
  endfacet
  facet normal 0.163057 0.986617 0
    outer loop
      vertex -74.3316 -1.66733 8
      vertex -74.2219 -1.68546 0
      vertex -74.3316 -1.66733 0
    endloop
  endfacet
  facet normal 0.226946 0.973907 -0
    outer loop
      vertex -74.3316 -1.66733 0
      vertex -74.44 -1.64207 8
      vertex -74.3316 -1.66733 8
    endloop
  endfacet
  facet normal 0.226946 0.973907 0
    outer loop
      vertex -74.44 -1.64207 8
      vertex -74.3316 -1.66733 0
      vertex -74.44 -1.64207 0
    endloop
  endfacet
  facet normal -0.935864 0.352362 0
    outer loop
      vertex -72.4294 -0.650561 0
      vertex -72.3902 -0.546447 8
      vertex -72.3902 -0.546447 0
    endloop
  endfacet
  facet normal -0.935864 0.352362 0
    outer loop
      vertex -72.3902 -0.546447 8
      vertex -72.4294 -0.650561 0
      vertex -72.4294 -0.650561 8
    endloop
  endfacet
  facet normal -0.986529 0.163584 0
    outer loop
      vertex -72.3327 -0.331653 0
      vertex -72.3145 -0.221894 8
      vertex -72.3145 -0.221894 0
    endloop
  endfacet
  facet normal -0.986529 0.163584 0
    outer loop
      vertex -72.3145 -0.221894 8
      vertex -72.3327 -0.331653 0
      vertex -72.3327 -0.331653 8
    endloop
  endfacet
  facet normal -0.973998 0.226555 0
    outer loop
      vertex -72.3579 -0.439992 0
      vertex -72.3327 -0.331653 8
      vertex -72.3327 -0.331653 0
    endloop
  endfacet
  facet normal -0.973998 0.226555 0
    outer loop
      vertex -72.3327 -0.331653 8
      vertex -72.3579 -0.439992 0
      vertex -72.3579 -0.439992 8
    endloop
  endfacet
  facet normal -0.849382 0.527779 0
    outer loop
      vertex -72.5865 -0.944468 0
      vertex -72.5278 -0.849999 8
      vertex -72.5278 -0.849999 0
    endloop
  endfacet
  facet normal -0.849382 0.527779 0
    outer loop
      vertex -72.5278 -0.849999 8
      vertex -72.5865 -0.944468 0
      vertex -72.5865 -0.944468 8
    endloop
  endfacet
  facet normal -0.910903 0.412621 0
    outer loop
      vertex -72.4753 -0.75189 0
      vertex -72.4294 -0.650561 8
      vertex -72.4294 -0.650561 0
    endloop
  endfacet
  facet normal -0.910903 0.412621 0
    outer loop
      vertex -72.4294 -0.650561 8
      vertex -72.4753 -0.75189 0
      vertex -72.4753 -0.75189 8
    endloop
  endfacet
  facet normal -0.772915 0.634509 0
    outer loop
      vertex -72.7219 -1.12089 0
      vertex -72.6513 -1.03489 8
      vertex -72.6513 -1.03489 0
    endloop
  endfacet
  facet normal -0.772915 0.634509 0
    outer loop
      vertex -72.6513 -1.03489 8
      vertex -72.7219 -1.12089 0
      vertex -72.7219 -1.12089 8
    endloop
  endfacet
  facet normal -0.290399 0.956906 0
    outer loop
      vertex -73.4536 -1.60978 0
      vertex -73.56 -1.64207 8
      vertex -73.4536 -1.60978 8
    endloop
  endfacet
  facet normal -0.290399 0.956906 0
    outer loop
      vertex -73.56 -1.64207 8
      vertex -73.4536 -1.60978 0
      vertex -73.56 -1.64207 0
    endloop
  endfacet
  facet normal -0.0979904 0.995187 0
    outer loop
      vertex -73.7781 -1.68546 0
      vertex -73.8888 -1.69636 8
      vertex -73.7781 -1.68546 8
    endloop
  endfacet
  facet normal -0.0979904 0.995187 0
    outer loop
      vertex -73.8888 -1.69636 8
      vertex -73.7781 -1.68546 0
      vertex -73.8888 -1.69636 0
    endloop
  endfacet
  facet normal -0.471428 0.881905 0
    outer loop
      vertex -73.15 -1.47224 0
      vertex -73.2481 -1.52468 8
      vertex -73.15 -1.47224 8
    endloop
  endfacet
  facet normal -0.471428 0.881905 0
    outer loop
      vertex -73.2481 -1.52468 8
      vertex -73.15 -1.47224 0
      vertex -73.2481 -1.52468 0
    endloop
  endfacet
  facet normal -0.683582 0.729873 0
    outer loop
      vertex -72.7979 -1.20208 0
      vertex -72.8791 -1.27813 8
      vertex -72.7979 -1.20208 8
    endloop
  endfacet
  facet normal -0.683582 0.729873 0
    outer loop
      vertex -72.8791 -1.27813 8
      vertex -72.7979 -1.20208 0
      vertex -72.8791 -1.27813 0
    endloop
  endfacet
  facet normal -0.582598 0.81276 0
    outer loop
      vertex -72.9651 -1.3487 0
      vertex -73.0555 -1.4135 8
      vertex -72.9651 -1.3487 8
    endloop
  endfacet
  facet normal -0.582598 0.81276 0
    outer loop
      vertex -73.0555 -1.4135 8
      vertex -72.9651 -1.3487 0
      vertex -73.0555 -1.4135 0
    endloop
  endfacet
  facet normal 0.999476 -0.0323615 0
    outer loop
      vertex -75.7 0 8
      vertex -75.6964 0.111185 0
      vertex -75.6964 0.111185 8
    endloop
  endfacet
  facet normal 0.999476 -0.0323615 0
    outer loop
      vertex -75.6964 0.111185 0
      vertex -75.7 0 8
      vertex -75.7 0 0
    endloop
  endfacet
  facet normal 0.986529 -0.163584 0
    outer loop
      vertex -75.6855 0.221894 8
      vertex -75.6673 0.331653 0
      vertex -75.6673 0.331653 8
    endloop
  endfacet
  facet normal 0.986529 -0.163584 0
    outer loop
      vertex -75.6673 0.331653 0
      vertex -75.6855 0.221894 8
      vertex -75.6855 0.221894 0
    endloop
  endfacet
  facet normal 0.956922 -0.290344 0
    outer loop
      vertex -75.6421 0.439992 8
      vertex -75.6098 0.546447 0
      vertex -75.6098 0.546447 8
    endloop
  endfacet
  facet normal 0.956922 -0.290344 0
    outer loop
      vertex -75.6098 0.546447 0
      vertex -75.6421 0.439992 8
      vertex -75.6421 0.439992 0
    endloop
  endfacet
  facet normal 0.812827 -0.582504 0
    outer loop
      vertex -75.4135 0.944468 8
      vertex -75.3487 1.03489 0
      vertex -75.3487 1.03489 8
    endloop
  endfacet
  facet normal 0.812827 -0.582504 0
    outer loop
      vertex -75.3487 1.03489 0
      vertex -75.4135 0.944468 8
      vertex -75.4135 0.944468 0
    endloop
  endfacet
  facet normal 0.772915 -0.634509 0
    outer loop
      vertex -75.3487 1.03489 8
      vertex -75.2781 1.12089 0
      vertex -75.2781 1.12089 8
    endloop
  endfacet
  facet normal 0.772915 -0.634509 0
    outer loop
      vertex -75.2781 1.12089 0
      vertex -75.3487 1.03489 8
      vertex -75.3487 1.03489 0
    endloop
  endfacet
  facet normal 0.0979904 -0.995187 0
    outer loop
      vertex -74.2219 1.68546 0
      vertex -74.1112 1.69636 8
      vertex -74.2219 1.68546 8
    endloop
  endfacet
  facet normal 0.0979904 -0.995187 0
    outer loop
      vertex -74.1112 1.69636 8
      vertex -74.2219 1.68546 0
      vertex -74.1112 1.69636 0
    endloop
  endfacet
  facet normal 0.290399 -0.956906 0
    outer loop
      vertex -74.5464 1.60978 0
      vertex -74.44 1.64207 8
      vertex -74.5464 1.60978 8
    endloop
  endfacet
  facet normal 0.290399 -0.956906 0
    outer loop
      vertex -74.44 1.64207 8
      vertex -74.5464 1.60978 0
      vertex -74.44 1.64207 0
    endloop
  endfacet
  facet normal 0.730056 -0.683388 0
    outer loop
      vertex -75.2781 1.12089 8
      vertex -75.2021 1.20208 0
      vertex -75.2021 1.20208 8
    endloop
  endfacet
  facet normal 0.730056 -0.683388 0
    outer loop
      vertex -75.2021 1.20208 0
      vertex -75.2781 1.12089 8
      vertex -75.2781 1.12089 0
    endloop
  endfacet
  facet normal 0.683582 -0.729873 0
    outer loop
      vertex -75.2021 1.20208 0
      vertex -75.1209 1.27813 8
      vertex -75.2021 1.20208 8
    endloop
  endfacet
  facet normal 0.683582 -0.729873 0
    outer loop
      vertex -75.1209 1.27813 8
      vertex -75.2021 1.20208 0
      vertex -75.1209 1.27813 0
    endloop
  endfacet
  facet normal 0.527913 -0.849298 0
    outer loop
      vertex -74.9445 1.4135 0
      vertex -74.85 1.47224 8
      vertex -74.9445 1.4135 8
    endloop
  endfacet
  facet normal 0.527913 -0.849298 0
    outer loop
      vertex -74.85 1.47224 8
      vertex -74.9445 1.4135 0
      vertex -74.85 1.47224 0
    endloop
  endfacet
  facet normal 0.412793 -0.910825 0
    outer loop
      vertex -74.7519 1.52468 0
      vertex -74.6506 1.57059 8
      vertex -74.7519 1.52468 8
    endloop
  endfacet
  facet normal 0.412793 -0.910825 0
    outer loop
      vertex -74.6506 1.57059 8
      vertex -74.7519 1.52468 0
      vertex -74.6506 1.57059 0
    endloop
  endfacet
  facet normal -0.290399 -0.956906 0
    outer loop
      vertex -73.56 1.64207 0
      vertex -73.4536 1.60978 8
      vertex -73.56 1.64207 8
    endloop
  endfacet
  facet normal -0.290399 -0.956906 -0
    outer loop
      vertex -73.4536 1.60978 8
      vertex -73.56 1.64207 0
      vertex -73.4536 1.60978 0
    endloop
  endfacet
  facet normal -0.352029 -0.935989 0
    outer loop
      vertex -73.4536 1.60978 0
      vertex -73.3494 1.57059 8
      vertex -73.4536 1.60978 8
    endloop
  endfacet
  facet normal -0.352029 -0.935989 -0
    outer loop
      vertex -73.3494 1.57059 8
      vertex -73.4536 1.60978 0
      vertex -73.3494 1.57059 0
    endloop
  endfacet
  facet normal -0.163057 -0.986617 0
    outer loop
      vertex -73.7781 1.68546 0
      vertex -73.6684 1.66733 8
      vertex -73.7781 1.68546 8
    endloop
  endfacet
  facet normal -0.163057 -0.986617 -0
    outer loop
      vertex -73.6684 1.66733 8
      vertex -73.7781 1.68546 0
      vertex -73.6684 1.66733 0
    endloop
  endfacet
  facet normal -0.0979904 -0.995187 0
    outer loop
      vertex -73.8888 1.69636 0
      vertex -73.7781 1.68546 8
      vertex -73.8888 1.69636 8
    endloop
  endfacet
  facet normal -0.0979904 -0.995187 -0
    outer loop
      vertex -73.7781 1.68546 8
      vertex -73.8888 1.69636 0
      vertex -73.7781 1.68546 0
    endloop
  endfacet
  facet normal -0.527913 -0.849298 0
    outer loop
      vertex -73.15 1.47224 0
      vertex -73.0555 1.4135 8
      vertex -73.15 1.47224 8
    endloop
  endfacet
  facet normal -0.527913 -0.849298 -0
    outer loop
      vertex -73.0555 1.4135 8
      vertex -73.15 1.47224 0
      vertex -73.0555 1.4135 0
    endloop
  endfacet
  facet normal -0.471428 -0.881905 0
    outer loop
      vertex -73.2481 1.52468 0
      vertex -73.15 1.47224 8
      vertex -73.2481 1.52468 8
    endloop
  endfacet
  facet normal -0.471428 -0.881905 -0
    outer loop
      vertex -73.15 1.47224 8
      vertex -73.2481 1.52468 0
      vertex -73.15 1.47224 0
    endloop
  endfacet
  facet normal -0.634348 -0.773047 0
    outer loop
      vertex -72.9651 1.3487 0
      vertex -72.8791 1.27813 8
      vertex -72.9651 1.3487 8
    endloop
  endfacet
  facet normal -0.634348 -0.773047 -0
    outer loop
      vertex -72.8791 1.27813 8
      vertex -72.9651 1.3487 0
      vertex -72.8791 1.27813 0
    endloop
  endfacet
  facet normal -0.956922 -0.290344 0
    outer loop
      vertex -72.3579 0.439992 0
      vertex -72.3902 0.546447 8
      vertex -72.3902 0.546447 0
    endloop
  endfacet
  facet normal -0.956922 -0.290344 0
    outer loop
      vertex -72.3902 0.546447 8
      vertex -72.3579 0.439992 0
      vertex -72.3579 0.439992 8
    endloop
  endfacet
  facet normal -0.995188 -0.0979826 0
    outer loop
      vertex -72.3036 0.111185 0
      vertex -72.3145 0.221894 8
      vertex -72.3145 0.221894 0
    endloop
  endfacet
  facet normal -0.995188 -0.0979826 0
    outer loop
      vertex -72.3145 0.221894 8
      vertex -72.3036 0.111185 0
      vertex -72.3036 0.111185 8
    endloop
  endfacet
  facet normal -0.881698 -0.471814 0
    outer loop
      vertex -72.4753 0.75189 0
      vertex -72.5278 0.849999 8
      vertex -72.5278 0.849999 0
    endloop
  endfacet
  facet normal -0.881698 -0.471814 0
    outer loop
      vertex -72.5278 0.849999 8
      vertex -72.4753 0.75189 0
      vertex -72.4753 0.75189 8
    endloop
  endfacet
  facet normal -0.772915 -0.634509 0
    outer loop
      vertex -72.6513 1.03489 0
      vertex -72.7219 1.12089 8
      vertex -72.7219 1.12089 0
    endloop
  endfacet
  facet normal -0.772915 -0.634509 0
    outer loop
      vertex -72.7219 1.12089 8
      vertex -72.6513 1.03489 0
      vertex -72.6513 1.03489 8
    endloop
  endfacet
  facet normal -0.812827 -0.582504 0
    outer loop
      vertex -72.5865 0.944468 0
      vertex -72.6513 1.03489 8
      vertex -72.6513 1.03489 0
    endloop
  endfacet
  facet normal -0.812827 -0.582504 0
    outer loop
      vertex -72.6513 1.03489 8
      vertex -72.5865 0.944468 0
      vertex -72.5865 0.944468 8
    endloop
  endfacet
  facet normal 0.935864 0.352362 0
    outer loop
      vertex -75.5706 -0.650561 8
      vertex -75.6098 -0.546447 0
      vertex -75.6098 -0.546447 8
    endloop
  endfacet
  facet normal 0.935864 0.352362 0
    outer loop
      vertex -75.6098 -0.546447 0
      vertex -75.5706 -0.650561 8
      vertex -75.5706 -0.650561 0
    endloop
  endfacet
  facet normal 0.849382 0.527779 0
    outer loop
      vertex -75.4135 -0.944468 8
      vertex -75.4722 -0.849999 0
      vertex -75.4722 -0.849999 8
    endloop
  endfacet
  facet normal 0.849382 0.527779 0
    outer loop
      vertex -75.4722 -0.849999 0
      vertex -75.4135 -0.944468 8
      vertex -75.4135 -0.944468 0
    endloop
  endfacet
  facet normal 0.471428 0.881905 -0
    outer loop
      vertex -74.7519 -1.52468 0
      vertex -74.85 -1.47224 8
      vertex -74.7519 -1.52468 8
    endloop
  endfacet
  facet normal 0.471428 0.881905 0
    outer loop
      vertex -74.85 -1.47224 8
      vertex -74.7519 -1.52468 0
      vertex -74.85 -1.47224 0
    endloop
  endfacet
  facet normal 0.0979904 0.995187 -0
    outer loop
      vertex -74.1112 -1.69636 0
      vertex -74.2219 -1.68546 8
      vertex -74.1112 -1.69636 8
    endloop
  endfacet
  facet normal 0.0979904 0.995187 0
    outer loop
      vertex -74.2219 -1.68546 8
      vertex -74.1112 -1.69636 0
      vertex -74.2219 -1.68546 0
    endloop
  endfacet
  facet normal 0.290399 0.956906 -0
    outer loop
      vertex -74.44 -1.64207 0
      vertex -74.5464 -1.60978 8
      vertex -74.44 -1.64207 8
    endloop
  endfacet
  facet normal 0.290399 0.956906 0
    outer loop
      vertex -74.5464 -1.60978 8
      vertex -74.44 -1.64207 0
      vertex -74.5464 -1.60978 0
    endloop
  endfacet
  facet normal -0.995188 0.0979826 0
    outer loop
      vertex -72.3145 -0.221894 0
      vertex -72.3036 -0.111185 8
      vertex -72.3036 -0.111185 0
    endloop
  endfacet
  facet normal -0.995188 0.0979826 0
    outer loop
      vertex -72.3036 -0.111185 8
      vertex -72.3145 -0.221894 0
      vertex -72.3145 -0.221894 8
    endloop
  endfacet
  facet normal -0.956922 0.290344 0
    outer loop
      vertex -72.3902 -0.546447 0
      vertex -72.3579 -0.439992 8
      vertex -72.3579 -0.439992 0
    endloop
  endfacet
  facet normal -0.956922 0.290344 0
    outer loop
      vertex -72.3579 -0.439992 8
      vertex -72.3902 -0.546447 0
      vertex -72.3902 -0.546447 8
    endloop
  endfacet
  facet normal -0.881698 0.471814 0
    outer loop
      vertex -72.5278 -0.849999 0
      vertex -72.4753 -0.75189 8
      vertex -72.4753 -0.75189 0
    endloop
  endfacet
  facet normal -0.881698 0.471814 0
    outer loop
      vertex -72.4753 -0.75189 8
      vertex -72.5278 -0.849999 0
      vertex -72.5278 -0.849999 8
    endloop
  endfacet
  facet normal -0.527913 0.849298 0
    outer loop
      vertex -73.0555 -1.4135 0
      vertex -73.15 -1.47224 8
      vertex -73.0555 -1.4135 8
    endloop
  endfacet
  facet normal -0.527913 0.849298 0
    outer loop
      vertex -73.15 -1.47224 8
      vertex -73.0555 -1.4135 0
      vertex -73.15 -1.47224 0
    endloop
  endfacet
  facet normal -0.634348 0.773047 0
    outer loop
      vertex -72.8791 -1.27813 0
      vertex -72.9651 -1.3487 8
      vertex -72.8791 -1.27813 8
    endloop
  endfacet
  facet normal -0.634348 0.773047 0
    outer loop
      vertex -72.9651 -1.3487 8
      vertex -72.8791 -1.27813 0
      vertex -72.9651 -1.3487 0
    endloop
  endfacet
  facet normal 0.973998 -0.226555 0
    outer loop
      vertex -75.6673 0.331653 8
      vertex -75.6421 0.439992 0
      vertex -75.6421 0.439992 8
    endloop
  endfacet
  facet normal 0.973998 -0.226555 0
    outer loop
      vertex -75.6421 0.439992 0
      vertex -75.6673 0.331653 8
      vertex -75.6673 0.331653 0
    endloop
  endfacet
  facet normal 0.995188 -0.0979826 0
    outer loop
      vertex -75.6964 0.111185 8
      vertex -75.6855 0.221894 0
      vertex -75.6855 0.221894 8
    endloop
  endfacet
  facet normal 0.995188 -0.0979826 0
    outer loop
      vertex -75.6855 0.221894 0
      vertex -75.6964 0.111185 8
      vertex -75.6964 0.111185 0
    endloop
  endfacet
  facet normal 0.910903 -0.412621 0
    outer loop
      vertex -75.5706 0.650561 8
      vertex -75.5247 0.75189 0
      vertex -75.5247 0.75189 8
    endloop
  endfacet
  facet normal 0.910903 -0.412621 0
    outer loop
      vertex -75.5247 0.75189 0
      vertex -75.5706 0.650561 8
      vertex -75.5706 0.650561 0
    endloop
  endfacet
  facet normal 0.881698 -0.471814 0
    outer loop
      vertex -75.5247 0.75189 8
      vertex -75.4722 0.849999 0
      vertex -75.4722 0.849999 8
    endloop
  endfacet
  facet normal 0.881698 -0.471814 0
    outer loop
      vertex -75.4722 0.849999 0
      vertex -75.5247 0.75189 8
      vertex -75.5247 0.75189 0
    endloop
  endfacet
  facet normal 0.849382 -0.527779 0
    outer loop
      vertex -75.4722 0.849999 8
      vertex -75.4135 0.944468 0
      vertex -75.4135 0.944468 8
    endloop
  endfacet
  facet normal 0.849382 -0.527779 0
    outer loop
      vertex -75.4135 0.944468 0
      vertex -75.4722 0.849999 8
      vertex -75.4722 0.849999 0
    endloop
  endfacet
  facet normal 0.471847 0.88168 -0
    outer loop
      vertex -37.7519 -65.6106 0
      vertex -37.85 -65.5581 8
      vertex -37.7519 -65.6106 8
    endloop
  endfacet
  facet normal 0.471847 0.88168 0
    outer loop
      vertex -37.85 -65.5581 8
      vertex -37.7519 -65.6106 0
      vertex -37.85 -65.5581 0
    endloop
  endfacet
  facet normal -0.528302 -0.849057 0
    outer loop
      vertex -36.15 -62.6136 0
      vertex -36.0555 -62.6724 8
      vertex -36.15 -62.6136 8
    endloop
  endfacet
  facet normal -0.528302 -0.849057 -0
    outer loop
      vertex -36.0555 -62.6724 8
      vertex -36.15 -62.6136 0
      vertex -36.0555 -62.6724 0
    endloop
  endfacet
  facet normal -0.88168 0.471847 0
    outer loop
      vertex -35.5278 -64.9359 0
      vertex -35.4753 -64.8378 8
      vertex -35.4753 -64.8378 0
    endloop
  endfacet
  facet normal -0.88168 0.471847 0
    outer loop
      vertex -35.4753 -64.8378 8
      vertex -35.5278 -64.9359 0
      vertex -35.5278 -64.9359 8
    endloop
  endfacet
  facet normal 0.88168 -0.471847 0
    outer loop
      vertex -38.5247 -63.334 8
      vertex -38.4722 -63.2359 0
      vertex -38.4722 -63.2359 8
    endloop
  endfacet
  facet normal 0.88168 -0.471847 0
    outer loop
      vertex -38.4722 -63.2359 0
      vertex -38.5247 -63.334 8
      vertex -38.5247 -63.334 0
    endloop
  endfacet
  facet normal -0.290482 0.956881 0
    outer loop
      vertex -36.4536 -65.6957 0
      vertex -36.56 -65.728 8
      vertex -36.4536 -65.6957 8
    endloop
  endfacet
  facet normal -0.290482 0.956881 0
    outer loop
      vertex -36.56 -65.728 8
      vertex -36.4536 -65.6957 0
      vertex -36.56 -65.728 0
    endloop
  endfacet
  facet normal -0.97398 -0.226633 0
    outer loop
      vertex -35.3327 -63.7542 0
      vertex -35.3579 -63.6459 8
      vertex -35.3579 -63.6459 0
    endloop
  endfacet
  facet normal -0.97398 -0.226633 0
    outer loop
      vertex -35.3579 -63.6459 8
      vertex -35.3327 -63.7542 0
      vertex -35.3327 -63.7542 8
    endloop
  endfacet
  facet normal -0.995187 0.0979904 0
    outer loop
      vertex -35.3145 -64.3078 0
      vertex -35.3036 -64.1971 8
      vertex -35.3036 -64.1971 0
    endloop
  endfacet
  facet normal -0.995187 0.0979904 0
    outer loop
      vertex -35.3036 -64.1971 8
      vertex -35.3145 -64.3078 0
      vertex -35.3145 -64.3078 8
    endloop
  endfacet
  facet normal -0.634509 0.772915 0
    outer loop
      vertex -35.8791 -65.364 0
      vertex -35.9651 -65.4346 8
      vertex -35.8791 -65.364 8
    endloop
  endfacet
  facet normal -0.634509 0.772915 0
    outer loop
      vertex -35.9651 -65.4346 8
      vertex -35.8791 -65.364 0
      vertex -35.9651 -65.4346 0
    endloop
  endfacet
  facet normal -0.471847 0.88168 0
    outer loop
      vertex -36.15 -65.5581 0
      vertex -36.2481 -65.6106 8
      vertex -36.15 -65.5581 8
    endloop
  endfacet
  facet normal -0.471847 0.88168 0
    outer loop
      vertex -36.2481 -65.6106 8
      vertex -36.15 -65.5581 0
      vertex -36.2481 -65.6106 0
    endloop
  endfacet
  facet normal -0.81276 -0.582598 0
    outer loop
      vertex -35.5865 -63.1414 0
      vertex -35.6513 -63.051 8
      vertex -35.6513 -63.051 0
    endloop
  endfacet
  facet normal -0.81276 -0.582598 0
    outer loop
      vertex -35.6513 -63.051 8
      vertex -35.5865 -63.1414 0
      vertex -35.5865 -63.1414 8
    endloop
  endfacet
  facet normal 0.290482 0.956881 -0
    outer loop
      vertex -37.44 -65.728 0
      vertex -37.5464 -65.6957 8
      vertex -37.44 -65.728 8
    endloop
  endfacet
  facet normal 0.290482 0.956881 0
    outer loop
      vertex -37.5464 -65.6957 8
      vertex -37.44 -65.728 0
      vertex -37.5464 -65.6957 0
    endloop
  endfacet
  facet normal 0.412719 0.910859 -0
    outer loop
      vertex -37.6506 -65.6565 0
      vertex -37.7519 -65.6106 8
      vertex -37.6506 -65.6565 8
    endloop
  endfacet
  facet normal 0.412719 0.910859 0
    outer loop
      vertex -37.7519 -65.6106 8
      vertex -37.6506 -65.6565 0
      vertex -37.7519 -65.6106 0
    endloop
  endfacet
  facet normal 0.226633 0.97398 -0
    outer loop
      vertex -37.3317 -65.7532 0
      vertex -37.44 -65.728 8
      vertex -37.3317 -65.7532 8
    endloop
  endfacet
  facet normal 0.226633 0.97398 0
    outer loop
      vertex -37.44 -65.728 8
      vertex -37.3317 -65.7532 0
      vertex -37.44 -65.728 0
    endloop
  endfacet
  facet normal -0.16265 0.986684 0
    outer loop
      vertex -36.6683 -65.7532 0
      vertex -36.7781 -65.7713 8
      vertex -36.6683 -65.7532 8
    endloop
  endfacet
  facet normal -0.16265 0.986684 0
    outer loop
      vertex -36.7781 -65.7713 8
      vertex -36.6683 -65.7532 0
      vertex -36.7781 -65.7713 0
    endloop
  endfacet
  facet normal -0.813065 0.582173 0
    outer loop
      vertex -35.6513 -65.1208 0
      vertex -35.5865 -65.0303 8
      vertex -35.5865 -65.0303 0
    endloop
  endfacet
  facet normal -0.813065 0.582173 0
    outer loop
      vertex -35.5865 -65.0303 8
      vertex -35.6513 -65.1208 0
      vertex -35.6513 -65.1208 8
    endloop
  endfacet
  facet normal -0.527654 0.84946 0
    outer loop
      vertex -36.0555 -65.4994 0
      vertex -36.15 -65.5581 8
      vertex -36.0555 -65.4994 8
    endloop
  endfacet
  facet normal -0.527654 0.84946 0
    outer loop
      vertex -36.15 -65.5581 8
      vertex -36.0555 -65.4994 0
      vertex -36.15 -65.5581 0
    endloop
  endfacet
  facet normal -0.352108 0.93596 0
    outer loop
      vertex -36.3494 -65.6565 0
      vertex -36.4536 -65.6957 8
      vertex -36.3494 -65.6565 8
    endloop
  endfacet
  facet normal -0.352108 0.93596 0
    outer loop
      vertex -36.4536 -65.6957 8
      vertex -36.3494 -65.6565 0
      vertex -36.4536 -65.6957 0
    endloop
  endfacet
  facet normal -0.683343 -0.730098 0
    outer loop
      vertex -35.8791 -62.8078 0
      vertex -35.7979 -62.8838 8
      vertex -35.8791 -62.8078 8
    endloop
  endfacet
  facet normal -0.683343 -0.730098 -0
    outer loop
      vertex -35.7979 -62.8838 8
      vertex -35.8791 -62.8078 0
      vertex -35.7979 -62.8838 0
    endloop
  endfacet
  facet normal -0.910859 -0.412719 0
    outer loop
      vertex -35.4294 -63.4353 0
      vertex -35.4753 -63.334 8
      vertex -35.4753 -63.334 0
    endloop
  endfacet
  facet normal -0.910859 -0.412719 0
    outer loop
      vertex -35.4753 -63.334 8
      vertex -35.4294 -63.4353 0
      vertex -35.4294 -63.4353 8
    endloop
  endfacet
  facet normal -0.772915 -0.634509 0
    outer loop
      vertex -35.6513 -63.051 0
      vertex -35.7219 -62.965 8
      vertex -35.7219 -62.965 0
    endloop
  endfacet
  facet normal -0.772915 -0.634509 0
    outer loop
      vertex -35.7219 -62.965 8
      vertex -35.6513 -63.051 0
      vertex -35.6513 -63.051 8
    endloop
  endfacet
  facet normal -0.634509 -0.772915 0
    outer loop
      vertex -35.9651 -62.7372 0
      vertex -35.8791 -62.8078 8
      vertex -35.9651 -62.7372 8
    endloop
  endfacet
  facet normal -0.634509 -0.772915 -0
    outer loop
      vertex -35.8791 -62.8078 8
      vertex -35.9651 -62.7372 0
      vertex -35.8791 -62.8078 0
    endloop
  endfacet
  facet normal -0.999476 -0.0323571 0
    outer loop
      vertex -35.3 -64.0859 0
      vertex -35.3036 -63.9747 8
      vertex -35.3036 -63.9747 0
    endloop
  endfacet
  facet normal -0.999476 -0.0323571 0
    outer loop
      vertex -35.3036 -63.9747 8
      vertex -35.3 -64.0859 0
      vertex -35.3 -64.0859 8
    endloop
  endfacet
  facet normal -0.999476 0.0323571 0
    outer loop
      vertex -35.3036 -64.1971 0
      vertex -35.3 -64.0859 8
      vertex -35.3 -64.0859 0
    endloop
  endfacet
  facet normal -0.999476 0.0323571 0
    outer loop
      vertex -35.3 -64.0859 8
      vertex -35.3036 -64.1971 0
      vertex -35.3036 -64.1971 8
    endloop
  endfacet
  facet normal -0.974026 0.226434 0
    outer loop
      vertex -35.3579 -64.5259 0
      vertex -35.3327 -64.4175 8
      vertex -35.3327 -64.4175 0
    endloop
  endfacet
  facet normal -0.974026 0.226434 0
    outer loop
      vertex -35.3327 -64.4175 8
      vertex -35.3579 -64.5259 0
      vertex -35.3579 -64.5259 8
    endloop
  endfacet
  facet normal -0.911012 0.412381 0
    outer loop
      vertex -35.4753 -64.8378 0
      vertex -35.4294 -64.7364 8
      vertex -35.4294 -64.7364 0
    endloop
  endfacet
  facet normal -0.911012 0.412381 0
    outer loop
      vertex -35.4294 -64.7364 8
      vertex -35.4753 -64.8378 0
      vertex -35.4753 -64.8378 8
    endloop
  endfacet
  facet normal 0.956881 0.290482 0
    outer loop
      vertex -38.6098 -64.6323 8
      vertex -38.6421 -64.5259 0
      vertex -38.6421 -64.5259 8
    endloop
  endfacet
  facet normal 0.956881 0.290482 0
    outer loop
      vertex -38.6421 -64.5259 0
      vertex -38.6098 -64.6323 8
      vertex -38.6098 -64.6323 0
    endloop
  endfacet
  facet normal 0.956956 -0.290232 0
    outer loop
      vertex -38.6421 -63.6459 8
      vertex -38.6098 -63.5394 0
      vertex -38.6098 -63.5394 8
    endloop
  endfacet
  facet normal 0.956956 -0.290232 0
    outer loop
      vertex -38.6098 -63.5394 0
      vertex -38.6421 -63.6459 8
      vertex -38.6421 -63.6459 0
    endloop
  endfacet
  facet normal 0.352108 0.93596 -0
    outer loop
      vertex -37.5464 -65.6957 0
      vertex -37.6506 -65.6565 8
      vertex -37.5464 -65.6957 8
    endloop
  endfacet
  facet normal 0.352108 0.93596 0
    outer loop
      vertex -37.6506 -65.6565 8
      vertex -37.5464 -65.6957 0
      vertex -37.6506 -65.6565 0
    endloop
  endfacet
  facet normal 0.16265 0.986684 -0
    outer loop
      vertex -37.2219 -65.7713 0
      vertex -37.3317 -65.7532 8
      vertex -37.2219 -65.7713 8
    endloop
  endfacet
  facet normal 0.16265 0.986684 0
    outer loop
      vertex -37.3317 -65.7532 8
      vertex -37.2219 -65.7713 0
      vertex -37.3317 -65.7532 0
    endloop
  endfacet
  facet normal -0.226633 0.97398 0
    outer loop
      vertex -36.56 -65.728 0
      vertex -36.6683 -65.7532 8
      vertex -36.56 -65.728 8
    endloop
  endfacet
  facet normal -0.226633 0.97398 0
    outer loop
      vertex -36.6683 -65.7532 8
      vertex -36.56 -65.728 0
      vertex -36.6683 -65.7532 0
    endloop
  endfacet
  facet normal -0.0979904 0.995187 0
    outer loop
      vertex -36.7781 -65.7713 0
      vertex -36.8888 -65.7822 8
      vertex -36.7781 -65.7713 8
    endloop
  endfacet
  facet normal -0.0979904 0.995187 0
    outer loop
      vertex -36.8888 -65.7822 8
      vertex -36.7781 -65.7713 0
      vertex -36.8888 -65.7822 0
    endloop
  endfacet
  facet normal 0.033255 0.999447 -0
    outer loop
      vertex -37 -65.7859 0
      vertex -37.1112 -65.7822 8
      vertex -37 -65.7859 8
    endloop
  endfacet
  facet normal 0.033255 0.999447 0
    outer loop
      vertex -37.1112 -65.7822 8
      vertex -37 -65.7859 0
      vertex -37.1112 -65.7822 0
    endloop
  endfacet
  facet normal -0.683343 0.730098 0
    outer loop
      vertex -35.7979 -65.288 0
      vertex -35.8791 -65.364 8
      vertex -35.7979 -65.288 8
    endloop
  endfacet
  facet normal -0.683343 0.730098 0
    outer loop
      vertex -35.8791 -65.364 8
      vertex -35.7979 -65.288 0
      vertex -35.8791 -65.364 0
    endloop
  endfacet
  facet normal -0.772915 0.634509 0
    outer loop
      vertex -35.7219 -65.2068 0
      vertex -35.6513 -65.1208 8
      vertex -35.6513 -65.1208 0
    endloop
  endfacet
  facet normal -0.772915 0.634509 0
    outer loop
      vertex -35.6513 -65.1208 8
      vertex -35.7219 -65.2068 0
      vertex -35.7219 -65.2068 8
    endloop
  endfacet
  facet normal -0.849209 0.528057 0
    outer loop
      vertex -35.5865 -65.0303 0
      vertex -35.5278 -64.9359 8
      vertex -35.5278 -64.9359 0
    endloop
  endfacet
  facet normal -0.849209 0.528057 0
    outer loop
      vertex -35.5278 -64.9359 8
      vertex -35.5865 -65.0303 0
      vertex -35.5865 -65.0303 8
    endloop
  endfacet
  facet normal -0.582598 0.81276 0
    outer loop
      vertex -35.9651 -65.4346 0
      vertex -36.0555 -65.4994 8
      vertex -35.9651 -65.4346 8
    endloop
  endfacet
  facet normal -0.582598 0.81276 0
    outer loop
      vertex -36.0555 -65.4994 8
      vertex -35.9651 -65.4346 0
      vertex -36.0555 -65.4994 0
    endloop
  endfacet
  facet normal -0.412719 0.910859 0
    outer loop
      vertex -36.2481 -65.6106 0
      vertex -36.3494 -65.6565 8
      vertex -36.2481 -65.6106 8
    endloop
  endfacet
  facet normal -0.412719 0.910859 0
    outer loop
      vertex -36.3494 -65.6565 8
      vertex -36.2481 -65.6106 0
      vertex -36.3494 -65.6565 0
    endloop
  endfacet
  facet normal -0.935848 -0.352404 0
    outer loop
      vertex -35.3902 -63.5394 0
      vertex -35.4294 -63.4353 8
      vertex -35.4294 -63.4353 0
    endloop
  endfacet
  facet normal -0.935848 -0.352404 0
    outer loop
      vertex -35.4294 -63.4353 8
      vertex -35.3902 -63.5394 0
      vertex -35.3902 -63.5394 8
    endloop
  endfacet
  facet normal -0.956956 -0.290232 0
    outer loop
      vertex -35.3579 -63.6459 0
      vertex -35.3902 -63.5394 8
      vertex -35.3902 -63.5394 0
    endloop
  endfacet
  facet normal -0.956956 -0.290232 0
    outer loop
      vertex -35.3902 -63.5394 8
      vertex -35.3579 -63.6459 0
      vertex -35.3579 -63.6459 8
    endloop
  endfacet
  facet normal -0.84946 -0.527654 0
    outer loop
      vertex -35.5278 -63.2359 0
      vertex -35.5865 -63.1414 8
      vertex -35.5865 -63.1414 0
    endloop
  endfacet
  facet normal -0.84946 -0.527654 0
    outer loop
      vertex -35.5865 -63.1414 8
      vertex -35.5278 -63.2359 0
      vertex -35.5278 -63.2359 8
    endloop
  endfacet
  facet normal -0.88168 -0.471847 0
    outer loop
      vertex -35.4753 -63.334 0
      vertex -35.5278 -63.2359 8
      vertex -35.5278 -63.2359 0
    endloop
  endfacet
  facet normal -0.88168 -0.471847 0
    outer loop
      vertex -35.5278 -63.2359 8
      vertex -35.4753 -63.334 0
      vertex -35.4753 -63.334 8
    endloop
  endfacet
  facet normal -0.730098 -0.683343 0
    outer loop
      vertex -35.7219 -62.965 0
      vertex -35.7979 -62.8838 8
      vertex -35.7979 -62.8838 0
    endloop
  endfacet
  facet normal -0.730098 -0.683343 0
    outer loop
      vertex -35.7979 -62.8838 8
      vertex -35.7219 -62.965 0
      vertex -35.7219 -62.965 8
    endloop
  endfacet
  facet normal -0.582598 -0.81276 0
    outer loop
      vertex -36.0555 -62.6724 0
      vertex -35.9651 -62.7372 8
      vertex -36.0555 -62.6724 8
    endloop
  endfacet
  facet normal -0.582598 -0.81276 -0
    outer loop
      vertex -35.9651 -62.7372 8
      vertex -36.0555 -62.6724 0
      vertex -35.9651 -62.7372 0
    endloop
  endfacet
  facet normal -0.986539 -0.163525 0
    outer loop
      vertex -35.3145 -63.864 0
      vertex -35.3327 -63.7542 8
      vertex -35.3327 -63.7542 0
    endloop
  endfacet
  facet normal -0.986539 -0.163525 0
    outer loop
      vertex -35.3327 -63.7542 8
      vertex -35.3145 -63.864 0
      vertex -35.3145 -63.864 8
    endloop
  endfacet
  facet normal -0.986515 0.16367 0
    outer loop
      vertex -35.3327 -64.4175 0
      vertex -35.3145 -64.3078 8
      vertex -35.3145 -64.3078 0
    endloop
  endfacet
  facet normal -0.986515 0.16367 0
    outer loop
      vertex -35.3145 -64.3078 8
      vertex -35.3327 -64.4175 0
      vertex -35.3327 -64.4175 8
    endloop
  endfacet
  facet normal -0.935848 0.352404 0
    outer loop
      vertex -35.4294 -64.7364 0
      vertex -35.3902 -64.6323 8
      vertex -35.3902 -64.6323 0
    endloop
  endfacet
  facet normal -0.935848 0.352404 0
    outer loop
      vertex -35.3902 -64.6323 8
      vertex -35.4294 -64.7364 0
      vertex -35.4294 -64.7364 8
    endloop
  endfacet
  facet normal -0.956881 0.290482 0
    outer loop
      vertex -35.3902 -64.6323 0
      vertex -35.3579 -64.5259 8
      vertex -35.3579 -64.5259 0
    endloop
  endfacet
  facet normal -0.956881 0.290482 0
    outer loop
      vertex -35.3579 -64.5259 8
      vertex -35.3902 -64.6323 0
      vertex -35.3902 -64.6323 8
    endloop
  endfacet
  facet normal 0.527654 0.84946 -0
    outer loop
      vertex -37.85 -65.5581 0
      vertex -37.9445 -65.4994 8
      vertex -37.85 -65.5581 8
    endloop
  endfacet
  facet normal 0.527654 0.84946 0
    outer loop
      vertex -37.9445 -65.4994 8
      vertex -37.85 -65.5581 0
      vertex -37.9445 -65.4994 0
    endloop
  endfacet
  facet normal 0.849209 0.528057 0
    outer loop
      vertex -38.4135 -65.0303 8
      vertex -38.4722 -64.9359 0
      vertex -38.4722 -64.9359 8
    endloop
  endfacet
  facet normal 0.849209 0.528057 0
    outer loop
      vertex -38.4722 -64.9359 0
      vertex -38.4135 -65.0303 8
      vertex -38.4135 -65.0303 0
    endloop
  endfacet
  facet normal 0.772915 0.634509 0
    outer loop
      vertex -38.2781 -65.2068 8
      vertex -38.3487 -65.1208 0
      vertex -38.3487 -65.1208 8
    endloop
  endfacet
  facet normal 0.772915 0.634509 0
    outer loop
      vertex -38.3487 -65.1208 0
      vertex -38.2781 -65.2068 8
      vertex -38.2781 -65.2068 0
    endloop
  endfacet
  facet normal 0.634509 0.772915 -0
    outer loop
      vertex -38.0349 -65.4346 0
      vertex -38.1209 -65.364 8
      vertex -38.0349 -65.4346 8
    endloop
  endfacet
  facet normal 0.634509 0.772915 0
    outer loop
      vertex -38.1209 -65.364 8
      vertex -38.0349 -65.4346 0
      vertex -38.1209 -65.364 0
    endloop
  endfacet
  facet normal 0.582598 0.81276 -0
    outer loop
      vertex -37.9445 -65.4994 0
      vertex -38.0349 -65.4346 8
      vertex -37.9445 -65.4994 8
    endloop
  endfacet
  facet normal 0.582598 0.81276 0
    outer loop
      vertex -38.0349 -65.4346 8
      vertex -37.9445 -65.4994 0
      vertex -38.0349 -65.4346 0
    endloop
  endfacet
  facet normal 0.935848 0.352404 0
    outer loop
      vertex -38.5706 -64.7364 8
      vertex -38.6098 -64.6323 0
      vertex -38.6098 -64.6323 8
    endloop
  endfacet
  facet normal 0.935848 0.352404 0
    outer loop
      vertex -38.6098 -64.6323 0
      vertex -38.5706 -64.7364 8
      vertex -38.5706 -64.7364 0
    endloop
  endfacet
  facet normal 0.995187 0.0979904 0
    outer loop
      vertex -38.6855 -64.3078 8
      vertex -38.6964 -64.1971 0
      vertex -38.6964 -64.1971 8
    endloop
  endfacet
  facet normal 0.995187 0.0979904 0
    outer loop
      vertex -38.6964 -64.1971 0
      vertex -38.6855 -64.3078 8
      vertex -38.6855 -64.3078 0
    endloop
  endfacet
  facet normal 0.995187 -0.0979904 0
    outer loop
      vertex -38.6964 -63.9747 8
      vertex -38.6855 -63.864 0
      vertex -38.6855 -63.864 8
    endloop
  endfacet
  facet normal 0.995187 -0.0979904 0
    outer loop
      vertex -38.6855 -63.864 0
      vertex -38.6964 -63.9747 8
      vertex -38.6964 -63.9747 0
    endloop
  endfacet
  facet normal 0.986539 -0.163525 0
    outer loop
      vertex -38.6855 -63.864 8
      vertex -38.6673 -63.7542 0
      vertex -38.6673 -63.7542 8
    endloop
  endfacet
  facet normal 0.986539 -0.163525 0
    outer loop
      vertex -38.6673 -63.7542 0
      vertex -38.6855 -63.864 8
      vertex -38.6855 -63.864 0
    endloop
  endfacet
  facet normal 0.0979904 0.995187 -0
    outer loop
      vertex -37.1112 -65.7822 0
      vertex -37.2219 -65.7713 8
      vertex -37.1112 -65.7822 8
    endloop
  endfacet
  facet normal 0.0979904 0.995187 0
    outer loop
      vertex -37.2219 -65.7713 8
      vertex -37.1112 -65.7822 0
      vertex -37.2219 -65.7713 0
    endloop
  endfacet
  facet normal -0.033255 0.999447 0
    outer loop
      vertex -36.8888 -65.7822 0
      vertex -37 -65.7859 8
      vertex -36.8888 -65.7822 8
    endloop
  endfacet
  facet normal -0.033255 0.999447 0
    outer loop
      vertex -37 -65.7859 8
      vertex -36.8888 -65.7822 0
      vertex -37 -65.7859 0
    endloop
  endfacet
  facet normal -0.730098 0.683343 0
    outer loop
      vertex -35.7979 -65.288 0
      vertex -35.7219 -65.2068 8
      vertex -35.7219 -65.2068 0
    endloop
  endfacet
  facet normal -0.730098 0.683343 0
    outer loop
      vertex -35.7219 -65.2068 8
      vertex -35.7979 -65.288 0
      vertex -35.7979 -65.288 8
    endloop
  endfacet
  facet normal -0.995187 -0.0979904 0
    outer loop
      vertex -35.3036 -63.9747 0
      vertex -35.3145 -63.864 8
      vertex -35.3145 -63.864 0
    endloop
  endfacet
  facet normal -0.995187 -0.0979904 0
    outer loop
      vertex -35.3145 -63.864 8
      vertex -35.3036 -63.9747 0
      vertex -35.3036 -63.9747 8
    endloop
  endfacet
  facet normal 0.730098 0.683343 0
    outer loop
      vertex -38.2021 -65.288 8
      vertex -38.2781 -65.2068 0
      vertex -38.2781 -65.2068 8
    endloop
  endfacet
  facet normal 0.730098 0.683343 0
    outer loop
      vertex -38.2781 -65.2068 0
      vertex -38.2021 -65.288 8
      vertex -38.2021 -65.288 0
    endloop
  endfacet
  facet normal 0.911012 0.412381 0
    outer loop
      vertex -38.5247 -64.8378 8
      vertex -38.5706 -64.7364 0
      vertex -38.5706 -64.7364 8
    endloop
  endfacet
  facet normal 0.911012 0.412381 0
    outer loop
      vertex -38.5706 -64.7364 0
      vertex -38.5247 -64.8378 8
      vertex -38.5247 -64.8378 0
    endloop
  endfacet
  facet normal 0.986515 0.16367 0
    outer loop
      vertex -38.6673 -64.4175 8
      vertex -38.6855 -64.3078 0
      vertex -38.6855 -64.3078 8
    endloop
  endfacet
  facet normal 0.986515 0.16367 0
    outer loop
      vertex -38.6855 -64.3078 0
      vertex -38.6673 -64.4175 8
      vertex -38.6673 -64.4175 0
    endloop
  endfacet
  facet normal 0.772915 -0.634509 0
    outer loop
      vertex -38.3487 -63.051 8
      vertex -38.2781 -62.965 0
      vertex -38.2781 -62.965 8
    endloop
  endfacet
  facet normal 0.772915 -0.634509 0
    outer loop
      vertex -38.2781 -62.965 0
      vertex -38.3487 -63.051 8
      vertex -38.3487 -63.051 0
    endloop
  endfacet
  facet normal 0.0979904 -0.995187 0
    outer loop
      vertex -37.2219 -62.4004 0
      vertex -37.1112 -62.3895 8
      vertex -37.2219 -62.4004 8
    endloop
  endfacet
  facet normal 0.0979904 -0.995187 0
    outer loop
      vertex -37.1112 -62.3895 8
      vertex -37.2219 -62.4004 0
      vertex -37.1112 -62.3895 0
    endloop
  endfacet
  facet normal 0.290482 -0.956881 0
    outer loop
      vertex -37.5464 -62.4761 0
      vertex -37.44 -62.4438 8
      vertex -37.5464 -62.4761 8
    endloop
  endfacet
  facet normal 0.290482 -0.956881 0
    outer loop
      vertex -37.44 -62.4438 8
      vertex -37.5464 -62.4761 0
      vertex -37.44 -62.4438 0
    endloop
  endfacet
  facet normal -0.290482 -0.956881 0
    outer loop
      vertex -36.56 -62.4438 0
      vertex -36.4536 -62.4761 8
      vertex -36.56 -62.4438 8
    endloop
  endfacet
  facet normal -0.290482 -0.956881 -0
    outer loop
      vertex -36.4536 -62.4761 8
      vertex -36.56 -62.4438 0
      vertex -36.4536 -62.4761 0
    endloop
  endfacet
  facet normal -0.471148 -0.882054 0
    outer loop
      vertex -36.2481 -62.5612 0
      vertex -36.15 -62.6136 8
      vertex -36.2481 -62.5612 8
    endloop
  endfacet
  facet normal -0.471148 -0.882054 -0
    outer loop
      vertex -36.15 -62.6136 8
      vertex -36.2481 -62.5612 0
      vertex -36.15 -62.6136 0
    endloop
  endfacet
  facet normal -0.352108 -0.93596 0
    outer loop
      vertex -36.4536 -62.4761 0
      vertex -36.3494 -62.5153 8
      vertex -36.4536 -62.4761 8
    endloop
  endfacet
  facet normal -0.352108 -0.93596 -0
    outer loop
      vertex -36.3494 -62.5153 8
      vertex -36.4536 -62.4761 0
      vertex -36.3494 -62.5153 0
    endloop
  endfacet
  facet normal 0.813065 0.582173 0
    outer loop
      vertex -38.3487 -65.1208 8
      vertex -38.4135 -65.0303 0
      vertex -38.4135 -65.0303 8
    endloop
  endfacet
  facet normal 0.813065 0.582173 0
    outer loop
      vertex -38.4135 -65.0303 0
      vertex -38.3487 -65.1208 8
      vertex -38.3487 -65.1208 0
    endloop
  endfacet
  facet normal 0.683343 0.730098 -0
    outer loop
      vertex -38.1209 -65.364 0
      vertex -38.2021 -65.288 8
      vertex -38.1209 -65.364 8
    endloop
  endfacet
  facet normal 0.683343 0.730098 0
    outer loop
      vertex -38.2021 -65.288 8
      vertex -38.1209 -65.364 0
      vertex -38.2021 -65.288 0
    endloop
  endfacet
  facet normal 0.88168 0.471847 0
    outer loop
      vertex -38.4722 -64.9359 8
      vertex -38.5247 -64.8378 0
      vertex -38.5247 -64.8378 8
    endloop
  endfacet
  facet normal 0.88168 0.471847 0
    outer loop
      vertex -38.5247 -64.8378 0
      vertex -38.4722 -64.9359 8
      vertex -38.4722 -64.9359 0
    endloop
  endfacet
  facet normal 0.974026 0.226434 0
    outer loop
      vertex -38.6421 -64.5259 8
      vertex -38.6673 -64.4175 0
      vertex -38.6673 -64.4175 8
    endloop
  endfacet
  facet normal 0.974026 0.226434 0
    outer loop
      vertex -38.6673 -64.4175 0
      vertex -38.6421 -64.5259 8
      vertex -38.6421 -64.5259 0
    endloop
  endfacet
  facet normal 0.84946 -0.527654 0
    outer loop
      vertex -38.4722 -63.2359 8
      vertex -38.4135 -63.1414 0
      vertex -38.4135 -63.1414 8
    endloop
  endfacet
  facet normal 0.84946 -0.527654 0
    outer loop
      vertex -38.4135 -63.1414 0
      vertex -38.4722 -63.2359 8
      vertex -38.4722 -63.2359 0
    endloop
  endfacet
  facet normal 0.471148 -0.882054 0
    outer loop
      vertex -37.85 -62.6136 0
      vertex -37.7519 -62.5612 8
      vertex -37.85 -62.6136 8
    endloop
  endfacet
  facet normal 0.471148 -0.882054 0
    outer loop
      vertex -37.7519 -62.5612 8
      vertex -37.85 -62.6136 0
      vertex -37.7519 -62.5612 0
    endloop
  endfacet
  facet normal 0.81276 -0.582598 0
    outer loop
      vertex -38.4135 -63.1414 8
      vertex -38.3487 -63.051 0
      vertex -38.3487 -63.051 8
    endloop
  endfacet
  facet normal 0.81276 -0.582598 0
    outer loop
      vertex -38.3487 -63.051 0
      vertex -38.4135 -63.1414 8
      vertex -38.4135 -63.1414 0
    endloop
  endfacet
  facet normal 0.16265 -0.986684 0
    outer loop
      vertex -37.3317 -62.4185 0
      vertex -37.2219 -62.4004 8
      vertex -37.3317 -62.4185 8
    endloop
  endfacet
  facet normal 0.16265 -0.986684 0
    outer loop
      vertex -37.2219 -62.4004 8
      vertex -37.3317 -62.4185 0
      vertex -37.2219 -62.4004 0
    endloop
  endfacet
  facet normal 0.227485 -0.973781 0
    outer loop
      vertex -37.44 -62.4438 0
      vertex -37.3317 -62.4185 8
      vertex -37.44 -62.4438 8
    endloop
  endfacet
  facet normal 0.227485 -0.973781 0
    outer loop
      vertex -37.3317 -62.4185 8
      vertex -37.44 -62.4438 0
      vertex -37.3317 -62.4185 0
    endloop
  endfacet
  facet normal -0.16265 -0.986684 0
    outer loop
      vertex -36.7781 -62.4004 0
      vertex -36.6683 -62.4185 8
      vertex -36.7781 -62.4004 8
    endloop
  endfacet
  facet normal -0.16265 -0.986684 -0
    outer loop
      vertex -36.6683 -62.4185 8
      vertex -36.7781 -62.4004 0
      vertex -36.6683 -62.4185 0
    endloop
  endfacet
  facet normal -0.227485 -0.973781 0
    outer loop
      vertex -36.6683 -62.4185 0
      vertex -36.56 -62.4438 8
      vertex -36.6683 -62.4185 8
    endloop
  endfacet
  facet normal -0.227485 -0.973781 -0
    outer loop
      vertex -36.56 -62.4438 8
      vertex -36.6683 -62.4185 0
      vertex -36.56 -62.4438 0
    endloop
  endfacet
  facet normal -0.412719 -0.910859 0
    outer loop
      vertex -36.3494 -62.5153 0
      vertex -36.2481 -62.5612 8
      vertex -36.3494 -62.5153 8
    endloop
  endfacet
  facet normal -0.412719 -0.910859 -0
    outer loop
      vertex -36.2481 -62.5612 8
      vertex -36.3494 -62.5153 0
      vertex -36.2481 -62.5612 0
    endloop
  endfacet
  facet normal 0.97398 -0.226633 0
    outer loop
      vertex -38.6673 -63.7542 8
      vertex -38.6421 -63.6459 0
      vertex -38.6421 -63.6459 8
    endloop
  endfacet
  facet normal 0.97398 -0.226633 0
    outer loop
      vertex -38.6421 -63.6459 0
      vertex -38.6673 -63.7542 8
      vertex -38.6673 -63.7542 0
    endloop
  endfacet
  facet normal 0.935848 -0.352404 0
    outer loop
      vertex -38.6098 -63.5394 8
      vertex -38.5706 -63.4353 0
      vertex -38.5706 -63.4353 8
    endloop
  endfacet
  facet normal 0.935848 -0.352404 0
    outer loop
      vertex -38.5706 -63.4353 0
      vertex -38.6098 -63.5394 8
      vertex -38.6098 -63.5394 0
    endloop
  endfacet
  facet normal 0.910859 -0.412719 0
    outer loop
      vertex -38.5706 -63.4353 8
      vertex -38.5247 -63.334 0
      vertex -38.5247 -63.334 8
    endloop
  endfacet
  facet normal 0.910859 -0.412719 0
    outer loop
      vertex -38.5247 -63.334 0
      vertex -38.5706 -63.4353 8
      vertex -38.5706 -63.4353 0
    endloop
  endfacet
  facet normal 0.999476 0.0323571 0
    outer loop
      vertex -38.6964 -64.1971 8
      vertex -38.7 -64.0859 0
      vertex -38.7 -64.0859 8
    endloop
  endfacet
  facet normal 0.999476 0.0323571 0
    outer loop
      vertex -38.7 -64.0859 0
      vertex -38.6964 -64.1971 8
      vertex -38.6964 -64.1971 0
    endloop
  endfacet
  facet normal 0.999476 -0.0323571 0
    outer loop
      vertex -38.7 -64.0859 8
      vertex -38.6964 -63.9747 0
      vertex -38.6964 -63.9747 8
    endloop
  endfacet
  facet normal 0.999476 -0.0323571 0
    outer loop
      vertex -38.6964 -63.9747 0
      vertex -38.7 -64.0859 8
      vertex -38.7 -64.0859 0
    endloop
  endfacet
  facet normal 0.634509 -0.772915 0
    outer loop
      vertex -38.1209 -62.8078 0
      vertex -38.0349 -62.7372 8
      vertex -38.1209 -62.8078 8
    endloop
  endfacet
  facet normal 0.634509 -0.772915 0
    outer loop
      vertex -38.0349 -62.7372 8
      vertex -38.1209 -62.8078 0
      vertex -38.0349 -62.7372 0
    endloop
  endfacet
  facet normal 0.528302 -0.849057 0
    outer loop
      vertex -37.9445 -62.6724 0
      vertex -37.85 -62.6136 8
      vertex -37.9445 -62.6724 8
    endloop
  endfacet
  facet normal 0.528302 -0.849057 0
    outer loop
      vertex -37.85 -62.6136 8
      vertex -37.9445 -62.6724 0
      vertex -37.85 -62.6136 0
    endloop
  endfacet
  facet normal 0.730098 -0.683343 0
    outer loop
      vertex -38.2781 -62.965 8
      vertex -38.2021 -62.8838 0
      vertex -38.2021 -62.8838 8
    endloop
  endfacet
  facet normal 0.730098 -0.683343 0
    outer loop
      vertex -38.2021 -62.8838 0
      vertex -38.2781 -62.965 8
      vertex -38.2781 -62.965 0
    endloop
  endfacet
  facet normal -0.0979904 -0.995187 0
    outer loop
      vertex -36.8888 -62.3895 0
      vertex -36.7781 -62.4004 8
      vertex -36.8888 -62.3895 8
    endloop
  endfacet
  facet normal -0.0979904 -0.995187 -0
    outer loop
      vertex -36.7781 -62.4004 8
      vertex -36.8888 -62.3895 0
      vertex -36.7781 -62.4004 0
    endloop
  endfacet
  facet normal 0.582598 -0.81276 0
    outer loop
      vertex -38.0349 -62.7372 0
      vertex -37.9445 -62.6724 8
      vertex -38.0349 -62.7372 8
    endloop
  endfacet
  facet normal 0.582598 -0.81276 0
    outer loop
      vertex -37.9445 -62.6724 8
      vertex -38.0349 -62.7372 0
      vertex -37.9445 -62.6724 0
    endloop
  endfacet
  facet normal 0.412719 -0.910859 0
    outer loop
      vertex -37.7519 -62.5612 0
      vertex -37.6506 -62.5153 8
      vertex -37.7519 -62.5612 8
    endloop
  endfacet
  facet normal 0.412719 -0.910859 0
    outer loop
      vertex -37.6506 -62.5153 8
      vertex -37.7519 -62.5612 0
      vertex -37.6506 -62.5153 0
    endloop
  endfacet
  facet normal 0.352108 -0.93596 0
    outer loop
      vertex -37.6506 -62.5153 0
      vertex -37.5464 -62.4761 8
      vertex -37.6506 -62.5153 8
    endloop
  endfacet
  facet normal 0.352108 -0.93596 0
    outer loop
      vertex -37.5464 -62.4761 8
      vertex -37.6506 -62.5153 0
      vertex -37.5464 -62.4761 0
    endloop
  endfacet
  facet normal 0.683343 -0.730098 0
    outer loop
      vertex -38.2021 -62.8838 0
      vertex -38.1209 -62.8078 8
      vertex -38.2021 -62.8838 8
    endloop
  endfacet
  facet normal 0.683343 -0.730098 0
    outer loop
      vertex -38.1209 -62.8078 8
      vertex -38.2021 -62.8838 0
      vertex -38.1209 -62.8078 0
    endloop
  endfacet
  facet normal 0.0323571 -0.999476 0
    outer loop
      vertex -37.1112 -62.3895 0
      vertex -37 -62.3859 8
      vertex -37.1112 -62.3895 8
    endloop
  endfacet
  facet normal 0.0323571 -0.999476 0
    outer loop
      vertex -37 -62.3859 8
      vertex -37.1112 -62.3895 0
      vertex -37 -62.3859 0
    endloop
  endfacet
  facet normal -0.0323571 -0.999476 0
    outer loop
      vertex -37 -62.3859 0
      vertex -36.8888 -62.3895 8
      vertex -37 -62.3859 8
    endloop
  endfacet
  facet normal -0.0323571 -0.999476 -0
    outer loop
      vertex -36.8888 -62.3895 8
      vertex -37 -62.3859 0
      vertex -36.8888 -62.3895 0
    endloop
  endfacet
  facet normal -0.849209 0.528057 0
    outer loop
      vertex 38.4135 -65.0303 0
      vertex 38.4722 -64.9359 8
      vertex 38.4722 -64.9359 0
    endloop
  endfacet
  facet normal -0.849209 0.528057 0
    outer loop
      vertex 38.4722 -64.9359 8
      vertex 38.4135 -65.0303 0
      vertex 38.4135 -65.0303 8
    endloop
  endfacet
  facet normal -0.986539 -0.163525 0
    outer loop
      vertex 38.6855 -63.864 0
      vertex 38.6673 -63.7542 8
      vertex 38.6673 -63.7542 0
    endloop
  endfacet
  facet normal -0.986539 -0.163525 0
    outer loop
      vertex 38.6673 -63.7542 8
      vertex 38.6855 -63.864 0
      vertex 38.6855 -63.864 8
    endloop
  endfacet
  facet normal -0.634509 -0.772915 0
    outer loop
      vertex 38.0349 -62.7372 0
      vertex 38.1209 -62.8078 8
      vertex 38.0349 -62.7372 8
    endloop
  endfacet
  facet normal -0.634509 -0.772915 -0
    outer loop
      vertex 38.1209 -62.8078 8
      vertex 38.0349 -62.7372 0
      vertex 38.1209 -62.8078 0
    endloop
  endfacet
  facet normal 0.0979904 -0.995187 0
    outer loop
      vertex 36.7781 -62.4004 0
      vertex 36.8888 -62.3895 8
      vertex 36.7781 -62.4004 8
    endloop
  endfacet
  facet normal 0.0979904 -0.995187 0
    outer loop
      vertex 36.8888 -62.3895 8
      vertex 36.7781 -62.4004 0
      vertex 36.8888 -62.3895 0
    endloop
  endfacet
  facet normal -0.471847 0.88168 0
    outer loop
      vertex 37.85 -65.5581 0
      vertex 37.7519 -65.6106 8
      vertex 37.85 -65.5581 8
    endloop
  endfacet
  facet normal -0.471847 0.88168 0
    outer loop
      vertex 37.7519 -65.6106 8
      vertex 37.85 -65.5581 0
      vertex 37.7519 -65.6106 0
    endloop
  endfacet
  facet normal -0.910859 -0.412719 0
    outer loop
      vertex 38.5706 -63.4353 0
      vertex 38.5247 -63.334 8
      vertex 38.5247 -63.334 0
    endloop
  endfacet
  facet normal -0.910859 -0.412719 0
    outer loop
      vertex 38.5247 -63.334 8
      vertex 38.5706 -63.4353 0
      vertex 38.5706 -63.4353 8
    endloop
  endfacet
  facet normal -0.227485 -0.973781 0
    outer loop
      vertex 37.3317 -62.4185 0
      vertex 37.44 -62.4438 8
      vertex 37.3317 -62.4185 8
    endloop
  endfacet
  facet normal -0.227485 -0.973781 -0
    outer loop
      vertex 37.44 -62.4438 8
      vertex 37.3317 -62.4185 0
      vertex 37.44 -62.4438 0
    endloop
  endfacet
  facet normal -0.772915 -0.634509 0
    outer loop
      vertex 38.3487 -63.051 0
      vertex 38.2781 -62.965 8
      vertex 38.2781 -62.965 0
    endloop
  endfacet
  facet normal -0.772915 -0.634509 0
    outer loop
      vertex 38.2781 -62.965 8
      vertex 38.3487 -63.051 0
      vertex 38.3487 -63.051 8
    endloop
  endfacet
  facet normal -0.974026 0.226434 0
    outer loop
      vertex 38.6421 -64.5259 0
      vertex 38.6673 -64.4175 8
      vertex 38.6673 -64.4175 0
    endloop
  endfacet
  facet normal -0.974026 0.226434 0
    outer loop
      vertex 38.6673 -64.4175 8
      vertex 38.6421 -64.5259 0
      vertex 38.6421 -64.5259 8
    endloop
  endfacet
  facet normal -0.84946 -0.527654 0
    outer loop
      vertex 38.4722 -63.2359 0
      vertex 38.4135 -63.1414 8
      vertex 38.4135 -63.1414 0
    endloop
  endfacet
  facet normal -0.84946 -0.527654 0
    outer loop
      vertex 38.4135 -63.1414 8
      vertex 38.4722 -63.2359 0
      vertex 38.4722 -63.2359 8
    endloop
  endfacet
  facet normal -0.97398 -0.226633 0
    outer loop
      vertex 38.6673 -63.7542 0
      vertex 38.6421 -63.6459 8
      vertex 38.6421 -63.6459 0
    endloop
  endfacet
  facet normal -0.97398 -0.226633 0
    outer loop
      vertex 38.6421 -63.6459 8
      vertex 38.6673 -63.7542 0
      vertex 38.6673 -63.7542 8
    endloop
  endfacet
  facet normal -0.935848 -0.352404 0
    outer loop
      vertex 38.6098 -63.5394 0
      vertex 38.5706 -63.4353 8
      vertex 38.5706 -63.4353 0
    endloop
  endfacet
  facet normal -0.935848 -0.352404 0
    outer loop
      vertex 38.5706 -63.4353 8
      vertex 38.6098 -63.5394 0
      vertex 38.6098 -63.5394 8
    endloop
  endfacet
  facet normal -0.999476 -0.0323571 0
    outer loop
      vertex 38.7 -64.0859 0
      vertex 38.6964 -63.9747 8
      vertex 38.6964 -63.9747 0
    endloop
  endfacet
  facet normal -0.999476 -0.0323571 0
    outer loop
      vertex 38.6964 -63.9747 8
      vertex 38.7 -64.0859 0
      vertex 38.7 -64.0859 8
    endloop
  endfacet
  facet normal 0.471148 -0.882054 0
    outer loop
      vertex 36.15 -62.6136 0
      vertex 36.2481 -62.5612 8
      vertex 36.15 -62.6136 8
    endloop
  endfacet
  facet normal 0.471148 -0.882054 0
    outer loop
      vertex 36.2481 -62.5612 8
      vertex 36.15 -62.6136 0
      vertex 36.2481 -62.5612 0
    endloop
  endfacet
  facet normal 0.290482 -0.956881 0
    outer loop
      vertex 36.4536 -62.4761 0
      vertex 36.56 -62.4438 8
      vertex 36.4536 -62.4761 8
    endloop
  endfacet
  facet normal 0.290482 -0.956881 0
    outer loop
      vertex 36.56 -62.4438 8
      vertex 36.4536 -62.4761 0
      vertex 36.56 -62.4438 0
    endloop
  endfacet
  facet normal -0.0323571 -0.999476 0
    outer loop
      vertex 37 -62.3859 0
      vertex 37.1112 -62.3895 8
      vertex 37 -62.3859 8
    endloop
  endfacet
  facet normal -0.0323571 -0.999476 -0
    outer loop
      vertex 37.1112 -62.3895 8
      vertex 37 -62.3859 0
      vertex 37.1112 -62.3895 0
    endloop
  endfacet
  facet normal -0.0979904 -0.995187 0
    outer loop
      vertex 37.1112 -62.3895 0
      vertex 37.2219 -62.4004 8
      vertex 37.1112 -62.3895 8
    endloop
  endfacet
  facet normal -0.0979904 -0.995187 -0
    outer loop
      vertex 37.2219 -62.4004 8
      vertex 37.1112 -62.3895 0
      vertex 37.2219 -62.4004 0
    endloop
  endfacet
  facet normal -0.16265 -0.986684 0
    outer loop
      vertex 37.2219 -62.4004 0
      vertex 37.3317 -62.4185 8
      vertex 37.2219 -62.4004 8
    endloop
  endfacet
  facet normal -0.16265 -0.986684 -0
    outer loop
      vertex 37.3317 -62.4185 8
      vertex 37.2219 -62.4004 0
      vertex 37.3317 -62.4185 0
    endloop
  endfacet
  facet normal -0.683343 -0.730098 0
    outer loop
      vertex 38.1209 -62.8078 0
      vertex 38.2021 -62.8838 8
      vertex 38.1209 -62.8078 8
    endloop
  endfacet
  facet normal -0.683343 -0.730098 -0
    outer loop
      vertex 38.2021 -62.8838 8
      vertex 38.1209 -62.8078 0
      vertex 38.2021 -62.8838 0
    endloop
  endfacet
  facet normal -0.81276 -0.582598 0
    outer loop
      vertex 38.4135 -63.1414 0
      vertex 38.3487 -63.051 8
      vertex 38.3487 -63.051 0
    endloop
  endfacet
  facet normal -0.81276 -0.582598 0
    outer loop
      vertex 38.3487 -63.051 8
      vertex 38.4135 -63.1414 0
      vertex 38.4135 -63.1414 8
    endloop
  endfacet
  facet normal -0.471148 -0.882054 0
    outer loop
      vertex 37.7519 -62.5612 0
      vertex 37.85 -62.6136 8
      vertex 37.7519 -62.5612 8
    endloop
  endfacet
  facet normal -0.471148 -0.882054 -0
    outer loop
      vertex 37.85 -62.6136 8
      vertex 37.7519 -62.5612 0
      vertex 37.85 -62.6136 0
    endloop
  endfacet
  facet normal -0.582598 -0.81276 0
    outer loop
      vertex 37.9445 -62.6724 0
      vertex 38.0349 -62.7372 8
      vertex 37.9445 -62.6724 8
    endloop
  endfacet
  facet normal -0.582598 -0.81276 -0
    outer loop
      vertex 38.0349 -62.7372 8
      vertex 37.9445 -62.6724 0
      vertex 38.0349 -62.7372 0
    endloop
  endfacet
  facet normal -0.290482 -0.956881 0
    outer loop
      vertex 37.44 -62.4438 0
      vertex 37.5464 -62.4761 8
      vertex 37.44 -62.4438 8
    endloop
  endfacet
  facet normal -0.290482 -0.956881 -0
    outer loop
      vertex 37.5464 -62.4761 8
      vertex 37.44 -62.4438 0
      vertex 37.5464 -62.4761 0
    endloop
  endfacet
  facet normal -0.527654 0.84946 0
    outer loop
      vertex 37.9445 -65.4994 0
      vertex 37.85 -65.5581 8
      vertex 37.9445 -65.4994 8
    endloop
  endfacet
  facet normal -0.527654 0.84946 0
    outer loop
      vertex 37.85 -65.5581 8
      vertex 37.9445 -65.4994 0
      vertex 37.85 -65.5581 0
    endloop
  endfacet
  facet normal 0.16265 0.986684 -0
    outer loop
      vertex 36.7781 -65.7713 0
      vertex 36.6683 -65.7532 8
      vertex 36.7781 -65.7713 8
    endloop
  endfacet
  facet normal 0.16265 0.986684 0
    outer loop
      vertex 36.6683 -65.7532 8
      vertex 36.7781 -65.7713 0
      vertex 36.6683 -65.7532 0
    endloop
  endfacet
  facet normal 0.582598 -0.81276 0
    outer loop
      vertex 35.9651 -62.7372 0
      vertex 36.0555 -62.6724 8
      vertex 35.9651 -62.7372 8
    endloop
  endfacet
  facet normal 0.582598 -0.81276 0
    outer loop
      vertex 36.0555 -62.6724 8
      vertex 35.9651 -62.7372 0
      vertex 36.0555 -62.6724 0
    endloop
  endfacet
  facet normal 0.81276 -0.582598 0
    outer loop
      vertex 35.5865 -63.1414 8
      vertex 35.6513 -63.051 0
      vertex 35.6513 -63.051 8
    endloop
  endfacet
  facet normal 0.81276 -0.582598 0
    outer loop
      vertex 35.6513 -63.051 0
      vertex 35.5865 -63.1414 8
      vertex 35.5865 -63.1414 0
    endloop
  endfacet
  facet normal 0.813065 0.582173 0
    outer loop
      vertex 35.6513 -65.1208 8
      vertex 35.5865 -65.0303 0
      vertex 35.5865 -65.0303 8
    endloop
  endfacet
  facet normal 0.813065 0.582173 0
    outer loop
      vertex 35.5865 -65.0303 0
      vertex 35.6513 -65.1208 8
      vertex 35.6513 -65.1208 0
    endloop
  endfacet
  facet normal 0.772915 0.634509 0
    outer loop
      vertex 35.7219 -65.2068 8
      vertex 35.6513 -65.1208 0
      vertex 35.6513 -65.1208 8
    endloop
  endfacet
  facet normal 0.772915 0.634509 0
    outer loop
      vertex 35.6513 -65.1208 0
      vertex 35.7219 -65.2068 8
      vertex 35.7219 -65.2068 0
    endloop
  endfacet
  facet normal 0.634509 0.772915 -0
    outer loop
      vertex 35.9651 -65.4346 0
      vertex 35.8791 -65.364 8
      vertex 35.9651 -65.4346 8
    endloop
  endfacet
  facet normal 0.634509 0.772915 0
    outer loop
      vertex 35.8791 -65.364 8
      vertex 35.9651 -65.4346 0
      vertex 35.8791 -65.364 0
    endloop
  endfacet
  facet normal -0.582598 0.81276 0
    outer loop
      vertex 38.0349 -65.4346 0
      vertex 37.9445 -65.4994 8
      vertex 38.0349 -65.4346 8
    endloop
  endfacet
  facet normal -0.582598 0.81276 0
    outer loop
      vertex 37.9445 -65.4994 8
      vertex 38.0349 -65.4346 0
      vertex 37.9445 -65.4994 0
    endloop
  endfacet
  facet normal -0.813065 0.582173 0
    outer loop
      vertex 38.3487 -65.1208 0
      vertex 38.4135 -65.0303 8
      vertex 38.4135 -65.0303 0
    endloop
  endfacet
  facet normal -0.813065 0.582173 0
    outer loop
      vertex 38.4135 -65.0303 8
      vertex 38.3487 -65.1208 0
      vertex 38.3487 -65.1208 8
    endloop
  endfacet
  facet normal -0.683343 0.730098 0
    outer loop
      vertex 38.2021 -65.288 0
      vertex 38.1209 -65.364 8
      vertex 38.2021 -65.288 8
    endloop
  endfacet
  facet normal -0.683343 0.730098 0
    outer loop
      vertex 38.1209 -65.364 8
      vertex 38.2021 -65.288 0
      vertex 38.1209 -65.364 0
    endloop
  endfacet
  facet normal -0.911012 0.412381 0
    outer loop
      vertex 38.5247 -64.8378 0
      vertex 38.5706 -64.7364 8
      vertex 38.5706 -64.7364 0
    endloop
  endfacet
  facet normal -0.911012 0.412381 0
    outer loop
      vertex 38.5706 -64.7364 8
      vertex 38.5247 -64.8378 0
      vertex 38.5247 -64.8378 8
    endloop
  endfacet
  facet normal -0.935848 0.352404 0
    outer loop
      vertex 38.5706 -64.7364 0
      vertex 38.6098 -64.6323 8
      vertex 38.6098 -64.6323 0
    endloop
  endfacet
  facet normal -0.935848 0.352404 0
    outer loop
      vertex 38.6098 -64.6323 8
      vertex 38.5706 -64.7364 0
      vertex 38.5706 -64.7364 8
    endloop
  endfacet
  facet normal -0.88168 -0.471847 0
    outer loop
      vertex 38.5247 -63.334 0
      vertex 38.4722 -63.2359 8
      vertex 38.4722 -63.2359 0
    endloop
  endfacet
  facet normal -0.88168 -0.471847 0
    outer loop
      vertex 38.4722 -63.2359 8
      vertex 38.5247 -63.334 0
      vertex 38.5247 -63.334 8
    endloop
  endfacet
  facet normal -0.956956 -0.290232 0
    outer loop
      vertex 38.6421 -63.6459 0
      vertex 38.6098 -63.5394 8
      vertex 38.6098 -63.5394 0
    endloop
  endfacet
  facet normal -0.956956 -0.290232 0
    outer loop
      vertex 38.6098 -63.5394 8
      vertex 38.6421 -63.6459 0
      vertex 38.6421 -63.6459 8
    endloop
  endfacet
  facet normal -0.995187 -0.0979904 0
    outer loop
      vertex 38.6964 -63.9747 0
      vertex 38.6855 -63.864 8
      vertex 38.6855 -63.864 0
    endloop
  endfacet
  facet normal -0.995187 -0.0979904 0
    outer loop
      vertex 38.6855 -63.864 8
      vertex 38.6964 -63.9747 0
      vertex 38.6964 -63.9747 8
    endloop
  endfacet
  facet normal -0.999476 0.0323571 0
    outer loop
      vertex 38.6964 -64.1971 0
      vertex 38.7 -64.0859 8
      vertex 38.7 -64.0859 0
    endloop
  endfacet
  facet normal -0.999476 0.0323571 0
    outer loop
      vertex 38.7 -64.0859 8
      vertex 38.6964 -64.1971 0
      vertex 38.6964 -64.1971 8
    endloop
  endfacet
  facet normal -0.986515 0.16367 0
    outer loop
      vertex 38.6673 -64.4175 0
      vertex 38.6855 -64.3078 8
      vertex 38.6855 -64.3078 0
    endloop
  endfacet
  facet normal -0.986515 0.16367 0
    outer loop
      vertex 38.6855 -64.3078 8
      vertex 38.6673 -64.4175 0
      vertex 38.6673 -64.4175 8
    endloop
  endfacet
  facet normal 0.227485 -0.973781 0
    outer loop
      vertex 36.56 -62.4438 0
      vertex 36.6683 -62.4185 8
      vertex 36.56 -62.4438 8
    endloop
  endfacet
  facet normal 0.227485 -0.973781 0
    outer loop
      vertex 36.6683 -62.4185 8
      vertex 36.56 -62.4438 0
      vertex 36.6683 -62.4185 0
    endloop
  endfacet
  facet normal 0.16265 -0.986684 0
    outer loop
      vertex 36.6683 -62.4185 0
      vertex 36.7781 -62.4004 8
      vertex 36.6683 -62.4185 8
    endloop
  endfacet
  facet normal 0.16265 -0.986684 0
    outer loop
      vertex 36.7781 -62.4004 8
      vertex 36.6683 -62.4185 0
      vertex 36.7781 -62.4004 0
    endloop
  endfacet
  facet normal 0.352108 -0.93596 0
    outer loop
      vertex 36.3494 -62.5153 0
      vertex 36.4536 -62.4761 8
      vertex 36.3494 -62.5153 8
    endloop
  endfacet
  facet normal 0.352108 -0.93596 0
    outer loop
      vertex 36.4536 -62.4761 8
      vertex 36.3494 -62.5153 0
      vertex 36.4536 -62.4761 0
    endloop
  endfacet
  facet normal 0.412719 -0.910859 0
    outer loop
      vertex 36.2481 -62.5612 0
      vertex 36.3494 -62.5153 8
      vertex 36.2481 -62.5612 8
    endloop
  endfacet
  facet normal 0.412719 -0.910859 0
    outer loop
      vertex 36.3494 -62.5153 8
      vertex 36.2481 -62.5612 0
      vertex 36.3494 -62.5153 0
    endloop
  endfacet
  facet normal 0.0323571 -0.999476 0
    outer loop
      vertex 36.8888 -62.3895 0
      vertex 37 -62.3859 8
      vertex 36.8888 -62.3895 8
    endloop
  endfacet
  facet normal 0.0323571 -0.999476 0
    outer loop
      vertex 37 -62.3859 8
      vertex 36.8888 -62.3895 0
      vertex 37 -62.3859 0
    endloop
  endfacet
  facet normal -0.730098 -0.683343 0
    outer loop
      vertex 38.2781 -62.965 0
      vertex 38.2021 -62.8838 8
      vertex 38.2021 -62.8838 0
    endloop
  endfacet
  facet normal -0.730098 -0.683343 0
    outer loop
      vertex 38.2021 -62.8838 8
      vertex 38.2781 -62.965 0
      vertex 38.2781 -62.965 8
    endloop
  endfacet
  facet normal -0.528302 -0.849057 0
    outer loop
      vertex 37.85 -62.6136 0
      vertex 37.9445 -62.6724 8
      vertex 37.85 -62.6136 8
    endloop
  endfacet
  facet normal -0.528302 -0.849057 -0
    outer loop
      vertex 37.9445 -62.6724 8
      vertex 37.85 -62.6136 0
      vertex 37.9445 -62.6724 0
    endloop
  endfacet
  facet normal -0.412719 -0.910859 0
    outer loop
      vertex 37.6506 -62.5153 0
      vertex 37.7519 -62.5612 8
      vertex 37.6506 -62.5153 8
    endloop
  endfacet
  facet normal -0.412719 -0.910859 -0
    outer loop
      vertex 37.7519 -62.5612 8
      vertex 37.6506 -62.5153 0
      vertex 37.7519 -62.5612 0
    endloop
  endfacet
  facet normal -0.352108 -0.93596 0
    outer loop
      vertex 37.5464 -62.4761 0
      vertex 37.6506 -62.5153 8
      vertex 37.5464 -62.4761 8
    endloop
  endfacet
  facet normal -0.352108 -0.93596 -0
    outer loop
      vertex 37.6506 -62.5153 8
      vertex 37.5464 -62.4761 0
      vertex 37.6506 -62.5153 0
    endloop
  endfacet
  facet normal -0.352108 0.93596 0
    outer loop
      vertex 37.6506 -65.6565 0
      vertex 37.5464 -65.6957 8
      vertex 37.6506 -65.6565 8
    endloop
  endfacet
  facet normal -0.352108 0.93596 0
    outer loop
      vertex 37.5464 -65.6957 8
      vertex 37.6506 -65.6565 0
      vertex 37.5464 -65.6957 0
    endloop
  endfacet
  facet normal -0.033255 0.999447 0
    outer loop
      vertex 37.1112 -65.7822 0
      vertex 37 -65.7859 8
      vertex 37.1112 -65.7822 8
    endloop
  endfacet
  facet normal -0.033255 0.999447 0
    outer loop
      vertex 37 -65.7859 8
      vertex 37.1112 -65.7822 0
      vertex 37 -65.7859 0
    endloop
  endfacet
  facet normal 0.88168 0.471847 0
    outer loop
      vertex 35.5278 -64.9359 8
      vertex 35.4753 -64.8378 0
      vertex 35.4753 -64.8378 8
    endloop
  endfacet
  facet normal 0.88168 0.471847 0
    outer loop
      vertex 35.4753 -64.8378 0
      vertex 35.5278 -64.9359 8
      vertex 35.5278 -64.9359 0
    endloop
  endfacet
  facet normal 0.911012 0.412381 0
    outer loop
      vertex 35.4753 -64.8378 8
      vertex 35.4294 -64.7364 0
      vertex 35.4294 -64.7364 8
    endloop
  endfacet
  facet normal 0.911012 0.412381 0
    outer loop
      vertex 35.4294 -64.7364 0
      vertex 35.4753 -64.8378 8
      vertex 35.4753 -64.8378 0
    endloop
  endfacet
  facet normal 0.999476 0.0323571 0
    outer loop
      vertex 35.3036 -64.1971 8
      vertex 35.3 -64.0859 0
      vertex 35.3 -64.0859 8
    endloop
  endfacet
  facet normal 0.999476 0.0323571 0
    outer loop
      vertex 35.3 -64.0859 0
      vertex 35.3036 -64.1971 8
      vertex 35.3036 -64.1971 0
    endloop
  endfacet
  facet normal -0.772915 0.634509 0
    outer loop
      vertex 38.2781 -65.2068 0
      vertex 38.3487 -65.1208 8
      vertex 38.3487 -65.1208 0
    endloop
  endfacet
  facet normal -0.772915 0.634509 0
    outer loop
      vertex 38.3487 -65.1208 8
      vertex 38.2781 -65.2068 0
      vertex 38.2781 -65.2068 8
    endloop
  endfacet
  facet normal -0.634509 0.772915 0
    outer loop
      vertex 38.1209 -65.364 0
      vertex 38.0349 -65.4346 8
      vertex 38.1209 -65.364 8
    endloop
  endfacet
  facet normal -0.634509 0.772915 0
    outer loop
      vertex 38.0349 -65.4346 8
      vertex 38.1209 -65.364 0
      vertex 38.0349 -65.4346 0
    endloop
  endfacet
  facet normal -0.88168 0.471847 0
    outer loop
      vertex 38.4722 -64.9359 0
      vertex 38.5247 -64.8378 8
      vertex 38.5247 -64.8378 0
    endloop
  endfacet
  facet normal -0.88168 0.471847 0
    outer loop
      vertex 38.5247 -64.8378 8
      vertex 38.4722 -64.9359 0
      vertex 38.4722 -64.9359 8
    endloop
  endfacet
  facet normal -0.956881 0.290482 0
    outer loop
      vertex 38.6098 -64.6323 0
      vertex 38.6421 -64.5259 8
      vertex 38.6421 -64.5259 0
    endloop
  endfacet
  facet normal -0.956881 0.290482 0
    outer loop
      vertex 38.6421 -64.5259 8
      vertex 38.6098 -64.6323 0
      vertex 38.6098 -64.6323 8
    endloop
  endfacet
  facet normal -0.995187 0.0979904 0
    outer loop
      vertex 38.6855 -64.3078 0
      vertex 38.6964 -64.1971 8
      vertex 38.6964 -64.1971 0
    endloop
  endfacet
  facet normal -0.995187 0.0979904 0
    outer loop
      vertex 38.6964 -64.1971 8
      vertex 38.6855 -64.3078 0
      vertex 38.6855 -64.3078 8
    endloop
  endfacet
  facet normal -0.412719 0.910859 0
    outer loop
      vertex 37.7519 -65.6106 0
      vertex 37.6506 -65.6565 8
      vertex 37.7519 -65.6106 8
    endloop
  endfacet
  facet normal -0.412719 0.910859 0
    outer loop
      vertex 37.6506 -65.6565 8
      vertex 37.7519 -65.6106 0
      vertex 37.6506 -65.6565 0
    endloop
  endfacet
  facet normal -0.226633 0.97398 0
    outer loop
      vertex 37.44 -65.728 0
      vertex 37.3317 -65.7532 8
      vertex 37.44 -65.728 8
    endloop
  endfacet
  facet normal -0.226633 0.97398 0
    outer loop
      vertex 37.3317 -65.7532 8
      vertex 37.44 -65.728 0
      vertex 37.3317 -65.7532 0
    endloop
  endfacet
  facet normal 0.527654 0.84946 -0
    outer loop
      vertex 36.15 -65.5581 0
      vertex 36.0555 -65.4994 8
      vertex 36.15 -65.5581 8
    endloop
  endfacet
  facet normal 0.527654 0.84946 0
    outer loop
      vertex 36.0555 -65.4994 8
      vertex 36.15 -65.5581 0
      vertex 36.0555 -65.4994 0
    endloop
  endfacet
  facet normal 0.471847 0.88168 -0
    outer loop
      vertex 36.2481 -65.6106 0
      vertex 36.15 -65.5581 8
      vertex 36.2481 -65.6106 8
    endloop
  endfacet
  facet normal 0.471847 0.88168 0
    outer loop
      vertex 36.15 -65.5581 8
      vertex 36.2481 -65.6106 0
      vertex 36.15 -65.5581 0
    endloop
  endfacet
  facet normal -0.0979904 0.995187 0
    outer loop
      vertex 37.2219 -65.7713 0
      vertex 37.1112 -65.7822 8
      vertex 37.2219 -65.7713 8
    endloop
  endfacet
  facet normal -0.0979904 0.995187 0
    outer loop
      vertex 37.1112 -65.7822 8
      vertex 37.2219 -65.7713 0
      vertex 37.1112 -65.7822 0
    endloop
  endfacet
  facet normal 0.033255 0.999447 -0
    outer loop
      vertex 37 -65.7859 0
      vertex 36.8888 -65.7822 8
      vertex 37 -65.7859 8
    endloop
  endfacet
  facet normal 0.033255 0.999447 0
    outer loop
      vertex 36.8888 -65.7822 8
      vertex 37 -65.7859 0
      vertex 36.8888 -65.7822 0
    endloop
  endfacet
  facet normal 0.974026 0.226434 0
    outer loop
      vertex 35.3579 -64.5259 8
      vertex 35.3327 -64.4175 0
      vertex 35.3327 -64.4175 8
    endloop
  endfacet
  facet normal 0.974026 0.226434 0
    outer loop
      vertex 35.3327 -64.4175 0
      vertex 35.3579 -64.5259 8
      vertex 35.3579 -64.5259 0
    endloop
  endfacet
  facet normal 0.935848 0.352404 0
    outer loop
      vertex 35.4294 -64.7364 8
      vertex 35.3902 -64.6323 0
      vertex 35.3902 -64.6323 8
    endloop
  endfacet
  facet normal 0.935848 0.352404 0
    outer loop
      vertex 35.3902 -64.6323 0
      vertex 35.4294 -64.7364 8
      vertex 35.4294 -64.7364 0
    endloop
  endfacet
  facet normal 0.999476 -0.0323571 0
    outer loop
      vertex 35.3 -64.0859 8
      vertex 35.3036 -63.9747 0
      vertex 35.3036 -63.9747 8
    endloop
  endfacet
  facet normal 0.999476 -0.0323571 0
    outer loop
      vertex 35.3036 -63.9747 0
      vertex 35.3 -64.0859 8
      vertex 35.3 -64.0859 0
    endloop
  endfacet
  facet normal 0.528302 -0.849057 0
    outer loop
      vertex 36.0555 -62.6724 0
      vertex 36.15 -62.6136 8
      vertex 36.0555 -62.6724 8
    endloop
  endfacet
  facet normal 0.528302 -0.849057 0
    outer loop
      vertex 36.15 -62.6136 8
      vertex 36.0555 -62.6724 0
      vertex 36.15 -62.6136 0
    endloop
  endfacet
  facet normal 0.634509 -0.772915 0
    outer loop
      vertex 35.8791 -62.8078 0
      vertex 35.9651 -62.7372 8
      vertex 35.8791 -62.8078 8
    endloop
  endfacet
  facet normal 0.634509 -0.772915 0
    outer loop
      vertex 35.9651 -62.7372 8
      vertex 35.8791 -62.8078 0
      vertex 35.9651 -62.7372 0
    endloop
  endfacet
  facet normal 0.772915 -0.634509 0
    outer loop
      vertex 35.6513 -63.051 8
      vertex 35.7219 -62.965 0
      vertex 35.7219 -62.965 8
    endloop
  endfacet
  facet normal 0.772915 -0.634509 0
    outer loop
      vertex 35.7219 -62.965 0
      vertex 35.6513 -63.051 8
      vertex 35.6513 -63.051 0
    endloop
  endfacet
  facet normal 0.88168 -0.471847 0
    outer loop
      vertex 35.4753 -63.334 8
      vertex 35.5278 -63.2359 0
      vertex 35.5278 -63.2359 8
    endloop
  endfacet
  facet normal 0.88168 -0.471847 0
    outer loop
      vertex 35.5278 -63.2359 0
      vertex 35.4753 -63.334 8
      vertex 35.4753 -63.334 0
    endloop
  endfacet
  facet normal 0.910859 -0.412719 0
    outer loop
      vertex 35.4294 -63.4353 8
      vertex 35.4753 -63.334 0
      vertex 35.4753 -63.334 8
    endloop
  endfacet
  facet normal 0.910859 -0.412719 0
    outer loop
      vertex 35.4753 -63.334 0
      vertex 35.4294 -63.4353 8
      vertex 35.4294 -63.4353 0
    endloop
  endfacet
  facet normal 0.730098 0.683343 0
    outer loop
      vertex 35.7979 -65.288 8
      vertex 35.7219 -65.2068 0
      vertex 35.7219 -65.2068 8
    endloop
  endfacet
  facet normal 0.730098 0.683343 0
    outer loop
      vertex 35.7219 -65.2068 0
      vertex 35.7979 -65.288 8
      vertex 35.7979 -65.288 0
    endloop
  endfacet
  facet normal 0.582598 0.81276 -0
    outer loop
      vertex 36.0555 -65.4994 0
      vertex 35.9651 -65.4346 8
      vertex 36.0555 -65.4994 8
    endloop
  endfacet
  facet normal 0.582598 0.81276 0
    outer loop
      vertex 35.9651 -65.4346 8
      vertex 36.0555 -65.4994 0
      vertex 35.9651 -65.4346 0
    endloop
  endfacet
  facet normal -0.290482 0.956881 0
    outer loop
      vertex 37.5464 -65.6957 0
      vertex 37.44 -65.728 8
      vertex 37.5464 -65.6957 8
    endloop
  endfacet
  facet normal -0.290482 0.956881 0
    outer loop
      vertex 37.44 -65.728 8
      vertex 37.5464 -65.6957 0
      vertex 37.44 -65.728 0
    endloop
  endfacet
  facet normal 0.290482 0.956881 -0
    outer loop
      vertex 36.56 -65.728 0
      vertex 36.4536 -65.6957 8
      vertex 36.56 -65.728 8
    endloop
  endfacet
  facet normal 0.290482 0.956881 0
    outer loop
      vertex 36.4536 -65.6957 8
      vertex 36.56 -65.728 0
      vertex 36.4536 -65.6957 0
    endloop
  endfacet
  facet normal 0.352108 0.93596 -0
    outer loop
      vertex 36.4536 -65.6957 0
      vertex 36.3494 -65.6565 8
      vertex 36.4536 -65.6957 8
    endloop
  endfacet
  facet normal 0.352108 0.93596 0
    outer loop
      vertex 36.3494 -65.6565 8
      vertex 36.4536 -65.6957 0
      vertex 36.3494 -65.6565 0
    endloop
  endfacet
  facet normal -0.16265 0.986684 0
    outer loop
      vertex 37.3317 -65.7532 0
      vertex 37.2219 -65.7713 8
      vertex 37.3317 -65.7532 8
    endloop
  endfacet
  facet normal -0.16265 0.986684 0
    outer loop
      vertex 37.2219 -65.7713 8
      vertex 37.3317 -65.7532 0
      vertex 37.2219 -65.7713 0
    endloop
  endfacet
  facet normal 0.0979904 0.995187 -0
    outer loop
      vertex 36.8888 -65.7822 0
      vertex 36.7781 -65.7713 8
      vertex 36.8888 -65.7822 8
    endloop
  endfacet
  facet normal 0.0979904 0.995187 0
    outer loop
      vertex 36.7781 -65.7713 8
      vertex 36.8888 -65.7822 0
      vertex 36.7781 -65.7713 0
    endloop
  endfacet
  facet normal 0.97398 -0.226633 0
    outer loop
      vertex 35.3327 -63.7542 8
      vertex 35.3579 -63.6459 0
      vertex 35.3579 -63.6459 8
    endloop
  endfacet
  facet normal 0.97398 -0.226633 0
    outer loop
      vertex 35.3579 -63.6459 0
      vertex 35.3327 -63.7542 8
      vertex 35.3327 -63.7542 0
    endloop
  endfacet
  facet normal 0.849209 0.528057 0
    outer loop
      vertex 35.5865 -65.0303 8
      vertex 35.5278 -64.9359 0
      vertex 35.5278 -64.9359 8
    endloop
  endfacet
  facet normal 0.849209 0.528057 0
    outer loop
      vertex 35.5278 -64.9359 0
      vertex 35.5865 -65.0303 8
      vertex 35.5865 -65.0303 0
    endloop
  endfacet
  facet normal 0.956881 0.290482 0
    outer loop
      vertex 35.3902 -64.6323 8
      vertex 35.3579 -64.5259 0
      vertex 35.3579 -64.5259 8
    endloop
  endfacet
  facet normal 0.956881 0.290482 0
    outer loop
      vertex 35.3579 -64.5259 0
      vertex 35.3902 -64.6323 8
      vertex 35.3902 -64.6323 0
    endloop
  endfacet
  facet normal 0.995187 0.0979904 0
    outer loop
      vertex 35.3145 -64.3078 8
      vertex 35.3036 -64.1971 0
      vertex 35.3036 -64.1971 8
    endloop
  endfacet
  facet normal 0.995187 0.0979904 0
    outer loop
      vertex 35.3036 -64.1971 0
      vertex 35.3145 -64.3078 8
      vertex 35.3145 -64.3078 0
    endloop
  endfacet
  facet normal 0.986539 -0.163525 0
    outer loop
      vertex 35.3145 -63.864 8
      vertex 35.3327 -63.7542 0
      vertex 35.3327 -63.7542 8
    endloop
  endfacet
  facet normal 0.986539 -0.163525 0
    outer loop
      vertex 35.3327 -63.7542 0
      vertex 35.3145 -63.864 8
      vertex 35.3145 -63.864 0
    endloop
  endfacet
  facet normal 0.995187 -0.0979904 0
    outer loop
      vertex 35.3036 -63.9747 8
      vertex 35.3145 -63.864 0
      vertex 35.3145 -63.864 8
    endloop
  endfacet
  facet normal 0.995187 -0.0979904 0
    outer loop
      vertex 35.3145 -63.864 0
      vertex 35.3036 -63.9747 8
      vertex 35.3036 -63.9747 0
    endloop
  endfacet
  facet normal 0.730098 -0.683343 0
    outer loop
      vertex 35.7219 -62.965 8
      vertex 35.7979 -62.8838 0
      vertex 35.7979 -62.8838 8
    endloop
  endfacet
  facet normal 0.730098 -0.683343 0
    outer loop
      vertex 35.7979 -62.8838 0
      vertex 35.7219 -62.965 8
      vertex 35.7219 -62.965 0
    endloop
  endfacet
  facet normal 0.683343 -0.730098 0
    outer loop
      vertex 35.7979 -62.8838 0
      vertex 35.8791 -62.8078 8
      vertex 35.7979 -62.8838 8
    endloop
  endfacet
  facet normal 0.683343 -0.730098 0
    outer loop
      vertex 35.8791 -62.8078 8
      vertex 35.7979 -62.8838 0
      vertex 35.8791 -62.8078 0
    endloop
  endfacet
  facet normal 0.84946 -0.527654 0
    outer loop
      vertex 35.5278 -63.2359 8
      vertex 35.5865 -63.1414 0
      vertex 35.5865 -63.1414 8
    endloop
  endfacet
  facet normal 0.84946 -0.527654 0
    outer loop
      vertex 35.5865 -63.1414 0
      vertex 35.5278 -63.2359 8
      vertex 35.5278 -63.2359 0
    endloop
  endfacet
  facet normal 0.956956 -0.290232 0
    outer loop
      vertex 35.3579 -63.6459 8
      vertex 35.3902 -63.5394 0
      vertex 35.3902 -63.5394 8
    endloop
  endfacet
  facet normal 0.956956 -0.290232 0
    outer loop
      vertex 35.3902 -63.5394 0
      vertex 35.3579 -63.6459 8
      vertex 35.3579 -63.6459 0
    endloop
  endfacet
  facet normal 0.935848 -0.352404 0
    outer loop
      vertex 35.3902 -63.5394 8
      vertex 35.4294 -63.4353 0
      vertex 35.4294 -63.4353 8
    endloop
  endfacet
  facet normal 0.935848 -0.352404 0
    outer loop
      vertex 35.4294 -63.4353 0
      vertex 35.3902 -63.5394 8
      vertex 35.3902 -63.5394 0
    endloop
  endfacet
  facet normal 0.683343 0.730098 -0
    outer loop
      vertex 35.8791 -65.364 0
      vertex 35.7979 -65.288 8
      vertex 35.8791 -65.364 8
    endloop
  endfacet
  facet normal 0.683343 0.730098 0
    outer loop
      vertex 35.7979 -65.288 8
      vertex 35.8791 -65.364 0
      vertex 35.7979 -65.288 0
    endloop
  endfacet
  facet normal -0.730098 0.683343 0
    outer loop
      vertex 38.2021 -65.288 0
      vertex 38.2781 -65.2068 8
      vertex 38.2781 -65.2068 0
    endloop
  endfacet
  facet normal -0.730098 0.683343 0
    outer loop
      vertex 38.2781 -65.2068 8
      vertex 38.2021 -65.288 0
      vertex 38.2021 -65.288 8
    endloop
  endfacet
  facet normal 0.412719 0.910859 -0
    outer loop
      vertex 36.3494 -65.6565 0
      vertex 36.2481 -65.6106 8
      vertex 36.3494 -65.6565 8
    endloop
  endfacet
  facet normal 0.412719 0.910859 0
    outer loop
      vertex 36.2481 -65.6106 8
      vertex 36.3494 -65.6565 0
      vertex 36.2481 -65.6106 0
    endloop
  endfacet
  facet normal 0.226633 0.97398 -0
    outer loop
      vertex 36.6683 -65.7532 0
      vertex 36.56 -65.728 8
      vertex 36.6683 -65.7532 8
    endloop
  endfacet
  facet normal 0.226633 0.97398 0
    outer loop
      vertex 36.56 -65.728 8
      vertex 36.6683 -65.7532 0
      vertex 36.56 -65.728 0
    endloop
  endfacet
  facet normal 0.986515 0.16367 0
    outer loop
      vertex 35.3327 -64.4175 8
      vertex 35.3145 -64.3078 0
      vertex 35.3145 -64.3078 8
    endloop
  endfacet
  facet normal 0.986515 0.16367 0
    outer loop
      vertex 35.3145 -64.3078 0
      vertex 35.3327 -64.4175 8
      vertex 35.3327 -64.4175 0
    endloop
  endfacet
  facet normal -0.986644 -0.162891 0
    outer loop
      vertex 8.0307 1.05726 0
      vertex 7.94436 1.58023 8
      vertex 7.94436 1.58023 0
    endloop
  endfacet
  facet normal -0.986644 -0.162891 0
    outer loop
      vertex 7.94436 1.58023 8
      vertex 8.0307 1.05726 0
      vertex 8.0307 1.05726 8
    endloop
  endfacet
  facet normal 0.999465 -0.032714 0
    outer loop
      vertex -8.1 0 8
      vertex -8.08266 0.529765 0
      vertex -8.08266 0.529765 8
    endloop
  endfacet
  facet normal 0.999465 -0.032714 0
    outer loop
      vertex -8.08266 0.529765 0
      vertex -8.1 0 8
      vertex -8.1 0 0
    endloop
  endfacet
  facet normal -0.683598 -0.729858 0
    outer loop
      vertex 5.3407 6.0899 0
      vertex 5.72756 5.72756 8
      vertex 5.3407 6.0899 8
    endloop
  endfacet
  facet normal -0.683598 -0.729858 -0
    outer loop
      vertex 5.72756 5.72756 8
      vertex 5.3407 6.0899 0
      vertex 5.72756 5.72756 0
    endloop
  endfacet
  facet normal 0.352248 -0.935907 0
    outer loop
      vertex -3.09974 7.48342 0
      vertex -2.60366 7.67013 8
      vertex -3.09974 7.48342 8
    endloop
  endfacet
  facet normal 0.352248 -0.935907 0
    outer loop
      vertex -2.60366 7.67013 8
      vertex -3.09974 7.48342 0
      vertex -2.60366 7.67013 0
    endloop
  endfacet
  facet normal -0.910867 -0.412701 0
    outer loop
      vertex 7.48342 3.09974 0
      vertex 7.26467 3.58254 8
      vertex 7.26467 3.58254 0
    endloop
  endfacet
  facet normal -0.910867 -0.412701 0
    outer loop
      vertex 7.26467 3.58254 8
      vertex 7.48342 3.09974 0
      vertex 7.48342 3.09974 8
    endloop
  endfacet
  facet normal -0.352248 -0.935907 0
    outer loop
      vertex 2.60366 7.67013 0
      vertex 3.09974 7.48342 8
      vertex 2.60366 7.67013 8
    endloop
  endfacet
  facet normal -0.352248 -0.935907 -0
    outer loop
      vertex 3.09974 7.48342 8
      vertex 2.60366 7.67013 0
      vertex 3.09974 7.48342 0
    endloop
  endfacet
  facet normal -0.032714 -0.999465 0
    outer loop
      vertex 0 8.1 0
      vertex 0.529765 8.08266 8
      vertex 0 8.1 8
    endloop
  endfacet
  facet normal -0.032714 -0.999465 -0
    outer loop
      vertex 0.529765 8.08266 8
      vertex 0 8.1 0
      vertex 0.529765 8.08266 0
    endloop
  endfacet
  facet normal 0.849204 -0.528064 0
    outer loop
      vertex -7.0148 4.05 8
      vertex -6.7349 4.50012 0
      vertex -6.7349 4.50012 8
    endloop
  endfacet
  facet normal 0.849204 -0.528064 0
    outer loop
      vertex -6.7349 4.50012 0
      vertex -7.0148 4.05 8
      vertex -7.0148 4.05 0
    endloop
  endfacet
  facet normal 0.812849 -0.582474 0
    outer loop
      vertex -6.7349 4.50012 8
      vertex -6.42616 4.93097 0
      vertex -6.42616 4.93097 8
    endloop
  endfacet
  facet normal 0.812849 -0.582474 0
    outer loop
      vertex -6.42616 4.93097 0
      vertex -6.7349 4.50012 8
      vertex -6.7349 4.50012 0
    endloop
  endfacet
  facet normal -0.999465 0.032714 0
    outer loop
      vertex 8.08266 -0.529765 0
      vertex 8.1 0 8
      vertex 8.1 0 0
    endloop
  endfacet
  facet normal -0.999465 0.032714 0
    outer loop
      vertex 8.1 0 8
      vertex 8.08266 -0.529765 0
      vertex 8.08266 -0.529765 8
    endloop
  endfacet
  facet normal -0.0980289 0.995184 0
    outer loop
      vertex 1.05726 -8.0307 0
      vertex 0.529765 -8.08266 8
      vertex 1.05726 -8.0307 8
    endloop
  endfacet
  facet normal -0.0980289 0.995184 0
    outer loop
      vertex 0.529765 -8.08266 8
      vertex 1.05726 -8.0307 0
      vertex 0.529765 -8.08266 0
    endloop
  endfacet
  facet normal -0.973877 -0.227075 0
    outer loop
      vertex 7.94436 1.58023 0
      vertex 7.824 2.09643 8
      vertex 7.824 2.09643 0
    endloop
  endfacet
  facet normal -0.973877 -0.227075 0
    outer loop
      vertex 7.824 2.09643 8
      vertex 7.94436 1.58023 0
      vertex 7.94436 1.58023 8
    endloop
  endfacet
  facet normal -0.812849 -0.582474 0
    outer loop
      vertex 6.7349 4.50012 0
      vertex 6.42616 4.93097 8
      vertex 6.42616 4.93097 0
    endloop
  endfacet
  facet normal -0.812849 -0.582474 0
    outer loop
      vertex 6.42616 4.93097 8
      vertex 6.7349 4.50012 0
      vertex 6.7349 4.50012 8
    endloop
  endfacet
  facet normal -0.729858 -0.683598 0
    outer loop
      vertex 6.0899 5.3407 0
      vertex 5.72756 5.72756 8
      vertex 5.72756 5.72756 0
    endloop
  endfacet
  facet normal -0.729858 -0.683598 0
    outer loop
      vertex 5.72756 5.72756 8
      vertex 6.0899 5.3407 0
      vertex 6.0899 5.3407 8
    endloop
  endfacet
  facet normal -0.849204 -0.528064 0
    outer loop
      vertex 7.0148 4.05 0
      vertex 6.7349 4.50012 8
      vertex 6.7349 4.50012 0
    endloop
  endfacet
  facet normal -0.849204 -0.528064 0
    outer loop
      vertex 6.7349 4.50012 8
      vertex 7.0148 4.05 0
      vertex 7.0148 4.05 8
    endloop
  endfacet
  facet normal -0.162891 -0.986644 0
    outer loop
      vertex 1.05726 8.0307 0
      vertex 1.58023 7.94436 8
      vertex 1.05726 8.0307 8
    endloop
  endfacet
  facet normal -0.162891 -0.986644 -0
    outer loop
      vertex 1.58023 7.94436 8
      vertex 1.05726 8.0307 0
      vertex 1.58023 7.94436 0
    endloop
  endfacet
  facet normal -0.634397 -0.773007 0
    outer loop
      vertex 4.93097 6.42616 0
      vertex 5.3407 6.0899 8
      vertex 4.93097 6.42616 8
    endloop
  endfacet
  facet normal -0.634397 -0.773007 -0
    outer loop
      vertex 5.3407 6.0899 8
      vertex 4.93097 6.42616 0
      vertex 5.3407 6.0899 0
    endloop
  endfacet
  facet normal -0.412701 -0.910867 0
    outer loop
      vertex 3.09974 7.48342 0
      vertex 3.58254 7.26467 8
      vertex 3.09974 7.48342 8
    endloop
  endfacet
  facet normal -0.412701 -0.910867 -0
    outer loop
      vertex 3.58254 7.26467 8
      vertex 3.09974 7.48342 0
      vertex 3.58254 7.26467 0
    endloop
  endfacet
  facet normal 0.910867 -0.412701 0
    outer loop
      vertex -7.48342 3.09974 8
      vertex -7.26467 3.58254 0
      vertex -7.26467 3.58254 8
    endloop
  endfacet
  facet normal 0.910867 -0.412701 0
    outer loop
      vertex -7.26467 3.58254 0
      vertex -7.48342 3.09974 8
      vertex -7.48342 3.09974 0
    endloop
  endfacet
  facet normal 0.881915 -0.471408 0
    outer loop
      vertex -7.26467 3.58254 8
      vertex -7.0148 4.05 0
      vertex -7.0148 4.05 8
    endloop
  endfacet
  facet normal 0.881915 -0.471408 0
    outer loop
      vertex -7.0148 4.05 0
      vertex -7.26467 3.58254 8
      vertex -7.26467 3.58254 0
    endloop
  endfacet
  facet normal 0.956939 -0.290291 0
    outer loop
      vertex -7.824 2.09643 8
      vertex -7.67013 2.60366 0
      vertex -7.67013 2.60366 8
    endloop
  endfacet
  facet normal 0.956939 -0.290291 0
    outer loop
      vertex -7.67013 2.60366 0
      vertex -7.824 2.09643 8
      vertex -7.824 2.09643 0
    endloop
  endfacet
  facet normal 0.471408 -0.881915 0
    outer loop
      vertex -4.05 7.0148 0
      vertex -3.58254 7.26467 8
      vertex -4.05 7.0148 8
    endloop
  endfacet
  facet normal 0.471408 -0.881915 0
    outer loop
      vertex -3.58254 7.26467 8
      vertex -4.05 7.0148 0
      vertex -3.58254 7.26467 0
    endloop
  endfacet
  facet normal 0.582474 -0.812849 0
    outer loop
      vertex -4.93097 6.42616 0
      vertex -4.50012 6.7349 8
      vertex -4.93097 6.42616 8
    endloop
  endfacet
  facet normal 0.582474 -0.812849 0
    outer loop
      vertex -4.50012 6.7349 8
      vertex -4.93097 6.42616 0
      vertex -4.50012 6.7349 0
    endloop
  endfacet
  facet normal 0.0980289 -0.995184 0
    outer loop
      vertex -1.05726 8.0307 0
      vertex -0.529765 8.08266 8
      vertex -1.05726 8.0307 8
    endloop
  endfacet
  facet normal 0.0980289 -0.995184 0
    outer loop
      vertex -0.529765 8.08266 8
      vertex -1.05726 8.0307 0
      vertex -0.529765 8.08266 0
    endloop
  endfacet
  facet normal 0.162891 -0.986644 0
    outer loop
      vertex -1.58023 7.94436 0
      vertex -1.05726 8.0307 8
      vertex -1.58023 7.94436 8
    endloop
  endfacet
  facet normal 0.162891 -0.986644 0
    outer loop
      vertex -1.05726 8.0307 8
      vertex -1.58023 7.94436 0
      vertex -1.05726 8.0307 0
    endloop
  endfacet
  facet normal -0.412701 0.910867 0
    outer loop
      vertex 3.58254 -7.26467 0
      vertex 3.09974 -7.48342 8
      vertex 3.58254 -7.26467 8
    endloop
  endfacet
  facet normal -0.412701 0.910867 0
    outer loop
      vertex 3.09974 -7.48342 8
      vertex 3.58254 -7.26467 0
      vertex 3.09974 -7.48342 0
    endloop
  endfacet
  facet normal -0.995184 -0.0980289 0
    outer loop
      vertex 8.08266 0.529765 0
      vertex 8.0307 1.05726 8
      vertex 8.0307 1.05726 0
    endloop
  endfacet
  facet normal -0.995184 -0.0980289 0
    outer loop
      vertex 8.0307 1.05726 8
      vertex 8.08266 0.529765 0
      vertex 8.08266 0.529765 8
    endloop
  endfacet
  facet normal -0.956939 -0.290291 0
    outer loop
      vertex 7.824 2.09643 0
      vertex 7.67013 2.60366 8
      vertex 7.67013 2.60366 0
    endloop
  endfacet
  facet normal -0.956939 -0.290291 0
    outer loop
      vertex 7.67013 2.60366 8
      vertex 7.824 2.09643 0
      vertex 7.824 2.09643 8
    endloop
  endfacet
  facet normal -0.935907 -0.352248 0
    outer loop
      vertex 7.67013 2.60366 0
      vertex 7.48342 3.09974 8
      vertex 7.48342 3.09974 0
    endloop
  endfacet
  facet normal -0.935907 -0.352248 0
    outer loop
      vertex 7.48342 3.09974 8
      vertex 7.67013 2.60366 0
      vertex 7.67013 2.60366 8
    endloop
  endfacet
  facet normal -0.881915 -0.471408 0
    outer loop
      vertex 7.26467 3.58254 0
      vertex 7.0148 4.05 8
      vertex 7.0148 4.05 0
    endloop
  endfacet
  facet normal -0.881915 -0.471408 0
    outer loop
      vertex 7.0148 4.05 8
      vertex 7.26467 3.58254 0
      vertex 7.26467 3.58254 8
    endloop
  endfacet
  facet normal 0.032714 -0.999465 0
    outer loop
      vertex -0.529765 8.08266 0
      vertex 0 8.1 8
      vertex -0.529765 8.08266 8
    endloop
  endfacet
  facet normal 0.032714 -0.999465 0
    outer loop
      vertex 0 8.1 8
      vertex -0.529765 8.08266 0
      vertex 0 8.1 0
    endloop
  endfacet
  facet normal -0.290291 -0.956939 0
    outer loop
      vertex 2.09643 7.824 0
      vertex 2.60366 7.67013 8
      vertex 2.09643 7.824 8
    endloop
  endfacet
  facet normal -0.290291 -0.956939 -0
    outer loop
      vertex 2.60366 7.67013 8
      vertex 2.09643 7.824 0
      vertex 2.60366 7.67013 0
    endloop
  endfacet
  facet normal -0.0980289 -0.995184 0
    outer loop
      vertex 0.529765 8.08266 0
      vertex 1.05726 8.0307 8
      vertex 0.529765 8.08266 8
    endloop
  endfacet
  facet normal -0.0980289 -0.995184 -0
    outer loop
      vertex 1.05726 8.0307 8
      vertex 0.529765 8.08266 0
      vertex 1.05726 8.0307 0
    endloop
  endfacet
  facet normal -0.227075 -0.973877 0
    outer loop
      vertex 1.58023 7.94436 0
      vertex 2.09643 7.824 8
      vertex 1.58023 7.94436 8
    endloop
  endfacet
  facet normal -0.227075 -0.973877 -0
    outer loop
      vertex 2.09643 7.824 8
      vertex 1.58023 7.94436 0
      vertex 2.09643 7.824 0
    endloop
  endfacet
  facet normal -0.471408 -0.881915 0
    outer loop
      vertex 3.58254 7.26467 0
      vertex 4.05 7.0148 8
      vertex 3.58254 7.26467 8
    endloop
  endfacet
  facet normal -0.471408 -0.881915 -0
    outer loop
      vertex 4.05 7.0148 8
      vertex 3.58254 7.26467 0
      vertex 4.05 7.0148 0
    endloop
  endfacet
  facet normal -0.582474 -0.812849 0
    outer loop
      vertex 4.50012 6.7349 0
      vertex 4.93097 6.42616 8
      vertex 4.50012 6.7349 8
    endloop
  endfacet
  facet normal -0.582474 -0.812849 -0
    outer loop
      vertex 4.93097 6.42616 8
      vertex 4.50012 6.7349 0
      vertex 4.93097 6.42616 0
    endloop
  endfacet
  facet normal -0.528064 -0.849204 0
    outer loop
      vertex 4.05 7.0148 0
      vertex 4.50012 6.7349 8
      vertex 4.05 7.0148 8
    endloop
  endfacet
  facet normal -0.528064 -0.849204 -0
    outer loop
      vertex 4.50012 6.7349 8
      vertex 4.05 7.0148 0
      vertex 4.50012 6.7349 0
    endloop
  endfacet
  facet normal 0.729858 -0.683598 0
    outer loop
      vertex -6.0899 5.3407 8
      vertex -5.72756 5.72756 0
      vertex -5.72756 5.72756 8
    endloop
  endfacet
  facet normal 0.729858 -0.683598 0
    outer loop
      vertex -5.72756 5.72756 0
      vertex -6.0899 5.3407 8
      vertex -6.0899 5.3407 0
    endloop
  endfacet
  facet normal 0.773007 -0.634397 0
    outer loop
      vertex -6.42616 4.93097 8
      vertex -6.0899 5.3407 0
      vertex -6.0899 5.3407 8
    endloop
  endfacet
  facet normal 0.773007 -0.634397 0
    outer loop
      vertex -6.0899 5.3407 0
      vertex -6.42616 4.93097 8
      vertex -6.42616 4.93097 0
    endloop
  endfacet
  facet normal 0.986644 -0.162891 0
    outer loop
      vertex -8.0307 1.05726 8
      vertex -7.94436 1.58023 0
      vertex -7.94436 1.58023 8
    endloop
  endfacet
  facet normal 0.986644 -0.162891 0
    outer loop
      vertex -7.94436 1.58023 0
      vertex -8.0307 1.05726 8
      vertex -8.0307 1.05726 0
    endloop
  endfacet
  facet normal 0.935907 -0.352248 0
    outer loop
      vertex -7.67013 2.60366 8
      vertex -7.48342 3.09974 0
      vertex -7.48342 3.09974 8
    endloop
  endfacet
  facet normal 0.935907 -0.352248 0
    outer loop
      vertex -7.48342 3.09974 0
      vertex -7.67013 2.60366 8
      vertex -7.67013 2.60366 0
    endloop
  endfacet
  facet normal 0.973877 -0.227075 0
    outer loop
      vertex -7.94436 1.58023 8
      vertex -7.824 2.09643 0
      vertex -7.824 2.09643 8
    endloop
  endfacet
  facet normal 0.973877 -0.227075 0
    outer loop
      vertex -7.824 2.09643 0
      vertex -7.94436 1.58023 8
      vertex -7.94436 1.58023 0
    endloop
  endfacet
  facet normal 0.995184 -0.0980289 0
    outer loop
      vertex -8.08266 0.529765 8
      vertex -8.0307 1.05726 0
      vertex -8.0307 1.05726 8
    endloop
  endfacet
  facet normal 0.995184 -0.0980289 0
    outer loop
      vertex -8.0307 1.05726 0
      vertex -8.08266 0.529765 8
      vertex -8.08266 0.529765 0
    endloop
  endfacet
  facet normal 0.683598 -0.729858 0
    outer loop
      vertex -5.72756 5.72756 0
      vertex -5.3407 6.0899 8
      vertex -5.72756 5.72756 8
    endloop
  endfacet
  facet normal 0.683598 -0.729858 0
    outer loop
      vertex -5.3407 6.0899 8
      vertex -5.72756 5.72756 0
      vertex -5.3407 6.0899 0
    endloop
  endfacet
  facet normal 0.412701 -0.910867 0
    outer loop
      vertex -3.58254 7.26467 0
      vertex -3.09974 7.48342 8
      vertex -3.58254 7.26467 8
    endloop
  endfacet
  facet normal 0.412701 -0.910867 0
    outer loop
      vertex -3.09974 7.48342 8
      vertex -3.58254 7.26467 0
      vertex -3.09974 7.48342 0
    endloop
  endfacet
  facet normal 0.528064 -0.849204 0
    outer loop
      vertex -4.50012 6.7349 0
      vertex -4.05 7.0148 8
      vertex -4.50012 6.7349 8
    endloop
  endfacet
  facet normal 0.528064 -0.849204 0
    outer loop
      vertex -4.05 7.0148 8
      vertex -4.50012 6.7349 0
      vertex -4.05 7.0148 0
    endloop
  endfacet
  facet normal 0.227075 -0.973877 0
    outer loop
      vertex -2.09643 7.824 0
      vertex -1.58023 7.94436 8
      vertex -2.09643 7.824 8
    endloop
  endfacet
  facet normal 0.227075 -0.973877 0
    outer loop
      vertex -1.58023 7.94436 8
      vertex -2.09643 7.824 0
      vertex -1.58023 7.94436 0
    endloop
  endfacet
  facet normal 0.290291 -0.956939 0
    outer loop
      vertex -2.60366 7.67013 0
      vertex -2.09643 7.824 8
      vertex -2.60366 7.67013 8
    endloop
  endfacet
  facet normal 0.290291 -0.956939 0
    outer loop
      vertex -2.09643 7.824 8
      vertex -2.60366 7.67013 0
      vertex -2.09643 7.824 0
    endloop
  endfacet
  facet normal -0.999465 -0.032714 0
    outer loop
      vertex 8.1 0 0
      vertex 8.08266 0.529765 8
      vertex 8.08266 0.529765 0
    endloop
  endfacet
  facet normal -0.999465 -0.032714 0
    outer loop
      vertex 8.08266 0.529765 8
      vertex 8.1 0 0
      vertex 8.1 0 8
    endloop
  endfacet
  facet normal -0.995184 0.0980289 0
    outer loop
      vertex 8.0307 -1.05726 0
      vertex 8.08266 -0.529765 8
      vertex 8.08266 -0.529765 0
    endloop
  endfacet
  facet normal -0.995184 0.0980289 0
    outer loop
      vertex 8.08266 -0.529765 8
      vertex 8.0307 -1.05726 0
      vertex 8.0307 -1.05726 8
    endloop
  endfacet
  facet normal -0.986644 0.162891 0
    outer loop
      vertex 7.94436 -1.58023 0
      vertex 8.0307 -1.05726 8
      vertex 8.0307 -1.05726 0
    endloop
  endfacet
  facet normal -0.986644 0.162891 0
    outer loop
      vertex 8.0307 -1.05726 8
      vertex 7.94436 -1.58023 0
      vertex 7.94436 -1.58023 8
    endloop
  endfacet
  facet normal 0.227075 0.973877 -0
    outer loop
      vertex -1.58023 -7.94436 0
      vertex -2.09643 -7.824 8
      vertex -1.58023 -7.94436 8
    endloop
  endfacet
  facet normal 0.227075 0.973877 0
    outer loop
      vertex -2.09643 -7.824 8
      vertex -1.58023 -7.94436 0
      vertex -2.09643 -7.824 0
    endloop
  endfacet
  facet normal 0.773007 0.634397 0
    outer loop
      vertex -6.0899 -5.3407 8
      vertex -6.42616 -4.93097 0
      vertex -6.42616 -4.93097 8
    endloop
  endfacet
  facet normal 0.773007 0.634397 0
    outer loop
      vertex -6.42616 -4.93097 0
      vertex -6.0899 -5.3407 8
      vertex -6.0899 -5.3407 0
    endloop
  endfacet
  facet normal 0.812849 0.582474 0
    outer loop
      vertex -6.42616 -4.93097 8
      vertex -6.7349 -4.50012 0
      vertex -6.7349 -4.50012 8
    endloop
  endfacet
  facet normal 0.812849 0.582474 0
    outer loop
      vertex -6.7349 -4.50012 0
      vertex -6.42616 -4.93097 8
      vertex -6.42616 -4.93097 0
    endloop
  endfacet
  facet normal 0.910867 0.412701 0
    outer loop
      vertex -7.26467 -3.58254 8
      vertex -7.48342 -3.09974 0
      vertex -7.48342 -3.09974 8
    endloop
  endfacet
  facet normal 0.910867 0.412701 0
    outer loop
      vertex -7.48342 -3.09974 0
      vertex -7.26467 -3.58254 8
      vertex -7.26467 -3.58254 0
    endloop
  endfacet
  facet normal 0.849204 0.528064 0
    outer loop
      vertex -6.7349 -4.50012 8
      vertex -7.0148 -4.05 0
      vertex -7.0148 -4.05 8
    endloop
  endfacet
  facet normal 0.849204 0.528064 0
    outer loop
      vertex -7.0148 -4.05 0
      vertex -6.7349 -4.50012 8
      vertex -6.7349 -4.50012 0
    endloop
  endfacet
  facet normal 0.999465 0.032714 0
    outer loop
      vertex -8.08266 -0.529765 8
      vertex -8.1 0 0
      vertex -8.1 0 8
    endloop
  endfacet
  facet normal 0.999465 0.032714 0
    outer loop
      vertex -8.1 0 0
      vertex -8.08266 -0.529765 8
      vertex -8.08266 -0.529765 0
    endloop
  endfacet
  facet normal -0.352248 0.935907 0
    outer loop
      vertex 3.09974 -7.48342 0
      vertex 2.60366 -7.67013 8
      vertex 3.09974 -7.48342 8
    endloop
  endfacet
  facet normal -0.352248 0.935907 0
    outer loop
      vertex 2.60366 -7.67013 8
      vertex 3.09974 -7.48342 0
      vertex 2.60366 -7.67013 0
    endloop
  endfacet
  facet normal -0.773007 -0.634397 0
    outer loop
      vertex 6.42616 4.93097 0
      vertex 6.0899 5.3407 8
      vertex 6.0899 5.3407 0
    endloop
  endfacet
  facet normal -0.773007 -0.634397 0
    outer loop
      vertex 6.0899 5.3407 8
      vertex 6.42616 4.93097 0
      vertex 6.42616 4.93097 8
    endloop
  endfacet
  facet normal 0.634397 -0.773007 0
    outer loop
      vertex -5.3407 6.0899 0
      vertex -4.93097 6.42616 8
      vertex -5.3407 6.0899 8
    endloop
  endfacet
  facet normal 0.634397 -0.773007 0
    outer loop
      vertex -4.93097 6.42616 8
      vertex -5.3407 6.0899 0
      vertex -4.93097 6.42616 0
    endloop
  endfacet
  facet normal -0.881915 0.471408 0
    outer loop
      vertex 7.0148 -4.05 0
      vertex 7.26467 -3.58254 8
      vertex 7.26467 -3.58254 0
    endloop
  endfacet
  facet normal -0.881915 0.471408 0
    outer loop
      vertex 7.26467 -3.58254 8
      vertex 7.0148 -4.05 0
      vertex 7.0148 -4.05 8
    endloop
  endfacet
  facet normal -0.935907 0.352248 0
    outer loop
      vertex 7.48342 -3.09974 0
      vertex 7.67013 -2.60366 8
      vertex 7.67013 -2.60366 0
    endloop
  endfacet
  facet normal -0.935907 0.352248 0
    outer loop
      vertex 7.67013 -2.60366 8
      vertex 7.48342 -3.09974 0
      vertex 7.48342 -3.09974 8
    endloop
  endfacet
  facet normal -0.956939 0.290291 0
    outer loop
      vertex 7.67013 -2.60366 0
      vertex 7.824 -2.09643 8
      vertex 7.824 -2.09643 0
    endloop
  endfacet
  facet normal -0.956939 0.290291 0
    outer loop
      vertex 7.824 -2.09643 8
      vertex 7.67013 -2.60366 0
      vertex 7.67013 -2.60366 8
    endloop
  endfacet
  facet normal -0.773007 0.634397 0
    outer loop
      vertex 6.0899 -5.3407 0
      vertex 6.42616 -4.93097 8
      vertex 6.42616 -4.93097 0
    endloop
  endfacet
  facet normal -0.773007 0.634397 0
    outer loop
      vertex 6.42616 -4.93097 8
      vertex 6.0899 -5.3407 0
      vertex 6.0899 -5.3407 8
    endloop
  endfacet
  facet normal 0.032714 0.999465 -0
    outer loop
      vertex 0 -8.1 0
      vertex -0.529765 -8.08266 8
      vertex 0 -8.1 8
    endloop
  endfacet
  facet normal 0.032714 0.999465 0
    outer loop
      vertex -0.529765 -8.08266 8
      vertex 0 -8.1 0
      vertex -0.529765 -8.08266 0
    endloop
  endfacet
  facet normal 0.352248 0.935907 -0
    outer loop
      vertex -2.60366 -7.67013 0
      vertex -3.09974 -7.48342 8
      vertex -2.60366 -7.67013 8
    endloop
  endfacet
  facet normal 0.352248 0.935907 0
    outer loop
      vertex -3.09974 -7.48342 8
      vertex -2.60366 -7.67013 0
      vertex -3.09974 -7.48342 0
    endloop
  endfacet
  facet normal 0.683598 0.729858 -0
    outer loop
      vertex -5.3407 -6.0899 0
      vertex -5.72756 -5.72756 8
      vertex -5.3407 -6.0899 8
    endloop
  endfacet
  facet normal 0.683598 0.729858 0
    outer loop
      vertex -5.72756 -5.72756 8
      vertex -5.3407 -6.0899 0
      vertex -5.72756 -5.72756 0
    endloop
  endfacet
  facet normal 0.412701 0.910867 -0
    outer loop
      vertex -3.09974 -7.48342 0
      vertex -3.58254 -7.26467 8
      vertex -3.09974 -7.48342 8
    endloop
  endfacet
  facet normal 0.412701 0.910867 0
    outer loop
      vertex -3.58254 -7.26467 8
      vertex -3.09974 -7.48342 0
      vertex -3.58254 -7.26467 0
    endloop
  endfacet
  facet normal 0.729858 0.683598 0
    outer loop
      vertex -5.72756 -5.72756 8
      vertex -6.0899 -5.3407 0
      vertex -6.0899 -5.3407 8
    endloop
  endfacet
  facet normal 0.729858 0.683598 0
    outer loop
      vertex -6.0899 -5.3407 0
      vertex -5.72756 -5.72756 8
      vertex -5.72756 -5.72756 0
    endloop
  endfacet
  facet normal 0.881915 0.471408 0
    outer loop
      vertex -7.0148 -4.05 8
      vertex -7.26467 -3.58254 0
      vertex -7.26467 -3.58254 8
    endloop
  endfacet
  facet normal 0.881915 0.471408 0
    outer loop
      vertex -7.26467 -3.58254 0
      vertex -7.0148 -4.05 8
      vertex -7.0148 -4.05 0
    endloop
  endfacet
  facet normal 0.986644 0.162891 0
    outer loop
      vertex -7.94436 -1.58023 8
      vertex -8.0307 -1.05726 0
      vertex -8.0307 -1.05726 8
    endloop
  endfacet
  facet normal 0.986644 0.162891 0
    outer loop
      vertex -8.0307 -1.05726 0
      vertex -7.94436 -1.58023 8
      vertex -7.94436 -1.58023 0
    endloop
  endfacet
  facet normal 0.995184 0.0980289 0
    outer loop
      vertex -8.0307 -1.05726 8
      vertex -8.08266 -0.529765 0
      vertex -8.08266 -0.529765 8
    endloop
  endfacet
  facet normal 0.995184 0.0980289 0
    outer loop
      vertex -8.08266 -0.529765 0
      vertex -8.0307 -1.05726 8
      vertex -8.0307 -1.05726 0
    endloop
  endfacet
  facet normal 0.935907 0.352248 0
    outer loop
      vertex -7.48342 -3.09974 8
      vertex -7.67013 -2.60366 0
      vertex -7.67013 -2.60366 8
    endloop
  endfacet
  facet normal 0.935907 0.352248 0
    outer loop
      vertex -7.67013 -2.60366 0
      vertex -7.48342 -3.09974 8
      vertex -7.48342 -3.09974 0
    endloop
  endfacet
  facet normal -0.162891 0.986644 0
    outer loop
      vertex 1.58023 -7.94436 0
      vertex 1.05726 -8.0307 8
      vertex 1.58023 -7.94436 8
    endloop
  endfacet
  facet normal -0.162891 0.986644 0
    outer loop
      vertex 1.05726 -8.0307 8
      vertex 1.58023 -7.94436 0
      vertex 1.05726 -8.0307 0
    endloop
  endfacet
  facet normal -0.910867 0.412701 0
    outer loop
      vertex 7.26467 -3.58254 0
      vertex 7.48342 -3.09974 8
      vertex 7.48342 -3.09974 0
    endloop
  endfacet
  facet normal -0.910867 0.412701 0
    outer loop
      vertex 7.48342 -3.09974 8
      vertex 7.26467 -3.58254 0
      vertex 7.26467 -3.58254 8
    endloop
  endfacet
  facet normal -0.973877 0.227075 0
    outer loop
      vertex 7.824 -2.09643 0
      vertex 7.94436 -1.58023 8
      vertex 7.94436 -1.58023 0
    endloop
  endfacet
  facet normal -0.973877 0.227075 0
    outer loop
      vertex 7.94436 -1.58023 8
      vertex 7.824 -2.09643 0
      vertex 7.824 -2.09643 8
    endloop
  endfacet
  facet normal -0.849204 0.528064 0
    outer loop
      vertex 6.7349 -4.50012 0
      vertex 7.0148 -4.05 8
      vertex 7.0148 -4.05 0
    endloop
  endfacet
  facet normal -0.849204 0.528064 0
    outer loop
      vertex 7.0148 -4.05 8
      vertex 6.7349 -4.50012 0
      vertex 6.7349 -4.50012 8
    endloop
  endfacet
  facet normal -0.812849 0.582474 0
    outer loop
      vertex 6.42616 -4.93097 0
      vertex 6.7349 -4.50012 8
      vertex 6.7349 -4.50012 0
    endloop
  endfacet
  facet normal -0.812849 0.582474 0
    outer loop
      vertex 6.7349 -4.50012 8
      vertex 6.42616 -4.93097 0
      vertex 6.42616 -4.93097 8
    endloop
  endfacet
  facet normal -0.582474 0.812849 0
    outer loop
      vertex 4.93097 -6.42616 0
      vertex 4.50012 -6.7349 8
      vertex 4.93097 -6.42616 8
    endloop
  endfacet
  facet normal -0.582474 0.812849 0
    outer loop
      vertex 4.50012 -6.7349 8
      vertex 4.93097 -6.42616 0
      vertex 4.50012 -6.7349 0
    endloop
  endfacet
  facet normal -0.729858 0.683598 0
    outer loop
      vertex 5.72756 -5.72756 0
      vertex 6.0899 -5.3407 8
      vertex 6.0899 -5.3407 0
    endloop
  endfacet
  facet normal -0.729858 0.683598 0
    outer loop
      vertex 6.0899 -5.3407 8
      vertex 5.72756 -5.72756 0
      vertex 5.72756 -5.72756 8
    endloop
  endfacet
  facet normal -0.032714 0.999465 0
    outer loop
      vertex 0.529765 -8.08266 0
      vertex 0 -8.1 8
      vertex 0.529765 -8.08266 8
    endloop
  endfacet
  facet normal -0.032714 0.999465 0
    outer loop
      vertex 0 -8.1 8
      vertex 0.529765 -8.08266 0
      vertex 0 -8.1 0
    endloop
  endfacet
  facet normal 0.290291 0.956939 -0
    outer loop
      vertex -2.09643 -7.824 0
      vertex -2.60366 -7.67013 8
      vertex -2.09643 -7.824 8
    endloop
  endfacet
  facet normal 0.290291 0.956939 0
    outer loop
      vertex -2.60366 -7.67013 8
      vertex -2.09643 -7.824 0
      vertex -2.60366 -7.67013 0
    endloop
  endfacet
  facet normal 0.582474 0.812849 -0
    outer loop
      vertex -4.50012 -6.7349 0
      vertex -4.93097 -6.42616 8
      vertex -4.50012 -6.7349 8
    endloop
  endfacet
  facet normal 0.582474 0.812849 0
    outer loop
      vertex -4.93097 -6.42616 8
      vertex -4.50012 -6.7349 0
      vertex -4.93097 -6.42616 0
    endloop
  endfacet
  facet normal 0.528064 0.849204 -0
    outer loop
      vertex -4.05 -7.0148 0
      vertex -4.50012 -6.7349 8
      vertex -4.05 -7.0148 8
    endloop
  endfacet
  facet normal 0.528064 0.849204 0
    outer loop
      vertex -4.50012 -6.7349 8
      vertex -4.05 -7.0148 0
      vertex -4.50012 -6.7349 0
    endloop
  endfacet
  facet normal 0.956939 0.290291 0
    outer loop
      vertex -7.67013 -2.60366 8
      vertex -7.824 -2.09643 0
      vertex -7.824 -2.09643 8
    endloop
  endfacet
  facet normal 0.956939 0.290291 0
    outer loop
      vertex -7.824 -2.09643 0
      vertex -7.67013 -2.60366 8
      vertex -7.67013 -2.60366 0
    endloop
  endfacet
  facet normal 0.973877 0.227075 0
    outer loop
      vertex -7.824 -2.09643 8
      vertex -7.94436 -1.58023 0
      vertex -7.94436 -1.58023 8
    endloop
  endfacet
  facet normal 0.973877 0.227075 0
    outer loop
      vertex -7.94436 -1.58023 0
      vertex -7.824 -2.09643 8
      vertex -7.824 -2.09643 0
    endloop
  endfacet
  facet normal -0.290291 0.956939 0
    outer loop
      vertex 2.60366 -7.67013 0
      vertex 2.09643 -7.824 8
      vertex 2.60366 -7.67013 8
    endloop
  endfacet
  facet normal -0.290291 0.956939 0
    outer loop
      vertex 2.09643 -7.824 8
      vertex 2.60366 -7.67013 0
      vertex 2.09643 -7.824 0
    endloop
  endfacet
  facet normal -0.227075 0.973877 0
    outer loop
      vertex 2.09643 -7.824 0
      vertex 1.58023 -7.94436 8
      vertex 2.09643 -7.824 8
    endloop
  endfacet
  facet normal -0.227075 0.973877 0
    outer loop
      vertex 1.58023 -7.94436 8
      vertex 2.09643 -7.824 0
      vertex 1.58023 -7.94436 0
    endloop
  endfacet
  facet normal -0.528064 0.849204 0
    outer loop
      vertex 4.50012 -6.7349 0
      vertex 4.05 -7.0148 8
      vertex 4.50012 -6.7349 8
    endloop
  endfacet
  facet normal -0.528064 0.849204 0
    outer loop
      vertex 4.05 -7.0148 8
      vertex 4.50012 -6.7349 0
      vertex 4.05 -7.0148 0
    endloop
  endfacet
  facet normal -0.471408 0.881915 0
    outer loop
      vertex 4.05 -7.0148 0
      vertex 3.58254 -7.26467 8
      vertex 4.05 -7.0148 8
    endloop
  endfacet
  facet normal -0.471408 0.881915 0
    outer loop
      vertex 3.58254 -7.26467 8
      vertex 4.05 -7.0148 0
      vertex 3.58254 -7.26467 0
    endloop
  endfacet
  facet normal -0.683598 0.729858 0
    outer loop
      vertex 5.72756 -5.72756 0
      vertex 5.3407 -6.0899 8
      vertex 5.72756 -5.72756 8
    endloop
  endfacet
  facet normal -0.683598 0.729858 0
    outer loop
      vertex 5.3407 -6.0899 8
      vertex 5.72756 -5.72756 0
      vertex 5.3407 -6.0899 0
    endloop
  endfacet
  facet normal -0.634397 0.773007 0
    outer loop
      vertex 5.3407 -6.0899 0
      vertex 4.93097 -6.42616 8
      vertex 5.3407 -6.0899 8
    endloop
  endfacet
  facet normal -0.634397 0.773007 0
    outer loop
      vertex 4.93097 -6.42616 8
      vertex 5.3407 -6.0899 0
      vertex 4.93097 -6.42616 0
    endloop
  endfacet
  facet normal 0.0980289 0.995184 -0
    outer loop
      vertex -0.529765 -8.08266 0
      vertex -1.05726 -8.0307 8
      vertex -0.529765 -8.08266 8
    endloop
  endfacet
  facet normal 0.0980289 0.995184 0
    outer loop
      vertex -1.05726 -8.0307 8
      vertex -0.529765 -8.08266 0
      vertex -1.05726 -8.0307 0
    endloop
  endfacet
  facet normal 0.162891 0.986644 -0
    outer loop
      vertex -1.05726 -8.0307 0
      vertex -1.58023 -7.94436 8
      vertex -1.05726 -8.0307 8
    endloop
  endfacet
  facet normal 0.162891 0.986644 0
    outer loop
      vertex -1.58023 -7.94436 8
      vertex -1.05726 -8.0307 0
      vertex -1.58023 -7.94436 0
    endloop
  endfacet
  facet normal 0.634397 0.773007 -0
    outer loop
      vertex -4.93097 -6.42616 0
      vertex -5.3407 -6.0899 8
      vertex -4.93097 -6.42616 8
    endloop
  endfacet
  facet normal 0.634397 0.773007 0
    outer loop
      vertex -5.3407 -6.0899 8
      vertex -4.93097 -6.42616 0
      vertex -5.3407 -6.0899 0
    endloop
  endfacet
  facet normal 0.471408 0.881915 -0
    outer loop
      vertex -3.58254 -7.26467 0
      vertex -4.05 -7.0148 8
      vertex -3.58254 -7.26467 8
    endloop
  endfacet
  facet normal 0.471408 0.881915 0
    outer loop
      vertex -4.05 -7.0148 8
      vertex -3.58254 -7.26467 0
      vertex -4.05 -7.0148 0
    endloop
  endfacet
  facet normal 0.986626 -0.163001 0
    outer loop
      vertex 47.6872 0.567788 8
      vertex 47.7336 0.848642 0
      vertex 47.7336 0.848642 8
    endloop
  endfacet
  facet normal 0.986626 -0.163001 0
    outer loop
      vertex 47.7336 0.848642 0
      vertex 47.6872 0.567788 8
      vertex 47.6872 0.567788 0
    endloop
  endfacet
  facet normal 0.999466 -0.0326711 0
    outer loop
      vertex 47.65 0 8
      vertex 47.6593 0.284503 0
      vertex 47.6593 0.284503 8
    endloop
  endfacet
  facet normal 0.999466 -0.0326711 0
    outer loop
      vertex 47.6593 0.284503 0
      vertex 47.65 0 8
      vertex 47.65 0 0
    endloop
  endfacet
  facet normal 0.910835 -0.41277 0
    outer loop
      vertex 47.9811 1.66467 8
      vertex 48.0986 1.92395 0
      vertex 48.0986 1.92395 8
    endloop
  endfacet
  facet normal 0.910835 -0.41277 0
    outer loop
      vertex 48.0986 1.92395 0
      vertex 47.9811 1.66467 8
      vertex 47.9811 1.66467 0
    endloop
  endfacet
  facet normal 0.995185 -0.0980132 0
    outer loop
      vertex 47.6593 0.284503 8
      vertex 47.6872 0.567788 0
      vertex 47.6872 0.567788 8
    endloop
  endfacet
  facet normal 0.995185 -0.0980132 0
    outer loop
      vertex 47.6872 0.567788 0
      vertex 47.6593 0.284503 8
      vertex 47.6593 0.284503 0
    endloop
  endfacet
  facet normal 0.973907 -0.226949 0
    outer loop
      vertex 47.7336 0.848642 8
      vertex 47.7982 1.12586 0
      vertex 47.7982 1.12586 8
    endloop
  endfacet
  facet normal 0.973907 -0.226949 0
    outer loop
      vertex 47.7982 1.12586 0
      vertex 47.7336 0.848642 8
      vertex 47.7336 0.848642 0
    endloop
  endfacet
  facet normal 0.935987 -0.352036 0
    outer loop
      vertex 47.8809 1.39826 8
      vertex 47.9811 1.66467 0
      vertex 47.9811 1.66467 8
    endloop
  endfacet
  facet normal 0.935987 -0.352036 0
    outer loop
      vertex 47.9811 1.66467 0
      vertex 47.8809 1.39826 8
      vertex 47.8809 1.39826 0
    endloop
  endfacet
  facet normal 0.956874 -0.290505 0
    outer loop
      vertex 47.7982 1.12586 8
      vertex 47.8809 1.39826 0
      vertex 47.8809 1.39826 8
    endloop
  endfacet
  facet normal 0.956874 -0.290505 0
    outer loop
      vertex 47.8809 1.39826 0
      vertex 47.7982 1.12586 8
      vertex 47.7982 1.12586 0
    endloop
  endfacet
  facet normal 0.84923 -0.528024 0
    outer loop
      vertex 48.2328 2.175 8
      vertex 48.3831 2.41673 0
      vertex 48.3831 2.41673 8
    endloop
  endfacet
  facet normal 0.84923 -0.528024 0
    outer loop
      vertex 48.3831 2.41673 0
      vertex 48.2328 2.175 8
      vertex 48.2328 2.175 0
    endloop
  endfacet
  facet normal 0.812854 -0.582467 0
    outer loop
      vertex 48.3831 2.41673 8
      vertex 48.5489 2.64811 0
      vertex 48.5489 2.64811 8
    endloop
  endfacet
  facet normal 0.812854 -0.582467 0
    outer loop
      vertex 48.5489 2.64811 0
      vertex 48.3831 2.41673 8
      vertex 48.3831 2.41673 0
    endloop
  endfacet
  facet normal 0.528122 -0.849169 0
    outer loop
      vertex 49.5833 3.61689 0
      vertex 49.825 3.76721 8
      vertex 49.5833 3.61689 8
    endloop
  endfacet
  facet normal 0.528122 -0.849169 0
    outer loop
      vertex 49.825 3.76721 8
      vertex 49.5833 3.61689 0
      vertex 49.825 3.76721 0
    endloop
  endfacet
  facet normal 0.582434 -0.812878 0
    outer loop
      vertex 49.3519 3.45109 0
      vertex 49.5833 3.61689 8
      vertex 49.3519 3.45109 8
    endloop
  endfacet
  facet normal 0.582434 -0.812878 0
    outer loop
      vertex 49.5833 3.61689 8
      vertex 49.3519 3.45109 0
      vertex 49.5833 3.61689 0
    endloop
  endfacet
  facet normal 0.471399 -0.88192 0
    outer loop
      vertex 49.825 3.76721 0
      vertex 50 3.86075 8
      vertex 49.825 3.76721 8
    endloop
  endfacet
  facet normal 0.471399 -0.88192 0
    outer loop
      vertex 50 3.86075 8
      vertex 49.825 3.76721 0
      vertex 50 3.86075 0
    endloop
  endfacet
  facet normal 0.84923 0.528024 0
    outer loop
      vertex 48.3831 -2.41673 8
      vertex 48.2328 -2.175 0
      vertex 48.2328 -2.175 8
    endloop
  endfacet
  facet normal 0.84923 0.528024 0
    outer loop
      vertex 48.2328 -2.175 0
      vertex 48.3831 -2.41673 8
      vertex 48.3831 -2.41673 0
    endloop
  endfacet
  facet normal 0.881905 -0.471427 0
    outer loop
      vertex 48.0986 1.92395 8
      vertex 48.2328 2.175 0
      vertex 48.2328 2.175 8
    endloop
  endfacet
  facet normal 0.881905 -0.471427 0
    outer loop
      vertex 48.2328 2.175 0
      vertex 48.0986 1.92395 8
      vertex 48.0986 1.92395 0
    endloop
  endfacet
  facet normal 0.77298 -0.634431 0
    outer loop
      vertex 48.5489 2.64811 8
      vertex 48.7295 2.86815 0
      vertex 48.7295 2.86815 8
    endloop
  endfacet
  facet normal 0.77298 -0.634431 0
    outer loop
      vertex 48.7295 2.86815 0
      vertex 48.5489 2.64811 8
      vertex 48.5489 2.64811 0
    endloop
  endfacet
  facet normal 0.729844 -0.683614 0
    outer loop
      vertex 48.7295 2.86815 8
      vertex 48.9241 3.07591 0
      vertex 48.9241 3.07591 8
    endloop
  endfacet
  facet normal 0.729844 -0.683614 0
    outer loop
      vertex 48.9241 3.07591 0
      vertex 48.7295 2.86815 8
      vertex 48.7295 2.86815 0
    endloop
  endfacet
  facet normal 0.634306 -0.773082 0
    outer loop
      vertex 49.1318 3.2705 0
      vertex 49.3519 3.45109 8
      vertex 49.1318 3.2705 8
    endloop
  endfacet
  facet normal 0.634306 -0.773082 0
    outer loop
      vertex 49.3519 3.45109 8
      vertex 49.1318 3.2705 0
      vertex 49.3519 3.45109 0
    endloop
  endfacet
  facet normal 0.6837 -0.729763 0
    outer loop
      vertex 48.9241 3.07591 0
      vertex 49.1318 3.2705 8
      vertex 48.9241 3.07591 8
    endloop
  endfacet
  facet normal 0.6837 -0.729763 0
    outer loop
      vertex 49.1318 3.2705 8
      vertex 48.9241 3.07591 0
      vertex 49.1318 3.2705 0
    endloop
  endfacet
  facet normal 0.6837 0.729763 -0
    outer loop
      vertex 49.1318 -3.2705 0
      vertex 48.9241 -3.07591 8
      vertex 49.1318 -3.2705 8
    endloop
  endfacet
  facet normal 0.6837 0.729763 0
    outer loop
      vertex 48.9241 -3.07591 8
      vertex 49.1318 -3.2705 0
      vertex 48.9241 -3.07591 0
    endloop
  endfacet
  facet normal 0.528122 0.849169 -0
    outer loop
      vertex 49.825 -3.76721 0
      vertex 49.5833 -3.61689 8
      vertex 49.825 -3.76721 8
    endloop
  endfacet
  facet normal 0.528122 0.849169 0
    outer loop
      vertex 49.5833 -3.61689 8
      vertex 49.825 -3.76721 0
      vertex 49.5833 -3.61689 0
    endloop
  endfacet
  facet normal 0.729844 0.683614 0
    outer loop
      vertex 48.9241 -3.07591 8
      vertex 48.7295 -2.86815 0
      vertex 48.7295 -2.86815 8
    endloop
  endfacet
  facet normal 0.729844 0.683614 0
    outer loop
      vertex 48.7295 -2.86815 0
      vertex 48.9241 -3.07591 8
      vertex 48.9241 -3.07591 0
    endloop
  endfacet
  facet normal 0.973907 0.226949 0
    outer loop
      vertex 47.7982 -1.12586 8
      vertex 47.7336 -0.848642 0
      vertex 47.7336 -0.848642 8
    endloop
  endfacet
  facet normal 0.973907 0.226949 0
    outer loop
      vertex 47.7336 -0.848642 0
      vertex 47.7982 -1.12586 8
      vertex 47.7982 -1.12586 0
    endloop
  endfacet
  facet normal 0.471399 0.88192 -0
    outer loop
      vertex 50 -3.86075 0
      vertex 49.825 -3.76721 8
      vertex 50 -3.86075 8
    endloop
  endfacet
  facet normal 0.471399 0.88192 0
    outer loop
      vertex 49.825 -3.76721 8
      vertex 50 -3.86075 0
      vertex 49.825 -3.76721 0
    endloop
  endfacet
  facet normal 0.812854 0.582467 0
    outer loop
      vertex 48.5489 -2.64811 8
      vertex 48.3831 -2.41673 0
      vertex 48.3831 -2.41673 8
    endloop
  endfacet
  facet normal 0.812854 0.582467 0
    outer loop
      vertex 48.3831 -2.41673 0
      vertex 48.5489 -2.64811 8
      vertex 48.5489 -2.64811 0
    endloop
  endfacet
  facet normal 0.77298 0.634431 0
    outer loop
      vertex 48.7295 -2.86815 8
      vertex 48.5489 -2.64811 0
      vertex 48.5489 -2.64811 8
    endloop
  endfacet
  facet normal 0.77298 0.634431 0
    outer loop
      vertex 48.5489 -2.64811 0
      vertex 48.7295 -2.86815 8
      vertex 48.7295 -2.86815 0
    endloop
  endfacet
  facet normal 0.999466 0.0326711 0
    outer loop
      vertex 47.6593 -0.284503 8
      vertex 47.65 0 0
      vertex 47.65 0 8
    endloop
  endfacet
  facet normal 0.999466 0.0326711 0
    outer loop
      vertex 47.65 0 0
      vertex 47.6593 -0.284503 8
      vertex 47.6593 -0.284503 0
    endloop
  endfacet
  facet normal 0.910835 0.41277 0
    outer loop
      vertex 48.0986 -1.92395 8
      vertex 47.9811 -1.66467 0
      vertex 47.9811 -1.66467 8
    endloop
  endfacet
  facet normal 0.910835 0.41277 0
    outer loop
      vertex 47.9811 -1.66467 0
      vertex 48.0986 -1.92395 8
      vertex 48.0986 -1.92395 0
    endloop
  endfacet
  facet normal 0.582434 0.812878 -0
    outer loop
      vertex 49.5833 -3.61689 0
      vertex 49.3519 -3.45109 8
      vertex 49.5833 -3.61689 8
    endloop
  endfacet
  facet normal 0.582434 0.812878 0
    outer loop
      vertex 49.3519 -3.45109 8
      vertex 49.5833 -3.61689 0
      vertex 49.3519 -3.45109 0
    endloop
  endfacet
  facet normal 0.634306 0.773082 -0
    outer loop
      vertex 49.3519 -3.45109 0
      vertex 49.1318 -3.2705 8
      vertex 49.3519 -3.45109 8
    endloop
  endfacet
  facet normal 0.634306 0.773082 0
    outer loop
      vertex 49.1318 -3.2705 8
      vertex 49.3519 -3.45109 0
      vertex 49.1318 -3.2705 0
    endloop
  endfacet
  facet normal 0.935987 0.352036 0
    outer loop
      vertex 47.9811 -1.66467 8
      vertex 47.8809 -1.39826 0
      vertex 47.8809 -1.39826 8
    endloop
  endfacet
  facet normal 0.935987 0.352036 0
    outer loop
      vertex 47.8809 -1.39826 0
      vertex 47.9811 -1.66467 8
      vertex 47.9811 -1.66467 0
    endloop
  endfacet
  facet normal 0.956874 0.290505 0
    outer loop
      vertex 47.8809 -1.39826 8
      vertex 47.7982 -1.12586 0
      vertex 47.7982 -1.12586 8
    endloop
  endfacet
  facet normal 0.956874 0.290505 0
    outer loop
      vertex 47.7982 -1.12586 0
      vertex 47.8809 -1.39826 8
      vertex 47.8809 -1.39826 0
    endloop
  endfacet
  facet normal 0.881905 0.471427 0
    outer loop
      vertex 48.2328 -2.175 8
      vertex 48.0986 -1.92395 0
      vertex 48.0986 -1.92395 8
    endloop
  endfacet
  facet normal 0.881905 0.471427 0
    outer loop
      vertex 48.0986 -1.92395 0
      vertex 48.2328 -2.175 8
      vertex 48.2328 -2.175 0
    endloop
  endfacet
  facet normal 0.995185 0.0980132 0
    outer loop
      vertex 47.6872 -0.567788 8
      vertex 47.6593 -0.284503 0
      vertex 47.6593 -0.284503 8
    endloop
  endfacet
  facet normal 0.995185 0.0980132 0
    outer loop
      vertex 47.6593 -0.284503 0
      vertex 47.6872 -0.567788 8
      vertex 47.6872 -0.567788 0
    endloop
  endfacet
  facet normal 0.986626 0.163001 0
    outer loop
      vertex 47.7336 -0.848642 8
      vertex 47.6872 -0.567788 0
      vertex 47.6872 -0.567788 8
    endloop
  endfacet
  facet normal 0.986626 0.163001 0
    outer loop
      vertex 47.6872 -0.567788 0
      vertex 47.7336 -0.848642 8
      vertex 47.7336 -0.848642 0
    endloop
  endfacet
  facet normal 1 -0 0
    outer loop
      vertex 50 3.86075 8
      vertex 50 5 0
      vertex 50 5 8
    endloop
  endfacet
  facet normal 1 0 0
    outer loop
      vertex 50 5 0
      vertex 50 3.86075 8
      vertex 50 3.86075 0
    endloop
  endfacet
  facet normal 1 -0 0
    outer loop
      vertex 50 -5 8
      vertex 50 -3.86075 0
      vertex 50 -3.86075 8
    endloop
  endfacet
  facet normal 1 0 0
    outer loop
      vertex 50 -3.86075 0
      vertex 50 -5 8
      vertex 50 -5 0
    endloop
  endfacet
  facet normal 0 0 -1
    outer loop
      vertex 76.5 0 9
      vertex 80 0 9
      vertex 79.8363 -5 9
    endloop
  endfacet
  facet normal 0 0 -1
    outer loop
      vertex 80 0 9
      vertex 76.5 0 9
      vertex 79.8363 5 9
    endloop
  endfacet
  facet normal 0 -0 -1
    outer loop
      vertex 76.5 0 9
      vertex 79.8363 -5 9
      vertex 76.3363 -5 9
    endloop
  endfacet
  facet normal -0 0 -1
    outer loop
      vertex 79.8363 5 9
      vertex 76.5 0 9
      vertex 76.3363 5 9
    endloop
  endfacet
  facet normal 0 -1 0
    outer loop
      vertex 50 5 8
      vertex 50 5 0
      vertex 76.3363 5 8
    endloop
  endfacet
  facet normal 0 -1 0
    outer loop
      vertex 76.3363 5 8
      vertex 79.8363 5 9
      vertex 76.3363 5 9
    endloop
  endfacet
  facet normal 0 -1 0
    outer loop
      vertex 79.8363 5 0
      vertex 76.3363 5 8
      vertex 50 5 0
    endloop
  endfacet
  facet normal 0 -1 0
    outer loop
      vertex 76.3363 5 8
      vertex 79.8363 5 0
      vertex 79.8363 5 9
    endloop
  endfacet
  facet normal 0 1 0
    outer loop
      vertex 79.8363 -5 9
      vertex 76.3363 -5 8
      vertex 76.3363 -5 9
    endloop
  endfacet
  facet normal 0 1 -0
    outer loop
      vertex 79.8363 -5 0
      vertex 76.3363 -5 8
      vertex 79.8363 -5 9
    endloop
  endfacet
  facet normal 0 1 0
    outer loop
      vertex 50 -5 0
      vertex 76.3363 -5 8
      vertex 79.8363 -5 0
    endloop
  endfacet
  facet normal 0 1 0
    outer loop
      vertex 76.3363 -5 8
      vertex 50 -5 0
      vertex 50 -5 8
    endloop
  endfacet
endsolid OpenSCAD_Model
