solid OpenSCAD_Model
  facet normal 0.999465 0.0327042 0
    outer loop
      vertex 73.9444 1.69818 10
      vertex 73.8416 4.83983 0
      vertex 73.8416 4.83983 10
    endloop
  endfacet
  facet normal 0.999465 0.0327042 0
    outer loop
      vertex 73.8416 4.83983 0
      vertex 73.9444 1.69818 10
      vertex 73.9444 1.69818 0
    endloop
  endfacet
  facet normal -0.999465 0.0327042 0
    outer loop
      vertex -73.9444 1.69818 0
      vertex -73.8416 4.83983 10
      vertex -73.8416 4.83983 0
    endloop
  endfacet
  facet normal -0.999465 0.0327042 0
    outer loop
      vertex -73.8416 4.83983 10
      vertex -73.9444 1.69818 0
      vertex -73.9444 1.69818 10
    endloop
  endfacet
  facet normal 0.0327109 0.999465 -0
    outer loop
      vertex 4.83983 73.8416 0
      vertex 0 74 10
      vertex 4.83983 73.8416 10
    endloop
  endfacet
  facet normal 0.0327109 0.999465 0
    outer loop
      vertex 0 74 10
      vertex 4.83983 73.8416 0
      vertex 0 74 0
    endloop
  endfacet
  facet normal 0.683589 0.729867 -0
    outer loop
      vertex 52.3259 52.3259 0
      vertex 48.7916 55.6361 10
      vertex 52.3259 52.3259 10
    endloop
  endfacet
  facet normal 0.683589 0.729867 0
    outer loop
      vertex 48.7916 55.6361 10
      vertex 52.3259 52.3259 0
      vertex 48.7916 55.6361 0
    endloop
  endfacet
  facet normal -0.683589 0.729867 0
    outer loop
      vertex -48.7916 55.6361 0
      vertex -52.3259 52.3259 10
      vertex -48.7916 55.6361 10
    endloop
  endfacet
  facet normal -0.683589 0.729867 0
    outer loop
      vertex -52.3259 52.3259 10
      vertex -48.7916 55.6361 0
      vertex -52.3259 52.3259 0
    endloop
  endfacet
  facet normal -0.352239 0.93591 0
    outer loop
      vertex -23.7865 70.0728 0
      vertex -28.3186 68.3671 10
      vertex -23.7865 70.0728 10
    endloop
  endfacet
  facet normal -0.352239 0.93591 0
    outer loop
      vertex -28.3186 68.3671 10
      vertex -23.7865 70.0728 0
      vertex -28.3186 68.3671 0
    endloop
  endfacet
  facet normal 0.910864 0.412706 0
    outer loop
      vertex 68.3671 28.3186 10
      vertex 66.3686 32.7294 0
      vertex 66.3686 32.7294 10
    endloop
  endfacet
  facet normal 0.910864 0.412706 0
    outer loop
      vertex 66.3686 32.7294 0
      vertex 68.3671 28.3186 10
      vertex 68.3671 28.3186 0
    endloop
  endfacet
  facet normal 0.352239 0.93591 -0
    outer loop
      vertex 28.3186 68.3671 0
      vertex 23.7865 70.0728 10
      vertex 28.3186 68.3671 10
    endloop
  endfacet
  facet normal 0.352239 0.93591 0
    outer loop
      vertex 23.7865 70.0728 10
      vertex 28.3186 68.3671 0
      vertex 23.7865 70.0728 0
    endloop
  endfacet
  facet normal 0.52805 0.849213 -0
    outer loop
      vertex 41.1122 61.5288 0
      vertex 38.4429 63.1886 10
      vertex 41.1122 61.5288 10
    endloop
  endfacet
  facet normal 0.52805 0.849213 0
    outer loop
      vertex 38.4429 63.1886 10
      vertex 41.1122 61.5288 0
      vertex 38.4429 63.1886 0
    endloop
  endfacet
  facet normal -0.910864 0.412706 0
    outer loop
      vertex -68.3671 28.3186 0
      vertex -66.3686 32.7294 10
      vertex -66.3686 32.7294 0
    endloop
  endfacet
  facet normal -0.910864 0.412706 0
    outer loop
      vertex -66.3686 32.7294 10
      vertex -68.3671 28.3186 0
      vertex -68.3671 28.3186 10
    endloop
  endfacet
  facet normal -0.162893 0.986644 0
    outer loop
      vertex -9.65894 73.3669 0
      vertex -14.4367 72.5781 10
      vertex -9.65894 73.3669 10
    endloop
  endfacet
  facet normal -0.162893 0.986644 0
    outer loop
      vertex -14.4367 72.5781 10
      vertex -9.65894 73.3669 0
      vertex -14.4367 72.5781 0
    endloop
  endfacet
  facet normal 0.973877 0.227078 0
    outer loop
      vertex 72.5781 14.4367 10
      vertex 71.4785 19.1526 0
      vertex 71.4785 19.1526 10
    endloop
  endfacet
  facet normal 0.973877 0.227078 0
    outer loop
      vertex 71.4785 19.1526 0
      vertex 72.5781 14.4367 10
      vertex 72.5781 14.4367 0
    endloop
  endfacet
  facet normal 0.956939 0.290289 0
    outer loop
      vertex 71.4785 19.1526 10
      vertex 70.0728 23.7865 0
      vertex 70.0728 23.7865 10
    endloop
  endfacet
  facet normal 0.956939 0.290289 0
    outer loop
      vertex 70.0728 23.7865 0
      vertex 71.4785 19.1526 10
      vertex 71.4785 19.1526 0
    endloop
  endfacet
  facet normal 0.812834 0.582496 0
    outer loop
      vertex 61.5288 41.1122 10
      vertex 58.7081 45.0483 0
      vertex 58.7081 45.0483 10
    endloop
  endfacet
  facet normal 0.812834 0.582496 0
    outer loop
      vertex 58.7081 45.0483 0
      vertex 61.5288 41.1122 10
      vertex 61.5288 41.1122 0
    endloop
  endfacet
  facet normal 0.773015 0.634387 0
    outer loop
      vertex 58.7081 45.0483 10
      vertex 55.6361 48.7916 0
      vertex 55.6361 48.7916 10
    endloop
  endfacet
  facet normal 0.773015 0.634387 0
    outer loop
      vertex 55.6361 48.7916 0
      vertex 58.7081 45.0483 10
      vertex 58.7081 45.0483 0
    endloop
  endfacet
  facet normal 0.88192 0.471399 0
    outer loop
      vertex 66.3686 32.7294 10
      vertex 64.0859 37 0
      vertex 64.0859 37 10
    endloop
  endfacet
  facet normal 0.88192 0.471399 0
    outer loop
      vertex 64.0859 37 0
      vertex 66.3686 32.7294 10
      vertex 66.3686 32.7294 0
    endloop
  endfacet
  facet normal 0.227078 0.973877 -0
    outer loop
      vertex 19.1526 71.4785 0
      vertex 14.4367 72.5781 10
      vertex 19.1526 71.4785 10
    endloop
  endfacet
  facet normal 0.227078 0.973877 0
    outer loop
      vertex 14.4367 72.5781 10
      vertex 19.1526 71.4785 0
      vertex 14.4367 72.5781 0
    endloop
  endfacet
  facet normal 0.290289 0.956939 -0
    outer loop
      vertex 23.7865 70.0728 0
      vertex 19.1526 71.4785 10
      vertex 23.7865 70.0728 10
    endloop
  endfacet
  facet normal 0.290289 0.956939 0
    outer loop
      vertex 19.1526 71.4785 10
      vertex 23.7865 70.0728 0
      vertex 19.1526 71.4785 0
    endloop
  endfacet
  facet normal 0.162893 0.986644 -0
    outer loop
      vertex 14.4367 72.5781 0
      vertex 9.65894 73.3669 10
      vertex 14.4367 72.5781 10
    endloop
  endfacet
  facet normal 0.162893 0.986644 0
    outer loop
      vertex 9.65894 73.3669 10
      vertex 14.4367 72.5781 0
      vertex 9.65894 73.3669 0
    endloop
  endfacet
  facet normal 0.471417 0.88191 -0
    outer loop
      vertex 35.5015 64.8868 0
      vertex 32.7294 66.3686 10
      vertex 35.5015 64.8868 10
    endloop
  endfacet
  facet normal 0.471417 0.88191 0
    outer loop
      vertex 32.7294 66.3686 10
      vertex 35.5015 64.8868 0
      vertex 32.7294 66.3686 0
    endloop
  endfacet
  facet normal 0.634387 0.773015 -0
    outer loop
      vertex 48.7916 55.6361 0
      vertex 45.0483 58.7081 10
      vertex 48.7916 55.6361 10
    endloop
  endfacet
  facet normal 0.634387 0.773015 0
    outer loop
      vertex 45.0483 58.7081 10
      vertex 48.7916 55.6361 0
      vertex 45.0483 58.7081 0
    endloop
  endfacet
  facet normal -0.973877 0.227078 0
    outer loop
      vertex -72.5781 14.4367 0
      vertex -71.4785 19.1526 10
      vertex -71.4785 19.1526 0
    endloop
  endfacet
  facet normal -0.973877 0.227078 0
    outer loop
      vertex -71.4785 19.1526 10
      vertex -72.5781 14.4367 0
      vertex -72.5781 14.4367 10
    endloop
  endfacet
  facet normal -0.812834 0.582496 0
    outer loop
      vertex -61.5288 41.1122 0
      vertex -58.7081 45.0483 10
      vertex -58.7081 45.0483 0
    endloop
  endfacet
  facet normal -0.812834 0.582496 0
    outer loop
      vertex -58.7081 45.0483 10
      vertex -61.5288 41.1122 0
      vertex -61.5288 41.1122 10
    endloop
  endfacet
  facet normal -0.93591 0.352239 0
    outer loop
      vertex -70.0728 23.7865 0
      vertex -68.3671 28.3186 10
      vertex -68.3671 28.3186 0
    endloop
  endfacet
  facet normal -0.93591 0.352239 0
    outer loop
      vertex -68.3671 28.3186 10
      vertex -70.0728 23.7865 0
      vertex -70.0728 23.7865 10
    endloop
  endfacet
  facet normal -0.986644 0.162893 0
    outer loop
      vertex -73.3669 9.65894 0
      vertex -72.5781 14.4367 10
      vertex -72.5781 14.4367 0
    endloop
  endfacet
  facet normal -0.986644 0.162893 0
    outer loop
      vertex -72.5781 14.4367 10
      vertex -73.3669 9.65894 0
      vertex -73.3669 9.65894 10
    endloop
  endfacet
  facet normal -0.52805 0.849213 0
    outer loop
      vertex -38.4429 63.1886 0
      vertex -41.1122 61.5288 10
      vertex -38.4429 63.1886 10
    endloop
  endfacet
  facet normal -0.52805 0.849213 0
    outer loop
      vertex -41.1122 61.5288 10
      vertex -38.4429 63.1886 0
      vertex -41.1122 61.5288 0
    endloop
  endfacet
  facet normal -0.412706 0.910864 0
    outer loop
      vertex -28.3186 68.3671 0
      vertex -32.7294 66.3686 10
      vertex -28.3186 68.3671 10
    endloop
  endfacet
  facet normal -0.412706 0.910864 0
    outer loop
      vertex -32.7294 66.3686 10
      vertex -28.3186 68.3671 0
      vertex -32.7294 66.3686 0
    endloop
  endfacet
  facet normal -0.582496 0.812834 0
    outer loop
      vertex -41.1122 61.5288 0
      vertex -45.0483 58.7081 10
      vertex -41.1122 61.5288 10
    endloop
  endfacet
  facet normal -0.582496 0.812834 0
    outer loop
      vertex -45.0483 58.7081 10
      vertex -41.1122 61.5288 0
      vertex -45.0483 58.7081 0
    endloop
  endfacet
  facet normal -0.0980292 0.995184 0
    outer loop
      vertex -4.83983 73.8416 0
      vertex -9.65894 73.3669 10
      vertex -4.83983 73.8416 10
    endloop
  endfacet
  facet normal -0.0980292 0.995184 0
    outer loop
      vertex -9.65894 73.3669 10
      vertex -4.83983 73.8416 0
      vertex -9.65894 73.3669 0
    endloop
  endfacet
  facet normal 0.634387 -0.773015 0
    outer loop
      vertex 45.0483 -58.7081 0
      vertex 48.7916 -55.6361 10
      vertex 45.0483 -58.7081 10
    endloop
  endfacet
  facet normal 0.634387 -0.773015 0
    outer loop
      vertex 48.7916 -55.6361 10
      vertex 45.0483 -58.7081 0
      vertex 48.7916 -55.6361 0
    endloop
  endfacet
  facet normal 0.471417 -0.88191 0
    outer loop
      vertex 32.7294 -66.3686 0
      vertex 35.5015 -64.8868 10
      vertex 32.7294 -66.3686 10
    endloop
  endfacet
  facet normal 0.471417 -0.88191 0
    outer loop
      vertex 35.5015 -64.8868 10
      vertex 32.7294 -66.3686 0
      vertex 35.5015 -64.8868 0
    endloop
  endfacet
  facet normal 0.773015 -0.634387 0
    outer loop
      vertex 55.6361 -48.7916 10
      vertex 58.7081 -45.0483 0
      vertex 58.7081 -45.0483 10
    endloop
  endfacet
  facet normal 0.773015 -0.634387 0
    outer loop
      vertex 58.7081 -45.0483 0
      vertex 55.6361 -48.7916 10
      vertex 55.6361 -48.7916 0
    endloop
  endfacet
  facet normal 0.88192 -0.471399 0
    outer loop
      vertex 64.0859 -37 10
      vertex 66.3686 -32.7294 0
      vertex 66.3686 -32.7294 10
    endloop
  endfacet
  facet normal 0.88192 -0.471399 0
    outer loop
      vertex 66.3686 -32.7294 0
      vertex 64.0859 -37 10
      vertex 64.0859 -37 0
    endloop
  endfacet
  facet normal -0.352239 -0.93591 0
    outer loop
      vertex -28.3186 -68.3671 0
      vertex -23.7865 -70.0728 10
      vertex -28.3186 -68.3671 10
    endloop
  endfacet
  facet normal -0.352239 -0.93591 -0
    outer loop
      vertex -23.7865 -70.0728 10
      vertex -28.3186 -68.3671 0
      vertex -23.7865 -70.0728 0
    endloop
  endfacet
  facet normal -0.162893 -0.986644 0
    outer loop
      vertex -14.4367 -72.5781 0
      vertex -9.65894 -73.3669 10
      vertex -14.4367 -72.5781 10
    endloop
  endfacet
  facet normal -0.162893 -0.986644 -0
    outer loop
      vertex -9.65894 -73.3669 10
      vertex -14.4367 -72.5781 0
      vertex -9.65894 -73.3669 0
    endloop
  endfacet
  facet normal -0.910864 -0.412706 0
    outer loop
      vertex -66.3686 -32.7294 0
      vertex -68.3671 -28.3186 10
      vertex -68.3671 -28.3186 0
    endloop
  endfacet
  facet normal -0.910864 -0.412706 0
    outer loop
      vertex -68.3671 -28.3186 10
      vertex -66.3686 -32.7294 0
      vertex -66.3686 -32.7294 10
    endloop
  endfacet
  facet normal -0.812834 -0.582496 0
    outer loop
      vertex -58.7081 -45.0483 0
      vertex -61.5288 -41.1122 10
      vertex -61.5288 -41.1122 0
    endloop
  endfacet
  facet normal -0.812834 -0.582496 0
    outer loop
      vertex -61.5288 -41.1122 10
      vertex -58.7081 -45.0483 0
      vertex -58.7081 -45.0483 10
    endloop
  endfacet
  facet normal -0 0 -1
    outer loop
      vertex 35.3036 -64.1971 0
      vertex 32.7294 -66.3686 0
      vertex 35.3 -64.0859 0
    endloop
  endfacet
  facet normal -0 0 -1
    outer loop
      vertex 35.3145 -64.3078 0
      vertex 32.7294 -66.3686 0
      vertex 35.3036 -64.1971 0
    endloop
  endfacet
  facet normal -0 0 -1
    outer loop
      vertex 35.3327 -64.4175 0
      vertex 32.7294 -66.3686 0
      vertex 35.3145 -64.3078 0
    endloop
  endfacet
  facet normal -0 0 -1
    outer loop
      vertex 35.3579 -64.5259 0
      vertex 32.7294 -66.3686 0
      vertex 35.3327 -64.4175 0
    endloop
  endfacet
  facet normal -0 0 -1
    outer loop
      vertex 35.3902 -64.6323 0
      vertex 32.7294 -66.3686 0
      vertex 35.3579 -64.5259 0
    endloop
  endfacet
  facet normal -0 0 -1
    outer loop
      vertex 35.4294 -64.7364 0
      vertex 32.7294 -66.3686 0
      vertex 35.3902 -64.6323 0
    endloop
  endfacet
  facet normal -0 0 -1
    outer loop
      vertex 35.4753 -64.8378 0
      vertex 32.7294 -66.3686 0
      vertex 35.4294 -64.7364 0
    endloop
  endfacet
  facet normal 0 0 -1
    outer loop
      vertex 32.7294 -66.3686 0
      vertex 35.4753 -64.8378 0
      vertex 35.5015 -64.8868 0
    endloop
  endfacet
  facet normal 0 0 -1
    outer loop
      vertex 73.8416 -4.83983 0
      vertex 73.8888 -1.69636 0
      vertex 73.9444 -1.69818 0
    endloop
  endfacet
  facet normal 0 0 -1
    outer loop
      vertex 73.8416 -4.83983 0
      vertex 73.7781 -1.68546 0
      vertex 73.8888 -1.69636 0
    endloop
  endfacet
  facet normal 0 0 -1
    outer loop
      vertex 73.8416 -4.83983 0
      vertex 73.6684 -1.66733 0
      vertex 73.7781 -1.68546 0
    endloop
  endfacet
  facet normal 0 0 -1
    outer loop
      vertex 73.8416 -4.83983 0
      vertex 73.56 -1.64207 0
      vertex 73.6684 -1.66733 0
    endloop
  endfacet
  facet normal 0 0 -1
    outer loop
      vertex 73.8416 -4.83983 0
      vertex 73.4536 -1.60978 0
      vertex 73.56 -1.64207 0
    endloop
  endfacet
  facet normal 0 0 -1
    outer loop
      vertex 72 -8 0
      vertex 73.8416 -4.83983 0
      vertex 73.3669 -9.65894 0
    endloop
  endfacet
  facet normal 0 -0 -1
    outer loop
      vertex 72.7219 -1.12089 0
      vertex 73.8416 -4.83983 0
      vertex 72 -8 0
    endloop
  endfacet
  facet normal 0 0 -1
    outer loop
      vertex 73.8416 -4.83983 0
      vertex 73.3494 -1.57059 0
      vertex 73.4536 -1.60978 0
    endloop
  endfacet
  facet normal 0 0 -1
    outer loop
      vertex 73.8416 -4.83983 0
      vertex 73.2481 -1.52468 0
      vertex 73.3494 -1.57059 0
    endloop
  endfacet
  facet normal 0 0 -1
    outer loop
      vertex 73.8416 -4.83983 0
      vertex 73.15 -1.47224 0
      vertex 73.2481 -1.52468 0
    endloop
  endfacet
  facet normal 0 0 -1
    outer loop
      vertex 73.8416 -4.83983 0
      vertex 73.0555 -1.4135 0
      vertex 73.15 -1.47224 0
    endloop
  endfacet
  facet normal 0 0 -1
    outer loop
      vertex 73.8416 -4.83983 0
      vertex 72.9651 -1.3487 0
      vertex 73.0555 -1.4135 0
    endloop
  endfacet
  facet normal 0 0 -1
    outer loop
      vertex 73.8416 -4.83983 0
      vertex 72.8791 -1.27813 0
      vertex 72.9651 -1.3487 0
    endloop
  endfacet
  facet normal 0 0 -1
    outer loop
      vertex 73.8416 -4.83983 0
      vertex 72.7979 -1.20208 0
      vertex 72.8791 -1.27813 0
    endloop
  endfacet
  facet normal 0 0 -1
    outer loop
      vertex 73.8416 -4.83983 0
      vertex 72.7219 -1.12089 0
      vertex 72.7979 -1.20208 0
    endloop
  endfacet
  facet normal -0 0 -1
    outer loop
      vertex 72.7219 -1.12089 0
      vertex 72 -8 0
      vertex 72.6513 -1.03489 0
    endloop
  endfacet
  facet normal 0 0 -1
    outer loop
      vertex 72 -8 0
      vertex 73.3669 -9.65894 0
      vertex 72.5781 -14.4367 0
    endloop
  endfacet
  facet normal -0 0 -1
    outer loop
      vertex 72.6513 -1.03489 0
      vertex 72 -8 0
      vertex 72.5865 -0.944468 0
    endloop
  endfacet
  facet normal -0 0 -1
    outer loop
      vertex 72.5865 -0.944468 0
      vertex 72 -8 0
      vertex 72.5278 -0.849999 0
    endloop
  endfacet
  facet normal -0 0 -1
    outer loop
      vertex 72.5278 -0.849999 0
      vertex 72 -8 0
      vertex 72.4753 -0.75189 0
    endloop
  endfacet
  facet normal -0 0 -1
    outer loop
      vertex 72.4753 -0.75189 0
      vertex 72 -8 0
      vertex 72.4294 -0.650561 0
    endloop
  endfacet
  facet normal -0 0 -1
    outer loop
      vertex 72.4294 -0.650561 0
      vertex 72 -8 0
      vertex 72.3902 -0.546447 0
    endloop
  endfacet
  facet normal -0 0 -1
    outer loop
      vertex 72.3902 -0.546447 0
      vertex 72 -8 0
      vertex 72.3579 -0.439992 0
    endloop
  endfacet
  facet normal -0 0 -1
    outer loop
      vertex 72.3579 -0.439992 0
      vertex 72 -8 0
      vertex 72.3327 -0.331653 0
    endloop
  endfacet
  facet normal -0 0 -1
    outer loop
      vertex 72.3327 -0.331653 0
      vertex 72 -8 0
      vertex 72.3145 -0.221894 0
    endloop
  endfacet
  facet normal -0 0 -1
    outer loop
      vertex 72.3145 -0.221894 0
      vertex 72 -8 0
      vertex 72.3036 -0.111185 0
    endloop
  endfacet
  facet normal -0 0 -1
    outer loop
      vertex 72.3036 -0.111185 0
      vertex 72 -8 0
      vertex 72.3 0 0
    endloop
  endfacet
  facet normal 0 0 -1
    outer loop
      vertex 63.751 -12.6809 0
      vertex 72.5781 -14.4367 0
      vertex 71.4785 -19.1526 0
    endloop
  endfacet
  facet normal 0 0 -1
    outer loop
      vertex 62.7852 -16.8232 0
      vertex 71.4785 -19.1526 0
      vertex 70.0728 -23.7865 0
    endloop
  endfacet
  facet normal 0 0 -1
    outer loop
      vertex 61.5505 -20.8936 0
      vertex 70.0728 -23.7865 0
      vertex 68.3671 -28.3186 0
    endloop
  endfacet
  facet normal 0 0 -1
    outer loop
      vertex 60.0522 -24.8744 0
      vertex 68.3671 -28.3186 0
      vertex 66.3686 -32.7294 0
    endloop
  endfacet
  facet normal 0 0 -1
    outer loop
      vertex 71.4785 -19.1526 0
      vertex 62.7852 -16.8232 0
      vertex 63.751 -12.6809 0
    endloop
  endfacet
  facet normal -0 0 -1
    outer loop
      vertex 72 -8 0
      vertex 64.4439 -8.4842 0
      vertex 64.4916 -8 0
    endloop
  endfacet
  facet normal 0 0 -1
    outer loop
      vertex 58.2967 -28.7488 0
      vertex 66.3686 -32.7294 0
      vertex 64.0859 -37 0
    endloop
  endfacet
  facet normal 0 0 -1
    outer loop
      vertex 72 -8 0
      vertex 63.751 -12.6809 0
      vertex 64.4439 -8.4842 0
    endloop
  endfacet
  facet normal 0 0 -1
    outer loop
      vertex 72.5781 -14.4367 0
      vertex 63.751 -12.6809 0
      vertex 72 -8 0
    endloop
  endfacet
  facet normal 0 0 -1
    outer loop
      vertex 70.0728 -23.7865 0
      vertex 61.5505 -20.8936 0
      vertex 62.7852 -16.8232 0
    endloop
  endfacet
  facet normal 0 0 -1
    outer loop
      vertex 56.2916 -32.5 0
      vertex 64.0859 -37 0
      vertex 61.5288 -41.1122 0
    endloop
  endfacet
  facet normal 0 0 -1
    outer loop
      vertex 68.3671 -28.3186 0
      vertex 60.0522 -24.8744 0
      vertex 61.5505 -20.8936 0
    endloop
  endfacet
  facet normal 0 0 -1
    outer loop
      vertex 54.0455 -36.1121 0
      vertex 61.5288 -41.1122 0
      vertex 58.7081 -45.0483 0
    endloop
  endfacet
  facet normal 0 0 -1
    outer loop
      vertex 66.3686 -32.7294 0
      vertex 58.2967 -28.7488 0
      vertex 60.0522 -24.8744 0
    endloop
  endfacet
  facet normal 0 0 -1
    outer loop
      vertex 64.0859 -37 0
      vertex 56.2916 -32.5 0
      vertex 58.2967 -28.7488 0
    endloop
  endfacet
  facet normal 0 0 -1
    outer loop
      vertex 51.568 -39.5695 0
      vertex 58.7081 -45.0483 0
      vertex 55.6361 -48.7916 0
    endloop
  endfacet
  facet normal 0 0 -1
    outer loop
      vertex 61.5288 -41.1122 0
      vertex 54.0455 -36.1121 0
      vertex 56.2916 -32.5 0
    endloop
  endfacet
  facet normal 0 0 -1
    outer loop
      vertex 48.8696 -42.8575 0
      vertex 55.6361 -48.7916 0
      vertex 52.3259 -52.3259 0
    endloop
  endfacet
  facet normal 0 0 -1
    outer loop
      vertex 58.7081 -45.0483 0
      vertex 51.568 -39.5695 0
      vertex 54.0455 -36.1121 0
    endloop
  endfacet
  facet normal 0 0 -1
    outer loop
      vertex 55.6361 -48.7916 0
      vertex 48.8696 -42.8575 0
      vertex 51.568 -39.5695 0
    endloop
  endfacet
  facet normal 0 0 -1
    outer loop
      vertex 45.9619 -45.9619 0
      vertex 52.3259 -52.3259 0
      vertex 48.7916 -55.6361 0
    endloop
  endfacet
  facet normal 0 0 -1
    outer loop
      vertex 52.3259 -52.3259 0
      vertex 45.9619 -45.9619 0
      vertex 48.8696 -42.8575 0
    endloop
  endfacet
  facet normal 0 0 -1
    outer loop
      vertex 42.8575 -48.8696 0
      vertex 48.7916 -55.6361 0
      vertex 45.0483 -58.7081 0
    endloop
  endfacet
  facet normal 0 0 -1
    outer loop
      vertex 48.7916 -55.6361 0
      vertex 42.8575 -48.8696 0
      vertex 45.9619 -45.9619 0
    endloop
  endfacet
  facet normal 0 0 -1
    outer loop
      vertex 39.5695 -51.568 0
      vertex 45.0483 -58.7081 0
      vertex 41.1122 -61.5288 0
    endloop
  endfacet
  facet normal 0 0 -1
    outer loop
      vertex 45.0483 -58.7081 0
      vertex 39.5695 -51.568 0
      vertex 42.8575 -48.8696 0
    endloop
  endfacet
  facet normal 0 0 -1
    outer loop
      vertex 38.4135 -63.1414 0
      vertex 41.1122 -61.5288 0
      vertex 38.4429 -63.1886 0
    endloop
  endfacet
  facet normal 0 0 -1
    outer loop
      vertex 38.3487 -63.051 0
      vertex 41.1122 -61.5288 0
      vertex 38.4135 -63.1414 0
    endloop
  endfacet
  facet normal 0 0 -1
    outer loop
      vertex 38.2781 -62.965 0
      vertex 41.1122 -61.5288 0
      vertex 38.3487 -63.051 0
    endloop
  endfacet
  facet normal 0 0 -1
    outer loop
      vertex 38.2021 -62.8838 0
      vertex 41.1122 -61.5288 0
      vertex 38.2781 -62.965 0
    endloop
  endfacet
  facet normal 0 0 -1
    outer loop
      vertex 38.1209 -62.8078 0
      vertex 41.1122 -61.5288 0
      vertex 38.2021 -62.8838 0
    endloop
  endfacet
  facet normal 0 0 -1
    outer loop
      vertex 38.0349 -62.7372 0
      vertex 41.1122 -61.5288 0
      vertex 38.1209 -62.8078 0
    endloop
  endfacet
  facet normal 0 0 -1
    outer loop
      vertex 37.9445 -62.6724 0
      vertex 41.1122 -61.5288 0
      vertex 38.0349 -62.7372 0
    endloop
  endfacet
  facet normal 0 0 -1
    outer loop
      vertex 37.85 -62.6136 0
      vertex 41.1122 -61.5288 0
      vertex 37.9445 -62.6724 0
    endloop
  endfacet
  facet normal 0 0 -1
    outer loop
      vertex 37.7519 -62.5612 0
      vertex 41.1122 -61.5288 0
      vertex 37.85 -62.6136 0
    endloop
  endfacet
  facet normal 0 0 -1
    outer loop
      vertex 37.6506 -62.5153 0
      vertex 41.1122 -61.5288 0
      vertex 37.7519 -62.5612 0
    endloop
  endfacet
  facet normal 0 0 -1
    outer loop
      vertex 37.5464 -62.4761 0
      vertex 41.1122 -61.5288 0
      vertex 37.6506 -62.5153 0
    endloop
  endfacet
  facet normal 0 0 -1
    outer loop
      vertex 37.44 -62.4438 0
      vertex 41.1122 -61.5288 0
      vertex 37.5464 -62.4761 0
    endloop
  endfacet
  facet normal 0 0 -1
    outer loop
      vertex 37.3317 -62.4185 0
      vertex 41.1122 -61.5288 0
      vertex 37.44 -62.4438 0
    endloop
  endfacet
  facet normal -0 0 -1
    outer loop
      vertex 41.1122 -61.5288 0
      vertex 37.3317 -62.4185 0
      vertex 36.1121 -54.0455 0
    endloop
  endfacet
  facet normal 0 0 -1
    outer loop
      vertex 36.1121 -54.0455 0
      vertex 37.3317 -62.4185 0
      vertex 37.2219 -62.4004 0
    endloop
  endfacet
  facet normal 0 0 -1
    outer loop
      vertex 36.1121 -54.0455 0
      vertex 37.2219 -62.4004 0
      vertex 37.1112 -62.3895 0
    endloop
  endfacet
  facet normal 0 0 -1
    outer loop
      vertex 36.1121 -54.0455 0
      vertex 37.1112 -62.3895 0
      vertex 37 -62.3859 0
    endloop
  endfacet
  facet normal 0 0 -1
    outer loop
      vertex 36.1121 -54.0455 0
      vertex 37 -62.3859 0
      vertex 36.8888 -62.3895 0
    endloop
  endfacet
  facet normal 0 0 -1
    outer loop
      vertex 36.1121 -54.0455 0
      vertex 36.8888 -62.3895 0
      vertex 36.7781 -62.4004 0
    endloop
  endfacet
  facet normal 0 0 -1
    outer loop
      vertex 32.5 -56.2916 0
      vertex 36.7781 -62.4004 0
      vertex 36.6683 -62.4185 0
    endloop
  endfacet
  facet normal 0 0 -1
    outer loop
      vertex 32.5 -56.2916 0
      vertex 36.6683 -62.4185 0
      vertex 36.56 -62.4438 0
    endloop
  endfacet
  facet normal 0 0 -1
    outer loop
      vertex 32.5 -56.2916 0
      vertex 36.56 -62.4438 0
      vertex 36.4536 -62.4761 0
    endloop
  endfacet
  facet normal 0 0 -1
    outer loop
      vertex 32.5 -56.2916 0
      vertex 36.4536 -62.4761 0
      vertex 36.3494 -62.5153 0
    endloop
  endfacet
  facet normal 0 0 -1
    outer loop
      vertex 32.5 -56.2916 0
      vertex 36.3494 -62.5153 0
      vertex 36.2481 -62.5612 0
    endloop
  endfacet
  facet normal 0 0 -1
    outer loop
      vertex 32.5 -56.2916 0
      vertex 36.2481 -62.5612 0
      vertex 36.15 -62.6136 0
    endloop
  endfacet
  facet normal 0 0 -1
    outer loop
      vertex 41.1122 -61.5288 0
      vertex 36.1121 -54.0455 0
      vertex 39.5695 -51.568 0
    endloop
  endfacet
  facet normal 0 0 -1
    outer loop
      vertex 32.5 -56.2916 0
      vertex 36.15 -62.6136 0
      vertex 36.0555 -62.6724 0
    endloop
  endfacet
  facet normal 0 0 -1
    outer loop
      vertex 32.5 -56.2916 0
      vertex 36.0555 -62.6724 0
      vertex 35.9651 -62.7372 0
    endloop
  endfacet
  facet normal 0 0 -1
    outer loop
      vertex 32.5 -56.2916 0
      vertex 35.9651 -62.7372 0
      vertex 35.8791 -62.8078 0
    endloop
  endfacet
  facet normal 0 0 -1
    outer loop
      vertex 32.5 -56.2916 0
      vertex 35.8791 -62.8078 0
      vertex 35.7979 -62.8838 0
    endloop
  endfacet
  facet normal 0 0 -1
    outer loop
      vertex 32.5 -56.2916 0
      vertex 35.7979 -62.8838 0
      vertex 35.7219 -62.965 0
    endloop
  endfacet
  facet normal 0 0 -1
    outer loop
      vertex 32.5 -56.2916 0
      vertex 35.7219 -62.965 0
      vertex 35.6513 -63.051 0
    endloop
  endfacet
  facet normal 0 0 -1
    outer loop
      vertex 28.7488 -58.2967 0
      vertex 35.6513 -63.051 0
      vertex 35.5865 -63.1414 0
    endloop
  endfacet
  facet normal 0 0 -1
    outer loop
      vertex 28.7488 -58.2967 0
      vertex 35.5865 -63.1414 0
      vertex 35.5278 -63.2359 0
    endloop
  endfacet
  facet normal 0 0 -1
    outer loop
      vertex 28.7488 -58.2967 0
      vertex 35.5278 -63.2359 0
      vertex 35.4753 -63.334 0
    endloop
  endfacet
  facet normal 0 0 -1
    outer loop
      vertex 28.7488 -58.2967 0
      vertex 35.4753 -63.334 0
      vertex 35.4294 -63.4353 0
    endloop
  endfacet
  facet normal 0 0 -1
    outer loop
      vertex 28.7488 -58.2967 0
      vertex 35.4294 -63.4353 0
      vertex 35.3902 -63.5394 0
    endloop
  endfacet
  facet normal 0 0 -1
    outer loop
      vertex 32.7294 -66.3686 0
      vertex 35.3902 -63.5394 0
      vertex 35.3579 -63.6459 0
    endloop
  endfacet
  facet normal 0 0 -1
    outer loop
      vertex 32.7294 -66.3686 0
      vertex 35.3579 -63.6459 0
      vertex 35.3327 -63.7542 0
    endloop
  endfacet
  facet normal 0 0 -1
    outer loop
      vertex 32.7294 -66.3686 0
      vertex 35.3327 -63.7542 0
      vertex 35.3145 -63.864 0
    endloop
  endfacet
  facet normal 0 0 -1
    outer loop
      vertex 32.7294 -66.3686 0
      vertex 35.3145 -63.864 0
      vertex 35.3036 -63.9747 0
    endloop
  endfacet
  facet normal 0 0 -1
    outer loop
      vertex 32.7294 -66.3686 0
      vertex 35.3036 -63.9747 0
      vertex 35.3 -64.0859 0
    endloop
  endfacet
  facet normal -0 0 -1
    outer loop
      vertex 35.3902 -63.5394 0
      vertex 32.7294 -66.3686 0
      vertex 28.7488 -58.2967 0
    endloop
  endfacet
  facet normal 0 0 -1
    outer loop
      vertex 36.7781 -62.4004 0
      vertex 32.5 -56.2916 0
      vertex 36.1121 -54.0455 0
    endloop
  endfacet
  facet normal 0 0 -1
    outer loop
      vertex 35.6513 -63.051 0
      vertex 28.7488 -58.2967 0
      vertex 32.5 -56.2916 0
    endloop
  endfacet
  facet normal 0 0 -1
    outer loop
      vertex 28.3186 -68.3671 0
      vertex 28.7488 -58.2967 0
      vertex 32.7294 -66.3686 0
    endloop
  endfacet
  facet normal 0 0 -1
    outer loop
      vertex 28.3186 -68.3671 0
      vertex 24.8744 -60.0522 0
      vertex 28.7488 -58.2967 0
    endloop
  endfacet
  facet normal 0 0 -1
    outer loop
      vertex 23.7865 -70.0728 0
      vertex 24.8744 -60.0522 0
      vertex 28.3186 -68.3671 0
    endloop
  endfacet
  facet normal 0 0 -1
    outer loop
      vertex 23.7865 -70.0728 0
      vertex 20.8936 -61.5505 0
      vertex 24.8744 -60.0522 0
    endloop
  endfacet
  facet normal 0 0 -1
    outer loop
      vertex 19.1526 -71.4785 0
      vertex 20.8936 -61.5505 0
      vertex 23.7865 -70.0728 0
    endloop
  endfacet
  facet normal 0 0 -1
    outer loop
      vertex 19.1526 -71.4785 0
      vertex 16.8232 -62.7852 0
      vertex 20.8936 -61.5505 0
    endloop
  endfacet
  facet normal 0 0 -1
    outer loop
      vertex 14.4367 -72.5781 0
      vertex 16.8232 -62.7852 0
      vertex 19.1526 -71.4785 0
    endloop
  endfacet
  facet normal 0 0 -1
    outer loop
      vertex 14.4367 -72.5781 0
      vertex 12.6809 -63.751 0
      vertex 16.8232 -62.7852 0
    endloop
  endfacet
  facet normal 0 0 -1
    outer loop
      vertex 9.65894 -73.3669 0
      vertex 12.6809 -63.751 0
      vertex 14.4367 -72.5781 0
    endloop
  endfacet
  facet normal 0 0 -1
    outer loop
      vertex 9.65894 -73.3669 0
      vertex 8.4842 -64.4439 0
      vertex 12.6809 -63.751 0
    endloop
  endfacet
  facet normal 0 0 -1
    outer loop
      vertex 4.83983 -73.8416 0
      vertex 8.4842 -64.4439 0
      vertex 9.65894 -73.3669 0
    endloop
  endfacet
  facet normal 0 0 -1
    outer loop
      vertex 4.83983 -73.8416 0
      vertex 4.2512 -64.8608 0
      vertex 8.4842 -64.4439 0
    endloop
  endfacet
  facet normal 0 0 -1
    outer loop
      vertex 0 -74 0
      vertex 4.2512 -64.8608 0
      vertex 4.83983 -73.8416 0
    endloop
  endfacet
  facet normal 0 0 -1
    outer loop
      vertex 0 -74 0
      vertex 0 -65 0
      vertex 4.2512 -64.8608 0
    endloop
  endfacet
  facet normal 0 0 -1
    outer loop
      vertex 0 -74 0
      vertex -4.2512 -64.8608 0
      vertex 0 -65 0
    endloop
  endfacet
  facet normal 0 0 -1
    outer loop
      vertex -4.83983 -73.8416 0
      vertex -4.2512 -64.8608 0
      vertex 0 -74 0
    endloop
  endfacet
  facet normal 0 0 -1
    outer loop
      vertex -4.83983 -73.8416 0
      vertex -8.4842 -64.4439 0
      vertex -4.2512 -64.8608 0
    endloop
  endfacet
  facet normal 0 0 -1
    outer loop
      vertex -9.65894 -73.3669 0
      vertex -8.4842 -64.4439 0
      vertex -4.83983 -73.8416 0
    endloop
  endfacet
  facet normal 0 0 -1
    outer loop
      vertex -9.65894 -73.3669 0
      vertex -12.6809 -63.751 0
      vertex -8.4842 -64.4439 0
    endloop
  endfacet
  facet normal 0 0 -1
    outer loop
      vertex -14.4367 -72.5781 0
      vertex -12.6809 -63.751 0
      vertex -9.65894 -73.3669 0
    endloop
  endfacet
  facet normal 0 0 -1
    outer loop
      vertex -14.4367 -72.5781 0
      vertex -16.8232 -62.7852 0
      vertex -12.6809 -63.751 0
    endloop
  endfacet
  facet normal 0 0 -1
    outer loop
      vertex -19.1526 -71.4785 0
      vertex -16.8232 -62.7852 0
      vertex -14.4367 -72.5781 0
    endloop
  endfacet
  facet normal 0 0 -1
    outer loop
      vertex -19.1526 -71.4785 0
      vertex -20.8936 -61.5505 0
      vertex -16.8232 -62.7852 0
    endloop
  endfacet
  facet normal 0 0 -1
    outer loop
      vertex -23.7865 -70.0728 0
      vertex -20.8936 -61.5505 0
      vertex -19.1526 -71.4785 0
    endloop
  endfacet
  facet normal 0 0 -1
    outer loop
      vertex -23.7865 -70.0728 0
      vertex -24.8744 -60.0522 0
      vertex -20.8936 -61.5505 0
    endloop
  endfacet
  facet normal 0 0 -1
    outer loop
      vertex -28.3186 -68.3671 0
      vertex -24.8744 -60.0522 0
      vertex -23.7865 -70.0728 0
    endloop
  endfacet
  facet normal 0 0 -1
    outer loop
      vertex -28.3186 -68.3671 0
      vertex -28.7488 -58.2967 0
      vertex -24.8744 -60.0522 0
    endloop
  endfacet
  facet normal 0 0 -1
    outer loop
      vertex -32.7294 -66.3686 0
      vertex -28.7488 -58.2967 0
      vertex -28.3186 -68.3671 0
    endloop
  endfacet
  facet normal 0 0 -1
    outer loop
      vertex -35.3902 -63.5394 0
      vertex -28.7488 -58.2967 0
      vertex -32.7294 -66.3686 0
    endloop
  endfacet
  facet normal 0 0 -1
    outer loop
      vertex -35.3036 -63.9747 0
      vertex -32.7294 -66.3686 0
      vertex -35.3 -64.0859 0
    endloop
  endfacet
  facet normal 0 0 -1
    outer loop
      vertex -35.3145 -63.864 0
      vertex -32.7294 -66.3686 0
      vertex -35.3036 -63.9747 0
    endloop
  endfacet
  facet normal 0 0 -1
    outer loop
      vertex -35.3327 -63.7542 0
      vertex -32.7294 -66.3686 0
      vertex -35.3145 -63.864 0
    endloop
  endfacet
  facet normal 0 0 -1
    outer loop
      vertex -35.3579 -63.6459 0
      vertex -32.7294 -66.3686 0
      vertex -35.3327 -63.7542 0
    endloop
  endfacet
  facet normal 0 0 -1
    outer loop
      vertex -35.3902 -63.5394 0
      vertex -32.7294 -66.3686 0
      vertex -35.3579 -63.6459 0
    endloop
  endfacet
  facet normal 0 0 -1
    outer loop
      vertex -28.7488 -58.2967 0
      vertex -35.3902 -63.5394 0
      vertex -35.4294 -63.4353 0
    endloop
  endfacet
  facet normal 0 0 -1
    outer loop
      vertex -35.4753 -63.334 0
      vertex -28.7488 -58.2967 0
      vertex -35.4294 -63.4353 0
    endloop
  endfacet
  facet normal 0 0 -1
    outer loop
      vertex -35.5278 -63.2359 0
      vertex -28.7488 -58.2967 0
      vertex -35.4753 -63.334 0
    endloop
  endfacet
  facet normal 0 0 -1
    outer loop
      vertex -35.5865 -63.1414 0
      vertex -28.7488 -58.2967 0
      vertex -35.5278 -63.2359 0
    endloop
  endfacet
  facet normal 0 0 -1
    outer loop
      vertex -35.6513 -63.051 0
      vertex -28.7488 -58.2967 0
      vertex -35.5865 -63.1414 0
    endloop
  endfacet
  facet normal -0 0 -1
    outer loop
      vertex -28.7488 -58.2967 0
      vertex -35.6513 -63.051 0
      vertex -32.5 -56.2916 0
    endloop
  endfacet
  facet normal 0 0 -1
    outer loop
      vertex -35.7219 -62.965 0
      vertex -32.5 -56.2916 0
      vertex -35.6513 -63.051 0
    endloop
  endfacet
  facet normal 0 0 -1
    outer loop
      vertex -35.7979 -62.8838 0
      vertex -32.5 -56.2916 0
      vertex -35.7219 -62.965 0
    endloop
  endfacet
  facet normal 0 0 -1
    outer loop
      vertex -35.8791 -62.8078 0
      vertex -32.5 -56.2916 0
      vertex -35.7979 -62.8838 0
    endloop
  endfacet
  facet normal 0 0 -1
    outer loop
      vertex -35.9651 -62.7372 0
      vertex -32.5 -56.2916 0
      vertex -35.8791 -62.8078 0
    endloop
  endfacet
  facet normal 0 0 -1
    outer loop
      vertex -36.0555 -62.6724 0
      vertex -32.5 -56.2916 0
      vertex -35.9651 -62.7372 0
    endloop
  endfacet
  facet normal 0 0 -1
    outer loop
      vertex -36.15 -62.6136 0
      vertex -32.5 -56.2916 0
      vertex -36.0555 -62.6724 0
    endloop
  endfacet
  facet normal 0 0 -1
    outer loop
      vertex -36.2481 -62.5612 0
      vertex -32.5 -56.2916 0
      vertex -36.15 -62.6136 0
    endloop
  endfacet
  facet normal 0 0 -1
    outer loop
      vertex -36.3494 -62.5153 0
      vertex -32.5 -56.2916 0
      vertex -36.2481 -62.5612 0
    endloop
  endfacet
  facet normal 0 0 -1
    outer loop
      vertex -36.4536 -62.4761 0
      vertex -32.5 -56.2916 0
      vertex -36.3494 -62.5153 0
    endloop
  endfacet
  facet normal 0 0 -1
    outer loop
      vertex -36.56 -62.4438 0
      vertex -32.5 -56.2916 0
      vertex -36.4536 -62.4761 0
    endloop
  endfacet
  facet normal 0 0 -1
    outer loop
      vertex -36.6683 -62.4185 0
      vertex -32.5 -56.2916 0
      vertex -36.56 -62.4438 0
    endloop
  endfacet
  facet normal 0 0 -1
    outer loop
      vertex -36.7781 -62.4004 0
      vertex -32.5 -56.2916 0
      vertex -36.6683 -62.4185 0
    endloop
  endfacet
  facet normal -0 0 -1
    outer loop
      vertex -32.5 -56.2916 0
      vertex -36.7781 -62.4004 0
      vertex -36.1121 -54.0455 0
    endloop
  endfacet
  facet normal 0 0 -1
    outer loop
      vertex -36.8888 -62.3895 0
      vertex -36.1121 -54.0455 0
      vertex -36.7781 -62.4004 0
    endloop
  endfacet
  facet normal 0 0 -1
    outer loop
      vertex -37 -62.3859 0
      vertex -36.1121 -54.0455 0
      vertex -36.8888 -62.3895 0
    endloop
  endfacet
  facet normal 0 0 -1
    outer loop
      vertex -37.1112 -62.3895 0
      vertex -36.1121 -54.0455 0
      vertex -37 -62.3859 0
    endloop
  endfacet
  facet normal 0 0 -1
    outer loop
      vertex -37.2219 -62.4004 0
      vertex -36.1121 -54.0455 0
      vertex -37.1112 -62.3895 0
    endloop
  endfacet
  facet normal 0 0 -1
    outer loop
      vertex -37.3317 -62.4185 0
      vertex -36.1121 -54.0455 0
      vertex -37.2219 -62.4004 0
    endloop
  endfacet
  facet normal 0 0 -1
    outer loop
      vertex -41.1122 -61.5288 0
      vertex -37.3317 -62.4185 0
      vertex -37.44 -62.4438 0
    endloop
  endfacet
  facet normal 0 0 -1
    outer loop
      vertex -41.1122 -61.5288 0
      vertex -37.44 -62.4438 0
      vertex -37.5464 -62.4761 0
    endloop
  endfacet
  facet normal 0 0 -1
    outer loop
      vertex -41.1122 -61.5288 0
      vertex -37.5464 -62.4761 0
      vertex -37.6506 -62.5153 0
    endloop
  endfacet
  facet normal 0 0 -1
    outer loop
      vertex -41.1122 -61.5288 0
      vertex -37.6506 -62.5153 0
      vertex -37.7519 -62.5612 0
    endloop
  endfacet
  facet normal 0 0 -1
    outer loop
      vertex -41.1122 -61.5288 0
      vertex -37.7519 -62.5612 0
      vertex -37.85 -62.6136 0
    endloop
  endfacet
  facet normal 0 0 -1
    outer loop
      vertex -41.1122 -61.5288 0
      vertex -37.85 -62.6136 0
      vertex -37.9445 -62.6724 0
    endloop
  endfacet
  facet normal 0 0 -1
    outer loop
      vertex -41.1122 -61.5288 0
      vertex -37.9445 -62.6724 0
      vertex -38.0349 -62.7372 0
    endloop
  endfacet
  facet normal 0 0 -1
    outer loop
      vertex -41.1122 -61.5288 0
      vertex -38.0349 -62.7372 0
      vertex -38.1209 -62.8078 0
    endloop
  endfacet
  facet normal 0 0 -1
    outer loop
      vertex -41.1122 -61.5288 0
      vertex -38.1209 -62.8078 0
      vertex -38.2021 -62.8838 0
    endloop
  endfacet
  facet normal 0 0 -1
    outer loop
      vertex -41.1122 -61.5288 0
      vertex -38.2021 -62.8838 0
      vertex -38.2781 -62.965 0
    endloop
  endfacet
  facet normal 0 0 -1
    outer loop
      vertex -41.1122 -61.5288 0
      vertex -38.2781 -62.965 0
      vertex -38.3487 -63.051 0
    endloop
  endfacet
  facet normal 0 0 -1
    outer loop
      vertex -41.1122 -61.5288 0
      vertex -38.3487 -63.051 0
      vertex -38.4135 -63.1414 0
    endloop
  endfacet
  facet normal 0 0 -1
    outer loop
      vertex -41.1122 -61.5288 0
      vertex -38.4135 -63.1414 0
      vertex -38.4429 -63.1886 0
    endloop
  endfacet
  facet normal 0 0 -1
    outer loop
      vertex -37.3317 -62.4185 0
      vertex -41.1122 -61.5288 0
      vertex -36.1121 -54.0455 0
    endloop
  endfacet
  facet normal -0 0 -1
    outer loop
      vertex -36.1121 -54.0455 0
      vertex -41.1122 -61.5288 0
      vertex -39.5695 -51.568 0
    endloop
  endfacet
  facet normal 0 0 -1
    outer loop
      vertex -45.0483 -58.7081 0
      vertex -39.5695 -51.568 0
      vertex -41.1122 -61.5288 0
    endloop
  endfacet
  facet normal -0 0 -1
    outer loop
      vertex -39.5695 -51.568 0
      vertex -45.0483 -58.7081 0
      vertex -42.8575 -48.8696 0
    endloop
  endfacet
  facet normal 0 0 -1
    outer loop
      vertex -48.7916 -55.6361 0
      vertex -42.8575 -48.8696 0
      vertex -45.0483 -58.7081 0
    endloop
  endfacet
  facet normal -0 0 -1
    outer loop
      vertex -42.8575 -48.8696 0
      vertex -48.7916 -55.6361 0
      vertex -45.9619 -45.9619 0
    endloop
  endfacet
  facet normal 0 0 -1
    outer loop
      vertex -52.3259 -52.3259 0
      vertex -45.9619 -45.9619 0
      vertex -48.7916 -55.6361 0
    endloop
  endfacet
  facet normal -0 0 -1
    outer loop
      vertex -45.9619 -45.9619 0
      vertex -52.3259 -52.3259 0
      vertex -48.8696 -42.8575 0
    endloop
  endfacet
  facet normal 0 0 -1
    outer loop
      vertex -55.6361 -48.7916 0
      vertex -48.8696 -42.8575 0
      vertex -52.3259 -52.3259 0
    endloop
  endfacet
  facet normal -0 0 -1
    outer loop
      vertex -48.8696 -42.8575 0
      vertex -55.6361 -48.7916 0
      vertex -51.568 -39.5695 0
    endloop
  endfacet
  facet normal 0 0 -1
    outer loop
      vertex -58.7081 -45.0483 0
      vertex -51.568 -39.5695 0
      vertex -55.6361 -48.7916 0
    endloop
  endfacet
  facet normal -0 0 -1
    outer loop
      vertex -51.568 -39.5695 0
      vertex -58.7081 -45.0483 0
      vertex -54.0455 -36.1121 0
    endloop
  endfacet
  facet normal 0 0 -1
    outer loop
      vertex -61.5288 -41.1122 0
      vertex -54.0455 -36.1121 0
      vertex -58.7081 -45.0483 0
    endloop
  endfacet
  facet normal -0 0 -1
    outer loop
      vertex -54.0455 -36.1121 0
      vertex -61.5288 -41.1122 0
      vertex -56.2916 -32.5 0
    endloop
  endfacet
  facet normal 0 0 -1
    outer loop
      vertex -64.0859 -37 0
      vertex -56.2916 -32.5 0
      vertex -61.5288 -41.1122 0
    endloop
  endfacet
  facet normal -0 0 -1
    outer loop
      vertex -56.2916 -32.5 0
      vertex -64.0859 -37 0
      vertex -58.2967 -28.7488 0
    endloop
  endfacet
  facet normal 0 0 -1
    outer loop
      vertex -66.3686 -32.7294 0
      vertex -58.2967 -28.7488 0
      vertex -64.0859 -37 0
    endloop
  endfacet
  facet normal -0 0 -1
    outer loop
      vertex -58.2967 -28.7488 0
      vertex -66.3686 -32.7294 0
      vertex -60.0522 -24.8744 0
    endloop
  endfacet
  facet normal 0 0 -1
    outer loop
      vertex -68.3671 -28.3186 0
      vertex -60.0522 -24.8744 0
      vertex -66.3686 -32.7294 0
    endloop
  endfacet
  facet normal -0 0 -1
    outer loop
      vertex -60.0522 -24.8744 0
      vertex -68.3671 -28.3186 0
      vertex -61.5505 -20.8936 0
    endloop
  endfacet
  facet normal 0 0 -1
    outer loop
      vertex -70.0728 -23.7865 0
      vertex -61.5505 -20.8936 0
      vertex -68.3671 -28.3186 0
    endloop
  endfacet
  facet normal -0 0 -1
    outer loop
      vertex -61.5505 -20.8936 0
      vertex -70.0728 -23.7865 0
      vertex -62.7852 -16.8232 0
    endloop
  endfacet
  facet normal 0 0 -1
    outer loop
      vertex -71.4785 -19.1526 0
      vertex -62.7852 -16.8232 0
      vertex -70.0728 -23.7865 0
    endloop
  endfacet
  facet normal -0 0 -1
    outer loop
      vertex -62.7852 -16.8232 0
      vertex -71.4785 -19.1526 0
      vertex -63.751 -12.6809 0
    endloop
  endfacet
  facet normal 0 0 -1
    outer loop
      vertex 73.8888 1.69636 0
      vertex 73.8416 4.83983 0
      vertex 73.9444 1.69818 0
    endloop
  endfacet
  facet normal 0 0 -1
    outer loop
      vertex 73.7781 1.68546 0
      vertex 73.8416 4.83983 0
      vertex 73.8888 1.69636 0
    endloop
  endfacet
  facet normal 0 0 -1
    outer loop
      vertex 73.6684 1.66733 0
      vertex 73.8416 4.83983 0
      vertex 73.7781 1.68546 0
    endloop
  endfacet
  facet normal 0 0 -1
    outer loop
      vertex 73.56 1.64207 0
      vertex 73.8416 4.83983 0
      vertex 73.6684 1.66733 0
    endloop
  endfacet
  facet normal 0 0 -1
    outer loop
      vertex 73.4536 1.60978 0
      vertex 73.8416 4.83983 0
      vertex 73.56 1.64207 0
    endloop
  endfacet
  facet normal 0 0 -1
    outer loop
      vertex 73.3494 1.57059 0
      vertex 73.8416 4.83983 0
      vertex 73.4536 1.60978 0
    endloop
  endfacet
  facet normal 0 0 -1
    outer loop
      vertex 73.2481 1.52468 0
      vertex 73.8416 4.83983 0
      vertex 73.3494 1.57059 0
    endloop
  endfacet
  facet normal 0 0 -1
    outer loop
      vertex 73.15 1.47224 0
      vertex 73.8416 4.83983 0
      vertex 73.2481 1.52468 0
    endloop
  endfacet
  facet normal 0 0 -1
    outer loop
      vertex 73.0555 1.4135 0
      vertex 73.8416 4.83983 0
      vertex 73.15 1.47224 0
    endloop
  endfacet
  facet normal 0 0 -1
    outer loop
      vertex 72.9651 1.3487 0
      vertex 73.8416 4.83983 0
      vertex 73.0555 1.4135 0
    endloop
  endfacet
  facet normal 0 0 -1
    outer loop
      vertex 72.8791 1.27813 0
      vertex 73.8416 4.83983 0
      vertex 72.9651 1.3487 0
    endloop
  endfacet
  facet normal 0 0 -1
    outer loop
      vertex 72.7979 1.20208 0
      vertex 73.8416 4.83983 0
      vertex 72.8791 1.27813 0
    endloop
  endfacet
  facet normal 0 0 -1
    outer loop
      vertex 72.7219 1.12089 0
      vertex 73.8416 4.83983 0
      vertex 72.7979 1.20208 0
    endloop
  endfacet
  facet normal -0 0 -1
    outer loop
      vertex 73.8416 4.83983 0
      vertex 72.7219 1.12089 0
      vertex 72 8 0
    endloop
  endfacet
  facet normal 0 0 -1
    outer loop
      vertex 72 8 0
      vertex 72.7219 1.12089 0
      vertex 72.6513 1.03489 0
    endloop
  endfacet
  facet normal 0 0 -1
    outer loop
      vertex 72 8 0
      vertex 72.6513 1.03489 0
      vertex 72.5865 0.944468 0
    endloop
  endfacet
  facet normal 0 0 -1
    outer loop
      vertex 73.8416 4.83983 0
      vertex 72 8 0
      vertex 73.3669 9.65894 0
    endloop
  endfacet
  facet normal 0 0 -1
    outer loop
      vertex 72 8 0
      vertex 72.5865 0.944468 0
      vertex 72.5278 0.849999 0
    endloop
  endfacet
  facet normal 0 0 -1
    outer loop
      vertex 72 8 0
      vertex 72.5278 0.849999 0
      vertex 72.4753 0.75189 0
    endloop
  endfacet
  facet normal 0 0 -1
    outer loop
      vertex 72 8 0
      vertex 72.4753 0.75189 0
      vertex 72.4294 0.650561 0
    endloop
  endfacet
  facet normal 0 0 -1
    outer loop
      vertex 72 8 0
      vertex 72.4294 0.650561 0
      vertex 72.3902 0.546447 0
    endloop
  endfacet
  facet normal 0 0 -1
    outer loop
      vertex 72 8 0
      vertex 72.3902 0.546447 0
      vertex 72.3579 0.439992 0
    endloop
  endfacet
  facet normal 0 0 -1
    outer loop
      vertex 72 8 0
      vertex 72.3579 0.439992 0
      vertex 72.3327 0.331653 0
    endloop
  endfacet
  facet normal 0 0 -1
    outer loop
      vertex 72 8 0
      vertex 72.3327 0.331653 0
      vertex 72.3145 0.221894 0
    endloop
  endfacet
  facet normal 0 0 -1
    outer loop
      vertex 72 8 0
      vertex 72.3145 0.221894 0
      vertex 72.3036 0.111185 0
    endloop
  endfacet
  facet normal 0 0 -1
    outer loop
      vertex 72 8 0
      vertex 72.3036 0.111185 0
      vertex 72.3 0 0
    endloop
  endfacet
  facet normal 0 0 -1
    outer loop
      vertex 72 8 0
      vertex 72.3 0 0
      vertex 72 -8 0
    endloop
  endfacet
  facet normal -0 0 -1
    outer loop
      vertex 73.3669 9.65894 0
      vertex 72 8 0
      vertex 72.5781 14.4367 0
    endloop
  endfacet
  facet normal 0 0 -1
    outer loop
      vertex 63.751 12.6809 0
      vertex 72.5781 14.4367 0
      vertex 72 8 0
    endloop
  endfacet
  facet normal -0 0 -1
    outer loop
      vertex 72.5781 14.4367 0
      vertex 63.751 12.6809 0
      vertex 71.4785 19.1526 0
    endloop
  endfacet
  facet normal 0 0 -1
    outer loop
      vertex 62.7852 16.8232 0
      vertex 71.4785 19.1526 0
      vertex 63.751 12.6809 0
    endloop
  endfacet
  facet normal 0 0 -1
    outer loop
      vertex 61.5505 20.8936 0
      vertex 70.0728 23.7865 0
      vertex 62.7852 16.8232 0
    endloop
  endfacet
  facet normal 0 0 -1
    outer loop
      vertex 64.4439 8.4842 0
      vertex 72 8 0
      vertex 64.4916 8 0
    endloop
  endfacet
  facet normal 0 0 -1
    outer loop
      vertex 63.751 12.6809 0
      vertex 72 8 0
      vertex 64.4439 8.4842 0
    endloop
  endfacet
  facet normal -0 0 -1
    outer loop
      vertex 71.4785 19.1526 0
      vertex 62.7852 16.8232 0
      vertex 70.0728 23.7865 0
    endloop
  endfacet
  facet normal -0 0 -1
    outer loop
      vertex 70.0728 23.7865 0
      vertex 61.5505 20.8936 0
      vertex 68.3671 28.3186 0
    endloop
  endfacet
  facet normal 0 0 -1
    outer loop
      vertex 60.0522 24.8744 0
      vertex 68.3671 28.3186 0
      vertex 61.5505 20.8936 0
    endloop
  endfacet
  facet normal -0 0 -1
    outer loop
      vertex 68.3671 28.3186 0
      vertex 60.0522 24.8744 0
      vertex 66.3686 32.7294 0
    endloop
  endfacet
  facet normal 0 0 -1
    outer loop
      vertex 58.2967 28.7488 0
      vertex 66.3686 32.7294 0
      vertex 60.0522 24.8744 0
    endloop
  endfacet
  facet normal -0 0 -1
    outer loop
      vertex 66.3686 32.7294 0
      vertex 58.2967 28.7488 0
      vertex 64.0859 37 0
    endloop
  endfacet
  facet normal 0 0 -1
    outer loop
      vertex 56.2916 32.5 0
      vertex 64.0859 37 0
      vertex 58.2967 28.7488 0
    endloop
  endfacet
  facet normal -0 0 -1
    outer loop
      vertex 64.0859 37 0
      vertex 56.2916 32.5 0
      vertex 61.5288 41.1122 0
    endloop
  endfacet
  facet normal 0 0 -1
    outer loop
      vertex 54.0455 36.1121 0
      vertex 61.5288 41.1122 0
      vertex 56.2916 32.5 0
    endloop
  endfacet
  facet normal -0 0 -1
    outer loop
      vertex 61.5288 41.1122 0
      vertex 54.0455 36.1121 0
      vertex 58.7081 45.0483 0
    endloop
  endfacet
  facet normal 0 0 -1
    outer loop
      vertex 51.568 39.5695 0
      vertex 58.7081 45.0483 0
      vertex 54.0455 36.1121 0
    endloop
  endfacet
  facet normal -0 0 -1
    outer loop
      vertex 58.7081 45.0483 0
      vertex 51.568 39.5695 0
      vertex 55.6361 48.7916 0
    endloop
  endfacet
  facet normal 0 0 -1
    outer loop
      vertex 48.8696 42.8575 0
      vertex 55.6361 48.7916 0
      vertex 51.568 39.5695 0
    endloop
  endfacet
  facet normal -0 0 -1
    outer loop
      vertex 55.6361 48.7916 0
      vertex 48.8696 42.8575 0
      vertex 52.3259 52.3259 0
    endloop
  endfacet
  facet normal 0 0 -1
    outer loop
      vertex 45.9619 45.9619 0
      vertex 52.3259 52.3259 0
      vertex 48.8696 42.8575 0
    endloop
  endfacet
  facet normal -0 0 -1
    outer loop
      vertex 52.3259 52.3259 0
      vertex 45.9619 45.9619 0
      vertex 48.7916 55.6361 0
    endloop
  endfacet
  facet normal 0 0 -1
    outer loop
      vertex 42.8575 48.8696 0
      vertex 48.7916 55.6361 0
      vertex 45.9619 45.9619 0
    endloop
  endfacet
  facet normal -0 0 -1
    outer loop
      vertex 48.7916 55.6361 0
      vertex 42.8575 48.8696 0
      vertex 45.0483 58.7081 0
    endloop
  endfacet
  facet normal 0 0 -1
    outer loop
      vertex 39.5695 51.568 0
      vertex 45.0483 58.7081 0
      vertex 42.8575 48.8696 0
    endloop
  endfacet
  facet normal -0 0 -1
    outer loop
      vertex 45.0483 58.7081 0
      vertex 39.5695 51.568 0
      vertex 41.1122 61.5288 0
    endloop
  endfacet
  facet normal 0 0 -1
    outer loop
      vertex 36.1121 54.0455 0
      vertex 41.1122 61.5288 0
      vertex 39.5695 51.568 0
    endloop
  endfacet
  facet normal 0 0 -1
    outer loop
      vertex 41.1122 61.5288 0
      vertex 38.4135 63.1414 0
      vertex 38.4429 63.1886 0
    endloop
  endfacet
  facet normal 0 0 -1
    outer loop
      vertex 41.1122 61.5288 0
      vertex 38.3487 63.051 0
      vertex 38.4135 63.1414 0
    endloop
  endfacet
  facet normal 0 0 -1
    outer loop
      vertex 41.1122 61.5288 0
      vertex 38.2781 62.965 0
      vertex 38.3487 63.051 0
    endloop
  endfacet
  facet normal 0 0 -1
    outer loop
      vertex 41.1122 61.5288 0
      vertex 38.2021 62.8838 0
      vertex 38.2781 62.965 0
    endloop
  endfacet
  facet normal 0 0 -1
    outer loop
      vertex 41.1122 61.5288 0
      vertex 38.1209 62.8078 0
      vertex 38.2021 62.8838 0
    endloop
  endfacet
  facet normal 0 0 -1
    outer loop
      vertex 41.1122 61.5288 0
      vertex 38.0349 62.7372 0
      vertex 38.1209 62.8078 0
    endloop
  endfacet
  facet normal 0 0 -1
    outer loop
      vertex 41.1122 61.5288 0
      vertex 37.9445 62.6724 0
      vertex 38.0349 62.7372 0
    endloop
  endfacet
  facet normal 0 -0 -1
    outer loop
      vertex 37.3317 62.4185 0
      vertex 41.1122 61.5288 0
      vertex 36.1121 54.0455 0
    endloop
  endfacet
  facet normal 0 0 -1
    outer loop
      vertex 41.1122 61.5288 0
      vertex 37.85 62.6136 0
      vertex 37.9445 62.6724 0
    endloop
  endfacet
  facet normal 0 0 -1
    outer loop
      vertex 41.1122 61.5288 0
      vertex 37.7519 62.5612 0
      vertex 37.85 62.6136 0
    endloop
  endfacet
  facet normal 0 0 -1
    outer loop
      vertex 41.1122 61.5288 0
      vertex 37.6506 62.5153 0
      vertex 37.7519 62.5612 0
    endloop
  endfacet
  facet normal 0 0 -1
    outer loop
      vertex 41.1122 61.5288 0
      vertex 37.5464 62.4761 0
      vertex 37.6506 62.5153 0
    endloop
  endfacet
  facet normal 0 0 -1
    outer loop
      vertex 41.1122 61.5288 0
      vertex 37.44 62.4438 0
      vertex 37.5464 62.4761 0
    endloop
  endfacet
  facet normal 0 0 -1
    outer loop
      vertex 41.1122 61.5288 0
      vertex 37.3317 62.4185 0
      vertex 37.44 62.4438 0
    endloop
  endfacet
  facet normal 0 0 -1
    outer loop
      vertex 37.3317 62.4185 0
      vertex 36.1121 54.0455 0
      vertex 37.2219 62.4004 0
    endloop
  endfacet
  facet normal 0 0 -1
    outer loop
      vertex 37.2219 62.4004 0
      vertex 36.1121 54.0455 0
      vertex 37.1112 62.3895 0
    endloop
  endfacet
  facet normal 0 0 -1
    outer loop
      vertex 37.1112 62.3895 0
      vertex 36.1121 54.0455 0
      vertex 37 62.3859 0
    endloop
  endfacet
  facet normal -0 0 -1
    outer loop
      vertex 37 62.3859 0
      vertex 36.1121 54.0455 0
      vertex 36.8888 62.3895 0
    endloop
  endfacet
  facet normal -0 0 -1
    outer loop
      vertex 36.8888 62.3895 0
      vertex 36.1121 54.0455 0
      vertex 36.7781 62.4004 0
    endloop
  endfacet
  facet normal 0 0 -1
    outer loop
      vertex 32.5 56.2916 0
      vertex 36.7781 62.4004 0
      vertex 36.1121 54.0455 0
    endloop
  endfacet
  facet normal -0 0 -1
    outer loop
      vertex 36.7781 62.4004 0
      vertex 32.5 56.2916 0
      vertex 36.6683 62.4185 0
    endloop
  endfacet
  facet normal -0 0 -1
    outer loop
      vertex 36.6683 62.4185 0
      vertex 32.5 56.2916 0
      vertex 36.56 62.4438 0
    endloop
  endfacet
  facet normal -0 0 -1
    outer loop
      vertex 36.56 62.4438 0
      vertex 32.5 56.2916 0
      vertex 36.4536 62.4761 0
    endloop
  endfacet
  facet normal -0 0 -1
    outer loop
      vertex 36.4536 62.4761 0
      vertex 32.5 56.2916 0
      vertex 36.3494 62.5153 0
    endloop
  endfacet
  facet normal -0 0 -1
    outer loop
      vertex 36.3494 62.5153 0
      vertex 32.5 56.2916 0
      vertex 36.2481 62.5612 0
    endloop
  endfacet
  facet normal -0 0 -1
    outer loop
      vertex 36.2481 62.5612 0
      vertex 32.5 56.2916 0
      vertex 36.15 62.6136 0
    endloop
  endfacet
  facet normal -0 0 -1
    outer loop
      vertex 36.15 62.6136 0
      vertex 32.5 56.2916 0
      vertex 36.0555 62.6724 0
    endloop
  endfacet
  facet normal -0 0 -1
    outer loop
      vertex 36.0555 62.6724 0
      vertex 32.5 56.2916 0
      vertex 35.9651 62.7372 0
    endloop
  endfacet
  facet normal -0 0 -1
    outer loop
      vertex 35.9651 62.7372 0
      vertex 32.5 56.2916 0
      vertex 35.8791 62.8078 0
    endloop
  endfacet
  facet normal -0 0 -1
    outer loop
      vertex 35.8791 62.8078 0
      vertex 32.5 56.2916 0
      vertex 35.7979 62.8838 0
    endloop
  endfacet
  facet normal -0 0 -1
    outer loop
      vertex 35.7979 62.8838 0
      vertex 32.5 56.2916 0
      vertex 35.7219 62.965 0
    endloop
  endfacet
  facet normal -0 0 -1
    outer loop
      vertex 35.7219 62.965 0
      vertex 32.5 56.2916 0
      vertex 35.6513 63.051 0
    endloop
  endfacet
  facet normal 0 0 -1
    outer loop
      vertex 28.7488 58.2967 0
      vertex 35.6513 63.051 0
      vertex 32.5 56.2916 0
    endloop
  endfacet
  facet normal -0 0 -1
    outer loop
      vertex 35.6513 63.051 0
      vertex 28.7488 58.2967 0
      vertex 35.5865 63.1414 0
    endloop
  endfacet
  facet normal -0 0 -1
    outer loop
      vertex 35.5865 63.1414 0
      vertex 28.7488 58.2967 0
      vertex 35.5278 63.2359 0
    endloop
  endfacet
  facet normal -0 0 -1
    outer loop
      vertex 35.5278 63.2359 0
      vertex 28.7488 58.2967 0
      vertex 35.4753 63.334 0
    endloop
  endfacet
  facet normal -0 0 -1
    outer loop
      vertex 35.4753 63.334 0
      vertex 28.7488 58.2967 0
      vertex 35.4294 63.4353 0
    endloop
  endfacet
  facet normal -0 0 -1
    outer loop
      vertex 35.4294 63.4353 0
      vertex 28.7488 58.2967 0
      vertex 35.3902 63.5394 0
    endloop
  endfacet
  facet normal 0 -0 -1
    outer loop
      vertex 32.7294 66.3686 0
      vertex 35.3902 63.5394 0
      vertex 28.7488 58.2967 0
    endloop
  endfacet
  facet normal 0 0 -1
    outer loop
      vertex 35.3902 63.5394 0
      vertex 32.7294 66.3686 0
      vertex 35.3579 63.6459 0
    endloop
  endfacet
  facet normal 0 0 -1
    outer loop
      vertex 35.3036 63.9747 0
      vertex 32.7294 66.3686 0
      vertex 35.3 64.0859 0
    endloop
  endfacet
  facet normal 0 0 -1
    outer loop
      vertex 35.3579 63.6459 0
      vertex 32.7294 66.3686 0
      vertex 35.3327 63.7542 0
    endloop
  endfacet
  facet normal 0 0 -1
    outer loop
      vertex 35.3327 63.7542 0
      vertex 32.7294 66.3686 0
      vertex 35.3145 63.864 0
    endloop
  endfacet
  facet normal 0 0 -1
    outer loop
      vertex 35.3145 63.864 0
      vertex 32.7294 66.3686 0
      vertex 35.3036 63.9747 0
    endloop
  endfacet
  facet normal 0 0 -1
    outer loop
      vertex 28.7488 58.2967 0
      vertex 28.3186 68.3671 0
      vertex 32.7294 66.3686 0
    endloop
  endfacet
  facet normal 0 0 -1
    outer loop
      vertex 24.8744 60.0522 0
      vertex 28.3186 68.3671 0
      vertex 28.7488 58.2967 0
    endloop
  endfacet
  facet normal 0 0 -1
    outer loop
      vertex 24.8744 60.0522 0
      vertex 23.7865 70.0728 0
      vertex 28.3186 68.3671 0
    endloop
  endfacet
  facet normal 0 0 -1
    outer loop
      vertex 20.8936 61.5505 0
      vertex 23.7865 70.0728 0
      vertex 24.8744 60.0522 0
    endloop
  endfacet
  facet normal 0 0 -1
    outer loop
      vertex 20.8936 61.5505 0
      vertex 19.1526 71.4785 0
      vertex 23.7865 70.0728 0
    endloop
  endfacet
  facet normal 0 0 -1
    outer loop
      vertex 16.8232 62.7852 0
      vertex 19.1526 71.4785 0
      vertex 20.8936 61.5505 0
    endloop
  endfacet
  facet normal 0 0 -1
    outer loop
      vertex 16.8232 62.7852 0
      vertex 14.4367 72.5781 0
      vertex 19.1526 71.4785 0
    endloop
  endfacet
  facet normal 0 0 -1
    outer loop
      vertex 12.6809 63.751 0
      vertex 14.4367 72.5781 0
      vertex 16.8232 62.7852 0
    endloop
  endfacet
  facet normal 0 0 -1
    outer loop
      vertex 12.6809 63.751 0
      vertex 9.65894 73.3669 0
      vertex 14.4367 72.5781 0
    endloop
  endfacet
  facet normal 0 0 -1
    outer loop
      vertex 8.4842 64.4439 0
      vertex 9.65894 73.3669 0
      vertex 12.6809 63.751 0
    endloop
  endfacet
  facet normal 0 0 -1
    outer loop
      vertex 8.4842 64.4439 0
      vertex 4.83983 73.8416 0
      vertex 9.65894 73.3669 0
    endloop
  endfacet
  facet normal 0 0 -1
    outer loop
      vertex 4.2512 64.8608 0
      vertex 4.83983 73.8416 0
      vertex 8.4842 64.4439 0
    endloop
  endfacet
  facet normal 0 0 -1
    outer loop
      vertex 0 65 0
      vertex 4.83983 73.8416 0
      vertex 4.2512 64.8608 0
    endloop
  endfacet
  facet normal 0 0 -1
    outer loop
      vertex 0 65 0
      vertex 0 74 0
      vertex 4.83983 73.8416 0
    endloop
  endfacet
  facet normal 0 0 -1
    outer loop
      vertex -4.2512 64.8608 0
      vertex 0 74 0
      vertex 0 65 0
    endloop
  endfacet
  facet normal 0 0 -1
    outer loop
      vertex -4.2512 64.8608 0
      vertex -4.83983 73.8416 0
      vertex 0 74 0
    endloop
  endfacet
  facet normal 0 0 -1
    outer loop
      vertex -8.4842 64.4439 0
      vertex -4.83983 73.8416 0
      vertex -4.2512 64.8608 0
    endloop
  endfacet
  facet normal 0 0 -1
    outer loop
      vertex -8.4842 64.4439 0
      vertex -9.65894 73.3669 0
      vertex -4.83983 73.8416 0
    endloop
  endfacet
  facet normal 0 0 -1
    outer loop
      vertex -12.6809 63.751 0
      vertex -9.65894 73.3669 0
      vertex -8.4842 64.4439 0
    endloop
  endfacet
  facet normal 0 0 -1
    outer loop
      vertex -12.6809 63.751 0
      vertex -14.4367 72.5781 0
      vertex -9.65894 73.3669 0
    endloop
  endfacet
  facet normal 0 0 -1
    outer loop
      vertex -16.8232 62.7852 0
      vertex -14.4367 72.5781 0
      vertex -12.6809 63.751 0
    endloop
  endfacet
  facet normal 0 0 -1
    outer loop
      vertex -16.8232 62.7852 0
      vertex -19.1526 71.4785 0
      vertex -14.4367 72.5781 0
    endloop
  endfacet
  facet normal 0 0 -1
    outer loop
      vertex -20.8936 61.5505 0
      vertex -19.1526 71.4785 0
      vertex -16.8232 62.7852 0
    endloop
  endfacet
  facet normal 0 0 -1
    outer loop
      vertex -20.8936 61.5505 0
      vertex -23.7865 70.0728 0
      vertex -19.1526 71.4785 0
    endloop
  endfacet
  facet normal 0 0 -1
    outer loop
      vertex -24.8744 60.0522 0
      vertex -23.7865 70.0728 0
      vertex -20.8936 61.5505 0
    endloop
  endfacet
  facet normal 0 0 -1
    outer loop
      vertex -24.8744 60.0522 0
      vertex -28.3186 68.3671 0
      vertex -23.7865 70.0728 0
    endloop
  endfacet
  facet normal 0 0 -1
    outer loop
      vertex -28.7488 58.2967 0
      vertex -28.3186 68.3671 0
      vertex -24.8744 60.0522 0
    endloop
  endfacet
  facet normal 0 0 -1
    outer loop
      vertex -35.6513 63.051 0
      vertex -28.7488 58.2967 0
      vertex -32.5 56.2916 0
    endloop
  endfacet
  facet normal 0 0 -1
    outer loop
      vertex -28.7488 58.2967 0
      vertex -32.7294 66.3686 0
      vertex -28.3186 68.3671 0
    endloop
  endfacet
  facet normal 0 -0 -1
    outer loop
      vertex -35.3902 63.5394 0
      vertex -28.7488 58.2967 0
      vertex -35.4294 63.4353 0
    endloop
  endfacet
  facet normal 0 0 -1
    outer loop
      vertex -32.7294 66.3686 0
      vertex -35.3036 63.9747 0
      vertex -35.3 64.0859 0
    endloop
  endfacet
  facet normal 0 0 -1
    outer loop
      vertex -32.7294 66.3686 0
      vertex -35.3145 63.864 0
      vertex -35.3036 63.9747 0
    endloop
  endfacet
  facet normal 0 0 -1
    outer loop
      vertex -32.7294 66.3686 0
      vertex -35.3327 63.7542 0
      vertex -35.3145 63.864 0
    endloop
  endfacet
  facet normal 0 0 -1
    outer loop
      vertex -32.7294 66.3686 0
      vertex -35.3579 63.6459 0
      vertex -35.3327 63.7542 0
    endloop
  endfacet
  facet normal 0 0 -1
    outer loop
      vertex -32.7294 66.3686 0
      vertex -35.3902 63.5394 0
      vertex -35.3579 63.6459 0
    endloop
  endfacet
  facet normal 0 0 -1
    outer loop
      vertex -28.7488 58.2967 0
      vertex -35.3902 63.5394 0
      vertex -32.7294 66.3686 0
    endloop
  endfacet
  facet normal 0 0 -1
    outer loop
      vertex -28.7488 58.2967 0
      vertex -35.4753 63.334 0
      vertex -35.4294 63.4353 0
    endloop
  endfacet
  facet normal 0 0 -1
    outer loop
      vertex -28.7488 58.2967 0
      vertex -35.5278 63.2359 0
      vertex -35.4753 63.334 0
    endloop
  endfacet
  facet normal 0 0 -1
    outer loop
      vertex -28.7488 58.2967 0
      vertex -35.5865 63.1414 0
      vertex -35.5278 63.2359 0
    endloop
  endfacet
  facet normal 0 0 -1
    outer loop
      vertex -28.7488 58.2967 0
      vertex -35.6513 63.051 0
      vertex -35.5865 63.1414 0
    endloop
  endfacet
  facet normal 0 0 -1
    outer loop
      vertex -32.5 56.2916 0
      vertex -35.7219 62.965 0
      vertex -35.6513 63.051 0
    endloop
  endfacet
  facet normal 0 0 -1
    outer loop
      vertex -32.5 56.2916 0
      vertex -35.7979 62.8838 0
      vertex -35.7219 62.965 0
    endloop
  endfacet
  facet normal 0 0 -1
    outer loop
      vertex -32.5 56.2916 0
      vertex -35.8791 62.8078 0
      vertex -35.7979 62.8838 0
    endloop
  endfacet
  facet normal 0 0 -1
    outer loop
      vertex -32.5 56.2916 0
      vertex -35.9651 62.7372 0
      vertex -35.8791 62.8078 0
    endloop
  endfacet
  facet normal 0 0 -1
    outer loop
      vertex -32.5 56.2916 0
      vertex -36.0555 62.6724 0
      vertex -35.9651 62.7372 0
    endloop
  endfacet
  facet normal 0 0 -1
    outer loop
      vertex -36.7781 62.4004 0
      vertex -32.5 56.2916 0
      vertex -36.1121 54.0455 0
    endloop
  endfacet
  facet normal 0 0 -1
    outer loop
      vertex -32.5 56.2916 0
      vertex -36.15 62.6136 0
      vertex -36.0555 62.6724 0
    endloop
  endfacet
  facet normal 0 0 -1
    outer loop
      vertex -32.5 56.2916 0
      vertex -36.2481 62.5612 0
      vertex -36.15 62.6136 0
    endloop
  endfacet
  facet normal 0 0 -1
    outer loop
      vertex -32.5 56.2916 0
      vertex -36.3494 62.5153 0
      vertex -36.2481 62.5612 0
    endloop
  endfacet
  facet normal 0 0 -1
    outer loop
      vertex -32.5 56.2916 0
      vertex -36.4536 62.4761 0
      vertex -36.3494 62.5153 0
    endloop
  endfacet
  facet normal 0 0 -1
    outer loop
      vertex -32.5 56.2916 0
      vertex -36.56 62.4438 0
      vertex -36.4536 62.4761 0
    endloop
  endfacet
  facet normal 0 0 -1
    outer loop
      vertex -32.5 56.2916 0
      vertex -36.6683 62.4185 0
      vertex -36.56 62.4438 0
    endloop
  endfacet
  facet normal 0 0 -1
    outer loop
      vertex -32.5 56.2916 0
      vertex -36.7781 62.4004 0
      vertex -36.6683 62.4185 0
    endloop
  endfacet
  facet normal 0 0 -1
    outer loop
      vertex -36.1121 54.0455 0
      vertex -36.8888 62.3895 0
      vertex -36.7781 62.4004 0
    endloop
  endfacet
  facet normal 0 0 -1
    outer loop
      vertex -36.1121 54.0455 0
      vertex -37 62.3859 0
      vertex -36.8888 62.3895 0
    endloop
  endfacet
  facet normal 0 0 -1
    outer loop
      vertex -36.1121 54.0455 0
      vertex -37.1112 62.3895 0
      vertex -37 62.3859 0
    endloop
  endfacet
  facet normal 0 0 -1
    outer loop
      vertex -36.1121 54.0455 0
      vertex -37.2219 62.4004 0
      vertex -37.1112 62.3895 0
    endloop
  endfacet
  facet normal 0 0 -1
    outer loop
      vertex -36.1121 54.0455 0
      vertex -37.3317 62.4185 0
      vertex -37.2219 62.4004 0
    endloop
  endfacet
  facet normal 0 0 -1
    outer loop
      vertex -41.1122 61.5288 0
      vertex -37.3317 62.4185 0
      vertex -36.1121 54.0455 0
    endloop
  endfacet
  facet normal -0 0 -1
    outer loop
      vertex -37.3317 62.4185 0
      vertex -41.1122 61.5288 0
      vertex -37.44 62.4438 0
    endloop
  endfacet
  facet normal -0 0 -1
    outer loop
      vertex -37.44 62.4438 0
      vertex -41.1122 61.5288 0
      vertex -37.5464 62.4761 0
    endloop
  endfacet
  facet normal -0 0 -1
    outer loop
      vertex -37.5464 62.4761 0
      vertex -41.1122 61.5288 0
      vertex -37.6506 62.5153 0
    endloop
  endfacet
  facet normal -0 0 -1
    outer loop
      vertex -37.6506 62.5153 0
      vertex -41.1122 61.5288 0
      vertex -37.7519 62.5612 0
    endloop
  endfacet
  facet normal -0 0 -1
    outer loop
      vertex -37.7519 62.5612 0
      vertex -41.1122 61.5288 0
      vertex -37.85 62.6136 0
    endloop
  endfacet
  facet normal -0 0 -1
    outer loop
      vertex -37.85 62.6136 0
      vertex -41.1122 61.5288 0
      vertex -37.9445 62.6724 0
    endloop
  endfacet
  facet normal -0 0 -1
    outer loop
      vertex -37.9445 62.6724 0
      vertex -41.1122 61.5288 0
      vertex -38.0349 62.7372 0
    endloop
  endfacet
  facet normal -0 0 -1
    outer loop
      vertex -38.0349 62.7372 0
      vertex -41.1122 61.5288 0
      vertex -38.1209 62.8078 0
    endloop
  endfacet
  facet normal -0 0 -1
    outer loop
      vertex -38.1209 62.8078 0
      vertex -41.1122 61.5288 0
      vertex -38.2021 62.8838 0
    endloop
  endfacet
  facet normal -0 0 -1
    outer loop
      vertex -38.2021 62.8838 0
      vertex -41.1122 61.5288 0
      vertex -38.2781 62.965 0
    endloop
  endfacet
  facet normal -0 0 -1
    outer loop
      vertex -38.2781 62.965 0
      vertex -41.1122 61.5288 0
      vertex -38.3487 63.051 0
    endloop
  endfacet
  facet normal -0 0 -1
    outer loop
      vertex -38.3487 63.051 0
      vertex -41.1122 61.5288 0
      vertex -38.4135 63.1414 0
    endloop
  endfacet
  facet normal 0 0 -1
    outer loop
      vertex -41.1122 61.5288 0
      vertex -36.1121 54.0455 0
      vertex -39.5695 51.568 0
    endloop
  endfacet
  facet normal -0 0 -1
    outer loop
      vertex -38.4135 63.1414 0
      vertex -41.1122 61.5288 0
      vertex -38.4429 63.1886 0
    endloop
  endfacet
  facet normal 0 0 -1
    outer loop
      vertex -45.0483 58.7081 0
      vertex -39.5695 51.568 0
      vertex -42.8575 48.8696 0
    endloop
  endfacet
  facet normal 0 0 -1
    outer loop
      vertex -39.5695 51.568 0
      vertex -45.0483 58.7081 0
      vertex -41.1122 61.5288 0
    endloop
  endfacet
  facet normal 0 0 -1
    outer loop
      vertex -48.7916 55.6361 0
      vertex -42.8575 48.8696 0
      vertex -45.9619 45.9619 0
    endloop
  endfacet
  facet normal 0 0 -1
    outer loop
      vertex -42.8575 48.8696 0
      vertex -48.7916 55.6361 0
      vertex -45.0483 58.7081 0
    endloop
  endfacet
  facet normal 0 0 -1
    outer loop
      vertex -49.3731 42.7005 0
      vertex -45.9619 45.9619 0
      vertex -48.8696 42.8575 0
    endloop
  endfacet
  facet normal 0 0 -1
    outer loop
      vertex -49.0617 42.738 0
      vertex -48.8696 42.8575 0
      vertex -48.9685 42.737 0
    endloop
  endfacet
  facet normal 0 0 -1
    outer loop
      vertex -49.1663 42.7323 0
      vertex -48.8696 42.8575 0
      vertex -49.0617 42.738 0
    endloop
  endfacet
  facet normal 0 0 -1
    outer loop
      vertex -49.2702 42.7198 0
      vertex -48.8696 42.8575 0
      vertex -49.1663 42.7323 0
    endloop
  endfacet
  facet normal 0 0 -1
    outer loop
      vertex -49.3731 42.7005 0
      vertex -48.8696 42.8575 0
      vertex -49.2702 42.7198 0
    endloop
  endfacet
  facet normal 0 0 -1
    outer loop
      vertex -49.4746 42.6745 0
      vertex -45.9619 45.9619 0
      vertex -49.3731 42.7005 0
    endloop
  endfacet
  facet normal -0 0 -1
    outer loop
      vertex -45.9619 45.9619 0
      vertex -49.4746 42.6745 0
      vertex -52.3259 52.3259 0
    endloop
  endfacet
  facet normal 0 0 -1
    outer loop
      vertex -55.6361 48.7916 0
      vertex -49.4746 42.6745 0
      vertex -49.5741 42.6419 0
    endloop
  endfacet
  facet normal 0 0 -1
    outer loop
      vertex -55.6361 48.7916 0
      vertex -49.5741 42.6419 0
      vertex -49.6712 42.6029 0
    endloop
  endfacet
  facet normal 0 0 -1
    outer loop
      vertex -55.6361 48.7916 0
      vertex -49.6712 42.6029 0
      vertex -49.7656 42.5576 0
    endloop
  endfacet
  facet normal 0 0 -1
    outer loop
      vertex -55.6361 48.7916 0
      vertex -49.7656 42.5576 0
      vertex -49.8569 42.5063 0
    endloop
  endfacet
  facet normal 0 0 -1
    outer loop
      vertex -55.6361 48.7916 0
      vertex -49.8569 42.5063 0
      vertex -49.9446 42.4491 0
    endloop
  endfacet
  facet normal 0 0 -1
    outer loop
      vertex -55.6361 48.7916 0
      vertex -49.9446 42.4491 0
      vertex -50.0283 42.3862 0
    endloop
  endfacet
  facet normal 0 0 -1
    outer loop
      vertex -55.6361 48.7916 0
      vertex -50.0283 42.3862 0
      vertex -50.1078 42.3181 0
    endloop
  endfacet
  facet normal 0 0 -1
    outer loop
      vertex -55.6361 48.7916 0
      vertex -50.1078 42.3181 0
      vertex -50.1826 42.2448 0
    endloop
  endfacet
  facet normal 0 0 -1
    outer loop
      vertex -55.6361 48.7916 0
      vertex -50.1826 42.2448 0
      vertex -50.2525 42.1669 0
    endloop
  endfacet
  facet normal 0 0 -1
    outer loop
      vertex -55.6361 48.7916 0
      vertex -50.2525 42.1669 0
      vertex -50.3172 42.0845 0
    endloop
  endfacet
  facet normal 0 0 -1
    outer loop
      vertex -55.6361 48.7916 0
      vertex -50.3172 42.0845 0
      vertex -50.3763 41.9981 0
    endloop
  endfacet
  facet normal 0 0 -1
    outer loop
      vertex -58.7081 45.0483 0
      vertex -50.3763 41.9981 0
      vertex -50.4296 41.908 0
    endloop
  endfacet
  facet normal 0 0 -1
    outer loop
      vertex -58.7081 45.0483 0
      vertex -50.4296 41.908 0
      vertex -50.4769 41.8146 0
    endloop
  endfacet
  facet normal 0 0 -1
    outer loop
      vertex -58.7081 45.0483 0
      vertex -50.4769 41.8146 0
      vertex -50.5181 41.7183 0
    endloop
  endfacet
  facet normal 0 0 -1
    outer loop
      vertex -58.7081 45.0483 0
      vertex -50.5181 41.7183 0
      vertex -50.5528 41.6195 0
    endloop
  endfacet
  facet normal 0 0 -1
    outer loop
      vertex -58.7081 45.0483 0
      vertex -50.5528 41.6195 0
      vertex -50.581 41.5187 0
    endloop
  endfacet
  facet normal 0 0 -1
    outer loop
      vertex -51.568 39.5695 0
      vertex -50.581 41.5187 0
      vertex -50.6025 41.4162 0
    endloop
  endfacet
  facet normal 0 0 -1
    outer loop
      vertex -51.568 39.5695 0
      vertex -50.6025 41.4162 0
      vertex -50.6173 41.3126 0
    endloop
  endfacet
  facet normal 0 0 -1
    outer loop
      vertex -51.568 39.5695 0
      vertex -50.6253 41.2082 0
      vertex -50.6265 41.1035 0
    endloop
  endfacet
  facet normal 0 0 -1
    outer loop
      vertex -51.568 39.5695 0
      vertex -50.6173 41.3126 0
      vertex -50.6253 41.2082 0
    endloop
  endfacet
  facet normal -0 0 -1
    outer loop
      vertex -50.581 41.5187 0
      vertex -51.568 39.5695 0
      vertex -58.7081 45.0483 0
    endloop
  endfacet
  facet normal 0 0 -1
    outer loop
      vertex -45.9619 45.9619 0
      vertex -52.3259 52.3259 0
      vertex -48.7916 55.6361 0
    endloop
  endfacet
  facet normal 0 0 -1
    outer loop
      vertex -58.7081 45.0483 0
      vertex -51.568 39.5695 0
      vertex -54.0455 36.1121 0
    endloop
  endfacet
  facet normal 0 0 -1
    outer loop
      vertex -49.4746 42.6745 0
      vertex -55.6361 48.7916 0
      vertex -52.3259 52.3259 0
    endloop
  endfacet
  facet normal 0 0 -1
    outer loop
      vertex -61.5288 41.1122 0
      vertex -54.0455 36.1121 0
      vertex -56.2916 32.5 0
    endloop
  endfacet
  facet normal 0 0 -1
    outer loop
      vertex -64.0859 37 0
      vertex -56.2916 32.5 0
      vertex -58.2967 28.7488 0
    endloop
  endfacet
  facet normal 0 0 -1
    outer loop
      vertex -50.3763 41.9981 0
      vertex -58.7081 45.0483 0
      vertex -55.6361 48.7916 0
    endloop
  endfacet
  facet normal 0 0 -1
    outer loop
      vertex -66.3686 32.7294 0
      vertex -58.2967 28.7488 0
      vertex -60.0522 24.8744 0
    endloop
  endfacet
  facet normal 0 0 -1
    outer loop
      vertex -54.0455 36.1121 0
      vertex -61.5288 41.1122 0
      vertex -58.7081 45.0483 0
    endloop
  endfacet
  facet normal 0 0 -1
    outer loop
      vertex -68.3671 28.3186 0
      vertex -60.0522 24.8744 0
      vertex -61.5505 20.8936 0
    endloop
  endfacet
  facet normal 0 0 -1
    outer loop
      vertex -70.0728 23.7865 0
      vertex -61.5505 20.8936 0
      vertex -62.7852 16.8232 0
    endloop
  endfacet
  facet normal 0 0 -1
    outer loop
      vertex -71.4785 19.1526 0
      vertex -62.7852 16.8232 0
      vertex -63.751 12.6809 0
    endloop
  endfacet
  facet normal 0 0 -1
    outer loop
      vertex -56.2916 32.5 0
      vertex -64.0859 37 0
      vertex -61.5288 41.1122 0
    endloop
  endfacet
  facet normal 0 0 -1
    outer loop
      vertex -72.5781 14.4367 0
      vertex -63.751 12.6809 0
      vertex -64.4439 8.4842 0
    endloop
  endfacet
  facet normal 0 0 -1
    outer loop
      vertex -73.3669 9.65894 0
      vertex -64.4439 8.4842 0
      vertex -64.8608 4.2512 0
    endloop
  endfacet
  facet normal 0 0 -1
    outer loop
      vertex -72.4294 0.650561 0
      vertex -64.8608 4.2512 0
      vertex -65 0 0
    endloop
  endfacet
  facet normal 0 0 -1
    outer loop
      vertex -72.5781 -14.4367 0
      vertex -63.751 -12.6809 0
      vertex -71.4785 -19.1526 0
    endloop
  endfacet
  facet normal 0 0 -1
    outer loop
      vertex -72.3036 0.111185 0
      vertex -65 0 0
      vertex -72.3 0 0
    endloop
  endfacet
  facet normal -0 0 -1
    outer loop
      vertex -63.751 -12.6809 0
      vertex -72.5781 -14.4367 0
      vertex -64.4439 -8.4842 0
    endloop
  endfacet
  facet normal 0 0 -1
    outer loop
      vertex -72.3145 0.221894 0
      vertex -65 0 0
      vertex -72.3036 0.111185 0
    endloop
  endfacet
  facet normal 0 0 -1
    outer loop
      vertex -73.3669 -9.65894 0
      vertex -64.4439 -8.4842 0
      vertex -72.5781 -14.4367 0
    endloop
  endfacet
  facet normal 0 0 -1
    outer loop
      vertex -58.2967 28.7488 0
      vertex -66.3686 32.7294 0
      vertex -64.0859 37 0
    endloop
  endfacet
  facet normal -0 0 -1
    outer loop
      vertex -64.4439 -8.4842 0
      vertex -73.3669 -9.65894 0
      vertex -64.8608 -4.2512 0
    endloop
  endfacet
  facet normal 0 0 -1
    outer loop
      vertex -60.0522 24.8744 0
      vertex -68.3671 28.3186 0
      vertex -66.3686 32.7294 0
    endloop
  endfacet
  facet normal 0 0 -1
    outer loop
      vertex -72.3327 0.331653 0
      vertex -65 0 0
      vertex -72.3145 0.221894 0
    endloop
  endfacet
  facet normal -0 0 -1
    outer loop
      vertex -65 0 0
      vertex -72.3036 -0.111185 0
      vertex -72.3 0 0
    endloop
  endfacet
  facet normal 0 0 -1
    outer loop
      vertex -65 0 0
      vertex -72.3145 -0.221894 0
      vertex -72.3036 -0.111185 0
    endloop
  endfacet
  facet normal 0 0 -1
    outer loop
      vertex -65 0 0
      vertex -72.3327 -0.331653 0
      vertex -72.3145 -0.221894 0
    endloop
  endfacet
  facet normal 0 0 -1
    outer loop
      vertex -73.8416 -4.83983 0
      vertex -64.8608 -4.2512 0
      vertex -73.3669 -9.65894 0
    endloop
  endfacet
  facet normal 0 0 -1
    outer loop
      vertex -65 0 0
      vertex -72.3579 -0.439992 0
      vertex -72.3327 -0.331653 0
    endloop
  endfacet
  facet normal 0 0 -1
    outer loop
      vertex -65 0 0
      vertex -72.3902 -0.546447 0
      vertex -72.3579 -0.439992 0
    endloop
  endfacet
  facet normal 0 -0 -1
    outer loop
      vertex -72.7219 -1.12089 0
      vertex -64.8608 -4.2512 0
      vertex -73.8416 -4.83983 0
    endloop
  endfacet
  facet normal 0 0 -1
    outer loop
      vertex -65 0 0
      vertex -72.4294 -0.650561 0
      vertex -72.3902 -0.546447 0
    endloop
  endfacet
  facet normal 0 0 -1
    outer loop
      vertex -64.8608 -4.2512 0
      vertex -72.4294 -0.650561 0
      vertex -65 0 0
    endloop
  endfacet
  facet normal 0 -0 -1
    outer loop
      vertex -72.4294 -0.650561 0
      vertex -64.8608 -4.2512 0
      vertex -72.4753 -0.75189 0
    endloop
  endfacet
  facet normal 0 -0 -1
    outer loop
      vertex -72.5865 -0.944468 0
      vertex -64.8608 -4.2512 0
      vertex -72.6513 -1.03489 0
    endloop
  endfacet
  facet normal 0 -0 -1
    outer loop
      vertex -72.4753 -0.75189 0
      vertex -64.8608 -4.2512 0
      vertex -72.5278 -0.849999 0
    endloop
  endfacet
  facet normal 0 -0 -1
    outer loop
      vertex -72.5278 -0.849999 0
      vertex -64.8608 -4.2512 0
      vertex -72.5865 -0.944468 0
    endloop
  endfacet
  facet normal 0 0 -1
    outer loop
      vertex -64.8608 -4.2512 0
      vertex -72.7219 -1.12089 0
      vertex -72.6513 -1.03489 0
    endloop
  endfacet
  facet normal 0 0 -1
    outer loop
      vertex -72.7219 -1.12089 0
      vertex -73.8416 -4.83983 0
      vertex -72.7979 -1.20208 0
    endloop
  endfacet
  facet normal 0 0 -1
    outer loop
      vertex -72.7979 -1.20208 0
      vertex -73.8416 -4.83983 0
      vertex -72.8791 -1.27813 0
    endloop
  endfacet
  facet normal 0 0 -1
    outer loop
      vertex -72.8791 -1.27813 0
      vertex -73.8416 -4.83983 0
      vertex -72.9651 -1.3487 0
    endloop
  endfacet
  facet normal 0 0 -1
    outer loop
      vertex -72.9651 -1.3487 0
      vertex -73.8416 -4.83983 0
      vertex -73.0555 -1.4135 0
    endloop
  endfacet
  facet normal 0 0 -1
    outer loop
      vertex -73.0555 -1.4135 0
      vertex -73.8416 -4.83983 0
      vertex -73.15 -1.47224 0
    endloop
  endfacet
  facet normal 0 0 -1
    outer loop
      vertex -73.15 -1.47224 0
      vertex -73.8416 -4.83983 0
      vertex -73.2481 -1.52468 0
    endloop
  endfacet
  facet normal 0 0 -1
    outer loop
      vertex -73.2481 -1.52468 0
      vertex -73.8416 -4.83983 0
      vertex -73.3494 -1.57059 0
    endloop
  endfacet
  facet normal 0 0 -1
    outer loop
      vertex -73.3494 -1.57059 0
      vertex -73.8416 -4.83983 0
      vertex -73.4536 -1.60978 0
    endloop
  endfacet
  facet normal 0 0 -1
    outer loop
      vertex -73.4536 -1.60978 0
      vertex -73.8416 -4.83983 0
      vertex -73.56 -1.64207 0
    endloop
  endfacet
  facet normal 0 0 -1
    outer loop
      vertex -73.56 -1.64207 0
      vertex -73.8416 -4.83983 0
      vertex -73.6684 -1.66733 0
    endloop
  endfacet
  facet normal 0 0 -1
    outer loop
      vertex -73.6684 -1.66733 0
      vertex -73.8416 -4.83983 0
      vertex -73.7781 -1.68546 0
    endloop
  endfacet
  facet normal 0 0 -1
    outer loop
      vertex -73.8416 -4.83983 0
      vertex -73.8888 -1.69636 0
      vertex -73.7781 -1.68546 0
    endloop
  endfacet
  facet normal 0 -0 -1
    outer loop
      vertex -73.8888 -1.69636 0
      vertex -73.8416 -4.83983 0
      vertex -73.9444 -1.69818 0
    endloop
  endfacet
  facet normal 0 0 -1
    outer loop
      vertex -61.5505 20.8936 0
      vertex -70.0728 23.7865 0
      vertex -68.3671 28.3186 0
    endloop
  endfacet
  facet normal 0 0 -1
    outer loop
      vertex -62.7852 16.8232 0
      vertex -71.4785 19.1526 0
      vertex -70.0728 23.7865 0
    endloop
  endfacet
  facet normal 0 0 -1
    outer loop
      vertex -72.3579 0.439992 0
      vertex -65 0 0
      vertex -72.3327 0.331653 0
    endloop
  endfacet
  facet normal 0 0 -1
    outer loop
      vertex -72.3902 0.546447 0
      vertex -65 0 0
      vertex -72.3579 0.439992 0
    endloop
  endfacet
  facet normal 0 0 -1
    outer loop
      vertex -72.4294 0.650561 0
      vertex -65 0 0
      vertex -72.3902 0.546447 0
    endloop
  endfacet
  facet normal 0 0 -1
    outer loop
      vertex -64.8608 4.2512 0
      vertex -72.4294 0.650561 0
      vertex -72.4753 0.75189 0
    endloop
  endfacet
  facet normal 0 0 -1
    outer loop
      vertex -64.8608 4.2512 0
      vertex -72.4753 0.75189 0
      vertex -72.5278 0.849999 0
    endloop
  endfacet
  facet normal 0 0 -1
    outer loop
      vertex -64.8608 4.2512 0
      vertex -72.5278 0.849999 0
      vertex -72.5865 0.944468 0
    endloop
  endfacet
  facet normal 0 0 -1
    outer loop
      vertex -63.751 12.6809 0
      vertex -72.5781 14.4367 0
      vertex -71.4785 19.1526 0
    endloop
  endfacet
  facet normal 0 0 -1
    outer loop
      vertex -64.8608 4.2512 0
      vertex -72.5865 0.944468 0
      vertex -72.6513 1.03489 0
    endloop
  endfacet
  facet normal 0 0 -1
    outer loop
      vertex -72.7219 1.12089 0
      vertex -64.8608 4.2512 0
      vertex -72.6513 1.03489 0
    endloop
  endfacet
  facet normal -0 0 -1
    outer loop
      vertex -64.8608 4.2512 0
      vertex -72.7219 1.12089 0
      vertex -73.8416 4.83983 0
    endloop
  endfacet
  facet normal 0 0 -1
    outer loop
      vertex -73.8416 4.83983 0
      vertex -72.7219 1.12089 0
      vertex -72.7979 1.20208 0
    endloop
  endfacet
  facet normal 0 0 -1
    outer loop
      vertex -73.8416 4.83983 0
      vertex -72.7979 1.20208 0
      vertex -72.8791 1.27813 0
    endloop
  endfacet
  facet normal 0 0 -1
    outer loop
      vertex -73.8416 4.83983 0
      vertex -72.8791 1.27813 0
      vertex -72.9651 1.3487 0
    endloop
  endfacet
  facet normal 0 0 -1
    outer loop
      vertex -73.8416 4.83983 0
      vertex -72.9651 1.3487 0
      vertex -73.0555 1.4135 0
    endloop
  endfacet
  facet normal 0 0 -1
    outer loop
      vertex -73.8416 4.83983 0
      vertex -73.0555 1.4135 0
      vertex -73.15 1.47224 0
    endloop
  endfacet
  facet normal 0 0 -1
    outer loop
      vertex -73.8416 4.83983 0
      vertex -73.15 1.47224 0
      vertex -73.2481 1.52468 0
    endloop
  endfacet
  facet normal 0 0 -1
    outer loop
      vertex -73.8416 4.83983 0
      vertex -73.2481 1.52468 0
      vertex -73.3494 1.57059 0
    endloop
  endfacet
  facet normal 0 0 -1
    outer loop
      vertex -64.4439 8.4842 0
      vertex -73.3669 9.65894 0
      vertex -72.5781 14.4367 0
    endloop
  endfacet
  facet normal 0 0 -1
    outer loop
      vertex -73.8416 4.83983 0
      vertex -73.3494 1.57059 0
      vertex -73.4536 1.60978 0
    endloop
  endfacet
  facet normal 0 0 -1
    outer loop
      vertex -73.8416 4.83983 0
      vertex -73.4536 1.60978 0
      vertex -73.56 1.64207 0
    endloop
  endfacet
  facet normal 0 0 -1
    outer loop
      vertex -73.8416 4.83983 0
      vertex -73.56 1.64207 0
      vertex -73.6684 1.66733 0
    endloop
  endfacet
  facet normal 0 0 -1
    outer loop
      vertex -73.8416 4.83983 0
      vertex -73.6684 1.66733 0
      vertex -73.7781 1.68546 0
    endloop
  endfacet
  facet normal 0 0 -1
    outer loop
      vertex -64.8608 4.2512 0
      vertex -73.8416 4.83983 0
      vertex -73.3669 9.65894 0
    endloop
  endfacet
  facet normal 0 0 -1
    outer loop
      vertex -73.8888 1.69636 0
      vertex -73.8416 4.83983 0
      vertex -73.7781 1.68546 0
    endloop
  endfacet
  facet normal 0 0 -1
    outer loop
      vertex -73.8416 4.83983 0
      vertex -73.8888 1.69636 0
      vertex -73.9444 1.69818 0
    endloop
  endfacet
  facet normal -0 0 -1
    outer loop
      vertex -50.6208 40.999 0
      vertex -51.568 39.5695 0
      vertex -50.6265 41.1035 0
    endloop
  endfacet
  facet normal -0 0 -1
    outer loop
      vertex -50.6082 40.895 0
      vertex -51.568 39.5695 0
      vertex -50.6208 40.999 0
    endloop
  endfacet
  facet normal -0 0 -1
    outer loop
      vertex -50.5889 40.7921 0
      vertex -51.568 39.5695 0
      vertex -50.6082 40.895 0
    endloop
  endfacet
  facet normal 0 0 -1
    outer loop
      vertex -51.568 39.5695 0
      vertex -50.5889 40.7921 0
      vertex -50.5831 40.7695 0
    endloop
  endfacet
  facet normal 0 0 -1
    outer loop
      vertex -32.7294 -66.3686 0
      vertex -35.3036 -64.1971 0
      vertex -35.3 -64.0859 0
    endloop
  endfacet
  facet normal 0 0 -1
    outer loop
      vertex -32.7294 -66.3686 0
      vertex -35.3145 -64.3078 0
      vertex -35.3036 -64.1971 0
    endloop
  endfacet
  facet normal 0 0 -1
    outer loop
      vertex -32.7294 -66.3686 0
      vertex -35.3327 -64.4175 0
      vertex -35.3145 -64.3078 0
    endloop
  endfacet
  facet normal 0 0 -1
    outer loop
      vertex -32.7294 -66.3686 0
      vertex -35.3579 -64.5259 0
      vertex -35.3327 -64.4175 0
    endloop
  endfacet
  facet normal 0 0 -1
    outer loop
      vertex -32.7294 -66.3686 0
      vertex -35.3902 -64.6323 0
      vertex -35.3579 -64.5259 0
    endloop
  endfacet
  facet normal 0 0 -1
    outer loop
      vertex -32.7294 -66.3686 0
      vertex -35.4294 -64.7364 0
      vertex -35.3902 -64.6323 0
    endloop
  endfacet
  facet normal 0 0 -1
    outer loop
      vertex -32.7294 -66.3686 0
      vertex -35.4753 -64.8378 0
      vertex -35.4294 -64.7364 0
    endloop
  endfacet
  facet normal 0 -0 -1
    outer loop
      vertex -35.4753 -64.8378 0
      vertex -32.7294 -66.3686 0
      vertex -35.5015 -64.8868 0
    endloop
  endfacet
  facet normal 0 0 -1
    outer loop
      vertex 35.4753 64.8378 0
      vertex 32.7294 66.3686 0
      vertex 35.5015 64.8868 0
    endloop
  endfacet
  facet normal 0 0 -1
    outer loop
      vertex 35.4294 64.7364 0
      vertex 32.7294 66.3686 0
      vertex 35.4753 64.8378 0
    endloop
  endfacet
  facet normal 0 0 -1
    outer loop
      vertex 35.3902 64.6323 0
      vertex 32.7294 66.3686 0
      vertex 35.4294 64.7364 0
    endloop
  endfacet
  facet normal 0 0 -1
    outer loop
      vertex 35.3579 64.5259 0
      vertex 32.7294 66.3686 0
      vertex 35.3902 64.6323 0
    endloop
  endfacet
  facet normal 0 0 -1
    outer loop
      vertex 35.3327 64.4175 0
      vertex 32.7294 66.3686 0
      vertex 35.3579 64.5259 0
    endloop
  endfacet
  facet normal 0 0 -1
    outer loop
      vertex 35.3145 64.3078 0
      vertex 32.7294 66.3686 0
      vertex 35.3327 64.4175 0
    endloop
  endfacet
  facet normal 0 0 -1
    outer loop
      vertex 35.3036 64.1971 0
      vertex 32.7294 66.3686 0
      vertex 35.3145 64.3078 0
    endloop
  endfacet
  facet normal 0 0 -1
    outer loop
      vertex 32.7294 66.3686 0
      vertex 35.3036 64.1971 0
      vertex 35.3 64.0859 0
    endloop
  endfacet
  facet normal 0 0 -1
    outer loop
      vertex -35.3036 64.1971 0
      vertex -32.7294 66.3686 0
      vertex -35.3 64.0859 0
    endloop
  endfacet
  facet normal 0 0 -1
    outer loop
      vertex -35.3145 64.3078 0
      vertex -32.7294 66.3686 0
      vertex -35.3036 64.1971 0
    endloop
  endfacet
  facet normal 0 0 -1
    outer loop
      vertex -35.3327 64.4175 0
      vertex -32.7294 66.3686 0
      vertex -35.3145 64.3078 0
    endloop
  endfacet
  facet normal 0 0 -1
    outer loop
      vertex -35.3579 64.5259 0
      vertex -32.7294 66.3686 0
      vertex -35.3327 64.4175 0
    endloop
  endfacet
  facet normal 0 0 -1
    outer loop
      vertex -35.3902 64.6323 0
      vertex -32.7294 66.3686 0
      vertex -35.3579 64.5259 0
    endloop
  endfacet
  facet normal 0 0 -1
    outer loop
      vertex -35.4294 64.7364 0
      vertex -32.7294 66.3686 0
      vertex -35.3902 64.6323 0
    endloop
  endfacet
  facet normal 0 0 -1
    outer loop
      vertex -35.4753 64.8378 0
      vertex -32.7294 66.3686 0
      vertex -35.4294 64.7364 0
    endloop
  endfacet
  facet normal 0 0 -1
    outer loop
      vertex -32.7294 66.3686 0
      vertex -35.4753 64.8378 0
      vertex -35.5015 64.8868 0
    endloop
  endfacet
  facet normal 0.986644 0.162893 0
    outer loop
      vertex 73.3669 9.65894 10
      vertex 72.5781 14.4367 0
      vertex 72.5781 14.4367 10
    endloop
  endfacet
  facet normal 0.986644 0.162893 0
    outer loop
      vertex 72.5781 14.4367 0
      vertex 73.3669 9.65894 10
      vertex 73.3669 9.65894 0
    endloop
  endfacet
  facet normal 0.995184 0.0980292 0
    outer loop
      vertex 73.8416 4.83983 10
      vertex 73.3669 9.65894 0
      vertex 73.3669 9.65894 10
    endloop
  endfacet
  facet normal 0.995184 0.0980292 0
    outer loop
      vertex 73.3669 9.65894 0
      vertex 73.8416 4.83983 10
      vertex 73.8416 4.83983 0
    endloop
  endfacet
  facet normal 0.93591 0.352239 0
    outer loop
      vertex 70.0728 23.7865 10
      vertex 68.3671 28.3186 0
      vertex 68.3671 28.3186 10
    endloop
  endfacet
  facet normal 0.93591 0.352239 0
    outer loop
      vertex 68.3671 28.3186 0
      vertex 70.0728 23.7865 10
      vertex 70.0728 23.7865 0
    endloop
  endfacet
  facet normal 0.729867 0.683589 0
    outer loop
      vertex 55.6361 48.7916 10
      vertex 52.3259 52.3259 0
      vertex 52.3259 52.3259 10
    endloop
  endfacet
  facet normal 0.729867 0.683589 0
    outer loop
      vertex 52.3259 52.3259 0
      vertex 55.6361 48.7916 10
      vertex 55.6361 48.7916 0
    endloop
  endfacet
  facet normal 0.849205 0.528063 0
    outer loop
      vertex 64.0859 37 10
      vertex 61.5288 41.1122 0
      vertex 61.5288 41.1122 10
    endloop
  endfacet
  facet normal 0.849205 0.528063 0
    outer loop
      vertex 61.5288 41.1122 0
      vertex 64.0859 37 10
      vertex 64.0859 37 0
    endloop
  endfacet
  facet normal 0.0980292 0.995184 -0
    outer loop
      vertex 9.65894 73.3669 0
      vertex 4.83983 73.8416 10
      vertex 9.65894 73.3669 10
    endloop
  endfacet
  facet normal 0.0980292 0.995184 0
    outer loop
      vertex 4.83983 73.8416 10
      vertex 9.65894 73.3669 0
      vertex 4.83983 73.8416 0
    endloop
  endfacet
  facet normal 0.412706 0.910864 -0
    outer loop
      vertex 32.7294 66.3686 0
      vertex 28.3186 68.3671 10
      vertex 32.7294 66.3686 10
    endloop
  endfacet
  facet normal 0.412706 0.910864 0
    outer loop
      vertex 28.3186 68.3671 10
      vertex 32.7294 66.3686 0
      vertex 28.3186 68.3671 0
    endloop
  endfacet
  facet normal 0.582496 0.812834 -0
    outer loop
      vertex 45.0483 58.7081 0
      vertex 41.1122 61.5288 10
      vertex 45.0483 58.7081 10
    endloop
  endfacet
  facet normal 0.582496 0.812834 0
    outer loop
      vertex 41.1122 61.5288 10
      vertex 45.0483 58.7081 0
      vertex 41.1122 61.5288 0
    endloop
  endfacet
  facet normal -0.773015 0.634387 0
    outer loop
      vertex -58.7081 45.0483 0
      vertex -55.6361 48.7916 10
      vertex -55.6361 48.7916 0
    endloop
  endfacet
  facet normal -0.773015 0.634387 0
    outer loop
      vertex -55.6361 48.7916 10
      vertex -58.7081 45.0483 0
      vertex -58.7081 45.0483 10
    endloop
  endfacet
  facet normal -0.729867 0.683589 0
    outer loop
      vertex -55.6361 48.7916 0
      vertex -52.3259 52.3259 10
      vertex -52.3259 52.3259 0
    endloop
  endfacet
  facet normal -0.729867 0.683589 0
    outer loop
      vertex -52.3259 52.3259 10
      vertex -55.6361 48.7916 0
      vertex -55.6361 48.7916 10
    endloop
  endfacet
  facet normal -0.88192 0.471399 0
    outer loop
      vertex -66.3686 32.7294 0
      vertex -64.0859 37 10
      vertex -64.0859 37 0
    endloop
  endfacet
  facet normal -0.88192 0.471399 0
    outer loop
      vertex -64.0859 37 10
      vertex -66.3686 32.7294 0
      vertex -66.3686 32.7294 10
    endloop
  endfacet
  facet normal -0.849205 0.528063 0
    outer loop
      vertex -64.0859 37 0
      vertex -61.5288 41.1122 10
      vertex -61.5288 41.1122 0
    endloop
  endfacet
  facet normal -0.849205 0.528063 0
    outer loop
      vertex -61.5288 41.1122 10
      vertex -64.0859 37 0
      vertex -64.0859 37 10
    endloop
  endfacet
  facet normal -0.956939 0.290289 0
    outer loop
      vertex -71.4785 19.1526 0
      vertex -70.0728 23.7865 10
      vertex -70.0728 23.7865 0
    endloop
  endfacet
  facet normal -0.956939 0.290289 0
    outer loop
      vertex -70.0728 23.7865 10
      vertex -71.4785 19.1526 0
      vertex -71.4785 19.1526 10
    endloop
  endfacet
  facet normal -0.995184 0.0980292 0
    outer loop
      vertex -73.8416 4.83983 0
      vertex -73.3669 9.65894 10
      vertex -73.3669 9.65894 0
    endloop
  endfacet
  facet normal -0.995184 0.0980292 0
    outer loop
      vertex -73.3669 9.65894 10
      vertex -73.8416 4.83983 0
      vertex -73.8416 4.83983 10
    endloop
  endfacet
  facet normal 0 0 1
    outer loop
      vertex 35.3036 64.1971 10
      vertex 32.7294 66.3686 10
      vertex 35.3 64.0859 10
    endloop
  endfacet
  facet normal 0 0 1
    outer loop
      vertex 35.3145 64.3078 10
      vertex 32.7294 66.3686 10
      vertex 35.3036 64.1971 10
    endloop
  endfacet
  facet normal 0 0 1
    outer loop
      vertex 35.3327 64.4175 10
      vertex 32.7294 66.3686 10
      vertex 35.3145 64.3078 10
    endloop
  endfacet
  facet normal 0 0 1
    outer loop
      vertex 35.3579 64.5259 10
      vertex 32.7294 66.3686 10
      vertex 35.3327 64.4175 10
    endloop
  endfacet
  facet normal 0 0 1
    outer loop
      vertex 35.3902 64.6323 10
      vertex 32.7294 66.3686 10
      vertex 35.3579 64.5259 10
    endloop
  endfacet
  facet normal 0 0 1
    outer loop
      vertex 35.4294 64.7364 10
      vertex 32.7294 66.3686 10
      vertex 35.3902 64.6323 10
    endloop
  endfacet
  facet normal 0 0 1
    outer loop
      vertex 35.4753 64.8378 10
      vertex 32.7294 66.3686 10
      vertex 35.4294 64.7364 10
    endloop
  endfacet
  facet normal 0 0 1
    outer loop
      vertex 32.7294 66.3686 10
      vertex 35.4753 64.8378 10
      vertex 35.5015 64.8868 10
    endloop
  endfacet
  facet normal 0 0 1
    outer loop
      vertex 73.8416 4.83983 10
      vertex 73.8888 1.69636 10
      vertex 73.9444 1.69818 10
    endloop
  endfacet
  facet normal 0 0 1
    outer loop
      vertex 73.8416 4.83983 10
      vertex 73.7781 1.68546 10
      vertex 73.8888 1.69636 10
    endloop
  endfacet
  facet normal 0 0 1
    outer loop
      vertex 73.8416 4.83983 10
      vertex 73.6684 1.66733 10
      vertex 73.7781 1.68546 10
    endloop
  endfacet
  facet normal 0 0 1
    outer loop
      vertex 73.8416 4.83983 10
      vertex 73.56 1.64207 10
      vertex 73.6684 1.66733 10
    endloop
  endfacet
  facet normal 0 0 1
    outer loop
      vertex 73.8416 4.83983 10
      vertex 73.4536 1.60978 10
      vertex 73.56 1.64207 10
    endloop
  endfacet
  facet normal -0 0 1
    outer loop
      vertex 72 8 10
      vertex 73.8416 4.83983 10
      vertex 73.3669 9.65894 10
    endloop
  endfacet
  facet normal 0 -0 1
    outer loop
      vertex 72.7219 1.12089 10
      vertex 73.8416 4.83983 10
      vertex 72 8 10
    endloop
  endfacet
  facet normal 0 0 1
    outer loop
      vertex 73.8416 4.83983 10
      vertex 73.3494 1.57059 10
      vertex 73.4536 1.60978 10
    endloop
  endfacet
  facet normal 0 0 1
    outer loop
      vertex 73.8416 4.83983 10
      vertex 73.2481 1.52468 10
      vertex 73.3494 1.57059 10
    endloop
  endfacet
  facet normal 0 0 1
    outer loop
      vertex 73.8416 4.83983 10
      vertex 73.15 1.47224 10
      vertex 73.2481 1.52468 10
    endloop
  endfacet
  facet normal 0 0 1
    outer loop
      vertex 73.8416 4.83983 10
      vertex 73.0555 1.4135 10
      vertex 73.15 1.47224 10
    endloop
  endfacet
  facet normal 0 0 1
    outer loop
      vertex 73.8416 4.83983 10
      vertex 72.9651 1.3487 10
      vertex 73.0555 1.4135 10
    endloop
  endfacet
  facet normal 0 0 1
    outer loop
      vertex 73.8416 4.83983 10
      vertex 72.8791 1.27813 10
      vertex 72.9651 1.3487 10
    endloop
  endfacet
  facet normal 0 0 1
    outer loop
      vertex 73.8416 4.83983 10
      vertex 72.7979 1.20208 10
      vertex 72.8791 1.27813 10
    endloop
  endfacet
  facet normal 0 0 1
    outer loop
      vertex 73.8416 4.83983 10
      vertex 72.7219 1.12089 10
      vertex 72.7979 1.20208 10
    endloop
  endfacet
  facet normal 0 0 1
    outer loop
      vertex 72.7219 1.12089 10
      vertex 72 8 10
      vertex 72.6513 1.03489 10
    endloop
  endfacet
  facet normal 0 0 1
    outer loop
      vertex 72 8 10
      vertex 73.3669 9.65894 10
      vertex 72.5781 14.4367 10
    endloop
  endfacet
  facet normal 0 0 1
    outer loop
      vertex 72.6513 1.03489 10
      vertex 72 8 10
      vertex 72.5865 0.944468 10
    endloop
  endfacet
  facet normal 0 0 1
    outer loop
      vertex 72.5865 0.944468 10
      vertex 72 8 10
      vertex 72.5278 0.849999 10
    endloop
  endfacet
  facet normal 0 0 1
    outer loop
      vertex 72.5278 0.849999 10
      vertex 72 8 10
      vertex 72.4753 0.75189 10
    endloop
  endfacet
  facet normal 0 0 1
    outer loop
      vertex 72.4753 0.75189 10
      vertex 72 8 10
      vertex 72.4294 0.650561 10
    endloop
  endfacet
  facet normal 0 0 1
    outer loop
      vertex 72.4294 0.650561 10
      vertex 72 8 10
      vertex 72.3902 0.546447 10
    endloop
  endfacet
  facet normal 0 0 1
    outer loop
      vertex 72.3902 0.546447 10
      vertex 72 8 10
      vertex 72.3579 0.439992 10
    endloop
  endfacet
  facet normal 0 0 1
    outer loop
      vertex 72.3579 0.439992 10
      vertex 72 8 10
      vertex 72.3327 0.331653 10
    endloop
  endfacet
  facet normal 0 0 1
    outer loop
      vertex 72.3327 0.331653 10
      vertex 72 8 10
      vertex 72.3145 0.221894 10
    endloop
  endfacet
  facet normal 0 0 1
    outer loop
      vertex 72.3145 0.221894 10
      vertex 72 8 10
      vertex 72.3036 0.111185 10
    endloop
  endfacet
  facet normal 0 0 1
    outer loop
      vertex 72.3036 0.111185 10
      vertex 72 8 10
      vertex 72.3 0 10
    endloop
  endfacet
  facet normal 0 0 1
    outer loop
      vertex 63.751 12.6809 10
      vertex 72.5781 14.4367 10
      vertex 71.4785 19.1526 10
    endloop
  endfacet
  facet normal 0 0 1
    outer loop
      vertex 62.7852 16.8232 10
      vertex 71.4785 19.1526 10
      vertex 70.0728 23.7865 10
    endloop
  endfacet
  facet normal 0 0 1
    outer loop
      vertex 61.5505 20.8936 10
      vertex 70.0728 23.7865 10
      vertex 68.3671 28.3186 10
    endloop
  endfacet
  facet normal 0 0 1
    outer loop
      vertex 60.0522 24.8744 10
      vertex 68.3671 28.3186 10
      vertex 66.3686 32.7294 10
    endloop
  endfacet
  facet normal 0 0 1
    outer loop
      vertex 71.4785 19.1526 10
      vertex 62.7852 16.8232 10
      vertex 63.751 12.6809 10
    endloop
  endfacet
  facet normal 0 0 1
    outer loop
      vertex 72 8 10
      vertex 64.4439 8.4842 10
      vertex 64.4916 8 10
    endloop
  endfacet
  facet normal 0 0 1
    outer loop
      vertex 58.2967 28.7488 10
      vertex 66.3686 32.7294 10
      vertex 64.0859 37 10
    endloop
  endfacet
  facet normal 0 0 1
    outer loop
      vertex 72 8 10
      vertex 63.751 12.6809 10
      vertex 64.4439 8.4842 10
    endloop
  endfacet
  facet normal 0 0 1
    outer loop
      vertex 72.5781 14.4367 10
      vertex 63.751 12.6809 10
      vertex 72 8 10
    endloop
  endfacet
  facet normal 0 0 1
    outer loop
      vertex 70.0728 23.7865 10
      vertex 61.5505 20.8936 10
      vertex 62.7852 16.8232 10
    endloop
  endfacet
  facet normal 0 0 1
    outer loop
      vertex 56.2916 32.5 10
      vertex 64.0859 37 10
      vertex 61.5288 41.1122 10
    endloop
  endfacet
  facet normal 0 0 1
    outer loop
      vertex 68.3671 28.3186 10
      vertex 60.0522 24.8744 10
      vertex 61.5505 20.8936 10
    endloop
  endfacet
  facet normal 0 0 1
    outer loop
      vertex 54.0455 36.1121 10
      vertex 61.5288 41.1122 10
      vertex 58.7081 45.0483 10
    endloop
  endfacet
  facet normal 0 0 1
    outer loop
      vertex 66.3686 32.7294 10
      vertex 58.2967 28.7488 10
      vertex 60.0522 24.8744 10
    endloop
  endfacet
  facet normal 0 0 1
    outer loop
      vertex 64.0859 37 10
      vertex 56.2916 32.5 10
      vertex 58.2967 28.7488 10
    endloop
  endfacet
  facet normal 0 0 1
    outer loop
      vertex 51.568 39.5695 10
      vertex 58.7081 45.0483 10
      vertex 55.6361 48.7916 10
    endloop
  endfacet
  facet normal 0 0 1
    outer loop
      vertex 61.5288 41.1122 10
      vertex 54.0455 36.1121 10
      vertex 56.2916 32.5 10
    endloop
  endfacet
  facet normal 0 0 1
    outer loop
      vertex 48.8696 42.8575 10
      vertex 55.6361 48.7916 10
      vertex 52.3259 52.3259 10
    endloop
  endfacet
  facet normal 0 0 1
    outer loop
      vertex 58.7081 45.0483 10
      vertex 51.568 39.5695 10
      vertex 54.0455 36.1121 10
    endloop
  endfacet
  facet normal 0 0 1
    outer loop
      vertex 55.6361 48.7916 10
      vertex 48.8696 42.8575 10
      vertex 51.568 39.5695 10
    endloop
  endfacet
  facet normal 0 0 1
    outer loop
      vertex 45.9619 45.9619 10
      vertex 52.3259 52.3259 10
      vertex 48.7916 55.6361 10
    endloop
  endfacet
  facet normal 0 0 1
    outer loop
      vertex 52.3259 52.3259 10
      vertex 45.9619 45.9619 10
      vertex 48.8696 42.8575 10
    endloop
  endfacet
  facet normal 0 0 1
    outer loop
      vertex 42.8575 48.8696 10
      vertex 48.7916 55.6361 10
      vertex 45.0483 58.7081 10
    endloop
  endfacet
  facet normal 0 0 1
    outer loop
      vertex 48.7916 55.6361 10
      vertex 42.8575 48.8696 10
      vertex 45.9619 45.9619 10
    endloop
  endfacet
  facet normal 0 0 1
    outer loop
      vertex 39.5695 51.568 10
      vertex 45.0483 58.7081 10
      vertex 41.1122 61.5288 10
    endloop
  endfacet
  facet normal 0 0 1
    outer loop
      vertex 45.0483 58.7081 10
      vertex 39.5695 51.568 10
      vertex 42.8575 48.8696 10
    endloop
  endfacet
  facet normal -0 0 1
    outer loop
      vertex 38.4135 63.1414 10
      vertex 41.1122 61.5288 10
      vertex 38.4429 63.1886 10
    endloop
  endfacet
  facet normal -0 0 1
    outer loop
      vertex 38.3487 63.051 10
      vertex 41.1122 61.5288 10
      vertex 38.4135 63.1414 10
    endloop
  endfacet
  facet normal -0 0 1
    outer loop
      vertex 38.2781 62.965 10
      vertex 41.1122 61.5288 10
      vertex 38.3487 63.051 10
    endloop
  endfacet
  facet normal -0 0 1
    outer loop
      vertex 38.2021 62.8838 10
      vertex 41.1122 61.5288 10
      vertex 38.2781 62.965 10
    endloop
  endfacet
  facet normal -0 0 1
    outer loop
      vertex 38.1209 62.8078 10
      vertex 41.1122 61.5288 10
      vertex 38.2021 62.8838 10
    endloop
  endfacet
  facet normal -0 0 1
    outer loop
      vertex 38.0349 62.7372 10
      vertex 41.1122 61.5288 10
      vertex 38.1209 62.8078 10
    endloop
  endfacet
  facet normal -0 0 1
    outer loop
      vertex 37.9445 62.6724 10
      vertex 41.1122 61.5288 10
      vertex 38.0349 62.7372 10
    endloop
  endfacet
  facet normal -0 0 1
    outer loop
      vertex 37.85 62.6136 10
      vertex 41.1122 61.5288 10
      vertex 37.9445 62.6724 10
    endloop
  endfacet
  facet normal -0 0 1
    outer loop
      vertex 37.7519 62.5612 10
      vertex 41.1122 61.5288 10
      vertex 37.85 62.6136 10
    endloop
  endfacet
  facet normal -0 0 1
    outer loop
      vertex 37.6506 62.5153 10
      vertex 41.1122 61.5288 10
      vertex 37.7519 62.5612 10
    endloop
  endfacet
  facet normal -0 0 1
    outer loop
      vertex 37.5464 62.4761 10
      vertex 41.1122 61.5288 10
      vertex 37.6506 62.5153 10
    endloop
  endfacet
  facet normal -0 0 1
    outer loop
      vertex 37.44 62.4438 10
      vertex 41.1122 61.5288 10
      vertex 37.5464 62.4761 10
    endloop
  endfacet
  facet normal -0 0 1
    outer loop
      vertex 37.3317 62.4185 10
      vertex 41.1122 61.5288 10
      vertex 37.44 62.4438 10
    endloop
  endfacet
  facet normal 0 0 1
    outer loop
      vertex 41.1122 61.5288 10
      vertex 37.3317 62.4185 10
      vertex 36.1121 54.0455 10
    endloop
  endfacet
  facet normal 0 0 1
    outer loop
      vertex 36.1121 54.0455 10
      vertex 37.3317 62.4185 10
      vertex 37.2219 62.4004 10
    endloop
  endfacet
  facet normal 0 0 1
    outer loop
      vertex 36.1121 54.0455 10
      vertex 37.2219 62.4004 10
      vertex 37.1112 62.3895 10
    endloop
  endfacet
  facet normal 0 0 1
    outer loop
      vertex 36.1121 54.0455 10
      vertex 37.1112 62.3895 10
      vertex 37 62.3859 10
    endloop
  endfacet
  facet normal 0 0 1
    outer loop
      vertex 36.1121 54.0455 10
      vertex 37 62.3859 10
      vertex 36.8888 62.3895 10
    endloop
  endfacet
  facet normal 0 0 1
    outer loop
      vertex 36.1121 54.0455 10
      vertex 36.8888 62.3895 10
      vertex 36.7781 62.4004 10
    endloop
  endfacet
  facet normal 0 0 1
    outer loop
      vertex 32.5 56.2916 10
      vertex 36.7781 62.4004 10
      vertex 36.6683 62.4185 10
    endloop
  endfacet
  facet normal 0 0 1
    outer loop
      vertex 32.5 56.2916 10
      vertex 36.6683 62.4185 10
      vertex 36.56 62.4438 10
    endloop
  endfacet
  facet normal 0 0 1
    outer loop
      vertex 32.5 56.2916 10
      vertex 36.56 62.4438 10
      vertex 36.4536 62.4761 10
    endloop
  endfacet
  facet normal 0 0 1
    outer loop
      vertex 32.5 56.2916 10
      vertex 36.4536 62.4761 10
      vertex 36.3494 62.5153 10
    endloop
  endfacet
  facet normal 0 0 1
    outer loop
      vertex 32.5 56.2916 10
      vertex 36.3494 62.5153 10
      vertex 36.2481 62.5612 10
    endloop
  endfacet
  facet normal 0 0 1
    outer loop
      vertex 32.5 56.2916 10
      vertex 36.2481 62.5612 10
      vertex 36.15 62.6136 10
    endloop
  endfacet
  facet normal 0 0 1
    outer loop
      vertex 41.1122 61.5288 10
      vertex 36.1121 54.0455 10
      vertex 39.5695 51.568 10
    endloop
  endfacet
  facet normal 0 0 1
    outer loop
      vertex 32.5 56.2916 10
      vertex 36.15 62.6136 10
      vertex 36.0555 62.6724 10
    endloop
  endfacet
  facet normal 0 0 1
    outer loop
      vertex 32.5 56.2916 10
      vertex 36.0555 62.6724 10
      vertex 35.9651 62.7372 10
    endloop
  endfacet
  facet normal 0 0 1
    outer loop
      vertex 32.5 56.2916 10
      vertex 35.9651 62.7372 10
      vertex 35.8791 62.8078 10
    endloop
  endfacet
  facet normal 0 0 1
    outer loop
      vertex 32.5 56.2916 10
      vertex 35.8791 62.8078 10
      vertex 35.7979 62.8838 10
    endloop
  endfacet
  facet normal 0 0 1
    outer loop
      vertex 32.5 56.2916 10
      vertex 35.7979 62.8838 10
      vertex 35.7219 62.965 10
    endloop
  endfacet
  facet normal 0 0 1
    outer loop
      vertex 32.5 56.2916 10
      vertex 35.7219 62.965 10
      vertex 35.6513 63.051 10
    endloop
  endfacet
  facet normal 0 0 1
    outer loop
      vertex 28.7488 58.2967 10
      vertex 35.6513 63.051 10
      vertex 35.5865 63.1414 10
    endloop
  endfacet
  facet normal 0 0 1
    outer loop
      vertex 28.7488 58.2967 10
      vertex 35.5865 63.1414 10
      vertex 35.5278 63.2359 10
    endloop
  endfacet
  facet normal 0 0 1
    outer loop
      vertex 28.7488 58.2967 10
      vertex 35.5278 63.2359 10
      vertex 35.4753 63.334 10
    endloop
  endfacet
  facet normal 0 0 1
    outer loop
      vertex 28.7488 58.2967 10
      vertex 35.4753 63.334 10
      vertex 35.4294 63.4353 10
    endloop
  endfacet
  facet normal 0 0 1
    outer loop
      vertex 28.7488 58.2967 10
      vertex 35.4294 63.4353 10
      vertex 35.3902 63.5394 10
    endloop
  endfacet
  facet normal 0 0 1
    outer loop
      vertex 32.7294 66.3686 10
      vertex 35.3902 63.5394 10
      vertex 35.3579 63.6459 10
    endloop
  endfacet
  facet normal 0 0 1
    outer loop
      vertex 32.7294 66.3686 10
      vertex 35.3579 63.6459 10
      vertex 35.3327 63.7542 10
    endloop
  endfacet
  facet normal 0 0 1
    outer loop
      vertex 32.7294 66.3686 10
      vertex 35.3327 63.7542 10
      vertex 35.3145 63.864 10
    endloop
  endfacet
  facet normal 0 0 1
    outer loop
      vertex 32.7294 66.3686 10
      vertex 35.3145 63.864 10
      vertex 35.3036 63.9747 10
    endloop
  endfacet
  facet normal 0 0 1
    outer loop
      vertex 32.7294 66.3686 10
      vertex 35.3036 63.9747 10
      vertex 35.3 64.0859 10
    endloop
  endfacet
  facet normal 0 0 1
    outer loop
      vertex 35.3902 63.5394 10
      vertex 32.7294 66.3686 10
      vertex 28.7488 58.2967 10
    endloop
  endfacet
  facet normal 0 0 1
    outer loop
      vertex 36.7781 62.4004 10
      vertex 32.5 56.2916 10
      vertex 36.1121 54.0455 10
    endloop
  endfacet
  facet normal 0 0 1
    outer loop
      vertex 35.6513 63.051 10
      vertex 28.7488 58.2967 10
      vertex 32.5 56.2916 10
    endloop
  endfacet
  facet normal 0 0 1
    outer loop
      vertex 28.3186 68.3671 10
      vertex 28.7488 58.2967 10
      vertex 32.7294 66.3686 10
    endloop
  endfacet
  facet normal 0 0 1
    outer loop
      vertex 28.3186 68.3671 10
      vertex 24.8744 60.0522 10
      vertex 28.7488 58.2967 10
    endloop
  endfacet
  facet normal 0 0 1
    outer loop
      vertex 23.7865 70.0728 10
      vertex 24.8744 60.0522 10
      vertex 28.3186 68.3671 10
    endloop
  endfacet
  facet normal 0 0 1
    outer loop
      vertex 23.7865 70.0728 10
      vertex 20.8936 61.5505 10
      vertex 24.8744 60.0522 10
    endloop
  endfacet
  facet normal 0 0 1
    outer loop
      vertex 19.1526 71.4785 10
      vertex 20.8936 61.5505 10
      vertex 23.7865 70.0728 10
    endloop
  endfacet
  facet normal 0 0 1
    outer loop
      vertex 19.1526 71.4785 10
      vertex 16.8232 62.7852 10
      vertex 20.8936 61.5505 10
    endloop
  endfacet
  facet normal 0 0 1
    outer loop
      vertex 14.4367 72.5781 10
      vertex 16.8232 62.7852 10
      vertex 19.1526 71.4785 10
    endloop
  endfacet
  facet normal 0 0 1
    outer loop
      vertex 14.4367 72.5781 10
      vertex 12.6809 63.751 10
      vertex 16.8232 62.7852 10
    endloop
  endfacet
  facet normal 0 0 1
    outer loop
      vertex 9.65894 73.3669 10
      vertex 12.6809 63.751 10
      vertex 14.4367 72.5781 10
    endloop
  endfacet
  facet normal 0 0 1
    outer loop
      vertex 9.65894 73.3669 10
      vertex 8.4842 64.4439 10
      vertex 12.6809 63.751 10
    endloop
  endfacet
  facet normal 0 0 1
    outer loop
      vertex 4.83983 73.8416 10
      vertex 8.4842 64.4439 10
      vertex 9.65894 73.3669 10
    endloop
  endfacet
  facet normal 0 0 1
    outer loop
      vertex 4.83983 73.8416 10
      vertex 4.2512 64.8608 10
      vertex 8.4842 64.4439 10
    endloop
  endfacet
  facet normal 0 0 1
    outer loop
      vertex 0 74 10
      vertex 4.2512 64.8608 10
      vertex 4.83983 73.8416 10
    endloop
  endfacet
  facet normal 0 0 1
    outer loop
      vertex 0 74 10
      vertex 0 65 10
      vertex 4.2512 64.8608 10
    endloop
  endfacet
  facet normal 0 0 1
    outer loop
      vertex 0 74 10
      vertex -4.2512 64.8608 10
      vertex 0 65 10
    endloop
  endfacet
  facet normal -0 0 1
    outer loop
      vertex -4.83983 73.8416 10
      vertex -4.2512 64.8608 10
      vertex 0 74 10
    endloop
  endfacet
  facet normal 0 0 1
    outer loop
      vertex -4.83983 73.8416 10
      vertex -8.4842 64.4439 10
      vertex -4.2512 64.8608 10
    endloop
  endfacet
  facet normal -0 0 1
    outer loop
      vertex -9.65894 73.3669 10
      vertex -8.4842 64.4439 10
      vertex -4.83983 73.8416 10
    endloop
  endfacet
  facet normal 0 0 1
    outer loop
      vertex -9.65894 73.3669 10
      vertex -12.6809 63.751 10
      vertex -8.4842 64.4439 10
    endloop
  endfacet
  facet normal -0 0 1
    outer loop
      vertex -14.4367 72.5781 10
      vertex -12.6809 63.751 10
      vertex -9.65894 73.3669 10
    endloop
  endfacet
  facet normal 0 0 1
    outer loop
      vertex -14.4367 72.5781 10
      vertex -16.8232 62.7852 10
      vertex -12.6809 63.751 10
    endloop
  endfacet
  facet normal -0 0 1
    outer loop
      vertex -19.1526 71.4785 10
      vertex -16.8232 62.7852 10
      vertex -14.4367 72.5781 10
    endloop
  endfacet
  facet normal 0 0 1
    outer loop
      vertex -19.1526 71.4785 10
      vertex -20.8936 61.5505 10
      vertex -16.8232 62.7852 10
    endloop
  endfacet
  facet normal -0 0 1
    outer loop
      vertex -23.7865 70.0728 10
      vertex -20.8936 61.5505 10
      vertex -19.1526 71.4785 10
    endloop
  endfacet
  facet normal 0 0 1
    outer loop
      vertex -23.7865 70.0728 10
      vertex -24.8744 60.0522 10
      vertex -20.8936 61.5505 10
    endloop
  endfacet
  facet normal -0 0 1
    outer loop
      vertex -28.3186 68.3671 10
      vertex -24.8744 60.0522 10
      vertex -23.7865 70.0728 10
    endloop
  endfacet
  facet normal 0 0 1
    outer loop
      vertex -28.3186 68.3671 10
      vertex -28.7488 58.2967 10
      vertex -24.8744 60.0522 10
    endloop
  endfacet
  facet normal -0 0 1
    outer loop
      vertex -32.7294 66.3686 10
      vertex -28.7488 58.2967 10
      vertex -28.3186 68.3671 10
    endloop
  endfacet
  facet normal -0 0 1
    outer loop
      vertex -35.3902 63.5394 10
      vertex -28.7488 58.2967 10
      vertex -32.7294 66.3686 10
    endloop
  endfacet
  facet normal 0 0 1
    outer loop
      vertex -35.3036 63.9747 10
      vertex -32.7294 66.3686 10
      vertex -35.3 64.0859 10
    endloop
  endfacet
  facet normal 0 0 1
    outer loop
      vertex -35.3145 63.864 10
      vertex -32.7294 66.3686 10
      vertex -35.3036 63.9747 10
    endloop
  endfacet
  facet normal 0 0 1
    outer loop
      vertex -35.3327 63.7542 10
      vertex -32.7294 66.3686 10
      vertex -35.3145 63.864 10
    endloop
  endfacet
  facet normal 0 0 1
    outer loop
      vertex -35.3579 63.6459 10
      vertex -32.7294 66.3686 10
      vertex -35.3327 63.7542 10
    endloop
  endfacet
  facet normal 0 0 1
    outer loop
      vertex -35.3902 63.5394 10
      vertex -32.7294 66.3686 10
      vertex -35.3579 63.6459 10
    endloop
  endfacet
  facet normal 0 0 1
    outer loop
      vertex -28.7488 58.2967 10
      vertex -35.3902 63.5394 10
      vertex -35.4294 63.4353 10
    endloop
  endfacet
  facet normal -0 0 1
    outer loop
      vertex -35.4753 63.334 10
      vertex -28.7488 58.2967 10
      vertex -35.4294 63.4353 10
    endloop
  endfacet
  facet normal -0 0 1
    outer loop
      vertex -35.5278 63.2359 10
      vertex -28.7488 58.2967 10
      vertex -35.4753 63.334 10
    endloop
  endfacet
  facet normal -0 0 1
    outer loop
      vertex -35.5865 63.1414 10
      vertex -28.7488 58.2967 10
      vertex -35.5278 63.2359 10
    endloop
  endfacet
  facet normal -0 0 1
    outer loop
      vertex -35.6513 63.051 10
      vertex -28.7488 58.2967 10
      vertex -35.5865 63.1414 10
    endloop
  endfacet
  facet normal 0 0 1
    outer loop
      vertex -28.7488 58.2967 10
      vertex -35.6513 63.051 10
      vertex -32.5 56.2916 10
    endloop
  endfacet
  facet normal -0 0 1
    outer loop
      vertex -35.7219 62.965 10
      vertex -32.5 56.2916 10
      vertex -35.6513 63.051 10
    endloop
  endfacet
  facet normal -0 0 1
    outer loop
      vertex -35.7979 62.8838 10
      vertex -32.5 56.2916 10
      vertex -35.7219 62.965 10
    endloop
  endfacet
  facet normal -0 0 1
    outer loop
      vertex -35.8791 62.8078 10
      vertex -32.5 56.2916 10
      vertex -35.7979 62.8838 10
    endloop
  endfacet
  facet normal -0 0 1
    outer loop
      vertex -35.9651 62.7372 10
      vertex -32.5 56.2916 10
      vertex -35.8791 62.8078 10
    endloop
  endfacet
  facet normal -0 0 1
    outer loop
      vertex -36.0555 62.6724 10
      vertex -32.5 56.2916 10
      vertex -35.9651 62.7372 10
    endloop
  endfacet
  facet normal -0 0 1
    outer loop
      vertex -36.15 62.6136 10
      vertex -32.5 56.2916 10
      vertex -36.0555 62.6724 10
    endloop
  endfacet
  facet normal -0 0 1
    outer loop
      vertex -36.2481 62.5612 10
      vertex -32.5 56.2916 10
      vertex -36.15 62.6136 10
    endloop
  endfacet
  facet normal -0 0 1
    outer loop
      vertex -36.3494 62.5153 10
      vertex -32.5 56.2916 10
      vertex -36.2481 62.5612 10
    endloop
  endfacet
  facet normal -0 0 1
    outer loop
      vertex -36.4536 62.4761 10
      vertex -32.5 56.2916 10
      vertex -36.3494 62.5153 10
    endloop
  endfacet
  facet normal -0 0 1
    outer loop
      vertex -36.56 62.4438 10
      vertex -32.5 56.2916 10
      vertex -36.4536 62.4761 10
    endloop
  endfacet
  facet normal -0 0 1
    outer loop
      vertex -36.6683 62.4185 10
      vertex -32.5 56.2916 10
      vertex -36.56 62.4438 10
    endloop
  endfacet
  facet normal -0 0 1
    outer loop
      vertex -36.7781 62.4004 10
      vertex -32.5 56.2916 10
      vertex -36.6683 62.4185 10
    endloop
  endfacet
  facet normal 0 0 1
    outer loop
      vertex -32.5 56.2916 10
      vertex -36.7781 62.4004 10
      vertex -36.1121 54.0455 10
    endloop
  endfacet
  facet normal -0 0 1
    outer loop
      vertex -36.8888 62.3895 10
      vertex -36.1121 54.0455 10
      vertex -36.7781 62.4004 10
    endloop
  endfacet
  facet normal -0 0 1
    outer loop
      vertex -37 62.3859 10
      vertex -36.1121 54.0455 10
      vertex -36.8888 62.3895 10
    endloop
  endfacet
  facet normal 0 0 1
    outer loop
      vertex -37.1112 62.3895 10
      vertex -36.1121 54.0455 10
      vertex -37 62.3859 10
    endloop
  endfacet
  facet normal 0 0 1
    outer loop
      vertex -37.2219 62.4004 10
      vertex -36.1121 54.0455 10
      vertex -37.1112 62.3895 10
    endloop
  endfacet
  facet normal 0 0 1
    outer loop
      vertex -37.3317 62.4185 10
      vertex -36.1121 54.0455 10
      vertex -37.2219 62.4004 10
    endloop
  endfacet
  facet normal 0 0 1
    outer loop
      vertex -41.1122 61.5288 10
      vertex -37.3317 62.4185 10
      vertex -37.44 62.4438 10
    endloop
  endfacet
  facet normal 0 0 1
    outer loop
      vertex -41.1122 61.5288 10
      vertex -37.44 62.4438 10
      vertex -37.5464 62.4761 10
    endloop
  endfacet
  facet normal 0 0 1
    outer loop
      vertex -41.1122 61.5288 10
      vertex -37.5464 62.4761 10
      vertex -37.6506 62.5153 10
    endloop
  endfacet
  facet normal 0 0 1
    outer loop
      vertex -41.1122 61.5288 10
      vertex -37.6506 62.5153 10
      vertex -37.7519 62.5612 10
    endloop
  endfacet
  facet normal 0 0 1
    outer loop
      vertex -41.1122 61.5288 10
      vertex -37.7519 62.5612 10
      vertex -37.85 62.6136 10
    endloop
  endfacet
  facet normal 0 0 1
    outer loop
      vertex -41.1122 61.5288 10
      vertex -37.85 62.6136 10
      vertex -37.9445 62.6724 10
    endloop
  endfacet
  facet normal 0 0 1
    outer loop
      vertex -41.1122 61.5288 10
      vertex -37.9445 62.6724 10
      vertex -38.0349 62.7372 10
    endloop
  endfacet
  facet normal 0 0 1
    outer loop
      vertex -41.1122 61.5288 10
      vertex -38.0349 62.7372 10
      vertex -38.1209 62.8078 10
    endloop
  endfacet
  facet normal 0 0 1
    outer loop
      vertex -41.1122 61.5288 10
      vertex -38.1209 62.8078 10
      vertex -38.2021 62.8838 10
    endloop
  endfacet
  facet normal 0 0 1
    outer loop
      vertex -41.1122 61.5288 10
      vertex -38.2021 62.8838 10
      vertex -38.2781 62.965 10
    endloop
  endfacet
  facet normal 0 0 1
    outer loop
      vertex -41.1122 61.5288 10
      vertex -38.2781 62.965 10
      vertex -38.3487 63.051 10
    endloop
  endfacet
  facet normal 0 0 1
    outer loop
      vertex -41.1122 61.5288 10
      vertex -38.3487 63.051 10
      vertex -38.4135 63.1414 10
    endloop
  endfacet
  facet normal 0 0 1
    outer loop
      vertex -41.1122 61.5288 10
      vertex -38.4135 63.1414 10
      vertex -38.4429 63.1886 10
    endloop
  endfacet
  facet normal 0 0 1
    outer loop
      vertex -37.3317 62.4185 10
      vertex -41.1122 61.5288 10
      vertex -36.1121 54.0455 10
    endloop
  endfacet
  facet normal 0 0 1
    outer loop
      vertex -36.1121 54.0455 10
      vertex -41.1122 61.5288 10
      vertex -39.5695 51.568 10
    endloop
  endfacet
  facet normal -0 0 1
    outer loop
      vertex -45.0483 58.7081 10
      vertex -39.5695 51.568 10
      vertex -41.1122 61.5288 10
    endloop
  endfacet
  facet normal 0 0 1
    outer loop
      vertex -39.5695 51.568 10
      vertex -45.0483 58.7081 10
      vertex -42.8575 48.8696 10
    endloop
  endfacet
  facet normal -0 0 1
    outer loop
      vertex -48.7916 55.6361 10
      vertex -42.8575 48.8696 10
      vertex -45.0483 58.7081 10
    endloop
  endfacet
  facet normal 0 0 1
    outer loop
      vertex -42.8575 48.8696 10
      vertex -48.7916 55.6361 10
      vertex -45.9619 45.9619 10
    endloop
  endfacet
  facet normal -0 0 1
    outer loop
      vertex -52.3259 52.3259 10
      vertex -45.9619 45.9619 10
      vertex -48.7916 55.6361 10
    endloop
  endfacet
  facet normal 0 -0 1
    outer loop
      vertex -49.4746 42.6745 10
      vertex -45.9619 45.9619 10
      vertex -52.3259 52.3259 10
    endloop
  endfacet
  facet normal 0 0 1
    outer loop
      vertex -45.9619 45.9619 10
      vertex -49.3731 42.7005 10
      vertex -48.8696 42.8575 10
    endloop
  endfacet
  facet normal 0 0 1
    outer loop
      vertex -48.8696 42.8575 10
      vertex -49.0617 42.738 10
      vertex -48.9685 42.737 10
    endloop
  endfacet
  facet normal 0 0 1
    outer loop
      vertex -48.8696 42.8575 10
      vertex -49.1663 42.7323 10
      vertex -49.0617 42.738 10
    endloop
  endfacet
  facet normal 0 0 1
    outer loop
      vertex -48.8696 42.8575 10
      vertex -49.2702 42.7198 10
      vertex -49.1663 42.7323 10
    endloop
  endfacet
  facet normal 0 0 1
    outer loop
      vertex -48.8696 42.8575 10
      vertex -49.3731 42.7005 10
      vertex -49.2702 42.7198 10
    endloop
  endfacet
  facet normal 0 0 1
    outer loop
      vertex -45.9619 45.9619 10
      vertex -49.4746 42.6745 10
      vertex -49.3731 42.7005 10
    endloop
  endfacet
  facet normal -0 0 1
    outer loop
      vertex -55.6361 48.7916 10
      vertex -49.4746 42.6745 10
      vertex -52.3259 52.3259 10
    endloop
  endfacet
  facet normal 0 0 1
    outer loop
      vertex -49.4746 42.6745 10
      vertex -55.6361 48.7916 10
      vertex -49.5741 42.6419 10
    endloop
  endfacet
  facet normal 0 0 1
    outer loop
      vertex -49.5741 42.6419 10
      vertex -55.6361 48.7916 10
      vertex -49.6712 42.6029 10
    endloop
  endfacet
  facet normal 0 0 1
    outer loop
      vertex -49.6712 42.6029 10
      vertex -55.6361 48.7916 10
      vertex -49.7656 42.5576 10
    endloop
  endfacet
  facet normal 0 0 1
    outer loop
      vertex -49.7656 42.5576 10
      vertex -55.6361 48.7916 10
      vertex -49.8569 42.5063 10
    endloop
  endfacet
  facet normal 0 0 1
    outer loop
      vertex -49.8569 42.5063 10
      vertex -55.6361 48.7916 10
      vertex -49.9446 42.4491 10
    endloop
  endfacet
  facet normal 0 0 1
    outer loop
      vertex -49.9446 42.4491 10
      vertex -55.6361 48.7916 10
      vertex -50.0283 42.3862 10
    endloop
  endfacet
  facet normal 0 0 1
    outer loop
      vertex -50.0283 42.3862 10
      vertex -55.6361 48.7916 10
      vertex -50.1078 42.3181 10
    endloop
  endfacet
  facet normal 0 0 1
    outer loop
      vertex -50.1078 42.3181 10
      vertex -55.6361 48.7916 10
      vertex -50.1826 42.2448 10
    endloop
  endfacet
  facet normal 0 0 1
    outer loop
      vertex -50.1826 42.2448 10
      vertex -55.6361 48.7916 10
      vertex -50.2525 42.1669 10
    endloop
  endfacet
  facet normal 0 0 1
    outer loop
      vertex -50.2525 42.1669 10
      vertex -55.6361 48.7916 10
      vertex -50.3172 42.0845 10
    endloop
  endfacet
  facet normal 0 0 1
    outer loop
      vertex -50.3172 42.0845 10
      vertex -55.6361 48.7916 10
      vertex -50.3763 41.9981 10
    endloop
  endfacet
  facet normal -0 0 1
    outer loop
      vertex -58.7081 45.0483 10
      vertex -50.3763 41.9981 10
      vertex -55.6361 48.7916 10
    endloop
  endfacet
  facet normal 0 0 1
    outer loop
      vertex -50.3763 41.9981 10
      vertex -58.7081 45.0483 10
      vertex -50.4296 41.908 10
    endloop
  endfacet
  facet normal 0 0 1
    outer loop
      vertex -50.4296 41.908 10
      vertex -58.7081 45.0483 10
      vertex -50.4769 41.8146 10
    endloop
  endfacet
  facet normal 0 0 1
    outer loop
      vertex -50.4769 41.8146 10
      vertex -58.7081 45.0483 10
      vertex -50.5181 41.7183 10
    endloop
  endfacet
  facet normal 0 0 1
    outer loop
      vertex -50.5181 41.7183 10
      vertex -58.7081 45.0483 10
      vertex -50.5528 41.6195 10
    endloop
  endfacet
  facet normal 0 0 1
    outer loop
      vertex -50.6253 41.2082 10
      vertex -51.568 39.5695 10
      vertex -50.6265 41.1035 10
    endloop
  endfacet
  facet normal 0 0 1
    outer loop
      vertex -50.6173 41.3126 10
      vertex -51.568 39.5695 10
      vertex -50.6253 41.2082 10
    endloop
  endfacet
  facet normal 0 0 1
    outer loop
      vertex -50.5528 41.6195 10
      vertex -58.7081 45.0483 10
      vertex -50.581 41.5187 10
    endloop
  endfacet
  facet normal 0 -0 1
    outer loop
      vertex -51.568 39.5695 10
      vertex -50.581 41.5187 10
      vertex -58.7081 45.0483 10
    endloop
  endfacet
  facet normal 0 0 1
    outer loop
      vertex -50.581 41.5187 10
      vertex -51.568 39.5695 10
      vertex -50.6025 41.4162 10
    endloop
  endfacet
  facet normal 0 0 1
    outer loop
      vertex -50.6025 41.4162 10
      vertex -51.568 39.5695 10
      vertex -50.6173 41.3126 10
    endloop
  endfacet
  facet normal 0 0 1
    outer loop
      vertex -51.568 39.5695 10
      vertex -58.7081 45.0483 10
      vertex -54.0455 36.1121 10
    endloop
  endfacet
  facet normal -0 0 1
    outer loop
      vertex -61.5288 41.1122 10
      vertex -54.0455 36.1121 10
      vertex -58.7081 45.0483 10
    endloop
  endfacet
  facet normal 0 0 1
    outer loop
      vertex -54.0455 36.1121 10
      vertex -61.5288 41.1122 10
      vertex -56.2916 32.5 10
    endloop
  endfacet
  facet normal -0 0 1
    outer loop
      vertex -64.0859 37 10
      vertex -56.2916 32.5 10
      vertex -61.5288 41.1122 10
    endloop
  endfacet
  facet normal 0 0 1
    outer loop
      vertex -56.2916 32.5 10
      vertex -64.0859 37 10
      vertex -58.2967 28.7488 10
    endloop
  endfacet
  facet normal -0 0 1
    outer loop
      vertex -66.3686 32.7294 10
      vertex -58.2967 28.7488 10
      vertex -64.0859 37 10
    endloop
  endfacet
  facet normal 0 0 1
    outer loop
      vertex -58.2967 28.7488 10
      vertex -66.3686 32.7294 10
      vertex -60.0522 24.8744 10
    endloop
  endfacet
  facet normal -0 0 1
    outer loop
      vertex -68.3671 28.3186 10
      vertex -60.0522 24.8744 10
      vertex -66.3686 32.7294 10
    endloop
  endfacet
  facet normal 0 0 1
    outer loop
      vertex -60.0522 24.8744 10
      vertex -68.3671 28.3186 10
      vertex -61.5505 20.8936 10
    endloop
  endfacet
  facet normal -0 0 1
    outer loop
      vertex -70.0728 23.7865 10
      vertex -61.5505 20.8936 10
      vertex -68.3671 28.3186 10
    endloop
  endfacet
  facet normal 0 0 1
    outer loop
      vertex -61.5505 20.8936 10
      vertex -70.0728 23.7865 10
      vertex -62.7852 16.8232 10
    endloop
  endfacet
  facet normal -0 0 1
    outer loop
      vertex -71.4785 19.1526 10
      vertex -62.7852 16.8232 10
      vertex -70.0728 23.7865 10
    endloop
  endfacet
  facet normal 0 0 1
    outer loop
      vertex -62.7852 16.8232 10
      vertex -71.4785 19.1526 10
      vertex -63.751 12.6809 10
    endloop
  endfacet
  facet normal 0 0 1
    outer loop
      vertex 73.8888 -1.69636 10
      vertex 73.8416 -4.83983 10
      vertex 73.9444 -1.69818 10
    endloop
  endfacet
  facet normal 0 0 1
    outer loop
      vertex 73.7781 -1.68546 10
      vertex 73.8416 -4.83983 10
      vertex 73.8888 -1.69636 10
    endloop
  endfacet
  facet normal 0 0 1
    outer loop
      vertex 73.6684 -1.66733 10
      vertex 73.8416 -4.83983 10
      vertex 73.7781 -1.68546 10
    endloop
  endfacet
  facet normal 0 0 1
    outer loop
      vertex 73.56 -1.64207 10
      vertex 73.8416 -4.83983 10
      vertex 73.6684 -1.66733 10
    endloop
  endfacet
  facet normal 0 0 1
    outer loop
      vertex 73.4536 -1.60978 10
      vertex 73.8416 -4.83983 10
      vertex 73.56 -1.64207 10
    endloop
  endfacet
  facet normal 0 0 1
    outer loop
      vertex 73.3494 -1.57059 10
      vertex 73.8416 -4.83983 10
      vertex 73.4536 -1.60978 10
    endloop
  endfacet
  facet normal 0 0 1
    outer loop
      vertex 73.2481 -1.52468 10
      vertex 73.8416 -4.83983 10
      vertex 73.3494 -1.57059 10
    endloop
  endfacet
  facet normal 0 0 1
    outer loop
      vertex 73.15 -1.47224 10
      vertex 73.8416 -4.83983 10
      vertex 73.2481 -1.52468 10
    endloop
  endfacet
  facet normal 0 0 1
    outer loop
      vertex 73.0555 -1.4135 10
      vertex 73.8416 -4.83983 10
      vertex 73.15 -1.47224 10
    endloop
  endfacet
  facet normal 0 0 1
    outer loop
      vertex 72.9651 -1.3487 10
      vertex 73.8416 -4.83983 10
      vertex 73.0555 -1.4135 10
    endloop
  endfacet
  facet normal 0 0 1
    outer loop
      vertex 72.8791 -1.27813 10
      vertex 73.8416 -4.83983 10
      vertex 72.9651 -1.3487 10
    endloop
  endfacet
  facet normal 0 0 1
    outer loop
      vertex 72.7979 -1.20208 10
      vertex 73.8416 -4.83983 10
      vertex 72.8791 -1.27813 10
    endloop
  endfacet
  facet normal 0 0 1
    outer loop
      vertex 72.7219 -1.12089 10
      vertex 73.8416 -4.83983 10
      vertex 72.7979 -1.20208 10
    endloop
  endfacet
  facet normal 0 0 1
    outer loop
      vertex 73.8416 -4.83983 10
      vertex 72.7219 -1.12089 10
      vertex 72 -8 10
    endloop
  endfacet
  facet normal 0 0 1
    outer loop
      vertex 72 -8 10
      vertex 72.7219 -1.12089 10
      vertex 72.6513 -1.03489 10
    endloop
  endfacet
  facet normal 0 0 1
    outer loop
      vertex 72 -8 10
      vertex 72.6513 -1.03489 10
      vertex 72.5865 -0.944468 10
    endloop
  endfacet
  facet normal 0 0 1
    outer loop
      vertex 73.8416 -4.83983 10
      vertex 72 -8 10
      vertex 73.3669 -9.65894 10
    endloop
  endfacet
  facet normal 0 0 1
    outer loop
      vertex 72 -8 10
      vertex 72.5865 -0.944468 10
      vertex 72.5278 -0.849999 10
    endloop
  endfacet
  facet normal 0 0 1
    outer loop
      vertex 72 -8 10
      vertex 72.5278 -0.849999 10
      vertex 72.4753 -0.75189 10
    endloop
  endfacet
  facet normal 0 0 1
    outer loop
      vertex 72 -8 10
      vertex 72.4753 -0.75189 10
      vertex 72.4294 -0.650561 10
    endloop
  endfacet
  facet normal 0 0 1
    outer loop
      vertex 72 -8 10
      vertex 72.4294 -0.650561 10
      vertex 72.3902 -0.546447 10
    endloop
  endfacet
  facet normal 0 0 1
    outer loop
      vertex 72 -8 10
      vertex 72.3902 -0.546447 10
      vertex 72.3579 -0.439992 10
    endloop
  endfacet
  facet normal 0 0 1
    outer loop
      vertex 72 -8 10
      vertex 72.3579 -0.439992 10
      vertex 72.3327 -0.331653 10
    endloop
  endfacet
  facet normal 0 0 1
    outer loop
      vertex 72 -8 10
      vertex 72.3327 -0.331653 10
      vertex 72.3145 -0.221894 10
    endloop
  endfacet
  facet normal 0 0 1
    outer loop
      vertex 72 -8 10
      vertex 72.3145 -0.221894 10
      vertex 72.3036 -0.111185 10
    endloop
  endfacet
  facet normal 0 0 1
    outer loop
      vertex 72 -8 10
      vertex 72.3036 -0.111185 10
      vertex 72.3 0 10
    endloop
  endfacet
  facet normal 0 0 1
    outer loop
      vertex 72 -8 10
      vertex 72.3 0 10
      vertex 72 8 10
    endloop
  endfacet
  facet normal 0 0 1
    outer loop
      vertex 73.3669 -9.65894 10
      vertex 72 -8 10
      vertex 72.5781 -14.4367 10
    endloop
  endfacet
  facet normal -0 0 1
    outer loop
      vertex 63.751 -12.6809 10
      vertex 72.5781 -14.4367 10
      vertex 72 -8 10
    endloop
  endfacet
  facet normal 0 0 1
    outer loop
      vertex 72.5781 -14.4367 10
      vertex 63.751 -12.6809 10
      vertex 71.4785 -19.1526 10
    endloop
  endfacet
  facet normal -0 0 1
    outer loop
      vertex 62.7852 -16.8232 10
      vertex 71.4785 -19.1526 10
      vertex 63.751 -12.6809 10
    endloop
  endfacet
  facet normal -0 0 1
    outer loop
      vertex 61.5505 -20.8936 10
      vertex 70.0728 -23.7865 10
      vertex 62.7852 -16.8232 10
    endloop
  endfacet
  facet normal 0 0 1
    outer loop
      vertex 64.4439 -8.4842 10
      vertex 72 -8 10
      vertex 64.4916 -8 10
    endloop
  endfacet
  facet normal 0 0 1
    outer loop
      vertex 63.751 -12.6809 10
      vertex 72 -8 10
      vertex 64.4439 -8.4842 10
    endloop
  endfacet
  facet normal 0 0 1
    outer loop
      vertex 71.4785 -19.1526 10
      vertex 62.7852 -16.8232 10
      vertex 70.0728 -23.7865 10
    endloop
  endfacet
  facet normal 0 0 1
    outer loop
      vertex 70.0728 -23.7865 10
      vertex 61.5505 -20.8936 10
      vertex 68.3671 -28.3186 10
    endloop
  endfacet
  facet normal -0 0 1
    outer loop
      vertex 60.0522 -24.8744 10
      vertex 68.3671 -28.3186 10
      vertex 61.5505 -20.8936 10
    endloop
  endfacet
  facet normal 0 0 1
    outer loop
      vertex 68.3671 -28.3186 10
      vertex 60.0522 -24.8744 10
      vertex 66.3686 -32.7294 10
    endloop
  endfacet
  facet normal -0 0 1
    outer loop
      vertex 58.2967 -28.7488 10
      vertex 66.3686 -32.7294 10
      vertex 60.0522 -24.8744 10
    endloop
  endfacet
  facet normal 0 0 1
    outer loop
      vertex 66.3686 -32.7294 10
      vertex 58.2967 -28.7488 10
      vertex 64.0859 -37 10
    endloop
  endfacet
  facet normal -0 0 1
    outer loop
      vertex 56.2916 -32.5 10
      vertex 64.0859 -37 10
      vertex 58.2967 -28.7488 10
    endloop
  endfacet
  facet normal 0 0 1
    outer loop
      vertex 64.0859 -37 10
      vertex 56.2916 -32.5 10
      vertex 61.5288 -41.1122 10
    endloop
  endfacet
  facet normal -0 0 1
    outer loop
      vertex 54.0455 -36.1121 10
      vertex 61.5288 -41.1122 10
      vertex 56.2916 -32.5 10
    endloop
  endfacet
  facet normal 0 0 1
    outer loop
      vertex 61.5288 -41.1122 10
      vertex 54.0455 -36.1121 10
      vertex 58.7081 -45.0483 10
    endloop
  endfacet
  facet normal -0 0 1
    outer loop
      vertex 51.568 -39.5695 10
      vertex 58.7081 -45.0483 10
      vertex 54.0455 -36.1121 10
    endloop
  endfacet
  facet normal 0 0 1
    outer loop
      vertex 58.7081 -45.0483 10
      vertex 51.568 -39.5695 10
      vertex 55.6361 -48.7916 10
    endloop
  endfacet
  facet normal -0 0 1
    outer loop
      vertex 48.8696 -42.8575 10
      vertex 55.6361 -48.7916 10
      vertex 51.568 -39.5695 10
    endloop
  endfacet
  facet normal 0 0 1
    outer loop
      vertex 55.6361 -48.7916 10
      vertex 48.8696 -42.8575 10
      vertex 52.3259 -52.3259 10
    endloop
  endfacet
  facet normal -0 0 1
    outer loop
      vertex 45.9619 -45.9619 10
      vertex 52.3259 -52.3259 10
      vertex 48.8696 -42.8575 10
    endloop
  endfacet
  facet normal 0 0 1
    outer loop
      vertex 52.3259 -52.3259 10
      vertex 45.9619 -45.9619 10
      vertex 48.7916 -55.6361 10
    endloop
  endfacet
  facet normal -0 0 1
    outer loop
      vertex 42.8575 -48.8696 10
      vertex 48.7916 -55.6361 10
      vertex 45.9619 -45.9619 10
    endloop
  endfacet
  facet normal 0 0 1
    outer loop
      vertex 48.7916 -55.6361 10
      vertex 42.8575 -48.8696 10
      vertex 45.0483 -58.7081 10
    endloop
  endfacet
  facet normal -0 0 1
    outer loop
      vertex 39.5695 -51.568 10
      vertex 45.0483 -58.7081 10
      vertex 42.8575 -48.8696 10
    endloop
  endfacet
  facet normal 0 0 1
    outer loop
      vertex 45.0483 -58.7081 10
      vertex 39.5695 -51.568 10
      vertex 41.1122 -61.5288 10
    endloop
  endfacet
  facet normal -0 0 1
    outer loop
      vertex 36.1121 -54.0455 10
      vertex 41.1122 -61.5288 10
      vertex 39.5695 -51.568 10
    endloop
  endfacet
  facet normal 0 0 1
    outer loop
      vertex 41.1122 -61.5288 10
      vertex 38.4135 -63.1414 10
      vertex 38.4429 -63.1886 10
    endloop
  endfacet
  facet normal 0 0 1
    outer loop
      vertex 41.1122 -61.5288 10
      vertex 38.3487 -63.051 10
      vertex 38.4135 -63.1414 10
    endloop
  endfacet
  facet normal 0 0 1
    outer loop
      vertex 41.1122 -61.5288 10
      vertex 38.2781 -62.965 10
      vertex 38.3487 -63.051 10
    endloop
  endfacet
  facet normal 0 0 1
    outer loop
      vertex 41.1122 -61.5288 10
      vertex 38.2021 -62.8838 10
      vertex 38.2781 -62.965 10
    endloop
  endfacet
  facet normal 0 0 1
    outer loop
      vertex 41.1122 -61.5288 10
      vertex 38.1209 -62.8078 10
      vertex 38.2021 -62.8838 10
    endloop
  endfacet
  facet normal 0 0 1
    outer loop
      vertex 41.1122 -61.5288 10
      vertex 38.0349 -62.7372 10
      vertex 38.1209 -62.8078 10
    endloop
  endfacet
  facet normal 0 0 1
    outer loop
      vertex 41.1122 -61.5288 10
      vertex 37.9445 -62.6724 10
      vertex 38.0349 -62.7372 10
    endloop
  endfacet
  facet normal 0 -0 1
    outer loop
      vertex 37.3317 -62.4185 10
      vertex 41.1122 -61.5288 10
      vertex 36.1121 -54.0455 10
    endloop
  endfacet
  facet normal 0 0 1
    outer loop
      vertex 41.1122 -61.5288 10
      vertex 37.85 -62.6136 10
      vertex 37.9445 -62.6724 10
    endloop
  endfacet
  facet normal 0 0 1
    outer loop
      vertex 41.1122 -61.5288 10
      vertex 37.7519 -62.5612 10
      vertex 37.85 -62.6136 10
    endloop
  endfacet
  facet normal 0 0 1
    outer loop
      vertex 41.1122 -61.5288 10
      vertex 37.6506 -62.5153 10
      vertex 37.7519 -62.5612 10
    endloop
  endfacet
  facet normal 0 0 1
    outer loop
      vertex 41.1122 -61.5288 10
      vertex 37.5464 -62.4761 10
      vertex 37.6506 -62.5153 10
    endloop
  endfacet
  facet normal 0 0 1
    outer loop
      vertex 41.1122 -61.5288 10
      vertex 37.44 -62.4438 10
      vertex 37.5464 -62.4761 10
    endloop
  endfacet
  facet normal 0 0 1
    outer loop
      vertex 41.1122 -61.5288 10
      vertex 37.3317 -62.4185 10
      vertex 37.44 -62.4438 10
    endloop
  endfacet
  facet normal 0 0 1
    outer loop
      vertex 37.3317 -62.4185 10
      vertex 36.1121 -54.0455 10
      vertex 37.2219 -62.4004 10
    endloop
  endfacet
  facet normal 0 0 1
    outer loop
      vertex 37.2219 -62.4004 10
      vertex 36.1121 -54.0455 10
      vertex 37.1112 -62.3895 10
    endloop
  endfacet
  facet normal 0 0 1
    outer loop
      vertex 37.1112 -62.3895 10
      vertex 36.1121 -54.0455 10
      vertex 37 -62.3859 10
    endloop
  endfacet
  facet normal 0 0 1
    outer loop
      vertex 37 -62.3859 10
      vertex 36.1121 -54.0455 10
      vertex 36.8888 -62.3895 10
    endloop
  endfacet
  facet normal 0 0 1
    outer loop
      vertex 36.8888 -62.3895 10
      vertex 36.1121 -54.0455 10
      vertex 36.7781 -62.4004 10
    endloop
  endfacet
  facet normal -0 0 1
    outer loop
      vertex 32.5 -56.2916 10
      vertex 36.7781 -62.4004 10
      vertex 36.1121 -54.0455 10
    endloop
  endfacet
  facet normal 0 0 1
    outer loop
      vertex 36.7781 -62.4004 10
      vertex 32.5 -56.2916 10
      vertex 36.6683 -62.4185 10
    endloop
  endfacet
  facet normal 0 0 1
    outer loop
      vertex 36.6683 -62.4185 10
      vertex 32.5 -56.2916 10
      vertex 36.56 -62.4438 10
    endloop
  endfacet
  facet normal 0 0 1
    outer loop
      vertex 36.56 -62.4438 10
      vertex 32.5 -56.2916 10
      vertex 36.4536 -62.4761 10
    endloop
  endfacet
  facet normal 0 0 1
    outer loop
      vertex 36.4536 -62.4761 10
      vertex 32.5 -56.2916 10
      vertex 36.3494 -62.5153 10
    endloop
  endfacet
  facet normal 0 0 1
    outer loop
      vertex 36.3494 -62.5153 10
      vertex 32.5 -56.2916 10
      vertex 36.2481 -62.5612 10
    endloop
  endfacet
  facet normal 0 0 1
    outer loop
      vertex 36.2481 -62.5612 10
      vertex 32.5 -56.2916 10
      vertex 36.15 -62.6136 10
    endloop
  endfacet
  facet normal 0 0 1
    outer loop
      vertex 36.15 -62.6136 10
      vertex 32.5 -56.2916 10
      vertex 36.0555 -62.6724 10
    endloop
  endfacet
  facet normal 0 0 1
    outer loop
      vertex 36.0555 -62.6724 10
      vertex 32.5 -56.2916 10
      vertex 35.9651 -62.7372 10
    endloop
  endfacet
  facet normal 0 0 1
    outer loop
      vertex 35.9651 -62.7372 10
      vertex 32.5 -56.2916 10
      vertex 35.8791 -62.8078 10
    endloop
  endfacet
  facet normal 0 0 1
    outer loop
      vertex 35.8791 -62.8078 10
      vertex 32.5 -56.2916 10
      vertex 35.7979 -62.8838 10
    endloop
  endfacet
  facet normal 0 0 1
    outer loop
      vertex 35.7979 -62.8838 10
      vertex 32.5 -56.2916 10
      vertex 35.7219 -62.965 10
    endloop
  endfacet
  facet normal 0 0 1
    outer loop
      vertex 35.7219 -62.965 10
      vertex 32.5 -56.2916 10
      vertex 35.6513 -63.051 10
    endloop
  endfacet
  facet normal -0 0 1
    outer loop
      vertex 28.7488 -58.2967 10
      vertex 35.6513 -63.051 10
      vertex 32.5 -56.2916 10
    endloop
  endfacet
  facet normal 0 0 1
    outer loop
      vertex 35.6513 -63.051 10
      vertex 28.7488 -58.2967 10
      vertex 35.5865 -63.1414 10
    endloop
  endfacet
  facet normal 0 0 1
    outer loop
      vertex 35.5865 -63.1414 10
      vertex 28.7488 -58.2967 10
      vertex 35.5278 -63.2359 10
    endloop
  endfacet
  facet normal 0 0 1
    outer loop
      vertex 35.5278 -63.2359 10
      vertex 28.7488 -58.2967 10
      vertex 35.4753 -63.334 10
    endloop
  endfacet
  facet normal 0 0 1
    outer loop
      vertex 35.4753 -63.334 10
      vertex 28.7488 -58.2967 10
      vertex 35.4294 -63.4353 10
    endloop
  endfacet
  facet normal 0 0 1
    outer loop
      vertex 35.4294 -63.4353 10
      vertex 28.7488 -58.2967 10
      vertex 35.3902 -63.5394 10
    endloop
  endfacet
  facet normal 0 -0 1
    outer loop
      vertex 32.7294 -66.3686 10
      vertex 35.3902 -63.5394 10
      vertex 28.7488 -58.2967 10
    endloop
  endfacet
  facet normal 0 0 1
    outer loop
      vertex 35.3902 -63.5394 10
      vertex 32.7294 -66.3686 10
      vertex 35.3579 -63.6459 10
    endloop
  endfacet
  facet normal 0 0 1
    outer loop
      vertex 35.3036 -63.9747 10
      vertex 32.7294 -66.3686 10
      vertex 35.3 -64.0859 10
    endloop
  endfacet
  facet normal 0 0 1
    outer loop
      vertex 35.3579 -63.6459 10
      vertex 32.7294 -66.3686 10
      vertex 35.3327 -63.7542 10
    endloop
  endfacet
  facet normal 0 0 1
    outer loop
      vertex 35.3327 -63.7542 10
      vertex 32.7294 -66.3686 10
      vertex 35.3145 -63.864 10
    endloop
  endfacet
  facet normal 0 0 1
    outer loop
      vertex 35.3145 -63.864 10
      vertex 32.7294 -66.3686 10
      vertex 35.3036 -63.9747 10
    endloop
  endfacet
  facet normal 0 0 1
    outer loop
      vertex 28.7488 -58.2967 10
      vertex 28.3186 -68.3671 10
      vertex 32.7294 -66.3686 10
    endloop
  endfacet
  facet normal -0 0 1
    outer loop
      vertex 24.8744 -60.0522 10
      vertex 28.3186 -68.3671 10
      vertex 28.7488 -58.2967 10
    endloop
  endfacet
  facet normal 0 0 1
    outer loop
      vertex 24.8744 -60.0522 10
      vertex 23.7865 -70.0728 10
      vertex 28.3186 -68.3671 10
    endloop
  endfacet
  facet normal -0 0 1
    outer loop
      vertex 20.8936 -61.5505 10
      vertex 23.7865 -70.0728 10
      vertex 24.8744 -60.0522 10
    endloop
  endfacet
  facet normal 0 0 1
    outer loop
      vertex 20.8936 -61.5505 10
      vertex 19.1526 -71.4785 10
      vertex 23.7865 -70.0728 10
    endloop
  endfacet
  facet normal -0 0 1
    outer loop
      vertex 16.8232 -62.7852 10
      vertex 19.1526 -71.4785 10
      vertex 20.8936 -61.5505 10
    endloop
  endfacet
  facet normal 0 0 1
    outer loop
      vertex 16.8232 -62.7852 10
      vertex 14.4367 -72.5781 10
      vertex 19.1526 -71.4785 10
    endloop
  endfacet
  facet normal -0 0 1
    outer loop
      vertex 12.6809 -63.751 10
      vertex 14.4367 -72.5781 10
      vertex 16.8232 -62.7852 10
    endloop
  endfacet
  facet normal 0 0 1
    outer loop
      vertex 12.6809 -63.751 10
      vertex 9.65894 -73.3669 10
      vertex 14.4367 -72.5781 10
    endloop
  endfacet
  facet normal -0 0 1
    outer loop
      vertex 8.4842 -64.4439 10
      vertex 9.65894 -73.3669 10
      vertex 12.6809 -63.751 10
    endloop
  endfacet
  facet normal 0 0 1
    outer loop
      vertex 8.4842 -64.4439 10
      vertex 4.83983 -73.8416 10
      vertex 9.65894 -73.3669 10
    endloop
  endfacet
  facet normal -0 0 1
    outer loop
      vertex 4.2512 -64.8608 10
      vertex 4.83983 -73.8416 10
      vertex 8.4842 -64.4439 10
    endloop
  endfacet
  facet normal -0 0 1
    outer loop
      vertex 0 -65 10
      vertex 4.83983 -73.8416 10
      vertex 4.2512 -64.8608 10
    endloop
  endfacet
  facet normal 0 0 1
    outer loop
      vertex 0 -65 10
      vertex 0 -74 10
      vertex 4.83983 -73.8416 10
    endloop
  endfacet
  facet normal 0 0 1
    outer loop
      vertex -4.2512 -64.8608 10
      vertex 0 -74 10
      vertex 0 -65 10
    endloop
  endfacet
  facet normal 0 0 1
    outer loop
      vertex -4.2512 -64.8608 10
      vertex -4.83983 -73.8416 10
      vertex 0 -74 10
    endloop
  endfacet
  facet normal 0 0 1
    outer loop
      vertex -8.4842 -64.4439 10
      vertex -4.83983 -73.8416 10
      vertex -4.2512 -64.8608 10
    endloop
  endfacet
  facet normal 0 0 1
    outer loop
      vertex -8.4842 -64.4439 10
      vertex -9.65894 -73.3669 10
      vertex -4.83983 -73.8416 10
    endloop
  endfacet
  facet normal 0 0 1
    outer loop
      vertex -12.6809 -63.751 10
      vertex -9.65894 -73.3669 10
      vertex -8.4842 -64.4439 10
    endloop
  endfacet
  facet normal 0 0 1
    outer loop
      vertex -12.6809 -63.751 10
      vertex -14.4367 -72.5781 10
      vertex -9.65894 -73.3669 10
    endloop
  endfacet
  facet normal 0 0 1
    outer loop
      vertex -16.8232 -62.7852 10
      vertex -14.4367 -72.5781 10
      vertex -12.6809 -63.751 10
    endloop
  endfacet
  facet normal 0 0 1
    outer loop
      vertex -16.8232 -62.7852 10
      vertex -19.1526 -71.4785 10
      vertex -14.4367 -72.5781 10
    endloop
  endfacet
  facet normal 0 0 1
    outer loop
      vertex -20.8936 -61.5505 10
      vertex -19.1526 -71.4785 10
      vertex -16.8232 -62.7852 10
    endloop
  endfacet
  facet normal 0 0 1
    outer loop
      vertex -20.8936 -61.5505 10
      vertex -23.7865 -70.0728 10
      vertex -19.1526 -71.4785 10
    endloop
  endfacet
  facet normal 0 0 1
    outer loop
      vertex -24.8744 -60.0522 10
      vertex -23.7865 -70.0728 10
      vertex -20.8936 -61.5505 10
    endloop
  endfacet
  facet normal 0 0 1
    outer loop
      vertex -24.8744 -60.0522 10
      vertex -28.3186 -68.3671 10
      vertex -23.7865 -70.0728 10
    endloop
  endfacet
  facet normal 0 0 1
    outer loop
      vertex -28.7488 -58.2967 10
      vertex -28.3186 -68.3671 10
      vertex -24.8744 -60.0522 10
    endloop
  endfacet
  facet normal 0 0 1
    outer loop
      vertex -35.6513 -63.051 10
      vertex -28.7488 -58.2967 10
      vertex -32.5 -56.2916 10
    endloop
  endfacet
  facet normal 0 0 1
    outer loop
      vertex -28.7488 -58.2967 10
      vertex -32.7294 -66.3686 10
      vertex -28.3186 -68.3671 10
    endloop
  endfacet
  facet normal 0 -0 1
    outer loop
      vertex -35.3902 -63.5394 10
      vertex -28.7488 -58.2967 10
      vertex -35.4294 -63.4353 10
    endloop
  endfacet
  facet normal 0 0 1
    outer loop
      vertex -32.7294 -66.3686 10
      vertex -35.3036 -63.9747 10
      vertex -35.3 -64.0859 10
    endloop
  endfacet
  facet normal 0 0 1
    outer loop
      vertex -32.7294 -66.3686 10
      vertex -35.3145 -63.864 10
      vertex -35.3036 -63.9747 10
    endloop
  endfacet
  facet normal 0 0 1
    outer loop
      vertex -32.7294 -66.3686 10
      vertex -35.3327 -63.7542 10
      vertex -35.3145 -63.864 10
    endloop
  endfacet
  facet normal 0 0 1
    outer loop
      vertex -32.7294 -66.3686 10
      vertex -35.3579 -63.6459 10
      vertex -35.3327 -63.7542 10
    endloop
  endfacet
  facet normal 0 0 1
    outer loop
      vertex -32.7294 -66.3686 10
      vertex -35.3902 -63.5394 10
      vertex -35.3579 -63.6459 10
    endloop
  endfacet
  facet normal 0 0 1
    outer loop
      vertex -28.7488 -58.2967 10
      vertex -35.3902 -63.5394 10
      vertex -32.7294 -66.3686 10
    endloop
  endfacet
  facet normal 0 0 1
    outer loop
      vertex -28.7488 -58.2967 10
      vertex -35.4753 -63.334 10
      vertex -35.4294 -63.4353 10
    endloop
  endfacet
  facet normal 0 0 1
    outer loop
      vertex -28.7488 -58.2967 10
      vertex -35.5278 -63.2359 10
      vertex -35.4753 -63.334 10
    endloop
  endfacet
  facet normal 0 0 1
    outer loop
      vertex -28.7488 -58.2967 10
      vertex -35.5865 -63.1414 10
      vertex -35.5278 -63.2359 10
    endloop
  endfacet
  facet normal 0 0 1
    outer loop
      vertex -28.7488 -58.2967 10
      vertex -35.6513 -63.051 10
      vertex -35.5865 -63.1414 10
    endloop
  endfacet
  facet normal 0 0 1
    outer loop
      vertex -32.5 -56.2916 10
      vertex -35.7219 -62.965 10
      vertex -35.6513 -63.051 10
    endloop
  endfacet
  facet normal 0 0 1
    outer loop
      vertex -32.5 -56.2916 10
      vertex -35.7979 -62.8838 10
      vertex -35.7219 -62.965 10
    endloop
  endfacet
  facet normal 0 0 1
    outer loop
      vertex -32.5 -56.2916 10
      vertex -35.8791 -62.8078 10
      vertex -35.7979 -62.8838 10
    endloop
  endfacet
  facet normal 0 0 1
    outer loop
      vertex -32.5 -56.2916 10
      vertex -35.9651 -62.7372 10
      vertex -35.8791 -62.8078 10
    endloop
  endfacet
  facet normal 0 0 1
    outer loop
      vertex -32.5 -56.2916 10
      vertex -36.0555 -62.6724 10
      vertex -35.9651 -62.7372 10
    endloop
  endfacet
  facet normal 0 0 1
    outer loop
      vertex -36.7781 -62.4004 10
      vertex -32.5 -56.2916 10
      vertex -36.1121 -54.0455 10
    endloop
  endfacet
  facet normal 0 0 1
    outer loop
      vertex -32.5 -56.2916 10
      vertex -36.15 -62.6136 10
      vertex -36.0555 -62.6724 10
    endloop
  endfacet
  facet normal 0 0 1
    outer loop
      vertex -32.5 -56.2916 10
      vertex -36.2481 -62.5612 10
      vertex -36.15 -62.6136 10
    endloop
  endfacet
  facet normal 0 0 1
    outer loop
      vertex -32.5 -56.2916 10
      vertex -36.3494 -62.5153 10
      vertex -36.2481 -62.5612 10
    endloop
  endfacet
  facet normal 0 0 1
    outer loop
      vertex -32.5 -56.2916 10
      vertex -36.4536 -62.4761 10
      vertex -36.3494 -62.5153 10
    endloop
  endfacet
  facet normal 0 0 1
    outer loop
      vertex -32.5 -56.2916 10
      vertex -36.56 -62.4438 10
      vertex -36.4536 -62.4761 10
    endloop
  endfacet
  facet normal 0 0 1
    outer loop
      vertex -32.5 -56.2916 10
      vertex -36.6683 -62.4185 10
      vertex -36.56 -62.4438 10
    endloop
  endfacet
  facet normal 0 0 1
    outer loop
      vertex -32.5 -56.2916 10
      vertex -36.7781 -62.4004 10
      vertex -36.6683 -62.4185 10
    endloop
  endfacet
  facet normal 0 0 1
    outer loop
      vertex -36.1121 -54.0455 10
      vertex -36.8888 -62.3895 10
      vertex -36.7781 -62.4004 10
    endloop
  endfacet
  facet normal 0 0 1
    outer loop
      vertex -36.1121 -54.0455 10
      vertex -37 -62.3859 10
      vertex -36.8888 -62.3895 10
    endloop
  endfacet
  facet normal 0 0 1
    outer loop
      vertex -36.1121 -54.0455 10
      vertex -37.1112 -62.3895 10
      vertex -37 -62.3859 10
    endloop
  endfacet
  facet normal 0 0 1
    outer loop
      vertex -36.1121 -54.0455 10
      vertex -37.2219 -62.4004 10
      vertex -37.1112 -62.3895 10
    endloop
  endfacet
  facet normal 0 0 1
    outer loop
      vertex -36.1121 -54.0455 10
      vertex -37.3317 -62.4185 10
      vertex -37.2219 -62.4004 10
    endloop
  endfacet
  facet normal -0 0 1
    outer loop
      vertex -41.1122 -61.5288 10
      vertex -37.3317 -62.4185 10
      vertex -36.1121 -54.0455 10
    endloop
  endfacet
  facet normal 0 0 1
    outer loop
      vertex -37.3317 -62.4185 10
      vertex -41.1122 -61.5288 10
      vertex -37.44 -62.4438 10
    endloop
  endfacet
  facet normal 0 0 1
    outer loop
      vertex -37.44 -62.4438 10
      vertex -41.1122 -61.5288 10
      vertex -37.5464 -62.4761 10
    endloop
  endfacet
  facet normal 0 0 1
    outer loop
      vertex -37.5464 -62.4761 10
      vertex -41.1122 -61.5288 10
      vertex -37.6506 -62.5153 10
    endloop
  endfacet
  facet normal 0 0 1
    outer loop
      vertex -37.6506 -62.5153 10
      vertex -41.1122 -61.5288 10
      vertex -37.7519 -62.5612 10
    endloop
  endfacet
  facet normal 0 0 1
    outer loop
      vertex -37.7519 -62.5612 10
      vertex -41.1122 -61.5288 10
      vertex -37.85 -62.6136 10
    endloop
  endfacet
  facet normal 0 0 1
    outer loop
      vertex -37.85 -62.6136 10
      vertex -41.1122 -61.5288 10
      vertex -37.9445 -62.6724 10
    endloop
  endfacet
  facet normal 0 0 1
    outer loop
      vertex -37.9445 -62.6724 10
      vertex -41.1122 -61.5288 10
      vertex -38.0349 -62.7372 10
    endloop
  endfacet
  facet normal 0 0 1
    outer loop
      vertex -38.0349 -62.7372 10
      vertex -41.1122 -61.5288 10
      vertex -38.1209 -62.8078 10
    endloop
  endfacet
  facet normal 0 0 1
    outer loop
      vertex -38.1209 -62.8078 10
      vertex -41.1122 -61.5288 10
      vertex -38.2021 -62.8838 10
    endloop
  endfacet
  facet normal 0 0 1
    outer loop
      vertex -38.2021 -62.8838 10
      vertex -41.1122 -61.5288 10
      vertex -38.2781 -62.965 10
    endloop
  endfacet
  facet normal 0 0 1
    outer loop
      vertex -38.2781 -62.965 10
      vertex -41.1122 -61.5288 10
      vertex -38.3487 -63.051 10
    endloop
  endfacet
  facet normal 0 0 1
    outer loop
      vertex -38.3487 -63.051 10
      vertex -41.1122 -61.5288 10
      vertex -38.4135 -63.1414 10
    endloop
  endfacet
  facet normal 0 0 1
    outer loop
      vertex -41.1122 -61.5288 10
      vertex -36.1121 -54.0455 10
      vertex -39.5695 -51.568 10
    endloop
  endfacet
  facet normal 0 0 1
    outer loop
      vertex -38.4135 -63.1414 10
      vertex -41.1122 -61.5288 10
      vertex -38.4429 -63.1886 10
    endloop
  endfacet
  facet normal 0 0 1
    outer loop
      vertex -45.0483 -58.7081 10
      vertex -39.5695 -51.568 10
      vertex -42.8575 -48.8696 10
    endloop
  endfacet
  facet normal 0 0 1
    outer loop
      vertex -39.5695 -51.568 10
      vertex -45.0483 -58.7081 10
      vertex -41.1122 -61.5288 10
    endloop
  endfacet
  facet normal 0 0 1
    outer loop
      vertex -48.7916 -55.6361 10
      vertex -42.8575 -48.8696 10
      vertex -45.9619 -45.9619 10
    endloop
  endfacet
  facet normal 0 0 1
    outer loop
      vertex -42.8575 -48.8696 10
      vertex -48.7916 -55.6361 10
      vertex -45.0483 -58.7081 10
    endloop
  endfacet
  facet normal 0 0 1
    outer loop
      vertex -52.3259 -52.3259 10
      vertex -45.9619 -45.9619 10
      vertex -48.8696 -42.8575 10
    endloop
  endfacet
  facet normal 0 0 1
    outer loop
      vertex -55.6361 -48.7916 10
      vertex -48.8696 -42.8575 10
      vertex -51.568 -39.5695 10
    endloop
  endfacet
  facet normal 0 0 1
    outer loop
      vertex -45.9619 -45.9619 10
      vertex -52.3259 -52.3259 10
      vertex -48.7916 -55.6361 10
    endloop
  endfacet
  facet normal 0 0 1
    outer loop
      vertex -58.7081 -45.0483 10
      vertex -51.568 -39.5695 10
      vertex -54.0455 -36.1121 10
    endloop
  endfacet
  facet normal 0 0 1
    outer loop
      vertex -48.8696 -42.8575 10
      vertex -55.6361 -48.7916 10
      vertex -52.3259 -52.3259 10
    endloop
  endfacet
  facet normal 0 0 1
    outer loop
      vertex -61.5288 -41.1122 10
      vertex -54.0455 -36.1121 10
      vertex -56.2916 -32.5 10
    endloop
  endfacet
  facet normal 0 0 1
    outer loop
      vertex -64.0859 -37 10
      vertex -56.2916 -32.5 10
      vertex -58.2967 -28.7488 10
    endloop
  endfacet
  facet normal 0 0 1
    outer loop
      vertex -51.568 -39.5695 10
      vertex -58.7081 -45.0483 10
      vertex -55.6361 -48.7916 10
    endloop
  endfacet
  facet normal 0 0 1
    outer loop
      vertex -66.3686 -32.7294 10
      vertex -58.2967 -28.7488 10
      vertex -60.0522 -24.8744 10
    endloop
  endfacet
  facet normal 0 0 1
    outer loop
      vertex -54.0455 -36.1121 10
      vertex -61.5288 -41.1122 10
      vertex -58.7081 -45.0483 10
    endloop
  endfacet
  facet normal 0 0 1
    outer loop
      vertex -68.3671 -28.3186 10
      vertex -60.0522 -24.8744 10
      vertex -61.5505 -20.8936 10
    endloop
  endfacet
  facet normal 0 0 1
    outer loop
      vertex -70.0728 -23.7865 10
      vertex -61.5505 -20.8936 10
      vertex -62.7852 -16.8232 10
    endloop
  endfacet
  facet normal 0 0 1
    outer loop
      vertex -71.4785 -19.1526 10
      vertex -62.7852 -16.8232 10
      vertex -63.751 -12.6809 10
    endloop
  endfacet
  facet normal 0 0 1
    outer loop
      vertex -56.2916 -32.5 10
      vertex -64.0859 -37 10
      vertex -61.5288 -41.1122 10
    endloop
  endfacet
  facet normal 0 0 1
    outer loop
      vertex -72.5781 -14.4367 10
      vertex -63.751 -12.6809 10
      vertex -64.4439 -8.4842 10
    endloop
  endfacet
  facet normal 0 0 1
    outer loop
      vertex -73.3669 -9.65894 10
      vertex -64.4439 -8.4842 10
      vertex -64.8608 -4.2512 10
    endloop
  endfacet
  facet normal -0 0 1
    outer loop
      vertex -72.4294 -0.650561 10
      vertex -64.8608 -4.2512 10
      vertex -65 0 10
    endloop
  endfacet
  facet normal -0 0 1
    outer loop
      vertex -72.5781 14.4367 10
      vertex -63.751 12.6809 10
      vertex -71.4785 19.1526 10
    endloop
  endfacet
  facet normal 0 0 1
    outer loop
      vertex -72.3036 -0.111185 10
      vertex -65 0 10
      vertex -72.3 0 10
    endloop
  endfacet
  facet normal 0 0 1
    outer loop
      vertex -63.751 12.6809 10
      vertex -72.5781 14.4367 10
      vertex -64.4439 8.4842 10
    endloop
  endfacet
  facet normal 0 0 1
    outer loop
      vertex -72.3145 -0.221894 10
      vertex -65 0 10
      vertex -72.3036 -0.111185 10
    endloop
  endfacet
  facet normal -0 0 1
    outer loop
      vertex -73.3669 9.65894 10
      vertex -64.4439 8.4842 10
      vertex -72.5781 14.4367 10
    endloop
  endfacet
  facet normal 0 0 1
    outer loop
      vertex -58.2967 -28.7488 10
      vertex -66.3686 -32.7294 10
      vertex -64.0859 -37 10
    endloop
  endfacet
  facet normal 0 0 1
    outer loop
      vertex -64.4439 8.4842 10
      vertex -73.3669 9.65894 10
      vertex -64.8608 4.2512 10
    endloop
  endfacet
  facet normal 0 0 1
    outer loop
      vertex -60.0522 -24.8744 10
      vertex -68.3671 -28.3186 10
      vertex -66.3686 -32.7294 10
    endloop
  endfacet
  facet normal 0 0 1
    outer loop
      vertex -72.3327 -0.331653 10
      vertex -65 0 10
      vertex -72.3145 -0.221894 10
    endloop
  endfacet
  facet normal 0 0 1
    outer loop
      vertex -65 0 10
      vertex -72.3036 0.111185 10
      vertex -72.3 0 10
    endloop
  endfacet
  facet normal 0 0 1
    outer loop
      vertex -65 0 10
      vertex -72.3145 0.221894 10
      vertex -72.3036 0.111185 10
    endloop
  endfacet
  facet normal 0 0 1
    outer loop
      vertex -65 0 10
      vertex -72.3327 0.331653 10
      vertex -72.3145 0.221894 10
    endloop
  endfacet
  facet normal -0 0 1
    outer loop
      vertex -73.8416 4.83983 10
      vertex -64.8608 4.2512 10
      vertex -73.3669 9.65894 10
    endloop
  endfacet
  facet normal 0 0 1
    outer loop
      vertex -65 0 10
      vertex -72.3579 0.439992 10
      vertex -72.3327 0.331653 10
    endloop
  endfacet
  facet normal 0 0 1
    outer loop
      vertex -65 0 10
      vertex -72.3902 0.546447 10
      vertex -72.3579 0.439992 10
    endloop
  endfacet
  facet normal 0 -0 1
    outer loop
      vertex -72.7219 1.12089 10
      vertex -64.8608 4.2512 10
      vertex -73.8416 4.83983 10
    endloop
  endfacet
  facet normal 0 0 1
    outer loop
      vertex -65 0 10
      vertex -72.4294 0.650561 10
      vertex -72.3902 0.546447 10
    endloop
  endfacet
  facet normal 0 0 1
    outer loop
      vertex -64.8608 4.2512 10
      vertex -72.4294 0.650561 10
      vertex -65 0 10
    endloop
  endfacet
  facet normal 0 -0 1
    outer loop
      vertex -72.4294 0.650561 10
      vertex -64.8608 4.2512 10
      vertex -72.4753 0.75189 10
    endloop
  endfacet
  facet normal 0 -0 1
    outer loop
      vertex -72.5865 0.944468 10
      vertex -64.8608 4.2512 10
      vertex -72.6513 1.03489 10
    endloop
  endfacet
  facet normal 0 -0 1
    outer loop
      vertex -72.4753 0.75189 10
      vertex -64.8608 4.2512 10
      vertex -72.5278 0.849999 10
    endloop
  endfacet
  facet normal 0 -0 1
    outer loop
      vertex -72.5278 0.849999 10
      vertex -64.8608 4.2512 10
      vertex -72.5865 0.944468 10
    endloop
  endfacet
  facet normal 0 0 1
    outer loop
      vertex -64.8608 4.2512 10
      vertex -72.7219 1.12089 10
      vertex -72.6513 1.03489 10
    endloop
  endfacet
  facet normal 0 0 1
    outer loop
      vertex -72.7219 1.12089 10
      vertex -73.8416 4.83983 10
      vertex -72.7979 1.20208 10
    endloop
  endfacet
  facet normal 0 0 1
    outer loop
      vertex -72.7979 1.20208 10
      vertex -73.8416 4.83983 10
      vertex -72.8791 1.27813 10
    endloop
  endfacet
  facet normal 0 0 1
    outer loop
      vertex -72.8791 1.27813 10
      vertex -73.8416 4.83983 10
      vertex -72.9651 1.3487 10
    endloop
  endfacet
  facet normal 0 0 1
    outer loop
      vertex -72.9651 1.3487 10
      vertex -73.8416 4.83983 10
      vertex -73.0555 1.4135 10
    endloop
  endfacet
  facet normal 0 0 1
    outer loop
      vertex -73.0555 1.4135 10
      vertex -73.8416 4.83983 10
      vertex -73.15 1.47224 10
    endloop
  endfacet
  facet normal 0 0 1
    outer loop
      vertex -73.15 1.47224 10
      vertex -73.8416 4.83983 10
      vertex -73.2481 1.52468 10
    endloop
  endfacet
  facet normal 0 0 1
    outer loop
      vertex -73.2481 1.52468 10
      vertex -73.8416 4.83983 10
      vertex -73.3494 1.57059 10
    endloop
  endfacet
  facet normal 0 0 1
    outer loop
      vertex -73.3494 1.57059 10
      vertex -73.8416 4.83983 10
      vertex -73.4536 1.60978 10
    endloop
  endfacet
  facet normal 0 0 1
    outer loop
      vertex -73.4536 1.60978 10
      vertex -73.8416 4.83983 10
      vertex -73.56 1.64207 10
    endloop
  endfacet
  facet normal 0 0 1
    outer loop
      vertex -73.56 1.64207 10
      vertex -73.8416 4.83983 10
      vertex -73.6684 1.66733 10
    endloop
  endfacet
  facet normal 0 0 1
    outer loop
      vertex -73.6684 1.66733 10
      vertex -73.8416 4.83983 10
      vertex -73.7781 1.68546 10
    endloop
  endfacet
  facet normal 0 0 1
    outer loop
      vertex -73.8416 4.83983 10
      vertex -73.8888 1.69636 10
      vertex -73.7781 1.68546 10
    endloop
  endfacet
  facet normal 0 -0 1
    outer loop
      vertex -73.8888 1.69636 10
      vertex -73.8416 4.83983 10
      vertex -73.9444 1.69818 10
    endloop
  endfacet
  facet normal 0 0 1
    outer loop
      vertex -61.5505 -20.8936 10
      vertex -70.0728 -23.7865 10
      vertex -68.3671 -28.3186 10
    endloop
  endfacet
  facet normal 0 0 1
    outer loop
      vertex -62.7852 -16.8232 10
      vertex -71.4785 -19.1526 10
      vertex -70.0728 -23.7865 10
    endloop
  endfacet
  facet normal 0 0 1
    outer loop
      vertex -72.3579 -0.439992 10
      vertex -65 0 10
      vertex -72.3327 -0.331653 10
    endloop
  endfacet
  facet normal 0 0 1
    outer loop
      vertex -72.3902 -0.546447 10
      vertex -65 0 10
      vertex -72.3579 -0.439992 10
    endloop
  endfacet
  facet normal 0 0 1
    outer loop
      vertex -72.4294 -0.650561 10
      vertex -65 0 10
      vertex -72.3902 -0.546447 10
    endloop
  endfacet
  facet normal 0 0 1
    outer loop
      vertex -64.8608 -4.2512 10
      vertex -72.4294 -0.650561 10
      vertex -72.4753 -0.75189 10
    endloop
  endfacet
  facet normal 0 0 1
    outer loop
      vertex -64.8608 -4.2512 10
      vertex -72.4753 -0.75189 10
      vertex -72.5278 -0.849999 10
    endloop
  endfacet
  facet normal 0 0 1
    outer loop
      vertex -64.8608 -4.2512 10
      vertex -72.5278 -0.849999 10
      vertex -72.5865 -0.944468 10
    endloop
  endfacet
  facet normal 0 0 1
    outer loop
      vertex -63.751 -12.6809 10
      vertex -72.5781 -14.4367 10
      vertex -71.4785 -19.1526 10
    endloop
  endfacet
  facet normal 0 0 1
    outer loop
      vertex -64.8608 -4.2512 10
      vertex -72.5865 -0.944468 10
      vertex -72.6513 -1.03489 10
    endloop
  endfacet
  facet normal -0 0 1
    outer loop
      vertex -72.7219 -1.12089 10
      vertex -64.8608 -4.2512 10
      vertex -72.6513 -1.03489 10
    endloop
  endfacet
  facet normal 0 0 1
    outer loop
      vertex -64.8608 -4.2512 10
      vertex -72.7219 -1.12089 10
      vertex -73.8416 -4.83983 10
    endloop
  endfacet
  facet normal 0 0 1
    outer loop
      vertex -73.8416 -4.83983 10
      vertex -72.7219 -1.12089 10
      vertex -72.7979 -1.20208 10
    endloop
  endfacet
  facet normal 0 0 1
    outer loop
      vertex -73.8416 -4.83983 10
      vertex -72.7979 -1.20208 10
      vertex -72.8791 -1.27813 10
    endloop
  endfacet
  facet normal 0 0 1
    outer loop
      vertex -73.8416 -4.83983 10
      vertex -72.8791 -1.27813 10
      vertex -72.9651 -1.3487 10
    endloop
  endfacet
  facet normal 0 0 1
    outer loop
      vertex -73.8416 -4.83983 10
      vertex -72.9651 -1.3487 10
      vertex -73.0555 -1.4135 10
    endloop
  endfacet
  facet normal 0 0 1
    outer loop
      vertex -73.8416 -4.83983 10
      vertex -73.0555 -1.4135 10
      vertex -73.15 -1.47224 10
    endloop
  endfacet
  facet normal 0 0 1
    outer loop
      vertex -73.8416 -4.83983 10
      vertex -73.15 -1.47224 10
      vertex -73.2481 -1.52468 10
    endloop
  endfacet
  facet normal 0 0 1
    outer loop
      vertex -73.8416 -4.83983 10
      vertex -73.2481 -1.52468 10
      vertex -73.3494 -1.57059 10
    endloop
  endfacet
  facet normal 0 0 1
    outer loop
      vertex -64.4439 -8.4842 10
      vertex -73.3669 -9.65894 10
      vertex -72.5781 -14.4367 10
    endloop
  endfacet
  facet normal 0 0 1
    outer loop
      vertex -73.8416 -4.83983 10
      vertex -73.3494 -1.57059 10
      vertex -73.4536 -1.60978 10
    endloop
  endfacet
  facet normal 0 0 1
    outer loop
      vertex -73.8416 -4.83983 10
      vertex -73.4536 -1.60978 10
      vertex -73.56 -1.64207 10
    endloop
  endfacet
  facet normal 0 0 1
    outer loop
      vertex -73.8416 -4.83983 10
      vertex -73.56 -1.64207 10
      vertex -73.6684 -1.66733 10
    endloop
  endfacet
  facet normal 0 0 1
    outer loop
      vertex -73.8416 -4.83983 10
      vertex -73.6684 -1.66733 10
      vertex -73.7781 -1.68546 10
    endloop
  endfacet
  facet normal 0 0 1
    outer loop
      vertex -64.8608 -4.2512 10
      vertex -73.8416 -4.83983 10
      vertex -73.3669 -9.65894 10
    endloop
  endfacet
  facet normal -0 0 1
    outer loop
      vertex -73.8888 -1.69636 10
      vertex -73.8416 -4.83983 10
      vertex -73.7781 -1.68546 10
    endloop
  endfacet
  facet normal 0 0 1
    outer loop
      vertex -73.8416 -4.83983 10
      vertex -73.8888 -1.69636 10
      vertex -73.9444 -1.69818 10
    endloop
  endfacet
  facet normal 0 0 1
    outer loop
      vertex -32.7294 66.3686 10
      vertex -35.3036 64.1971 10
      vertex -35.3 64.0859 10
    endloop
  endfacet
  facet normal 0 0 1
    outer loop
      vertex -32.7294 66.3686 10
      vertex -35.3145 64.3078 10
      vertex -35.3036 64.1971 10
    endloop
  endfacet
  facet normal 0 0 1
    outer loop
      vertex -32.7294 66.3686 10
      vertex -35.3327 64.4175 10
      vertex -35.3145 64.3078 10
    endloop
  endfacet
  facet normal 0 0 1
    outer loop
      vertex -32.7294 66.3686 10
      vertex -35.3579 64.5259 10
      vertex -35.3327 64.4175 10
    endloop
  endfacet
  facet normal 0 0 1
    outer loop
      vertex -32.7294 66.3686 10
      vertex -35.3902 64.6323 10
      vertex -35.3579 64.5259 10
    endloop
  endfacet
  facet normal 0 0 1
    outer loop
      vertex -32.7294 66.3686 10
      vertex -35.4294 64.7364 10
      vertex -35.3902 64.6323 10
    endloop
  endfacet
  facet normal 0 0 1
    outer loop
      vertex -32.7294 66.3686 10
      vertex -35.4753 64.8378 10
      vertex -35.4294 64.7364 10
    endloop
  endfacet
  facet normal 0 -0 1
    outer loop
      vertex -35.4753 64.8378 10
      vertex -32.7294 66.3686 10
      vertex -35.5015 64.8868 10
    endloop
  endfacet
  facet normal 0 0 1
    outer loop
      vertex 35.4753 -64.8378 10
      vertex 32.7294 -66.3686 10
      vertex 35.5015 -64.8868 10
    endloop
  endfacet
  facet normal 0 0 1
    outer loop
      vertex 35.4294 -64.7364 10
      vertex 32.7294 -66.3686 10
      vertex 35.4753 -64.8378 10
    endloop
  endfacet
  facet normal 0 0 1
    outer loop
      vertex 35.3902 -64.6323 10
      vertex 32.7294 -66.3686 10
      vertex 35.4294 -64.7364 10
    endloop
  endfacet
  facet normal 0 0 1
    outer loop
      vertex 35.3579 -64.5259 10
      vertex 32.7294 -66.3686 10
      vertex 35.3902 -64.6323 10
    endloop
  endfacet
  facet normal 0 0 1
    outer loop
      vertex 35.3327 -64.4175 10
      vertex 32.7294 -66.3686 10
      vertex 35.3579 -64.5259 10
    endloop
  endfacet
  facet normal 0 0 1
    outer loop
      vertex 35.3145 -64.3078 10
      vertex 32.7294 -66.3686 10
      vertex 35.3327 -64.4175 10
    endloop
  endfacet
  facet normal 0 0 1
    outer loop
      vertex 35.3036 -64.1971 10
      vertex 32.7294 -66.3686 10
      vertex 35.3145 -64.3078 10
    endloop
  endfacet
  facet normal 0 0 1
    outer loop
      vertex 32.7294 -66.3686 10
      vertex 35.3036 -64.1971 10
      vertex 35.3 -64.0859 10
    endloop
  endfacet
  facet normal -0 0 1
    outer loop
      vertex -35.3036 -64.1971 10
      vertex -32.7294 -66.3686 10
      vertex -35.3 -64.0859 10
    endloop
  endfacet
  facet normal -0 0 1
    outer loop
      vertex -35.3145 -64.3078 10
      vertex -32.7294 -66.3686 10
      vertex -35.3036 -64.1971 10
    endloop
  endfacet
  facet normal -0 0 1
    outer loop
      vertex -35.3327 -64.4175 10
      vertex -32.7294 -66.3686 10
      vertex -35.3145 -64.3078 10
    endloop
  endfacet
  facet normal -0 0 1
    outer loop
      vertex -35.3579 -64.5259 10
      vertex -32.7294 -66.3686 10
      vertex -35.3327 -64.4175 10
    endloop
  endfacet
  facet normal -0 0 1
    outer loop
      vertex -35.3902 -64.6323 10
      vertex -32.7294 -66.3686 10
      vertex -35.3579 -64.5259 10
    endloop
  endfacet
  facet normal -0 0 1
    outer loop
      vertex -35.4294 -64.7364 10
      vertex -32.7294 -66.3686 10
      vertex -35.3902 -64.6323 10
    endloop
  endfacet
  facet normal -0 0 1
    outer loop
      vertex -35.4753 -64.8378 10
      vertex -32.7294 -66.3686 10
      vertex -35.4294 -64.7364 10
    endloop
  endfacet
  facet normal 0 0 1
    outer loop
      vertex -32.7294 -66.3686 10
      vertex -35.4753 -64.8378 10
      vertex -35.5015 -64.8868 10
    endloop
  endfacet
  facet normal 0 0 1
    outer loop
      vertex -50.5889 40.7921 10
      vertex -51.568 39.5695 10
      vertex -50.5831 40.7695 10
    endloop
  endfacet
  facet normal 0 0 1
    outer loop
      vertex -50.6082 40.895 10
      vertex -51.568 39.5695 10
      vertex -50.5889 40.7921 10
    endloop
  endfacet
  facet normal 0 0 1
    outer loop
      vertex -50.6208 40.999 10
      vertex -51.568 39.5695 10
      vertex -50.6082 40.895 10
    endloop
  endfacet
  facet normal 0 0 1
    outer loop
      vertex -51.568 39.5695 10
      vertex -50.6208 40.999 10
      vertex -50.6265 41.1035 10
    endloop
  endfacet
  facet normal -0.471417 0.88191 0
    outer loop
      vertex -32.7294 66.3686 0
      vertex -35.5015 64.8868 10
      vertex -32.7294 66.3686 10
    endloop
  endfacet
  facet normal -0.471417 0.88191 0
    outer loop
      vertex -35.5015 64.8868 10
      vertex -32.7294 66.3686 0
      vertex -35.5015 64.8868 0
    endloop
  endfacet
  facet normal -0.634387 0.773015 0
    outer loop
      vertex -45.0483 58.7081 0
      vertex -48.7916 55.6361 10
      vertex -45.0483 58.7081 10
    endloop
  endfacet
  facet normal -0.634387 0.773015 0
    outer loop
      vertex -48.7916 55.6361 10
      vertex -45.0483 58.7081 0
      vertex -48.7916 55.6361 0
    endloop
  endfacet
  facet normal -0.227078 0.973877 0
    outer loop
      vertex -14.4367 72.5781 0
      vertex -19.1526 71.4785 10
      vertex -14.4367 72.5781 10
    endloop
  endfacet
  facet normal -0.227078 0.973877 0
    outer loop
      vertex -19.1526 71.4785 10
      vertex -14.4367 72.5781 0
      vertex -19.1526 71.4785 0
    endloop
  endfacet
  facet normal -0.290289 0.956939 0
    outer loop
      vertex -19.1526 71.4785 0
      vertex -23.7865 70.0728 10
      vertex -19.1526 71.4785 10
    endloop
  endfacet
  facet normal -0.290289 0.956939 0
    outer loop
      vertex -23.7865 70.0728 10
      vertex -19.1526 71.4785 0
      vertex -23.7865 70.0728 0
    endloop
  endfacet
  facet normal -0.0327109 0.999465 0
    outer loop
      vertex 0 74 0
      vertex -4.83983 73.8416 10
      vertex 0 74 10
    endloop
  endfacet
  facet normal -0.0327109 0.999465 0
    outer loop
      vertex -4.83983 73.8416 10
      vertex 0 74 0
      vertex -4.83983 73.8416 0
    endloop
  endfacet
  facet normal 0.999465 -0.0327042 0
    outer loop
      vertex 73.8416 -4.83983 10
      vertex 73.9444 -1.69818 0
      vertex 73.9444 -1.69818 10
    endloop
  endfacet
  facet normal 0.999465 -0.0327042 0
    outer loop
      vertex 73.9444 -1.69818 0
      vertex 73.8416 -4.83983 10
      vertex 73.8416 -4.83983 0
    endloop
  endfacet
  facet normal 0.0327109 -0.999465 0
    outer loop
      vertex 0 -74 0
      vertex 4.83983 -73.8416 10
      vertex 0 -74 10
    endloop
  endfacet
  facet normal 0.0327109 -0.999465 0
    outer loop
      vertex 4.83983 -73.8416 10
      vertex 0 -74 0
      vertex 4.83983 -73.8416 0
    endloop
  endfacet
  facet normal 0.162893 -0.986644 0
    outer loop
      vertex 9.65894 -73.3669 0
      vertex 14.4367 -72.5781 10
      vertex 9.65894 -73.3669 10
    endloop
  endfacet
  facet normal 0.162893 -0.986644 0
    outer loop
      vertex 14.4367 -72.5781 10
      vertex 9.65894 -73.3669 0
      vertex 14.4367 -72.5781 0
    endloop
  endfacet
  facet normal 0.352239 -0.93591 0
    outer loop
      vertex 23.7865 -70.0728 0
      vertex 28.3186 -68.3671 10
      vertex 23.7865 -70.0728 10
    endloop
  endfacet
  facet normal 0.352239 -0.93591 0
    outer loop
      vertex 28.3186 -68.3671 10
      vertex 23.7865 -70.0728 0
      vertex 28.3186 -68.3671 0
    endloop
  endfacet
  facet normal 0.227078 -0.973877 0
    outer loop
      vertex 14.4367 -72.5781 0
      vertex 19.1526 -71.4785 10
      vertex 14.4367 -72.5781 10
    endloop
  endfacet
  facet normal 0.227078 -0.973877 0
    outer loop
      vertex 19.1526 -71.4785 10
      vertex 14.4367 -72.5781 0
      vertex 19.1526 -71.4785 0
    endloop
  endfacet
  facet normal 0.683589 -0.729867 0
    outer loop
      vertex 48.7916 -55.6361 0
      vertex 52.3259 -52.3259 10
      vertex 48.7916 -55.6361 10
    endloop
  endfacet
  facet normal 0.683589 -0.729867 0
    outer loop
      vertex 52.3259 -52.3259 10
      vertex 48.7916 -55.6361 0
      vertex 52.3259 -52.3259 0
    endloop
  endfacet
  facet normal 0.52805 -0.849213 0
    outer loop
      vertex 38.4429 -63.1886 0
      vertex 41.1122 -61.5288 10
      vertex 38.4429 -63.1886 10
    endloop
  endfacet
  facet normal 0.52805 -0.849213 0
    outer loop
      vertex 41.1122 -61.5288 10
      vertex 38.4429 -63.1886 0
      vertex 41.1122 -61.5288 0
    endloop
  endfacet
  facet normal 0.812834 -0.582496 0
    outer loop
      vertex 58.7081 -45.0483 10
      vertex 61.5288 -41.1122 0
      vertex 61.5288 -41.1122 10
    endloop
  endfacet
  facet normal 0.812834 -0.582496 0
    outer loop
      vertex 61.5288 -41.1122 0
      vertex 58.7081 -45.0483 10
      vertex 58.7081 -45.0483 0
    endloop
  endfacet
  facet normal 0.910864 -0.412706 0
    outer loop
      vertex 66.3686 -32.7294 10
      vertex 68.3671 -28.3186 0
      vertex 68.3671 -28.3186 10
    endloop
  endfacet
  facet normal 0.910864 -0.412706 0
    outer loop
      vertex 68.3671 -28.3186 0
      vertex 66.3686 -32.7294 10
      vertex 66.3686 -32.7294 0
    endloop
  endfacet
  facet normal 0.986644 -0.162893 0
    outer loop
      vertex 72.5781 -14.4367 10
      vertex 73.3669 -9.65894 0
      vertex 73.3669 -9.65894 10
    endloop
  endfacet
  facet normal 0.986644 -0.162893 0
    outer loop
      vertex 73.3669 -9.65894 0
      vertex 72.5781 -14.4367 10
      vertex 72.5781 -14.4367 0
    endloop
  endfacet
  facet normal 0.956939 -0.290289 0
    outer loop
      vertex 70.0728 -23.7865 10
      vertex 71.4785 -19.1526 0
      vertex 71.4785 -19.1526 10
    endloop
  endfacet
  facet normal 0.956939 -0.290289 0
    outer loop
      vertex 71.4785 -19.1526 0
      vertex 70.0728 -23.7865 10
      vertex 70.0728 -23.7865 0
    endloop
  endfacet
  facet normal -0.683589 -0.729867 0
    outer loop
      vertex -52.3259 -52.3259 0
      vertex -48.7916 -55.6361 10
      vertex -52.3259 -52.3259 10
    endloop
  endfacet
  facet normal -0.683589 -0.729867 -0
    outer loop
      vertex -48.7916 -55.6361 10
      vertex -52.3259 -52.3259 0
      vertex -48.7916 -55.6361 0
    endloop
  endfacet
  facet normal -0.582496 -0.812834 0
    outer loop
      vertex -45.0483 -58.7081 0
      vertex -41.1122 -61.5288 10
      vertex -45.0483 -58.7081 10
    endloop
  endfacet
  facet normal -0.582496 -0.812834 -0
    outer loop
      vertex -41.1122 -61.5288 10
      vertex -45.0483 -58.7081 0
      vertex -41.1122 -61.5288 0
    endloop
  endfacet
  facet normal -0.412706 -0.910864 0
    outer loop
      vertex -32.7294 -66.3686 0
      vertex -28.3186 -68.3671 10
      vertex -32.7294 -66.3686 10
    endloop
  endfacet
  facet normal -0.412706 -0.910864 -0
    outer loop
      vertex -28.3186 -68.3671 10
      vertex -32.7294 -66.3686 0
      vertex -28.3186 -68.3671 0
    endloop
  endfacet
  facet normal -0.52805 -0.849213 0
    outer loop
      vertex -41.1122 -61.5288 0
      vertex -38.4429 -63.1886 10
      vertex -41.1122 -61.5288 10
    endloop
  endfacet
  facet normal -0.52805 -0.849213 -0
    outer loop
      vertex -38.4429 -63.1886 10
      vertex -41.1122 -61.5288 0
      vertex -38.4429 -63.1886 0
    endloop
  endfacet
  facet normal -0.290289 -0.956939 0
    outer loop
      vertex -23.7865 -70.0728 0
      vertex -19.1526 -71.4785 10
      vertex -23.7865 -70.0728 10
    endloop
  endfacet
  facet normal -0.290289 -0.956939 -0
    outer loop
      vertex -19.1526 -71.4785 10
      vertex -23.7865 -70.0728 0
      vertex -19.1526 -71.4785 0
    endloop
  endfacet
  facet normal -0.0980292 -0.995184 0
    outer loop
      vertex -9.65894 -73.3669 0
      vertex -4.83983 -73.8416 10
      vertex -9.65894 -73.3669 10
    endloop
  endfacet
  facet normal -0.0980292 -0.995184 -0
    outer loop
      vertex -4.83983 -73.8416 10
      vertex -9.65894 -73.3669 0
      vertex -4.83983 -73.8416 0
    endloop
  endfacet
  facet normal -0.88192 -0.471399 0
    outer loop
      vertex -64.0859 -37 0
      vertex -66.3686 -32.7294 10
      vertex -66.3686 -32.7294 0
    endloop
  endfacet
  facet normal -0.88192 -0.471399 0
    outer loop
      vertex -66.3686 -32.7294 10
      vertex -64.0859 -37 0
      vertex -64.0859 -37 10
    endloop
  endfacet
  facet normal -0.773015 -0.634387 0
    outer loop
      vertex -55.6361 -48.7916 0
      vertex -58.7081 -45.0483 10
      vertex -58.7081 -45.0483 0
    endloop
  endfacet
  facet normal -0.773015 -0.634387 0
    outer loop
      vertex -58.7081 -45.0483 10
      vertex -55.6361 -48.7916 0
      vertex -55.6361 -48.7916 10
    endloop
  endfacet
  facet normal -0.973877 -0.227078 0
    outer loop
      vertex -71.4785 -19.1526 0
      vertex -72.5781 -14.4367 10
      vertex -72.5781 -14.4367 0
    endloop
  endfacet
  facet normal -0.973877 -0.227078 0
    outer loop
      vertex -72.5781 -14.4367 10
      vertex -71.4785 -19.1526 0
      vertex -71.4785 -19.1526 10
    endloop
  endfacet
  facet normal -0.93591 -0.352239 0
    outer loop
      vertex -68.3671 -28.3186 0
      vertex -70.0728 -23.7865 10
      vertex -70.0728 -23.7865 0
    endloop
  endfacet
  facet normal -0.93591 -0.352239 0
    outer loop
      vertex -70.0728 -23.7865 10
      vertex -68.3671 -28.3186 0
      vertex -68.3671 -28.3186 10
    endloop
  endfacet
  facet normal -0.986644 -0.162893 0
    outer loop
      vertex -72.5781 -14.4367 0
      vertex -73.3669 -9.65894 10
      vertex -73.3669 -9.65894 0
    endloop
  endfacet
  facet normal -0.986644 -0.162893 0
    outer loop
      vertex -73.3669 -9.65894 10
      vertex -72.5781 -14.4367 0
      vertex -72.5781 -14.4367 10
    endloop
  endfacet
  facet normal -0.999465 -0.0327042 0
    outer loop
      vertex -73.8416 -4.83983 0
      vertex -73.9444 -1.69818 10
      vertex -73.9444 -1.69818 0
    endloop
  endfacet
  facet normal -0.999465 -0.0327042 0
    outer loop
      vertex -73.9444 -1.69818 10
      vertex -73.8416 -4.83983 0
      vertex -73.8416 -4.83983 10
    endloop
  endfacet
  facet normal 0.0980292 -0.995184 0
    outer loop
      vertex 4.83983 -73.8416 0
      vertex 9.65894 -73.3669 10
      vertex 4.83983 -73.8416 10
    endloop
  endfacet
  facet normal 0.0980292 -0.995184 0
    outer loop
      vertex 9.65894 -73.3669 10
      vertex 4.83983 -73.8416 0
      vertex 9.65894 -73.3669 0
    endloop
  endfacet
  facet normal 0.412706 -0.910864 0
    outer loop
      vertex 28.3186 -68.3671 0
      vertex 32.7294 -66.3686 10
      vertex 28.3186 -68.3671 10
    endloop
  endfacet
  facet normal 0.412706 -0.910864 0
    outer loop
      vertex 32.7294 -66.3686 10
      vertex 28.3186 -68.3671 0
      vertex 32.7294 -66.3686 0
    endloop
  endfacet
  facet normal 0.290289 -0.956939 0
    outer loop
      vertex 19.1526 -71.4785 0
      vertex 23.7865 -70.0728 10
      vertex 19.1526 -71.4785 10
    endloop
  endfacet
  facet normal 0.290289 -0.956939 0
    outer loop
      vertex 23.7865 -70.0728 10
      vertex 19.1526 -71.4785 0
      vertex 23.7865 -70.0728 0
    endloop
  endfacet
  facet normal 0.729867 -0.683589 0
    outer loop
      vertex 52.3259 -52.3259 10
      vertex 55.6361 -48.7916 0
      vertex 55.6361 -48.7916 10
    endloop
  endfacet
  facet normal 0.729867 -0.683589 0
    outer loop
      vertex 55.6361 -48.7916 0
      vertex 52.3259 -52.3259 10
      vertex 52.3259 -52.3259 0
    endloop
  endfacet
  facet normal 0.582496 -0.812834 0
    outer loop
      vertex 41.1122 -61.5288 0
      vertex 45.0483 -58.7081 10
      vertex 41.1122 -61.5288 10
    endloop
  endfacet
  facet normal 0.582496 -0.812834 0
    outer loop
      vertex 45.0483 -58.7081 10
      vertex 41.1122 -61.5288 0
      vertex 45.0483 -58.7081 0
    endloop
  endfacet
  facet normal 0.849205 -0.528063 0
    outer loop
      vertex 61.5288 -41.1122 10
      vertex 64.0859 -37 0
      vertex 64.0859 -37 10
    endloop
  endfacet
  facet normal 0.849205 -0.528063 0
    outer loop
      vertex 64.0859 -37 0
      vertex 61.5288 -41.1122 10
      vertex 61.5288 -41.1122 0
    endloop
  endfacet
  facet normal 0.93591 -0.352239 0
    outer loop
      vertex 68.3671 -28.3186 10
      vertex 70.0728 -23.7865 0
      vertex 70.0728 -23.7865 10
    endloop
  endfacet
  facet normal 0.93591 -0.352239 0
    outer loop
      vertex 70.0728 -23.7865 0
      vertex 68.3671 -28.3186 10
      vertex 68.3671 -28.3186 0
    endloop
  endfacet
  facet normal 0.995184 -0.0980292 0
    outer loop
      vertex 73.3669 -9.65894 10
      vertex 73.8416 -4.83983 0
      vertex 73.8416 -4.83983 10
    endloop
  endfacet
  facet normal 0.995184 -0.0980292 0
    outer loop
      vertex 73.8416 -4.83983 0
      vertex 73.3669 -9.65894 10
      vertex 73.3669 -9.65894 0
    endloop
  endfacet
  facet normal 0.973877 -0.227078 0
    outer loop
      vertex 71.4785 -19.1526 10
      vertex 72.5781 -14.4367 0
      vertex 72.5781 -14.4367 10
    endloop
  endfacet
  facet normal 0.973877 -0.227078 0
    outer loop
      vertex 72.5781 -14.4367 0
      vertex 71.4785 -19.1526 10
      vertex 71.4785 -19.1526 0
    endloop
  endfacet
  facet normal -0.634387 -0.773015 0
    outer loop
      vertex -48.7916 -55.6361 0
      vertex -45.0483 -58.7081 10
      vertex -48.7916 -55.6361 10
    endloop
  endfacet
  facet normal -0.634387 -0.773015 -0
    outer loop
      vertex -45.0483 -58.7081 10
      vertex -48.7916 -55.6361 0
      vertex -45.0483 -58.7081 0
    endloop
  endfacet
  facet normal -0.471417 -0.88191 0
    outer loop
      vertex -35.5015 -64.8868 0
      vertex -32.7294 -66.3686 10
      vertex -35.5015 -64.8868 10
    endloop
  endfacet
  facet normal -0.471417 -0.88191 -0
    outer loop
      vertex -32.7294 -66.3686 10
      vertex -35.5015 -64.8868 0
      vertex -32.7294 -66.3686 0
    endloop
  endfacet
  facet normal -0.227078 -0.973877 0
    outer loop
      vertex -19.1526 -71.4785 0
      vertex -14.4367 -72.5781 10
      vertex -19.1526 -71.4785 10
    endloop
  endfacet
  facet normal -0.227078 -0.973877 -0
    outer loop
      vertex -14.4367 -72.5781 10
      vertex -19.1526 -71.4785 0
      vertex -14.4367 -72.5781 0
    endloop
  endfacet
  facet normal -0.0327109 -0.999465 0
    outer loop
      vertex -4.83983 -73.8416 0
      vertex 0 -74 10
      vertex -4.83983 -73.8416 10
    endloop
  endfacet
  facet normal -0.0327109 -0.999465 -0
    outer loop
      vertex 0 -74 10
      vertex -4.83983 -73.8416 0
      vertex 0 -74 0
    endloop
  endfacet
  facet normal -0.849205 -0.528063 0
    outer loop
      vertex -61.5288 -41.1122 0
      vertex -64.0859 -37 10
      vertex -64.0859 -37 0
    endloop
  endfacet
  facet normal -0.849205 -0.528063 0
    outer loop
      vertex -64.0859 -37 10
      vertex -61.5288 -41.1122 0
      vertex -61.5288 -41.1122 10
    endloop
  endfacet
  facet normal -0.729867 -0.683589 0
    outer loop
      vertex -52.3259 -52.3259 0
      vertex -55.6361 -48.7916 10
      vertex -55.6361 -48.7916 0
    endloop
  endfacet
  facet normal -0.729867 -0.683589 0
    outer loop
      vertex -55.6361 -48.7916 10
      vertex -52.3259 -52.3259 0
      vertex -52.3259 -52.3259 10
    endloop
  endfacet
  facet normal -0.956939 -0.290289 0
    outer loop
      vertex -70.0728 -23.7865 0
      vertex -71.4785 -19.1526 10
      vertex -71.4785 -19.1526 0
    endloop
  endfacet
  facet normal -0.956939 -0.290289 0
    outer loop
      vertex -71.4785 -19.1526 10
      vertex -70.0728 -23.7865 0
      vertex -70.0728 -23.7865 10
    endloop
  endfacet
  facet normal -0.995184 -0.0980292 0
    outer loop
      vertex -73.3669 -9.65894 0
      vertex -73.8416 -4.83983 10
      vertex -73.8416 -4.83983 0
    endloop
  endfacet
  facet normal -0.995184 -0.0980292 0
    outer loop
      vertex -73.8416 -4.83983 10
      vertex -73.3669 -9.65894 0
      vertex -73.3669 -9.65894 10
    endloop
  endfacet
  facet normal 0.999476 -0.0323615 0
    outer loop
      vertex 72.3 0 10
      vertex 72.3036 0.111185 0
      vertex 72.3036 0.111185 10
    endloop
  endfacet
  facet normal 0.999476 -0.0323615 0
    outer loop
      vertex 72.3036 0.111185 0
      vertex 72.3 0 10
      vertex 72.3 0 0
    endloop
  endfacet
  facet normal 0.683582 -0.729873 0
    outer loop
      vertex 72.7979 1.20208 0
      vertex 72.8791 1.27813 10
      vertex 72.7979 1.20208 10
    endloop
  endfacet
  facet normal 0.683582 -0.729873 0
    outer loop
      vertex 72.8791 1.27813 10
      vertex 72.7979 1.20208 0
      vertex 72.8791 1.27813 0
    endloop
  endfacet
  facet normal 0.849382 -0.527779 0
    outer loop
      vertex 72.5278 0.849999 10
      vertex 72.5865 0.944468 0
      vertex 72.5865 0.944468 10
    endloop
  endfacet
  facet normal 0.849382 -0.527779 0
    outer loop
      vertex 72.5865 0.944468 0
      vertex 72.5278 0.849999 10
      vertex 72.5278 0.849999 0
    endloop
  endfacet
  facet normal 0.290399 -0.956906 0
    outer loop
      vertex 73.4536 1.60978 0
      vertex 73.56 1.64207 10
      vertex 73.4536 1.60978 10
    endloop
  endfacet
  facet normal 0.290399 -0.956906 0
    outer loop
      vertex 73.56 1.64207 10
      vertex 73.4536 1.60978 0
      vertex 73.56 1.64207 0
    endloop
  endfacet
  facet normal 0.352029 0.935989 -0
    outer loop
      vertex 73.4536 -1.60978 0
      vertex 73.3494 -1.57059 10
      vertex 73.4536 -1.60978 10
    endloop
  endfacet
  facet normal 0.352029 0.935989 0
    outer loop
      vertex 73.3494 -1.57059 10
      vertex 73.4536 -1.60978 0
      vertex 73.3494 -1.57059 0
    endloop
  endfacet
  facet normal 0.910903 -0.412621 0
    outer loop
      vertex 72.4294 0.650561 10
      vertex 72.4753 0.75189 0
      vertex 72.4753 0.75189 10
    endloop
  endfacet
  facet normal 0.910903 -0.412621 0
    outer loop
      vertex 72.4753 0.75189 0
      vertex 72.4294 0.650561 10
      vertex 72.4294 0.650561 0
    endloop
  endfacet
  facet normal 0.973998 -0.226555 0
    outer loop
      vertex 72.3327 0.331653 10
      vertex 72.3579 0.439992 0
      vertex 72.3579 0.439992 10
    endloop
  endfacet
  facet normal 0.973998 -0.226555 0
    outer loop
      vertex 72.3579 0.439992 0
      vertex 72.3327 0.331653 10
      vertex 72.3327 0.331653 0
    endloop
  endfacet
  facet normal 0.995188 -0.0979826 0
    outer loop
      vertex 72.3036 0.111185 10
      vertex 72.3145 0.221894 0
      vertex 72.3145 0.221894 10
    endloop
  endfacet
  facet normal 0.995188 -0.0979826 0
    outer loop
      vertex 72.3145 0.221894 0
      vertex 72.3036 0.111185 10
      vertex 72.3036 0.111185 0
    endloop
  endfacet
  facet normal 0.527913 -0.849298 0
    outer loop
      vertex 73.0555 1.4135 0
      vertex 73.15 1.47224 10
      vertex 73.0555 1.4135 10
    endloop
  endfacet
  facet normal 0.527913 -0.849298 0
    outer loop
      vertex 73.15 1.47224 10
      vertex 73.0555 1.4135 0
      vertex 73.15 1.47224 0
    endloop
  endfacet
  facet normal 0.412793 -0.910825 0
    outer loop
      vertex 73.2481 1.52468 0
      vertex 73.3494 1.57059 10
      vertex 73.2481 1.52468 10
    endloop
  endfacet
  facet normal 0.412793 -0.910825 0
    outer loop
      vertex 73.3494 1.57059 10
      vertex 73.2481 1.52468 0
      vertex 73.3494 1.57059 0
    endloop
  endfacet
  facet normal 0.634348 -0.773047 0
    outer loop
      vertex 72.8791 1.27813 0
      vertex 72.9651 1.3487 10
      vertex 72.8791 1.27813 10
    endloop
  endfacet
  facet normal 0.634348 -0.773047 0
    outer loop
      vertex 72.9651 1.3487 10
      vertex 72.8791 1.27813 0
      vertex 72.9651 1.3487 0
    endloop
  endfacet
  facet normal 0.0327163 -0.999465 0
    outer loop
      vertex 73.8888 1.69636 0
      vertex 73.9444 1.69818 10
      vertex 73.8888 1.69636 10
    endloop
  endfacet
  facet normal 0.0327163 -0.999465 0
    outer loop
      vertex 73.9444 1.69818 10
      vertex 73.8888 1.69636 0
      vertex 73.9444 1.69818 0
    endloop
  endfacet
  facet normal 0.683582 0.729873 -0
    outer loop
      vertex 72.8791 -1.27813 0
      vertex 72.7979 -1.20208 10
      vertex 72.8791 -1.27813 10
    endloop
  endfacet
  facet normal 0.683582 0.729873 0
    outer loop
      vertex 72.7979 -1.20208 10
      vertex 72.8791 -1.27813 0
      vertex 72.7979 -1.20208 0
    endloop
  endfacet
  facet normal 0.0327163 0.999465 -0
    outer loop
      vertex 73.9444 -1.69818 0
      vertex 73.8888 -1.69636 10
      vertex 73.9444 -1.69818 10
    endloop
  endfacet
  facet normal 0.0327163 0.999465 0
    outer loop
      vertex 73.8888 -1.69636 10
      vertex 73.9444 -1.69818 0
      vertex 73.8888 -1.69636 0
    endloop
  endfacet
  facet normal 0.582598 0.81276 -0
    outer loop
      vertex 73.0555 -1.4135 0
      vertex 72.9651 -1.3487 10
      vertex 73.0555 -1.4135 10
    endloop
  endfacet
  facet normal 0.582598 0.81276 0
    outer loop
      vertex 72.9651 -1.3487 10
      vertex 73.0555 -1.4135 0
      vertex 72.9651 -1.3487 0
    endloop
  endfacet
  facet normal 0.910903 0.412621 0
    outer loop
      vertex 72.4753 -0.75189 10
      vertex 72.4294 -0.650561 0
      vertex 72.4294 -0.650561 10
    endloop
  endfacet
  facet normal 0.910903 0.412621 0
    outer loop
      vertex 72.4294 -0.650561 0
      vertex 72.4753 -0.75189 10
      vertex 72.4753 -0.75189 0
    endloop
  endfacet
  facet normal 0.973998 0.226555 0
    outer loop
      vertex 72.3579 -0.439992 10
      vertex 72.3327 -0.331653 0
      vertex 72.3327 -0.331653 10
    endloop
  endfacet
  facet normal 0.973998 0.226555 0
    outer loop
      vertex 72.3327 -0.331653 0
      vertex 72.3579 -0.439992 10
      vertex 72.3579 -0.439992 0
    endloop
  endfacet
  facet normal 0.999476 0.0323615 0
    outer loop
      vertex 72.3036 -0.111185 10
      vertex 72.3 0 0
      vertex 72.3 0 10
    endloop
  endfacet
  facet normal 0.999476 0.0323615 0
    outer loop
      vertex 72.3 0 0
      vertex 72.3036 -0.111185 10
      vertex 72.3036 -0.111185 0
    endloop
  endfacet
  facet normal 0.881698 -0.471814 0
    outer loop
      vertex 72.4753 0.75189 10
      vertex 72.5278 0.849999 0
      vertex 72.5278 0.849999 10
    endloop
  endfacet
  facet normal 0.881698 -0.471814 0
    outer loop
      vertex 72.5278 0.849999 0
      vertex 72.4753 0.75189 10
      vertex 72.4753 0.75189 0
    endloop
  endfacet
  facet normal 0.935864 -0.352362 0
    outer loop
      vertex 72.3902 0.546447 10
      vertex 72.4294 0.650561 0
      vertex 72.4294 0.650561 10
    endloop
  endfacet
  facet normal 0.935864 -0.352362 0
    outer loop
      vertex 72.4294 0.650561 0
      vertex 72.3902 0.546447 10
      vertex 72.3902 0.546447 0
    endloop
  endfacet
  facet normal 0.956922 -0.290344 0
    outer loop
      vertex 72.3579 0.439992 10
      vertex 72.3902 0.546447 0
      vertex 72.3902 0.546447 10
    endloop
  endfacet
  facet normal 0.956922 -0.290344 0
    outer loop
      vertex 72.3902 0.546447 0
      vertex 72.3579 0.439992 10
      vertex 72.3579 0.439992 0
    endloop
  endfacet
  facet normal 0.986529 -0.163584 0
    outer loop
      vertex 72.3145 0.221894 10
      vertex 72.3327 0.331653 0
      vertex 72.3327 0.331653 10
    endloop
  endfacet
  facet normal 0.986529 -0.163584 0
    outer loop
      vertex 72.3327 0.331653 0
      vertex 72.3145 0.221894 10
      vertex 72.3145 0.221894 0
    endloop
  endfacet
  facet normal 0.471428 -0.881905 0
    outer loop
      vertex 73.15 1.47224 0
      vertex 73.2481 1.52468 10
      vertex 73.15 1.47224 10
    endloop
  endfacet
  facet normal 0.471428 -0.881905 0
    outer loop
      vertex 73.2481 1.52468 10
      vertex 73.15 1.47224 0
      vertex 73.2481 1.52468 0
    endloop
  endfacet
  facet normal 0.582598 -0.81276 0
    outer loop
      vertex 72.9651 1.3487 0
      vertex 73.0555 1.4135 10
      vertex 72.9651 1.3487 10
    endloop
  endfacet
  facet normal 0.582598 -0.81276 0
    outer loop
      vertex 73.0555 1.4135 10
      vertex 72.9651 1.3487 0
      vertex 73.0555 1.4135 0
    endloop
  endfacet
  facet normal 0.352029 -0.935989 0
    outer loop
      vertex 73.3494 1.57059 0
      vertex 73.4536 1.60978 10
      vertex 73.3494 1.57059 10
    endloop
  endfacet
  facet normal 0.352029 -0.935989 0
    outer loop
      vertex 73.4536 1.60978 10
      vertex 73.3494 1.57059 0
      vertex 73.4536 1.60978 0
    endloop
  endfacet
  facet normal 0.226946 -0.973907 0
    outer loop
      vertex 73.56 1.64207 0
      vertex 73.6684 1.66733 10
      vertex 73.56 1.64207 10
    endloop
  endfacet
  facet normal 0.226946 -0.973907 0
    outer loop
      vertex 73.6684 1.66733 10
      vertex 73.56 1.64207 0
      vertex 73.6684 1.66733 0
    endloop
  endfacet
  facet normal 0.0979904 -0.995187 0
    outer loop
      vertex 73.7781 1.68546 0
      vertex 73.8888 1.69636 10
      vertex 73.7781 1.68546 10
    endloop
  endfacet
  facet normal 0.0979904 -0.995187 0
    outer loop
      vertex 73.8888 1.69636 10
      vertex 73.7781 1.68546 0
      vertex 73.8888 1.69636 0
    endloop
  endfacet
  facet normal 0.163057 -0.986617 0
    outer loop
      vertex 73.6684 1.66733 0
      vertex 73.7781 1.68546 10
      vertex 73.6684 1.66733 10
    endloop
  endfacet
  facet normal 0.163057 -0.986617 0
    outer loop
      vertex 73.7781 1.68546 10
      vertex 73.6684 1.66733 0
      vertex 73.7781 1.68546 0
    endloop
  endfacet
  facet normal 0.226946 0.973907 -0
    outer loop
      vertex 73.6684 -1.66733 0
      vertex 73.56 -1.64207 10
      vertex 73.6684 -1.66733 10
    endloop
  endfacet
  facet normal 0.226946 0.973907 0
    outer loop
      vertex 73.56 -1.64207 10
      vertex 73.6684 -1.66733 0
      vertex 73.56 -1.64207 0
    endloop
  endfacet
  facet normal 0.163057 0.986617 -0
    outer loop
      vertex 73.7781 -1.68546 0
      vertex 73.6684 -1.66733 10
      vertex 73.7781 -1.68546 10
    endloop
  endfacet
  facet normal 0.163057 0.986617 0
    outer loop
      vertex 73.6684 -1.66733 10
      vertex 73.7781 -1.68546 0
      vertex 73.6684 -1.66733 0
    endloop
  endfacet
  facet normal 0.527913 0.849298 -0
    outer loop
      vertex 73.15 -1.47224 0
      vertex 73.0555 -1.4135 10
      vertex 73.15 -1.47224 10
    endloop
  endfacet
  facet normal 0.527913 0.849298 0
    outer loop
      vertex 73.0555 -1.4135 10
      vertex 73.15 -1.47224 0
      vertex 73.0555 -1.4135 0
    endloop
  endfacet
  facet normal 0.412793 0.910825 -0
    outer loop
      vertex 73.3494 -1.57059 0
      vertex 73.2481 -1.52468 10
      vertex 73.3494 -1.57059 10
    endloop
  endfacet
  facet normal 0.412793 0.910825 0
    outer loop
      vertex 73.2481 -1.52468 10
      vertex 73.3494 -1.57059 0
      vertex 73.2481 -1.52468 0
    endloop
  endfacet
  facet normal 0.634348 0.773047 -0
    outer loop
      vertex 72.9651 -1.3487 0
      vertex 72.8791 -1.27813 10
      vertex 72.9651 -1.3487 10
    endloop
  endfacet
  facet normal 0.634348 0.773047 0
    outer loop
      vertex 72.8791 -1.27813 10
      vertex 72.9651 -1.3487 0
      vertex 72.8791 -1.27813 0
    endloop
  endfacet
  facet normal 0.812827 0.582504 0
    outer loop
      vertex 72.6513 -1.03489 10
      vertex 72.5865 -0.944468 0
      vertex 72.5865 -0.944468 10
    endloop
  endfacet
  facet normal 0.812827 0.582504 0
    outer loop
      vertex 72.5865 -0.944468 0
      vertex 72.6513 -1.03489 10
      vertex 72.6513 -1.03489 0
    endloop
  endfacet
  facet normal 0.730056 0.683388 0
    outer loop
      vertex 72.7979 -1.20208 10
      vertex 72.7219 -1.12089 0
      vertex 72.7219 -1.12089 10
    endloop
  endfacet
  facet normal 0.730056 0.683388 0
    outer loop
      vertex 72.7219 -1.12089 0
      vertex 72.7979 -1.20208 10
      vertex 72.7979 -1.20208 0
    endloop
  endfacet
  facet normal 0.881698 0.471814 0
    outer loop
      vertex 72.5278 -0.849999 10
      vertex 72.4753 -0.75189 0
      vertex 72.4753 -0.75189 10
    endloop
  endfacet
  facet normal 0.881698 0.471814 0
    outer loop
      vertex 72.4753 -0.75189 0
      vertex 72.5278 -0.849999 10
      vertex 72.5278 -0.849999 0
    endloop
  endfacet
  facet normal 0.995188 0.0979826 0
    outer loop
      vertex 72.3145 -0.221894 10
      vertex 72.3036 -0.111185 0
      vertex 72.3036 -0.111185 10
    endloop
  endfacet
  facet normal 0.995188 0.0979826 0
    outer loop
      vertex 72.3036 -0.111185 0
      vertex 72.3145 -0.221894 10
      vertex 72.3145 -0.221894 0
    endloop
  endfacet
  facet normal 0.986529 0.163584 0
    outer loop
      vertex 72.3327 -0.331653 10
      vertex 72.3145 -0.221894 0
      vertex 72.3145 -0.221894 10
    endloop
  endfacet
  facet normal 0.986529 0.163584 0
    outer loop
      vertex 72.3145 -0.221894 0
      vertex 72.3327 -0.331653 10
      vertex 72.3327 -0.331653 0
    endloop
  endfacet
  facet normal 0.956922 0.290344 0
    outer loop
      vertex 72.3902 -0.546447 10
      vertex 72.3579 -0.439992 0
      vertex 72.3579 -0.439992 10
    endloop
  endfacet
  facet normal 0.956922 0.290344 0
    outer loop
      vertex 72.3579 -0.439992 0
      vertex 72.3902 -0.546447 10
      vertex 72.3902 -0.546447 0
    endloop
  endfacet
  facet normal 0.812827 -0.582504 0
    outer loop
      vertex 72.5865 0.944468 10
      vertex 72.6513 1.03489 0
      vertex 72.6513 1.03489 10
    endloop
  endfacet
  facet normal 0.812827 -0.582504 0
    outer loop
      vertex 72.6513 1.03489 0
      vertex 72.5865 0.944468 10
      vertex 72.5865 0.944468 0
    endloop
  endfacet
  facet normal 0.772915 -0.634509 0
    outer loop
      vertex 72.6513 1.03489 10
      vertex 72.7219 1.12089 0
      vertex 72.7219 1.12089 10
    endloop
  endfacet
  facet normal 0.772915 -0.634509 0
    outer loop
      vertex 72.7219 1.12089 0
      vertex 72.6513 1.03489 10
      vertex 72.6513 1.03489 0
    endloop
  endfacet
  facet normal 0.730056 -0.683388 0
    outer loop
      vertex 72.7219 1.12089 10
      vertex 72.7979 1.20208 0
      vertex 72.7979 1.20208 10
    endloop
  endfacet
  facet normal 0.730056 -0.683388 0
    outer loop
      vertex 72.7979 1.20208 0
      vertex 72.7219 1.12089 10
      vertex 72.7219 1.12089 0
    endloop
  endfacet
  facet normal 0.290399 0.956906 -0
    outer loop
      vertex 73.56 -1.64207 0
      vertex 73.4536 -1.60978 10
      vertex 73.56 -1.64207 10
    endloop
  endfacet
  facet normal 0.290399 0.956906 0
    outer loop
      vertex 73.4536 -1.60978 10
      vertex 73.56 -1.64207 0
      vertex 73.4536 -1.60978 0
    endloop
  endfacet
  facet normal 0.0979904 0.995187 -0
    outer loop
      vertex 73.8888 -1.69636 0
      vertex 73.7781 -1.68546 10
      vertex 73.8888 -1.69636 10
    endloop
  endfacet
  facet normal 0.0979904 0.995187 0
    outer loop
      vertex 73.7781 -1.68546 10
      vertex 73.8888 -1.69636 0
      vertex 73.7781 -1.68546 0
    endloop
  endfacet
  facet normal 0.471428 0.881905 -0
    outer loop
      vertex 73.2481 -1.52468 0
      vertex 73.15 -1.47224 10
      vertex 73.2481 -1.52468 10
    endloop
  endfacet
  facet normal 0.471428 0.881905 0
    outer loop
      vertex 73.15 -1.47224 10
      vertex 73.2481 -1.52468 0
      vertex 73.15 -1.47224 0
    endloop
  endfacet
  facet normal 0.772915 0.634509 0
    outer loop
      vertex 72.7219 -1.12089 10
      vertex 72.6513 -1.03489 0
      vertex 72.6513 -1.03489 10
    endloop
  endfacet
  facet normal 0.772915 0.634509 0
    outer loop
      vertex 72.6513 -1.03489 0
      vertex 72.7219 -1.12089 10
      vertex 72.7219 -1.12089 0
    endloop
  endfacet
  facet normal 0.849382 0.527779 0
    outer loop
      vertex 72.5865 -0.944468 10
      vertex 72.5278 -0.849999 0
      vertex 72.5278 -0.849999 10
    endloop
  endfacet
  facet normal 0.849382 0.527779 0
    outer loop
      vertex 72.5278 -0.849999 0
      vertex 72.5865 -0.944468 10
      vertex 72.5865 -0.944468 0
    endloop
  endfacet
  facet normal 0.935864 0.352362 0
    outer loop
      vertex 72.4294 -0.650561 10
      vertex 72.3902 -0.546447 0
      vertex 72.3902 -0.546447 10
    endloop
  endfacet
  facet normal 0.935864 0.352362 0
    outer loop
      vertex 72.3902 -0.546447 0
      vertex 72.4294 -0.650561 10
      vertex 72.4294 -0.650561 0
    endloop
  endfacet
  facet normal 0.881854 -0.471522 0
    outer loop
      vertex 35.4753 64.8378 10
      vertex 35.5015 64.8868 0
      vertex 35.5015 64.8868 10
    endloop
  endfacet
  facet normal 0.881854 -0.471522 0
    outer loop
      vertex 35.5015 64.8868 0
      vertex 35.4753 64.8378 10
      vertex 35.4753 64.8378 0
    endloop
  endfacet
  facet normal 0.88168 0.471847 0
    outer loop
      vertex 35.5278 63.2359 10
      vertex 35.4753 63.334 0
      vertex 35.4753 63.334 10
    endloop
  endfacet
  facet normal 0.88168 0.471847 0
    outer loop
      vertex 35.4753 63.334 0
      vertex 35.5278 63.2359 10
      vertex 35.5278 63.2359 0
    endloop
  endfacet
  facet normal 0.97398 0.226633 0
    outer loop
      vertex 35.3579 63.6459 10
      vertex 35.3327 63.7542 0
      vertex 35.3327 63.7542 10
    endloop
  endfacet
  facet normal 0.97398 0.226633 0
    outer loop
      vertex 35.3327 63.7542 0
      vertex 35.3579 63.6459 10
      vertex 35.3579 63.6459 0
    endloop
  endfacet
  facet normal 0.935848 -0.352404 0
    outer loop
      vertex 35.3902 64.6323 10
      vertex 35.4294 64.7364 0
      vertex 35.4294 64.7364 10
    endloop
  endfacet
  facet normal 0.935848 -0.352404 0
    outer loop
      vertex 35.4294 64.7364 0
      vertex 35.3902 64.6323 10
      vertex 35.3902 64.6323 0
    endloop
  endfacet
  facet normal 0.910859 0.412719 0
    outer loop
      vertex 35.4753 63.334 10
      vertex 35.4294 63.4353 0
      vertex 35.4294 63.4353 10
    endloop
  endfacet
  facet normal 0.910859 0.412719 0
    outer loop
      vertex 35.4294 63.4353 0
      vertex 35.4753 63.334 10
      vertex 35.4753 63.334 0
    endloop
  endfacet
  facet normal 0.683343 0.730098 -0
    outer loop
      vertex 35.8791 62.8078 0
      vertex 35.7979 62.8838 10
      vertex 35.8791 62.8078 10
    endloop
  endfacet
  facet normal 0.683343 0.730098 0
    outer loop
      vertex 35.7979 62.8838 10
      vertex 35.8791 62.8078 0
      vertex 35.7979 62.8838 0
    endloop
  endfacet
  facet normal 0.772915 0.634509 0
    outer loop
      vertex 35.7219 62.965 10
      vertex 35.6513 63.051 0
      vertex 35.6513 63.051 10
    endloop
  endfacet
  facet normal 0.772915 0.634509 0
    outer loop
      vertex 35.6513 63.051 0
      vertex 35.7219 62.965 10
      vertex 35.7219 62.965 0
    endloop
  endfacet
  facet normal 0.634509 0.772915 -0
    outer loop
      vertex 35.9651 62.7372 0
      vertex 35.8791 62.8078 10
      vertex 35.9651 62.7372 10
    endloop
  endfacet
  facet normal 0.634509 0.772915 0
    outer loop
      vertex 35.8791 62.8078 10
      vertex 35.9651 62.7372 0
      vertex 35.8791 62.8078 0
    endloop
  endfacet
  facet normal 0.999476 0.0323571 0
    outer loop
      vertex 35.3036 63.9747 10
      vertex 35.3 64.0859 0
      vertex 35.3 64.0859 10
    endloop
  endfacet
  facet normal 0.999476 0.0323571 0
    outer loop
      vertex 35.3 64.0859 0
      vertex 35.3036 63.9747 10
      vertex 35.3036 63.9747 0
    endloop
  endfacet
  facet normal 0.999476 -0.0323571 0
    outer loop
      vertex 35.3 64.0859 10
      vertex 35.3036 64.1971 0
      vertex 35.3036 64.1971 10
    endloop
  endfacet
  facet normal 0.999476 -0.0323571 0
    outer loop
      vertex 35.3036 64.1971 0
      vertex 35.3 64.0859 10
      vertex 35.3 64.0859 0
    endloop
  endfacet
  facet normal 0.986515 -0.16367 0
    outer loop
      vertex 35.3145 64.3078 10
      vertex 35.3327 64.4175 0
      vertex 35.3327 64.4175 10
    endloop
  endfacet
  facet normal 0.986515 -0.16367 0
    outer loop
      vertex 35.3327 64.4175 0
      vertex 35.3145 64.3078 10
      vertex 35.3145 64.3078 0
    endloop
  endfacet
  facet normal 0.911012 -0.412381 0
    outer loop
      vertex 35.4294 64.7364 10
      vertex 35.4753 64.8378 0
      vertex 35.4753 64.8378 10
    endloop
  endfacet
  facet normal 0.911012 -0.412381 0
    outer loop
      vertex 35.4753 64.8378 0
      vertex 35.4294 64.7364 10
      vertex 35.4294 64.7364 0
    endloop
  endfacet
  facet normal -0.634509 0.772915 0
    outer loop
      vertex 38.1209 62.8078 0
      vertex 38.0349 62.7372 10
      vertex 38.1209 62.8078 10
    endloop
  endfacet
  facet normal -0.634509 0.772915 0
    outer loop
      vertex 38.0349 62.7372 10
      vertex 38.1209 62.8078 0
      vertex 38.0349 62.7372 0
    endloop
  endfacet
  facet normal 0.956956 0.290232 0
    outer loop
      vertex 35.3902 63.5394 10
      vertex 35.3579 63.6459 0
      vertex 35.3579 63.6459 10
    endloop
  endfacet
  facet normal 0.956956 0.290232 0
    outer loop
      vertex 35.3579 63.6459 0
      vertex 35.3902 63.5394 10
      vertex 35.3902 63.5394 0
    endloop
  endfacet
  facet normal 0.935848 0.352404 0
    outer loop
      vertex 35.4294 63.4353 10
      vertex 35.3902 63.5394 0
      vertex 35.3902 63.5394 10
    endloop
  endfacet
  facet normal 0.935848 0.352404 0
    outer loop
      vertex 35.3902 63.5394 0
      vertex 35.4294 63.4353 10
      vertex 35.4294 63.4353 0
    endloop
  endfacet
  facet normal 0.81276 0.582598 0
    outer loop
      vertex 35.6513 63.051 10
      vertex 35.5865 63.1414 0
      vertex 35.5865 63.1414 10
    endloop
  endfacet
  facet normal 0.81276 0.582598 0
    outer loop
      vertex 35.5865 63.1414 0
      vertex 35.6513 63.051 10
      vertex 35.6513 63.051 0
    endloop
  endfacet
  facet normal 0.730098 0.683343 0
    outer loop
      vertex 35.7979 62.8838 10
      vertex 35.7219 62.965 0
      vertex 35.7219 62.965 10
    endloop
  endfacet
  facet normal 0.730098 0.683343 0
    outer loop
      vertex 35.7219 62.965 0
      vertex 35.7979 62.8838 10
      vertex 35.7979 62.8838 0
    endloop
  endfacet
  facet normal 0.582598 0.81276 -0
    outer loop
      vertex 36.0555 62.6724 0
      vertex 35.9651 62.7372 10
      vertex 36.0555 62.6724 10
    endloop
  endfacet
  facet normal 0.582598 0.81276 0
    outer loop
      vertex 35.9651 62.7372 10
      vertex 36.0555 62.6724 0
      vertex 35.9651 62.7372 0
    endloop
  endfacet
  facet normal 0.995187 0.0979904 0
    outer loop
      vertex 35.3145 63.864 10
      vertex 35.3036 63.9747 0
      vertex 35.3036 63.9747 10
    endloop
  endfacet
  facet normal 0.995187 0.0979904 0
    outer loop
      vertex 35.3036 63.9747 0
      vertex 35.3145 63.864 10
      vertex 35.3145 63.864 0
    endloop
  endfacet
  facet normal 0.995187 -0.0979904 0
    outer loop
      vertex 35.3036 64.1971 10
      vertex 35.3145 64.3078 0
      vertex 35.3145 64.3078 10
    endloop
  endfacet
  facet normal 0.995187 -0.0979904 0
    outer loop
      vertex 35.3145 64.3078 0
      vertex 35.3036 64.1971 10
      vertex 35.3036 64.1971 0
    endloop
  endfacet
  facet normal 0.974026 -0.226434 0
    outer loop
      vertex 35.3327 64.4175 10
      vertex 35.3579 64.5259 0
      vertex 35.3579 64.5259 10
    endloop
  endfacet
  facet normal 0.974026 -0.226434 0
    outer loop
      vertex 35.3579 64.5259 0
      vertex 35.3327 64.4175 10
      vertex 35.3327 64.4175 0
    endloop
  endfacet
  facet normal 0.956881 -0.290482 0
    outer loop
      vertex 35.3579 64.5259 10
      vertex 35.3902 64.6323 0
      vertex 35.3902 64.6323 10
    endloop
  endfacet
  facet normal 0.956881 -0.290482 0
    outer loop
      vertex 35.3902 64.6323 0
      vertex 35.3579 64.5259 10
      vertex 35.3579 64.5259 0
    endloop
  endfacet
  facet normal 0.290482 0.956881 -0
    outer loop
      vertex 36.56 62.4438 0
      vertex 36.4536 62.4761 10
      vertex 36.56 62.4438 10
    endloop
  endfacet
  facet normal 0.290482 0.956881 0
    outer loop
      vertex 36.4536 62.4761 10
      vertex 36.56 62.4438 0
      vertex 36.4536 62.4761 0
    endloop
  endfacet
  facet normal 0.16265 0.986684 -0
    outer loop
      vertex 36.7781 62.4004 0
      vertex 36.6683 62.4185 10
      vertex 36.7781 62.4004 10
    endloop
  endfacet
  facet normal 0.16265 0.986684 0
    outer loop
      vertex 36.6683 62.4185 10
      vertex 36.7781 62.4004 0
      vertex 36.6683 62.4185 0
    endloop
  endfacet
  facet normal 0.84946 0.527654 0
    outer loop
      vertex 35.5865 63.1414 10
      vertex 35.5278 63.2359 0
      vertex 35.5278 63.2359 10
    endloop
  endfacet
  facet normal 0.84946 0.527654 0
    outer loop
      vertex 35.5278 63.2359 0
      vertex 35.5865 63.1414 10
      vertex 35.5865 63.1414 0
    endloop
  endfacet
  facet normal 0.528302 0.849057 -0
    outer loop
      vertex 36.15 62.6136 0
      vertex 36.0555 62.6724 10
      vertex 36.15 62.6136 10
    endloop
  endfacet
  facet normal 0.528302 0.849057 0
    outer loop
      vertex 36.0555 62.6724 10
      vertex 36.15 62.6136 0
      vertex 36.0555 62.6724 0
    endloop
  endfacet
  facet normal 0.986539 0.163525 0
    outer loop
      vertex 35.3327 63.7542 10
      vertex 35.3145 63.864 0
      vertex 35.3145 63.864 10
    endloop
  endfacet
  facet normal 0.986539 0.163525 0
    outer loop
      vertex 35.3145 63.864 0
      vertex 35.3327 63.7542 10
      vertex 35.3327 63.7542 0
    endloop
  endfacet
  facet normal -0.290482 0.956881 0
    outer loop
      vertex 37.5464 62.4761 0
      vertex 37.44 62.4438 10
      vertex 37.5464 62.4761 10
    endloop
  endfacet
  facet normal -0.290482 0.956881 0
    outer loop
      vertex 37.44 62.4438 10
      vertex 37.5464 62.4761 0
      vertex 37.44 62.4438 0
    endloop
  endfacet
  facet normal -0.0979904 0.995187 0
    outer loop
      vertex 37.2219 62.4004 0
      vertex 37.1112 62.3895 10
      vertex 37.2219 62.4004 10
    endloop
  endfacet
  facet normal -0.0979904 0.995187 0
    outer loop
      vertex 37.1112 62.3895 10
      vertex 37.2219 62.4004 0
      vertex 37.1112 62.3895 0
    endloop
  endfacet
  facet normal 0.227485 0.973781 -0
    outer loop
      vertex 36.6683 62.4185 0
      vertex 36.56 62.4438 10
      vertex 36.6683 62.4185 10
    endloop
  endfacet
  facet normal 0.227485 0.973781 0
    outer loop
      vertex 36.56 62.4438 10
      vertex 36.6683 62.4185 0
      vertex 36.56 62.4438 0
    endloop
  endfacet
  facet normal 0.412719 0.910859 -0
    outer loop
      vertex 36.3494 62.5153 0
      vertex 36.2481 62.5612 10
      vertex 36.3494 62.5153 10
    endloop
  endfacet
  facet normal 0.412719 0.910859 0
    outer loop
      vertex 36.2481 62.5612 10
      vertex 36.3494 62.5153 0
      vertex 36.2481 62.5612 0
    endloop
  endfacet
  facet normal 0.471148 0.882054 -0
    outer loop
      vertex 36.2481 62.5612 0
      vertex 36.15 62.6136 10
      vertex 36.2481 62.5612 10
    endloop
  endfacet
  facet normal 0.471148 0.882054 0
    outer loop
      vertex 36.15 62.6136 10
      vertex 36.2481 62.5612 0
      vertex 36.15 62.6136 0
    endloop
  endfacet
  facet normal 0.352108 0.93596 -0
    outer loop
      vertex 36.4536 62.4761 0
      vertex 36.3494 62.5153 10
      vertex 36.4536 62.4761 10
    endloop
  endfacet
  facet normal 0.352108 0.93596 0
    outer loop
      vertex 36.3494 62.5153 10
      vertex 36.4536 62.4761 0
      vertex 36.3494 62.5153 0
    endloop
  endfacet
  facet normal -0.848806 0.528705 0
    outer loop
      vertex 38.4135 63.1414 0
      vertex 38.4429 63.1886 10
      vertex 38.4429 63.1886 0
    endloop
  endfacet
  facet normal -0.848806 0.528705 0
    outer loop
      vertex 38.4429 63.1886 10
      vertex 38.4135 63.1414 0
      vertex 38.4135 63.1414 10
    endloop
  endfacet
  facet normal -0.772915 0.634509 0
    outer loop
      vertex 38.2781 62.965 0
      vertex 38.3487 63.051 10
      vertex 38.3487 63.051 0
    endloop
  endfacet
  facet normal -0.772915 0.634509 0
    outer loop
      vertex 38.3487 63.051 10
      vertex 38.2781 62.965 0
      vertex 38.2781 62.965 10
    endloop
  endfacet
  facet normal -0.81276 0.582598 0
    outer loop
      vertex 38.3487 63.051 0
      vertex 38.4135 63.1414 10
      vertex 38.4135 63.1414 0
    endloop
  endfacet
  facet normal -0.81276 0.582598 0
    outer loop
      vertex 38.4135 63.1414 10
      vertex 38.3487 63.051 0
      vertex 38.3487 63.051 10
    endloop
  endfacet
  facet normal -0.16265 0.986684 0
    outer loop
      vertex 37.3317 62.4185 0
      vertex 37.2219 62.4004 10
      vertex 37.3317 62.4185 10
    endloop
  endfacet
  facet normal -0.16265 0.986684 0
    outer loop
      vertex 37.2219 62.4004 10
      vertex 37.3317 62.4185 0
      vertex 37.2219 62.4004 0
    endloop
  endfacet
  facet normal -0.528302 0.849057 0
    outer loop
      vertex 37.9445 62.6724 0
      vertex 37.85 62.6136 10
      vertex 37.9445 62.6724 10
    endloop
  endfacet
  facet normal -0.528302 0.849057 0
    outer loop
      vertex 37.85 62.6136 10
      vertex 37.9445 62.6724 0
      vertex 37.85 62.6136 0
    endloop
  endfacet
  facet normal -0.471148 0.882054 0
    outer loop
      vertex 37.85 62.6136 0
      vertex 37.7519 62.5612 10
      vertex 37.85 62.6136 10
    endloop
  endfacet
  facet normal -0.471148 0.882054 0
    outer loop
      vertex 37.7519 62.5612 10
      vertex 37.85 62.6136 0
      vertex 37.7519 62.5612 0
    endloop
  endfacet
  facet normal -0.0323571 0.999476 0
    outer loop
      vertex 37.1112 62.3895 0
      vertex 37 62.3859 10
      vertex 37.1112 62.3895 10
    endloop
  endfacet
  facet normal -0.0323571 0.999476 0
    outer loop
      vertex 37 62.3859 10
      vertex 37.1112 62.3895 0
      vertex 37 62.3859 0
    endloop
  endfacet
  facet normal 0.0979904 0.995187 -0
    outer loop
      vertex 36.8888 62.3895 0
      vertex 36.7781 62.4004 10
      vertex 36.8888 62.3895 10
    endloop
  endfacet
  facet normal 0.0979904 0.995187 0
    outer loop
      vertex 36.7781 62.4004 10
      vertex 36.8888 62.3895 0
      vertex 36.7781 62.4004 0
    endloop
  endfacet
  facet normal -0.227485 0.973781 0
    outer loop
      vertex 37.44 62.4438 0
      vertex 37.3317 62.4185 10
      vertex 37.44 62.4438 10
    endloop
  endfacet
  facet normal -0.227485 0.973781 0
    outer loop
      vertex 37.3317 62.4185 10
      vertex 37.44 62.4438 0
      vertex 37.3317 62.4185 0
    endloop
  endfacet
  facet normal -0.582598 0.81276 0
    outer loop
      vertex 38.0349 62.7372 0
      vertex 37.9445 62.6724 10
      vertex 38.0349 62.7372 10
    endloop
  endfacet
  facet normal -0.582598 0.81276 0
    outer loop
      vertex 37.9445 62.6724 10
      vertex 38.0349 62.7372 0
      vertex 37.9445 62.6724 0
    endloop
  endfacet
  facet normal -0.412719 0.910859 0
    outer loop
      vertex 37.7519 62.5612 0
      vertex 37.6506 62.5153 10
      vertex 37.7519 62.5612 10
    endloop
  endfacet
  facet normal -0.412719 0.910859 0
    outer loop
      vertex 37.6506 62.5153 10
      vertex 37.7519 62.5612 0
      vertex 37.6506 62.5153 0
    endloop
  endfacet
  facet normal -0.352108 0.93596 0
    outer loop
      vertex 37.6506 62.5153 0
      vertex 37.5464 62.4761 10
      vertex 37.6506 62.5153 10
    endloop
  endfacet
  facet normal -0.352108 0.93596 0
    outer loop
      vertex 37.5464 62.4761 10
      vertex 37.6506 62.5153 0
      vertex 37.5464 62.4761 0
    endloop
  endfacet
  facet normal -0.730098 0.683343 0
    outer loop
      vertex 38.2021 62.8838 0
      vertex 38.2781 62.965 10
      vertex 38.2781 62.965 0
    endloop
  endfacet
  facet normal -0.730098 0.683343 0
    outer loop
      vertex 38.2781 62.965 10
      vertex 38.2021 62.8838 0
      vertex 38.2021 62.8838 10
    endloop
  endfacet
  facet normal -0.683343 0.730098 0
    outer loop
      vertex 38.2021 62.8838 0
      vertex 38.1209 62.8078 10
      vertex 38.2021 62.8838 10
    endloop
  endfacet
  facet normal -0.683343 0.730098 0
    outer loop
      vertex 38.1209 62.8078 10
      vertex 38.2021 62.8838 0
      vertex 38.1209 62.8078 0
    endloop
  endfacet
  facet normal 0.0323571 0.999476 -0
    outer loop
      vertex 37 62.3859 0
      vertex 36.8888 62.3895 10
      vertex 37 62.3859 10
    endloop
  endfacet
  facet normal 0.0323571 0.999476 0
    outer loop
      vertex 36.8888 62.3895 10
      vertex 37 62.3859 0
      vertex 36.8888 62.3895 0
    endloop
  endfacet
  facet normal 0.0323571 0.999476 -0
    outer loop
      vertex -37 62.3859 0
      vertex -37.1112 62.3895 10
      vertex -37 62.3859 10
    endloop
  endfacet
  facet normal 0.0323571 0.999476 0
    outer loop
      vertex -37.1112 62.3895 10
      vertex -37 62.3859 0
      vertex -37.1112 62.3895 0
    endloop
  endfacet
  facet normal -0.471148 0.882054 0
    outer loop
      vertex -36.15 62.6136 0
      vertex -36.2481 62.5612 10
      vertex -36.15 62.6136 10
    endloop
  endfacet
  facet normal -0.471148 0.882054 0
    outer loop
      vertex -36.2481 62.5612 10
      vertex -36.15 62.6136 0
      vertex -36.2481 62.5612 0
    endloop
  endfacet
  facet normal 0.290482 0.956881 -0
    outer loop
      vertex -37.44 62.4438 0
      vertex -37.5464 62.4761 10
      vertex -37.44 62.4438 10
    endloop
  endfacet
  facet normal 0.290482 0.956881 0
    outer loop
      vertex -37.5464 62.4761 10
      vertex -37.44 62.4438 0
      vertex -37.5464 62.4761 0
    endloop
  endfacet
  facet normal 0.634509 0.772915 -0
    outer loop
      vertex -38.0349 62.7372 0
      vertex -38.1209 62.8078 10
      vertex -38.0349 62.7372 10
    endloop
  endfacet
  facet normal 0.634509 0.772915 0
    outer loop
      vertex -38.1209 62.8078 10
      vertex -38.0349 62.7372 0
      vertex -38.1209 62.8078 0
    endloop
  endfacet
  facet normal -0.290482 0.956881 0
    outer loop
      vertex -36.4536 62.4761 0
      vertex -36.56 62.4438 10
      vertex -36.4536 62.4761 10
    endloop
  endfacet
  facet normal -0.290482 0.956881 0
    outer loop
      vertex -36.56 62.4438 10
      vertex -36.4536 62.4761 0
      vertex -36.56 62.4438 0
    endloop
  endfacet
  facet normal 0.0979904 0.995187 -0
    outer loop
      vertex -37.1112 62.3895 0
      vertex -37.2219 62.4004 10
      vertex -37.1112 62.3895 10
    endloop
  endfacet
  facet normal 0.0979904 0.995187 0
    outer loop
      vertex -37.2219 62.4004 10
      vertex -37.1112 62.3895 0
      vertex -37.2219 62.4004 0
    endloop
  endfacet
  facet normal 0.471148 0.882054 -0
    outer loop
      vertex -37.7519 62.5612 0
      vertex -37.85 62.6136 10
      vertex -37.7519 62.5612 10
    endloop
  endfacet
  facet normal 0.471148 0.882054 0
    outer loop
      vertex -37.85 62.6136 10
      vertex -37.7519 62.5612 0
      vertex -37.85 62.6136 0
    endloop
  endfacet
  facet normal 0.81276 0.582598 0
    outer loop
      vertex -38.3487 63.051 10
      vertex -38.4135 63.1414 0
      vertex -38.4135 63.1414 10
    endloop
  endfacet
  facet normal 0.81276 0.582598 0
    outer loop
      vertex -38.4135 63.1414 0
      vertex -38.3487 63.051 10
      vertex -38.3487 63.051 0
    endloop
  endfacet
  facet normal -0.910859 0.412719 0
    outer loop
      vertex -35.4753 63.334 0
      vertex -35.4294 63.4353 10
      vertex -35.4294 63.4353 0
    endloop
  endfacet
  facet normal -0.910859 0.412719 0
    outer loop
      vertex -35.4294 63.4353 10
      vertex -35.4753 63.334 0
      vertex -35.4753 63.334 10
    endloop
  endfacet
  facet normal -0.772915 0.634509 0
    outer loop
      vertex -35.7219 62.965 0
      vertex -35.6513 63.051 10
      vertex -35.6513 63.051 0
    endloop
  endfacet
  facet normal -0.772915 0.634509 0
    outer loop
      vertex -35.6513 63.051 10
      vertex -35.7219 62.965 0
      vertex -35.7219 62.965 10
    endloop
  endfacet
  facet normal 0.848806 0.528705 0
    outer loop
      vertex -38.4135 63.1414 10
      vertex -38.4429 63.1886 0
      vertex -38.4429 63.1886 10
    endloop
  endfacet
  facet normal 0.848806 0.528705 0
    outer loop
      vertex -38.4429 63.1886 0
      vertex -38.4135 63.1414 10
      vertex -38.4135 63.1414 0
    endloop
  endfacet
  facet normal 0.227485 0.973781 -0
    outer loop
      vertex -37.3317 62.4185 0
      vertex -37.44 62.4438 10
      vertex -37.3317 62.4185 10
    endloop
  endfacet
  facet normal 0.227485 0.973781 0
    outer loop
      vertex -37.44 62.4438 10
      vertex -37.3317 62.4185 0
      vertex -37.44 62.4438 0
    endloop
  endfacet
  facet normal 0.16265 0.986684 -0
    outer loop
      vertex -37.2219 62.4004 0
      vertex -37.3317 62.4185 10
      vertex -37.2219 62.4004 10
    endloop
  endfacet
  facet normal 0.16265 0.986684 0
    outer loop
      vertex -37.3317 62.4185 10
      vertex -37.2219 62.4004 0
      vertex -37.3317 62.4185 0
    endloop
  endfacet
  facet normal -0.0323571 0.999476 0
    outer loop
      vertex -36.8888 62.3895 0
      vertex -37 62.3859 10
      vertex -36.8888 62.3895 10
    endloop
  endfacet
  facet normal -0.0323571 0.999476 0
    outer loop
      vertex -37 62.3859 10
      vertex -36.8888 62.3895 0
      vertex -37 62.3859 0
    endloop
  endfacet
  facet normal -0.16265 0.986684 0
    outer loop
      vertex -36.6683 62.4185 0
      vertex -36.7781 62.4004 10
      vertex -36.6683 62.4185 10
    endloop
  endfacet
  facet normal -0.16265 0.986684 0
    outer loop
      vertex -36.7781 62.4004 10
      vertex -36.6683 62.4185 0
      vertex -36.7781 62.4004 0
    endloop
  endfacet
  facet normal -0.352108 0.93596 0
    outer loop
      vertex -36.3494 62.5153 0
      vertex -36.4536 62.4761 10
      vertex -36.3494 62.5153 10
    endloop
  endfacet
  facet normal -0.352108 0.93596 0
    outer loop
      vertex -36.4536 62.4761 10
      vertex -36.3494 62.5153 0
      vertex -36.4536 62.4761 0
    endloop
  endfacet
  facet normal 0.582598 0.81276 -0
    outer loop
      vertex -37.9445 62.6724 0
      vertex -38.0349 62.7372 10
      vertex -37.9445 62.6724 10
    endloop
  endfacet
  facet normal 0.582598 0.81276 0
    outer loop
      vertex -38.0349 62.7372 10
      vertex -37.9445 62.6724 0
      vertex -38.0349 62.7372 0
    endloop
  endfacet
  facet normal 0.412719 0.910859 -0
    outer loop
      vertex -37.6506 62.5153 0
      vertex -37.7519 62.5612 10
      vertex -37.6506 62.5153 10
    endloop
  endfacet
  facet normal 0.412719 0.910859 0
    outer loop
      vertex -37.7519 62.5612 10
      vertex -37.6506 62.5153 0
      vertex -37.7519 62.5612 0
    endloop
  endfacet
  facet normal 0.730098 0.683343 0
    outer loop
      vertex -38.2021 62.8838 10
      vertex -38.2781 62.965 0
      vertex -38.2781 62.965 10
    endloop
  endfacet
  facet normal 0.730098 0.683343 0
    outer loop
      vertex -38.2781 62.965 0
      vertex -38.2021 62.8838 10
      vertex -38.2021 62.8838 0
    endloop
  endfacet
  facet normal 0.772915 0.634509 0
    outer loop
      vertex -38.2781 62.965 10
      vertex -38.3487 63.051 0
      vertex -38.3487 63.051 10
    endloop
  endfacet
  facet normal 0.772915 0.634509 0
    outer loop
      vertex -38.3487 63.051 0
      vertex -38.2781 62.965 10
      vertex -38.2781 62.965 0
    endloop
  endfacet
  facet normal -0.986515 -0.16367 0
    outer loop
      vertex -35.3145 64.3078 0
      vertex -35.3327 64.4175 10
      vertex -35.3327 64.4175 0
    endloop
  endfacet
  facet normal -0.986515 -0.16367 0
    outer loop
      vertex -35.3327 64.4175 10
      vertex -35.3145 64.3078 0
      vertex -35.3145 64.3078 10
    endloop
  endfacet
  facet normal -0.935848 0.352404 0
    outer loop
      vertex -35.4294 63.4353 0
      vertex -35.3902 63.5394 10
      vertex -35.3902 63.5394 0
    endloop
  endfacet
  facet normal -0.935848 0.352404 0
    outer loop
      vertex -35.3902 63.5394 10
      vertex -35.4294 63.4353 0
      vertex -35.4294 63.4353 10
    endloop
  endfacet
  facet normal -0.81276 0.582598 0
    outer loop
      vertex -35.6513 63.051 0
      vertex -35.5865 63.1414 10
      vertex -35.5865 63.1414 0
    endloop
  endfacet
  facet normal -0.81276 0.582598 0
    outer loop
      vertex -35.5865 63.1414 10
      vertex -35.6513 63.051 0
      vertex -35.6513 63.051 10
    endloop
  endfacet
  facet normal -0.634509 0.772915 0
    outer loop
      vertex -35.8791 62.8078 0
      vertex -35.9651 62.7372 10
      vertex -35.8791 62.8078 10
    endloop
  endfacet
  facet normal -0.634509 0.772915 0
    outer loop
      vertex -35.9651 62.7372 10
      vertex -35.8791 62.8078 0
      vertex -35.9651 62.7372 0
    endloop
  endfacet
  facet normal -0.0979904 0.995187 0
    outer loop
      vertex -36.7781 62.4004 0
      vertex -36.8888 62.3895 10
      vertex -36.7781 62.4004 10
    endloop
  endfacet
  facet normal -0.0979904 0.995187 0
    outer loop
      vertex -36.8888 62.3895 10
      vertex -36.7781 62.4004 0
      vertex -36.8888 62.3895 0
    endloop
  endfacet
  facet normal -0.227485 0.973781 0
    outer loop
      vertex -36.56 62.4438 0
      vertex -36.6683 62.4185 10
      vertex -36.56 62.4438 10
    endloop
  endfacet
  facet normal -0.227485 0.973781 0
    outer loop
      vertex -36.6683 62.4185 10
      vertex -36.56 62.4438 0
      vertex -36.6683 62.4185 0
    endloop
  endfacet
  facet normal -0.412719 0.910859 0
    outer loop
      vertex -36.2481 62.5612 0
      vertex -36.3494 62.5153 10
      vertex -36.2481 62.5612 10
    endloop
  endfacet
  facet normal -0.412719 0.910859 0
    outer loop
      vertex -36.3494 62.5153 10
      vertex -36.2481 62.5612 0
      vertex -36.3494 62.5153 0
    endloop
  endfacet
  facet normal 0.528302 0.849057 -0
    outer loop
      vertex -37.85 62.6136 0
      vertex -37.9445 62.6724 10
      vertex -37.85 62.6136 10
    endloop
  endfacet
  facet normal 0.528302 0.849057 0
    outer loop
      vertex -37.9445 62.6724 10
      vertex -37.85 62.6136 0
      vertex -37.9445 62.6724 0
    endloop
  endfacet
  facet normal 0.352108 0.93596 -0
    outer loop
      vertex -37.5464 62.4761 0
      vertex -37.6506 62.5153 10
      vertex -37.5464 62.4761 10
    endloop
  endfacet
  facet normal 0.352108 0.93596 0
    outer loop
      vertex -37.6506 62.5153 10
      vertex -37.5464 62.4761 0
      vertex -37.6506 62.5153 0
    endloop
  endfacet
  facet normal 0.683343 0.730098 -0
    outer loop
      vertex -38.1209 62.8078 0
      vertex -38.2021 62.8838 10
      vertex -38.1209 62.8078 10
    endloop
  endfacet
  facet normal 0.683343 0.730098 0
    outer loop
      vertex -38.2021 62.8838 10
      vertex -38.1209 62.8078 0
      vertex -38.2021 62.8838 0
    endloop
  endfacet
  facet normal -0.956956 0.290232 0
    outer loop
      vertex -35.3902 63.5394 0
      vertex -35.3579 63.6459 10
      vertex -35.3579 63.6459 0
    endloop
  endfacet
  facet normal -0.956956 0.290232 0
    outer loop
      vertex -35.3579 63.6459 10
      vertex -35.3902 63.5394 0
      vertex -35.3902 63.5394 10
    endloop
  endfacet
  facet normal -0.84946 0.527654 0
    outer loop
      vertex -35.5865 63.1414 0
      vertex -35.5278 63.2359 10
      vertex -35.5278 63.2359 0
    endloop
  endfacet
  facet normal -0.84946 0.527654 0
    outer loop
      vertex -35.5278 63.2359 10
      vertex -35.5865 63.1414 0
      vertex -35.5865 63.1414 10
    endloop
  endfacet
  facet normal -0.88168 0.471847 0
    outer loop
      vertex -35.5278 63.2359 0
      vertex -35.4753 63.334 10
      vertex -35.4753 63.334 0
    endloop
  endfacet
  facet normal -0.88168 0.471847 0
    outer loop
      vertex -35.4753 63.334 10
      vertex -35.5278 63.2359 0
      vertex -35.5278 63.2359 10
    endloop
  endfacet
  facet normal -0.528302 0.849057 0
    outer loop
      vertex -36.0555 62.6724 0
      vertex -36.15 62.6136 10
      vertex -36.0555 62.6724 10
    endloop
  endfacet
  facet normal -0.528302 0.849057 0
    outer loop
      vertex -36.15 62.6136 10
      vertex -36.0555 62.6724 0
      vertex -36.15 62.6136 0
    endloop
  endfacet
  facet normal -0.881854 -0.471522 0
    outer loop
      vertex -35.4753 64.8378 0
      vertex -35.5015 64.8868 10
      vertex -35.5015 64.8868 0
    endloop
  endfacet
  facet normal -0.881854 -0.471522 0
    outer loop
      vertex -35.5015 64.8868 10
      vertex -35.4753 64.8378 0
      vertex -35.4753 64.8378 10
    endloop
  endfacet
  facet normal -0.911012 -0.412381 0
    outer loop
      vertex -35.4294 64.7364 0
      vertex -35.4753 64.8378 10
      vertex -35.4753 64.8378 0
    endloop
  endfacet
  facet normal -0.911012 -0.412381 0
    outer loop
      vertex -35.4753 64.8378 10
      vertex -35.4294 64.7364 0
      vertex -35.4294 64.7364 10
    endloop
  endfacet
  facet normal -0.935848 -0.352404 0
    outer loop
      vertex -35.3902 64.6323 0
      vertex -35.4294 64.7364 10
      vertex -35.4294 64.7364 0
    endloop
  endfacet
  facet normal -0.935848 -0.352404 0
    outer loop
      vertex -35.4294 64.7364 10
      vertex -35.3902 64.6323 0
      vertex -35.3902 64.6323 10
    endloop
  endfacet
  facet normal -0.974026 -0.226434 0
    outer loop
      vertex -35.3327 64.4175 0
      vertex -35.3579 64.5259 10
      vertex -35.3579 64.5259 0
    endloop
  endfacet
  facet normal -0.974026 -0.226434 0
    outer loop
      vertex -35.3579 64.5259 10
      vertex -35.3327 64.4175 0
      vertex -35.3327 64.4175 10
    endloop
  endfacet
  facet normal -0.995187 0.0979904 0
    outer loop
      vertex -35.3145 63.864 0
      vertex -35.3036 63.9747 10
      vertex -35.3036 63.9747 0
    endloop
  endfacet
  facet normal -0.995187 0.0979904 0
    outer loop
      vertex -35.3036 63.9747 10
      vertex -35.3145 63.864 0
      vertex -35.3145 63.864 10
    endloop
  endfacet
  facet normal -0.730098 0.683343 0
    outer loop
      vertex -35.7979 62.8838 0
      vertex -35.7219 62.965 10
      vertex -35.7219 62.965 0
    endloop
  endfacet
  facet normal -0.730098 0.683343 0
    outer loop
      vertex -35.7219 62.965 10
      vertex -35.7979 62.8838 0
      vertex -35.7979 62.8838 10
    endloop
  endfacet
  facet normal -0.683343 0.730098 0
    outer loop
      vertex -35.7979 62.8838 0
      vertex -35.8791 62.8078 10
      vertex -35.7979 62.8838 10
    endloop
  endfacet
  facet normal -0.683343 0.730098 0
    outer loop
      vertex -35.8791 62.8078 10
      vertex -35.7979 62.8838 0
      vertex -35.8791 62.8078 0
    endloop
  endfacet
  facet normal -0.582598 0.81276 0
    outer loop
      vertex -35.9651 62.7372 0
      vertex -36.0555 62.6724 10
      vertex -35.9651 62.7372 10
    endloop
  endfacet
  facet normal -0.582598 0.81276 0
    outer loop
      vertex -36.0555 62.6724 10
      vertex -35.9651 62.7372 0
      vertex -36.0555 62.6724 0
    endloop
  endfacet
  facet normal -0.956881 -0.290482 0
    outer loop
      vertex -35.3579 64.5259 0
      vertex -35.3902 64.6323 10
      vertex -35.3902 64.6323 0
    endloop
  endfacet
  facet normal -0.956881 -0.290482 0
    outer loop
      vertex -35.3902 64.6323 10
      vertex -35.3579 64.5259 0
      vertex -35.3579 64.5259 10
    endloop
  endfacet
  facet normal -0.999476 -0.0323571 0
    outer loop
      vertex -35.3 64.0859 0
      vertex -35.3036 64.1971 10
      vertex -35.3036 64.1971 0
    endloop
  endfacet
  facet normal -0.999476 -0.0323571 0
    outer loop
      vertex -35.3036 64.1971 10
      vertex -35.3 64.0859 0
      vertex -35.3 64.0859 10
    endloop
  endfacet
  facet normal -0.995187 -0.0979904 0
    outer loop
      vertex -35.3036 64.1971 0
      vertex -35.3145 64.3078 10
      vertex -35.3145 64.3078 0
    endloop
  endfacet
  facet normal -0.995187 -0.0979904 0
    outer loop
      vertex -35.3145 64.3078 10
      vertex -35.3036 64.1971 0
      vertex -35.3036 64.1971 10
    endloop
  endfacet
  facet normal -0.999476 0.0323571 0
    outer loop
      vertex -35.3036 63.9747 0
      vertex -35.3 64.0859 10
      vertex -35.3 64.0859 0
    endloop
  endfacet
  facet normal -0.999476 0.0323571 0
    outer loop
      vertex -35.3 64.0859 10
      vertex -35.3036 63.9747 0
      vertex -35.3036 63.9747 10
    endloop
  endfacet
  facet normal -0.986539 0.163525 0
    outer loop
      vertex -35.3327 63.7542 0
      vertex -35.3145 63.864 10
      vertex -35.3145 63.864 0
    endloop
  endfacet
  facet normal -0.986539 0.163525 0
    outer loop
      vertex -35.3145 63.864 10
      vertex -35.3327 63.7542 0
      vertex -35.3327 63.7542 10
    endloop
  endfacet
  facet normal -0.97398 0.226633 0
    outer loop
      vertex -35.3579 63.6459 0
      vertex -35.3327 63.7542 10
      vertex -35.3327 63.7542 0
    endloop
  endfacet
  facet normal -0.97398 0.226633 0
    outer loop
      vertex -35.3327 63.7542 10
      vertex -35.3579 63.6459 0
      vertex -35.3579 63.6459 10
    endloop
  endfacet
  facet normal -0.935864 -0.352362 0
    outer loop
      vertex -72.3902 0.546447 0
      vertex -72.4294 0.650561 10
      vertex -72.4294 0.650561 0
    endloop
  endfacet
  facet normal -0.935864 -0.352362 0
    outer loop
      vertex -72.4294 0.650561 10
      vertex -72.3902 0.546447 0
      vertex -72.3902 0.546447 10
    endloop
  endfacet
  facet normal -0.412793 -0.910825 0
    outer loop
      vertex -73.3494 1.57059 0
      vertex -73.2481 1.52468 10
      vertex -73.3494 1.57059 10
    endloop
  endfacet
  facet normal -0.412793 -0.910825 -0
    outer loop
      vertex -73.2481 1.52468 10
      vertex -73.3494 1.57059 0
      vertex -73.2481 1.52468 0
    endloop
  endfacet
  facet normal -0.730056 0.683388 0
    outer loop
      vertex -72.7979 -1.20208 0
      vertex -72.7219 -1.12089 10
      vertex -72.7219 -1.12089 0
    endloop
  endfacet
  facet normal -0.730056 0.683388 0
    outer loop
      vertex -72.7219 -1.12089 10
      vertex -72.7979 -1.20208 0
      vertex -72.7979 -1.20208 10
    endloop
  endfacet
  facet normal -0.163057 0.986617 0
    outer loop
      vertex -73.6684 -1.66733 0
      vertex -73.7781 -1.68546 10
      vertex -73.6684 -1.66733 10
    endloop
  endfacet
  facet normal -0.163057 0.986617 0
    outer loop
      vertex -73.7781 -1.68546 10
      vertex -73.6684 -1.66733 0
      vertex -73.7781 -1.68546 0
    endloop
  endfacet
  facet normal -0.683582 -0.729873 0
    outer loop
      vertex -72.8791 1.27813 0
      vertex -72.7979 1.20208 10
      vertex -72.8791 1.27813 10
    endloop
  endfacet
  facet normal -0.683582 -0.729873 -0
    outer loop
      vertex -72.7979 1.20208 10
      vertex -72.8791 1.27813 0
      vertex -72.7979 1.20208 0
    endloop
  endfacet
  facet normal -0.986529 -0.163584 0
    outer loop
      vertex -72.3145 0.221894 0
      vertex -72.3327 0.331653 10
      vertex -72.3327 0.331653 0
    endloop
  endfacet
  facet normal -0.986529 -0.163584 0
    outer loop
      vertex -72.3327 0.331653 10
      vertex -72.3145 0.221894 0
      vertex -72.3145 0.221894 10
    endloop
  endfacet
  facet normal -0.226946 0.973907 0
    outer loop
      vertex -73.56 -1.64207 0
      vertex -73.6684 -1.66733 10
      vertex -73.56 -1.64207 10
    endloop
  endfacet
  facet normal -0.226946 0.973907 0
    outer loop
      vertex -73.6684 -1.66733 10
      vertex -73.56 -1.64207 0
      vertex -73.6684 -1.66733 0
    endloop
  endfacet
  facet normal -0.0327163 0.999465 0
    outer loop
      vertex -73.8888 -1.69636 0
      vertex -73.9444 -1.69818 10
      vertex -73.8888 -1.69636 10
    endloop
  endfacet
  facet normal -0.0327163 0.999465 0
    outer loop
      vertex -73.9444 -1.69818 10
      vertex -73.8888 -1.69636 0
      vertex -73.9444 -1.69818 0
    endloop
  endfacet
  facet normal -0.412793 0.910825 0
    outer loop
      vertex -73.2481 -1.52468 0
      vertex -73.3494 -1.57059 10
      vertex -73.2481 -1.52468 10
    endloop
  endfacet
  facet normal -0.412793 0.910825 0
    outer loop
      vertex -73.3494 -1.57059 10
      vertex -73.2481 -1.52468 0
      vertex -73.3494 -1.57059 0
    endloop
  endfacet
  facet normal -0.0327163 -0.999465 0
    outer loop
      vertex -73.9444 1.69818 0
      vertex -73.8888 1.69636 10
      vertex -73.9444 1.69818 10
    endloop
  endfacet
  facet normal -0.0327163 -0.999465 -0
    outer loop
      vertex -73.8888 1.69636 10
      vertex -73.9444 1.69818 0
      vertex -73.8888 1.69636 0
    endloop
  endfacet
  facet normal -0.226946 -0.973907 0
    outer loop
      vertex -73.6684 1.66733 0
      vertex -73.56 1.64207 10
      vertex -73.6684 1.66733 10
    endloop
  endfacet
  facet normal -0.226946 -0.973907 -0
    outer loop
      vertex -73.56 1.64207 10
      vertex -73.6684 1.66733 0
      vertex -73.56 1.64207 0
    endloop
  endfacet
  facet normal -0.582598 -0.81276 0
    outer loop
      vertex -73.0555 1.4135 0
      vertex -72.9651 1.3487 10
      vertex -73.0555 1.4135 10
    endloop
  endfacet
  facet normal -0.582598 -0.81276 -0
    outer loop
      vertex -72.9651 1.3487 10
      vertex -73.0555 1.4135 0
      vertex -72.9651 1.3487 0
    endloop
  endfacet
  facet normal -0.973998 -0.226555 0
    outer loop
      vertex -72.3327 0.331653 0
      vertex -72.3579 0.439992 10
      vertex -72.3579 0.439992 0
    endloop
  endfacet
  facet normal -0.973998 -0.226555 0
    outer loop
      vertex -72.3579 0.439992 10
      vertex -72.3327 0.331653 0
      vertex -72.3327 0.331653 10
    endloop
  endfacet
  facet normal -0.999476 -0.0323615 0
    outer loop
      vertex -72.3 0 0
      vertex -72.3036 0.111185 10
      vertex -72.3036 0.111185 0
    endloop
  endfacet
  facet normal -0.999476 -0.0323615 0
    outer loop
      vertex -72.3036 0.111185 10
      vertex -72.3 0 0
      vertex -72.3 0 10
    endloop
  endfacet
  facet normal -0.849382 -0.527779 0
    outer loop
      vertex -72.5278 0.849999 0
      vertex -72.5865 0.944468 10
      vertex -72.5865 0.944468 0
    endloop
  endfacet
  facet normal -0.849382 -0.527779 0
    outer loop
      vertex -72.5865 0.944468 10
      vertex -72.5278 0.849999 0
      vertex -72.5278 0.849999 10
    endloop
  endfacet
  facet normal -0.910903 -0.412621 0
    outer loop
      vertex -72.4294 0.650561 0
      vertex -72.4753 0.75189 10
      vertex -72.4753 0.75189 0
    endloop
  endfacet
  facet normal -0.910903 -0.412621 0
    outer loop
      vertex -72.4753 0.75189 10
      vertex -72.4294 0.650561 0
      vertex -72.4294 0.650561 10
    endloop
  endfacet
  facet normal -0.730056 -0.683388 0
    outer loop
      vertex -72.7219 1.12089 0
      vertex -72.7979 1.20208 10
      vertex -72.7979 1.20208 0
    endloop
  endfacet
  facet normal -0.730056 -0.683388 0
    outer loop
      vertex -72.7979 1.20208 10
      vertex -72.7219 1.12089 0
      vertex -72.7219 1.12089 10
    endloop
  endfacet
  facet normal -0.935864 0.352362 0
    outer loop
      vertex -72.4294 -0.650561 0
      vertex -72.3902 -0.546447 10
      vertex -72.3902 -0.546447 0
    endloop
  endfacet
  facet normal -0.935864 0.352362 0
    outer loop
      vertex -72.3902 -0.546447 10
      vertex -72.4294 -0.650561 0
      vertex -72.4294 -0.650561 10
    endloop
  endfacet
  facet normal -0.986529 0.163584 0
    outer loop
      vertex -72.3327 -0.331653 0
      vertex -72.3145 -0.221894 10
      vertex -72.3145 -0.221894 0
    endloop
  endfacet
  facet normal -0.986529 0.163584 0
    outer loop
      vertex -72.3145 -0.221894 10
      vertex -72.3327 -0.331653 0
      vertex -72.3327 -0.331653 10
    endloop
  endfacet
  facet normal -0.999476 0.0323615 0
    outer loop
      vertex -72.3036 -0.111185 0
      vertex -72.3 0 10
      vertex -72.3 0 0
    endloop
  endfacet
  facet normal -0.999476 0.0323615 0
    outer loop
      vertex -72.3 0 10
      vertex -72.3036 -0.111185 0
      vertex -72.3036 -0.111185 10
    endloop
  endfacet
  facet normal -0.973998 0.226555 0
    outer loop
      vertex -72.3579 -0.439992 0
      vertex -72.3327 -0.331653 10
      vertex -72.3327 -0.331653 0
    endloop
  endfacet
  facet normal -0.973998 0.226555 0
    outer loop
      vertex -72.3327 -0.331653 10
      vertex -72.3579 -0.439992 0
      vertex -72.3579 -0.439992 10
    endloop
  endfacet
  facet normal -0.849382 0.527779 0
    outer loop
      vertex -72.5865 -0.944468 0
      vertex -72.5278 -0.849999 10
      vertex -72.5278 -0.849999 0
    endloop
  endfacet
  facet normal -0.849382 0.527779 0
    outer loop
      vertex -72.5278 -0.849999 10
      vertex -72.5865 -0.944468 0
      vertex -72.5865 -0.944468 10
    endloop
  endfacet
  facet normal -0.910903 0.412621 0
    outer loop
      vertex -72.4753 -0.75189 0
      vertex -72.4294 -0.650561 10
      vertex -72.4294 -0.650561 0
    endloop
  endfacet
  facet normal -0.910903 0.412621 0
    outer loop
      vertex -72.4294 -0.650561 10
      vertex -72.4753 -0.75189 0
      vertex -72.4753 -0.75189 10
    endloop
  endfacet
  facet normal -0.772915 0.634509 0
    outer loop
      vertex -72.7219 -1.12089 0
      vertex -72.6513 -1.03489 10
      vertex -72.6513 -1.03489 0
    endloop
  endfacet
  facet normal -0.772915 0.634509 0
    outer loop
      vertex -72.6513 -1.03489 10
      vertex -72.7219 -1.12089 0
      vertex -72.7219 -1.12089 10
    endloop
  endfacet
  facet normal -0.290399 0.956906 0
    outer loop
      vertex -73.4536 -1.60978 0
      vertex -73.56 -1.64207 10
      vertex -73.4536 -1.60978 10
    endloop
  endfacet
  facet normal -0.290399 0.956906 0
    outer loop
      vertex -73.56 -1.64207 10
      vertex -73.4536 -1.60978 0
      vertex -73.56 -1.64207 0
    endloop
  endfacet
  facet normal -0.0979904 0.995187 0
    outer loop
      vertex -73.7781 -1.68546 0
      vertex -73.8888 -1.69636 10
      vertex -73.7781 -1.68546 10
    endloop
  endfacet
  facet normal -0.0979904 0.995187 0
    outer loop
      vertex -73.8888 -1.69636 10
      vertex -73.7781 -1.68546 0
      vertex -73.8888 -1.69636 0
    endloop
  endfacet
  facet normal -0.471428 0.881905 0
    outer loop
      vertex -73.15 -1.47224 0
      vertex -73.2481 -1.52468 10
      vertex -73.15 -1.47224 10
    endloop
  endfacet
  facet normal -0.471428 0.881905 0
    outer loop
      vertex -73.2481 -1.52468 10
      vertex -73.15 -1.47224 0
      vertex -73.2481 -1.52468 0
    endloop
  endfacet
  facet normal -0.683582 0.729873 0
    outer loop
      vertex -72.7979 -1.20208 0
      vertex -72.8791 -1.27813 10
      vertex -72.7979 -1.20208 10
    endloop
  endfacet
  facet normal -0.683582 0.729873 0
    outer loop
      vertex -72.8791 -1.27813 10
      vertex -72.7979 -1.20208 0
      vertex -72.8791 -1.27813 0
    endloop
  endfacet
  facet normal -0.582598 0.81276 0
    outer loop
      vertex -72.9651 -1.3487 0
      vertex -73.0555 -1.4135 10
      vertex -72.9651 -1.3487 10
    endloop
  endfacet
  facet normal -0.582598 0.81276 0
    outer loop
      vertex -73.0555 -1.4135 10
      vertex -72.9651 -1.3487 0
      vertex -73.0555 -1.4135 0
    endloop
  endfacet
  facet normal -0.290399 -0.956906 0
    outer loop
      vertex -73.56 1.64207 0
      vertex -73.4536 1.60978 10
      vertex -73.56 1.64207 10
    endloop
  endfacet
  facet normal -0.290399 -0.956906 -0
    outer loop
      vertex -73.4536 1.60978 10
      vertex -73.56 1.64207 0
      vertex -73.4536 1.60978 0
    endloop
  endfacet
  facet normal -0.352029 -0.935989 0
    outer loop
      vertex -73.4536 1.60978 0
      vertex -73.3494 1.57059 10
      vertex -73.4536 1.60978 10
    endloop
  endfacet
  facet normal -0.352029 -0.935989 -0
    outer loop
      vertex -73.3494 1.57059 10
      vertex -73.4536 1.60978 0
      vertex -73.3494 1.57059 0
    endloop
  endfacet
  facet normal -0.163057 -0.986617 0
    outer loop
      vertex -73.7781 1.68546 0
      vertex -73.6684 1.66733 10
      vertex -73.7781 1.68546 10
    endloop
  endfacet
  facet normal -0.163057 -0.986617 -0
    outer loop
      vertex -73.6684 1.66733 10
      vertex -73.7781 1.68546 0
      vertex -73.6684 1.66733 0
    endloop
  endfacet
  facet normal -0.0979904 -0.995187 0
    outer loop
      vertex -73.8888 1.69636 0
      vertex -73.7781 1.68546 10
      vertex -73.8888 1.69636 10
    endloop
  endfacet
  facet normal -0.0979904 -0.995187 -0
    outer loop
      vertex -73.7781 1.68546 10
      vertex -73.8888 1.69636 0
      vertex -73.7781 1.68546 0
    endloop
  endfacet
  facet normal -0.527913 -0.849298 0
    outer loop
      vertex -73.15 1.47224 0
      vertex -73.0555 1.4135 10
      vertex -73.15 1.47224 10
    endloop
  endfacet
  facet normal -0.527913 -0.849298 -0
    outer loop
      vertex -73.0555 1.4135 10
      vertex -73.15 1.47224 0
      vertex -73.0555 1.4135 0
    endloop
  endfacet
  facet normal -0.471428 -0.881905 0
    outer loop
      vertex -73.2481 1.52468 0
      vertex -73.15 1.47224 10
      vertex -73.2481 1.52468 10
    endloop
  endfacet
  facet normal -0.471428 -0.881905 -0
    outer loop
      vertex -73.15 1.47224 10
      vertex -73.2481 1.52468 0
      vertex -73.15 1.47224 0
    endloop
  endfacet
  facet normal -0.634348 -0.773047 0
    outer loop
      vertex -72.9651 1.3487 0
      vertex -72.8791 1.27813 10
      vertex -72.9651 1.3487 10
    endloop
  endfacet
  facet normal -0.634348 -0.773047 -0
    outer loop
      vertex -72.8791 1.27813 10
      vertex -72.9651 1.3487 0
      vertex -72.8791 1.27813 0
    endloop
  endfacet
  facet normal -0.956922 -0.290344 0
    outer loop
      vertex -72.3579 0.439992 0
      vertex -72.3902 0.546447 10
      vertex -72.3902 0.546447 0
    endloop
  endfacet
  facet normal -0.956922 -0.290344 0
    outer loop
      vertex -72.3902 0.546447 10
      vertex -72.3579 0.439992 0
      vertex -72.3579 0.439992 10
    endloop
  endfacet
  facet normal -0.995188 -0.0979826 0
    outer loop
      vertex -72.3036 0.111185 0
      vertex -72.3145 0.221894 10
      vertex -72.3145 0.221894 0
    endloop
  endfacet
  facet normal -0.995188 -0.0979826 0
    outer loop
      vertex -72.3145 0.221894 10
      vertex -72.3036 0.111185 0
      vertex -72.3036 0.111185 10
    endloop
  endfacet
  facet normal -0.881698 -0.471814 0
    outer loop
      vertex -72.4753 0.75189 0
      vertex -72.5278 0.849999 10
      vertex -72.5278 0.849999 0
    endloop
  endfacet
  facet normal -0.881698 -0.471814 0
    outer loop
      vertex -72.5278 0.849999 10
      vertex -72.4753 0.75189 0
      vertex -72.4753 0.75189 10
    endloop
  endfacet
  facet normal -0.772915 -0.634509 0
    outer loop
      vertex -72.6513 1.03489 0
      vertex -72.7219 1.12089 10
      vertex -72.7219 1.12089 0
    endloop
  endfacet
  facet normal -0.772915 -0.634509 0
    outer loop
      vertex -72.7219 1.12089 10
      vertex -72.6513 1.03489 0
      vertex -72.6513 1.03489 10
    endloop
  endfacet
  facet normal -0.812827 -0.582504 0
    outer loop
      vertex -72.5865 0.944468 0
      vertex -72.6513 1.03489 10
      vertex -72.6513 1.03489 0
    endloop
  endfacet
  facet normal -0.812827 -0.582504 0
    outer loop
      vertex -72.6513 1.03489 10
      vertex -72.5865 0.944468 0
      vertex -72.5865 0.944468 10
    endloop
  endfacet
  facet normal -0.995188 0.0979826 0
    outer loop
      vertex -72.3145 -0.221894 0
      vertex -72.3036 -0.111185 10
      vertex -72.3036 -0.111185 0
    endloop
  endfacet
  facet normal -0.995188 0.0979826 0
    outer loop
      vertex -72.3036 -0.111185 10
      vertex -72.3145 -0.221894 0
      vertex -72.3145 -0.221894 10
    endloop
  endfacet
  facet normal -0.956922 0.290344 0
    outer loop
      vertex -72.3902 -0.546447 0
      vertex -72.3579 -0.439992 10
      vertex -72.3579 -0.439992 0
    endloop
  endfacet
  facet normal -0.956922 0.290344 0
    outer loop
      vertex -72.3579 -0.439992 10
      vertex -72.3902 -0.546447 0
      vertex -72.3902 -0.546447 10
    endloop
  endfacet
  facet normal -0.881698 0.471814 0
    outer loop
      vertex -72.5278 -0.849999 0
      vertex -72.4753 -0.75189 10
      vertex -72.4753 -0.75189 0
    endloop
  endfacet
  facet normal -0.881698 0.471814 0
    outer loop
      vertex -72.4753 -0.75189 10
      vertex -72.5278 -0.849999 0
      vertex -72.5278 -0.849999 10
    endloop
  endfacet
  facet normal -0.812827 0.582504 0
    outer loop
      vertex -72.6513 -1.03489 0
      vertex -72.5865 -0.944468 10
      vertex -72.5865 -0.944468 0
    endloop
  endfacet
  facet normal -0.812827 0.582504 0
    outer loop
      vertex -72.5865 -0.944468 10
      vertex -72.6513 -1.03489 0
      vertex -72.6513 -1.03489 10
    endloop
  endfacet
  facet normal -0.352029 0.935989 0
    outer loop
      vertex -73.3494 -1.57059 0
      vertex -73.4536 -1.60978 10
      vertex -73.3494 -1.57059 10
    endloop
  endfacet
  facet normal -0.352029 0.935989 0
    outer loop
      vertex -73.4536 -1.60978 10
      vertex -73.3494 -1.57059 0
      vertex -73.4536 -1.60978 0
    endloop
  endfacet
  facet normal -0.527913 0.849298 0
    outer loop
      vertex -73.0555 -1.4135 0
      vertex -73.15 -1.47224 10
      vertex -73.0555 -1.4135 10
    endloop
  endfacet
  facet normal -0.527913 0.849298 0
    outer loop
      vertex -73.15 -1.47224 10
      vertex -73.0555 -1.4135 0
      vertex -73.15 -1.47224 0
    endloop
  endfacet
  facet normal -0.634348 0.773047 0
    outer loop
      vertex -72.8791 -1.27813 0
      vertex -72.9651 -1.3487 10
      vertex -72.8791 -1.27813 10
    endloop
  endfacet
  facet normal -0.634348 0.773047 0
    outer loop
      vertex -72.9651 -1.3487 10
      vertex -72.8791 -1.27813 0
      vertex -72.9651 -1.3487 0
    endloop
  endfacet
  facet normal -0.995187 0.0979904 0
    outer loop
      vertex -35.3145 -64.3078 0
      vertex -35.3036 -64.1971 10
      vertex -35.3036 -64.1971 0
    endloop
  endfacet
  facet normal -0.995187 0.0979904 0
    outer loop
      vertex -35.3036 -64.1971 10
      vertex -35.3145 -64.3078 0
      vertex -35.3145 -64.3078 10
    endloop
  endfacet
  facet normal -0.81276 -0.582598 0
    outer loop
      vertex -35.5865 -63.1414 0
      vertex -35.6513 -63.051 10
      vertex -35.6513 -63.051 0
    endloop
  endfacet
  facet normal -0.81276 -0.582598 0
    outer loop
      vertex -35.6513 -63.051 10
      vertex -35.5865 -63.1414 0
      vertex -35.5865 -63.1414 10
    endloop
  endfacet
  facet normal -0.634509 -0.772915 0
    outer loop
      vertex -35.9651 -62.7372 0
      vertex -35.8791 -62.8078 10
      vertex -35.9651 -62.7372 10
    endloop
  endfacet
  facet normal -0.634509 -0.772915 -0
    outer loop
      vertex -35.8791 -62.8078 10
      vertex -35.9651 -62.7372 0
      vertex -35.8791 -62.8078 0
    endloop
  endfacet
  facet normal -0.956956 -0.290232 0
    outer loop
      vertex -35.3579 -63.6459 0
      vertex -35.3902 -63.5394 10
      vertex -35.3902 -63.5394 0
    endloop
  endfacet
  facet normal -0.956956 -0.290232 0
    outer loop
      vertex -35.3902 -63.5394 10
      vertex -35.3579 -63.6459 0
      vertex -35.3579 -63.6459 10
    endloop
  endfacet
  facet normal -0.956881 0.290482 0
    outer loop
      vertex -35.3902 -64.6323 0
      vertex -35.3579 -64.5259 10
      vertex -35.3579 -64.5259 0
    endloop
  endfacet
  facet normal -0.956881 0.290482 0
    outer loop
      vertex -35.3579 -64.5259 10
      vertex -35.3902 -64.6323 0
      vertex -35.3902 -64.6323 10
    endloop
  endfacet
  facet normal -0.528302 -0.849057 0
    outer loop
      vertex -36.15 -62.6136 0
      vertex -36.0555 -62.6724 10
      vertex -36.15 -62.6136 10
    endloop
  endfacet
  facet normal -0.528302 -0.849057 -0
    outer loop
      vertex -36.0555 -62.6724 10
      vertex -36.15 -62.6136 0
      vertex -36.0555 -62.6724 0
    endloop
  endfacet
  facet normal -0.772915 -0.634509 0
    outer loop
      vertex -35.6513 -63.051 0
      vertex -35.7219 -62.965 10
      vertex -35.7219 -62.965 0
    endloop
  endfacet
  facet normal -0.772915 -0.634509 0
    outer loop
      vertex -35.7219 -62.965 10
      vertex -35.6513 -63.051 0
      vertex -35.6513 -63.051 10
    endloop
  endfacet
  facet normal -0.683343 -0.730098 0
    outer loop
      vertex -35.8791 -62.8078 0
      vertex -35.7979 -62.8838 10
      vertex -35.8791 -62.8078 10
    endloop
  endfacet
  facet normal -0.683343 -0.730098 -0
    outer loop
      vertex -35.7979 -62.8838 10
      vertex -35.8791 -62.8078 0
      vertex -35.7979 -62.8838 0
    endloop
  endfacet
  facet normal -0.910859 -0.412719 0
    outer loop
      vertex -35.4294 -63.4353 0
      vertex -35.4753 -63.334 10
      vertex -35.4753 -63.334 0
    endloop
  endfacet
  facet normal -0.910859 -0.412719 0
    outer loop
      vertex -35.4753 -63.334 10
      vertex -35.4294 -63.4353 0
      vertex -35.4294 -63.4353 10
    endloop
  endfacet
  facet normal -0.974026 0.226434 0
    outer loop
      vertex -35.3579 -64.5259 0
      vertex -35.3327 -64.4175 10
      vertex -35.3327 -64.4175 0
    endloop
  endfacet
  facet normal -0.974026 0.226434 0
    outer loop
      vertex -35.3327 -64.4175 10
      vertex -35.3579 -64.5259 0
      vertex -35.3579 -64.5259 10
    endloop
  endfacet
  facet normal -0.911012 0.412381 0
    outer loop
      vertex -35.4753 -64.8378 0
      vertex -35.4294 -64.7364 10
      vertex -35.4294 -64.7364 0
    endloop
  endfacet
  facet normal -0.911012 0.412381 0
    outer loop
      vertex -35.4294 -64.7364 10
      vertex -35.4753 -64.8378 0
      vertex -35.4753 -64.8378 10
    endloop
  endfacet
  facet normal -0.999476 -0.0323571 0
    outer loop
      vertex -35.3 -64.0859 0
      vertex -35.3036 -63.9747 10
      vertex -35.3036 -63.9747 0
    endloop
  endfacet
  facet normal -0.999476 -0.0323571 0
    outer loop
      vertex -35.3036 -63.9747 10
      vertex -35.3 -64.0859 0
      vertex -35.3 -64.0859 10
    endloop
  endfacet
  facet normal -0.999476 0.0323571 0
    outer loop
      vertex -35.3036 -64.1971 0
      vertex -35.3 -64.0859 10
      vertex -35.3 -64.0859 0
    endloop
  endfacet
  facet normal -0.999476 0.0323571 0
    outer loop
      vertex -35.3 -64.0859 10
      vertex -35.3036 -64.1971 0
      vertex -35.3036 -64.1971 10
    endloop
  endfacet
  facet normal -0.97398 -0.226633 0
    outer loop
      vertex -35.3327 -63.7542 0
      vertex -35.3579 -63.6459 10
      vertex -35.3579 -63.6459 0
    endloop
  endfacet
  facet normal -0.97398 -0.226633 0
    outer loop
      vertex -35.3579 -63.6459 10
      vertex -35.3327 -63.7542 0
      vertex -35.3327 -63.7542 10
    endloop
  endfacet
  facet normal -0.0979904 -0.995187 0
    outer loop
      vertex -36.8888 -62.3895 0
      vertex -36.7781 -62.4004 10
      vertex -36.8888 -62.3895 10
    endloop
  endfacet
  facet normal -0.0979904 -0.995187 -0
    outer loop
      vertex -36.7781 -62.4004 10
      vertex -36.8888 -62.3895 0
      vertex -36.7781 -62.4004 0
    endloop
  endfacet
  facet normal -0.582598 -0.81276 0
    outer loop
      vertex -36.0555 -62.6724 0
      vertex -35.9651 -62.7372 10
      vertex -36.0555 -62.6724 10
    endloop
  endfacet
  facet normal -0.582598 -0.81276 -0
    outer loop
      vertex -35.9651 -62.7372 10
      vertex -36.0555 -62.6724 0
      vertex -35.9651 -62.7372 0
    endloop
  endfacet
  facet normal -0.730098 -0.683343 0
    outer loop
      vertex -35.7219 -62.965 0
      vertex -35.7979 -62.8838 10
      vertex -35.7979 -62.8838 0
    endloop
  endfacet
  facet normal -0.730098 -0.683343 0
    outer loop
      vertex -35.7979 -62.8838 10
      vertex -35.7219 -62.965 0
      vertex -35.7219 -62.965 10
    endloop
  endfacet
  facet normal -0.88168 -0.471847 0
    outer loop
      vertex -35.4753 -63.334 0
      vertex -35.5278 -63.2359 10
      vertex -35.5278 -63.2359 0
    endloop
  endfacet
  facet normal -0.88168 -0.471847 0
    outer loop
      vertex -35.5278 -63.2359 10
      vertex -35.4753 -63.334 0
      vertex -35.4753 -63.334 10
    endloop
  endfacet
  facet normal -0.84946 -0.527654 0
    outer loop
      vertex -35.5278 -63.2359 0
      vertex -35.5865 -63.1414 10
      vertex -35.5865 -63.1414 0
    endloop
  endfacet
  facet normal -0.84946 -0.527654 0
    outer loop
      vertex -35.5865 -63.1414 10
      vertex -35.5278 -63.2359 0
      vertex -35.5278 -63.2359 10
    endloop
  endfacet
  facet normal -0.935848 -0.352404 0
    outer loop
      vertex -35.3902 -63.5394 0
      vertex -35.4294 -63.4353 10
      vertex -35.4294 -63.4353 0
    endloop
  endfacet
  facet normal -0.935848 -0.352404 0
    outer loop
      vertex -35.4294 -63.4353 10
      vertex -35.3902 -63.5394 0
      vertex -35.3902 -63.5394 10
    endloop
  endfacet
  facet normal -0.986515 0.16367 0
    outer loop
      vertex -35.3327 -64.4175 0
      vertex -35.3145 -64.3078 10
      vertex -35.3145 -64.3078 0
    endloop
  endfacet
  facet normal -0.986515 0.16367 0
    outer loop
      vertex -35.3145 -64.3078 10
      vertex -35.3327 -64.4175 0
      vertex -35.3327 -64.4175 10
    endloop
  endfacet
  facet normal -0.935848 0.352404 0
    outer loop
      vertex -35.4294 -64.7364 0
      vertex -35.3902 -64.6323 10
      vertex -35.3902 -64.6323 0
    endloop
  endfacet
  facet normal -0.935848 0.352404 0
    outer loop
      vertex -35.3902 -64.6323 10
      vertex -35.4294 -64.7364 0
      vertex -35.4294 -64.7364 10
    endloop
  endfacet
  facet normal -0.986539 -0.163525 0
    outer loop
      vertex -35.3145 -63.864 0
      vertex -35.3327 -63.7542 10
      vertex -35.3327 -63.7542 0
    endloop
  endfacet
  facet normal -0.986539 -0.163525 0
    outer loop
      vertex -35.3327 -63.7542 10
      vertex -35.3145 -63.864 0
      vertex -35.3145 -63.864 10
    endloop
  endfacet
  facet normal -0.995187 -0.0979904 0
    outer loop
      vertex -35.3036 -63.9747 0
      vertex -35.3145 -63.864 10
      vertex -35.3145 -63.864 0
    endloop
  endfacet
  facet normal -0.995187 -0.0979904 0
    outer loop
      vertex -35.3145 -63.864 10
      vertex -35.3036 -63.9747 0
      vertex -35.3036 -63.9747 10
    endloop
  endfacet
  facet normal -0.16265 -0.986684 0
    outer loop
      vertex -36.7781 -62.4004 0
      vertex -36.6683 -62.4185 10
      vertex -36.7781 -62.4004 10
    endloop
  endfacet
  facet normal -0.16265 -0.986684 -0
    outer loop
      vertex -36.6683 -62.4185 10
      vertex -36.7781 -62.4004 0
      vertex -36.6683 -62.4185 0
    endloop
  endfacet
  facet normal -0.881854 0.471522 0
    outer loop
      vertex -35.5015 -64.8868 0
      vertex -35.4753 -64.8378 10
      vertex -35.4753 -64.8378 0
    endloop
  endfacet
  facet normal -0.881854 0.471522 0
    outer loop
      vertex -35.4753 -64.8378 10
      vertex -35.5015 -64.8868 0
      vertex -35.5015 -64.8868 10
    endloop
  endfacet
  facet normal 0.471148 -0.882054 0
    outer loop
      vertex -37.85 -62.6136 0
      vertex -37.7519 -62.5612 10
      vertex -37.85 -62.6136 10
    endloop
  endfacet
  facet normal 0.471148 -0.882054 0
    outer loop
      vertex -37.7519 -62.5612 10
      vertex -37.85 -62.6136 0
      vertex -37.7519 -62.5612 0
    endloop
  endfacet
  facet normal 0.772915 -0.634509 0
    outer loop
      vertex -38.3487 -63.051 10
      vertex -38.2781 -62.965 0
      vertex -38.2781 -62.965 10
    endloop
  endfacet
  facet normal 0.772915 -0.634509 0
    outer loop
      vertex -38.2781 -62.965 0
      vertex -38.3487 -63.051 10
      vertex -38.3487 -63.051 0
    endloop
  endfacet
  facet normal 0.0323571 -0.999476 0
    outer loop
      vertex -37.1112 -62.3895 0
      vertex -37 -62.3859 10
      vertex -37.1112 -62.3895 10
    endloop
  endfacet
  facet normal 0.0323571 -0.999476 0
    outer loop
      vertex -37 -62.3859 10
      vertex -37.1112 -62.3895 0
      vertex -37 -62.3859 0
    endloop
  endfacet
  facet normal 0.227485 -0.973781 0
    outer loop
      vertex -37.44 -62.4438 0
      vertex -37.3317 -62.4185 10
      vertex -37.44 -62.4438 10
    endloop
  endfacet
  facet normal 0.227485 -0.973781 0
    outer loop
      vertex -37.3317 -62.4185 10
      vertex -37.44 -62.4438 0
      vertex -37.3317 -62.4185 0
    endloop
  endfacet
  facet normal -0.290482 -0.956881 0
    outer loop
      vertex -36.56 -62.4438 0
      vertex -36.4536 -62.4761 10
      vertex -36.56 -62.4438 10
    endloop
  endfacet
  facet normal -0.290482 -0.956881 -0
    outer loop
      vertex -36.4536 -62.4761 10
      vertex -36.56 -62.4438 0
      vertex -36.4536 -62.4761 0
    endloop
  endfacet
  facet normal -0.412719 -0.910859 0
    outer loop
      vertex -36.3494 -62.5153 0
      vertex -36.2481 -62.5612 10
      vertex -36.3494 -62.5153 10
    endloop
  endfacet
  facet normal -0.412719 -0.910859 -0
    outer loop
      vertex -36.2481 -62.5612 10
      vertex -36.3494 -62.5153 0
      vertex -36.2481 -62.5612 0
    endloop
  endfacet
  facet normal -0.352108 -0.93596 0
    outer loop
      vertex -36.4536 -62.4761 0
      vertex -36.3494 -62.5153 10
      vertex -36.4536 -62.4761 10
    endloop
  endfacet
  facet normal -0.352108 -0.93596 -0
    outer loop
      vertex -36.3494 -62.5153 10
      vertex -36.4536 -62.4761 0
      vertex -36.3494 -62.5153 0
    endloop
  endfacet
  facet normal -0.471148 -0.882054 0
    outer loop
      vertex -36.2481 -62.5612 0
      vertex -36.15 -62.6136 10
      vertex -36.2481 -62.5612 10
    endloop
  endfacet
  facet normal -0.471148 -0.882054 -0
    outer loop
      vertex -36.15 -62.6136 10
      vertex -36.2481 -62.5612 0
      vertex -36.15 -62.6136 0
    endloop
  endfacet
  facet normal 0.582598 -0.81276 0
    outer loop
      vertex -38.0349 -62.7372 0
      vertex -37.9445 -62.6724 10
      vertex -38.0349 -62.7372 10
    endloop
  endfacet
  facet normal 0.582598 -0.81276 0
    outer loop
      vertex -37.9445 -62.6724 10
      vertex -38.0349 -62.7372 0
      vertex -37.9445 -62.6724 0
    endloop
  endfacet
  facet normal 0.81276 -0.582598 0
    outer loop
      vertex -38.4135 -63.1414 10
      vertex -38.3487 -63.051 0
      vertex -38.3487 -63.051 10
    endloop
  endfacet
  facet normal 0.81276 -0.582598 0
    outer loop
      vertex -38.3487 -63.051 0
      vertex -38.4135 -63.1414 10
      vertex -38.4135 -63.1414 0
    endloop
  endfacet
  facet normal 0.848806 -0.528705 0
    outer loop
      vertex -38.4429 -63.1886 10
      vertex -38.4135 -63.1414 0
      vertex -38.4135 -63.1414 10
    endloop
  endfacet
  facet normal 0.848806 -0.528705 0
    outer loop
      vertex -38.4135 -63.1414 0
      vertex -38.4429 -63.1886 10
      vertex -38.4429 -63.1886 0
    endloop
  endfacet
  facet normal -0.0323571 -0.999476 0
    outer loop
      vertex -37 -62.3859 0
      vertex -36.8888 -62.3895 10
      vertex -37 -62.3859 10
    endloop
  endfacet
  facet normal -0.0323571 -0.999476 -0
    outer loop
      vertex -36.8888 -62.3895 10
      vertex -37 -62.3859 0
      vertex -36.8888 -62.3895 0
    endloop
  endfacet
  facet normal 0.0979904 -0.995187 0
    outer loop
      vertex -37.2219 -62.4004 0
      vertex -37.1112 -62.3895 10
      vertex -37.2219 -62.4004 10
    endloop
  endfacet
  facet normal 0.0979904 -0.995187 0
    outer loop
      vertex -37.1112 -62.3895 10
      vertex -37.2219 -62.4004 0
      vertex -37.1112 -62.3895 0
    endloop
  endfacet
  facet normal 0.290482 -0.956881 0
    outer loop
      vertex -37.5464 -62.4761 0
      vertex -37.44 -62.4438 10
      vertex -37.5464 -62.4761 10
    endloop
  endfacet
  facet normal 0.290482 -0.956881 0
    outer loop
      vertex -37.44 -62.4438 10
      vertex -37.5464 -62.4761 0
      vertex -37.44 -62.4438 0
    endloop
  endfacet
  facet normal -0.227485 -0.973781 0
    outer loop
      vertex -36.6683 -62.4185 0
      vertex -36.56 -62.4438 10
      vertex -36.6683 -62.4185 10
    endloop
  endfacet
  facet normal -0.227485 -0.973781 -0
    outer loop
      vertex -36.56 -62.4438 10
      vertex -36.6683 -62.4185 0
      vertex -36.56 -62.4438 0
    endloop
  endfacet
  facet normal 0.634509 -0.772915 0
    outer loop
      vertex -38.1209 -62.8078 0
      vertex -38.0349 -62.7372 10
      vertex -38.1209 -62.8078 10
    endloop
  endfacet
  facet normal 0.634509 -0.772915 0
    outer loop
      vertex -38.0349 -62.7372 10
      vertex -38.1209 -62.8078 0
      vertex -38.0349 -62.7372 0
    endloop
  endfacet
  facet normal 0.528302 -0.849057 0
    outer loop
      vertex -37.9445 -62.6724 0
      vertex -37.85 -62.6136 10
      vertex -37.9445 -62.6724 10
    endloop
  endfacet
  facet normal 0.528302 -0.849057 0
    outer loop
      vertex -37.85 -62.6136 10
      vertex -37.9445 -62.6724 0
      vertex -37.85 -62.6136 0
    endloop
  endfacet
  facet normal 0.412719 -0.910859 0
    outer loop
      vertex -37.7519 -62.5612 0
      vertex -37.6506 -62.5153 10
      vertex -37.7519 -62.5612 10
    endloop
  endfacet
  facet normal 0.412719 -0.910859 0
    outer loop
      vertex -37.6506 -62.5153 10
      vertex -37.7519 -62.5612 0
      vertex -37.6506 -62.5153 0
    endloop
  endfacet
  facet normal 0.352108 -0.93596 0
    outer loop
      vertex -37.6506 -62.5153 0
      vertex -37.5464 -62.4761 10
      vertex -37.6506 -62.5153 10
    endloop
  endfacet
  facet normal 0.352108 -0.93596 0
    outer loop
      vertex -37.5464 -62.4761 10
      vertex -37.6506 -62.5153 0
      vertex -37.5464 -62.4761 0
    endloop
  endfacet
  facet normal 0.683343 -0.730098 0
    outer loop
      vertex -38.2021 -62.8838 0
      vertex -38.1209 -62.8078 10
      vertex -38.2021 -62.8838 10
    endloop
  endfacet
  facet normal 0.683343 -0.730098 0
    outer loop
      vertex -38.1209 -62.8078 10
      vertex -38.2021 -62.8838 0
      vertex -38.1209 -62.8078 0
    endloop
  endfacet
  facet normal 0.730098 -0.683343 0
    outer loop
      vertex -38.2781 -62.965 10
      vertex -38.2021 -62.8838 0
      vertex -38.2021 -62.8838 10
    endloop
  endfacet
  facet normal 0.730098 -0.683343 0
    outer loop
      vertex -38.2021 -62.8838 0
      vertex -38.2781 -62.965 10
      vertex -38.2781 -62.965 0
    endloop
  endfacet
  facet normal 0.16265 -0.986684 0
    outer loop
      vertex -37.3317 -62.4185 0
      vertex -37.2219 -62.4004 10
      vertex -37.3317 -62.4185 10
    endloop
  endfacet
  facet normal 0.16265 -0.986684 0
    outer loop
      vertex -37.2219 -62.4004 10
      vertex -37.3317 -62.4185 0
      vertex -37.2219 -62.4004 0
    endloop
  endfacet
  facet normal -0.634509 -0.772915 0
    outer loop
      vertex 38.0349 -62.7372 0
      vertex 38.1209 -62.8078 10
      vertex 38.0349 -62.7372 10
    endloop
  endfacet
  facet normal -0.634509 -0.772915 -0
    outer loop
      vertex 38.1209 -62.8078 10
      vertex 38.0349 -62.7372 0
      vertex 38.1209 -62.8078 0
    endloop
  endfacet
  facet normal 0.0979904 -0.995187 0
    outer loop
      vertex 36.7781 -62.4004 0
      vertex 36.8888 -62.3895 10
      vertex 36.7781 -62.4004 10
    endloop
  endfacet
  facet normal 0.0979904 -0.995187 0
    outer loop
      vertex 36.8888 -62.3895 10
      vertex 36.7781 -62.4004 0
      vertex 36.8888 -62.3895 0
    endloop
  endfacet
  facet normal -0.227485 -0.973781 0
    outer loop
      vertex 37.3317 -62.4185 0
      vertex 37.44 -62.4438 10
      vertex 37.3317 -62.4185 10
    endloop
  endfacet
  facet normal -0.227485 -0.973781 -0
    outer loop
      vertex 37.44 -62.4438 10
      vertex 37.3317 -62.4185 0
      vertex 37.44 -62.4438 0
    endloop
  endfacet
  facet normal -0.772915 -0.634509 0
    outer loop
      vertex 38.3487 -63.051 0
      vertex 38.2781 -62.965 10
      vertex 38.2781 -62.965 0
    endloop
  endfacet
  facet normal -0.772915 -0.634509 0
    outer loop
      vertex 38.2781 -62.965 10
      vertex 38.3487 -63.051 0
      vertex 38.3487 -63.051 10
    endloop
  endfacet
  facet normal 0.97398 -0.226633 0
    outer loop
      vertex 35.3327 -63.7542 10
      vertex 35.3579 -63.6459 0
      vertex 35.3579 -63.6459 10
    endloop
  endfacet
  facet normal 0.97398 -0.226633 0
    outer loop
      vertex 35.3579 -63.6459 0
      vertex 35.3327 -63.7542 10
      vertex 35.3327 -63.7542 0
    endloop
  endfacet
  facet normal -0.848806 -0.528705 0
    outer loop
      vertex 38.4429 -63.1886 0
      vertex 38.4135 -63.1414 10
      vertex 38.4135 -63.1414 0
    endloop
  endfacet
  facet normal -0.848806 -0.528705 0
    outer loop
      vertex 38.4135 -63.1414 10
      vertex 38.4429 -63.1886 0
      vertex 38.4429 -63.1886 10
    endloop
  endfacet
  facet normal 0.471148 -0.882054 0
    outer loop
      vertex 36.15 -62.6136 0
      vertex 36.2481 -62.5612 10
      vertex 36.15 -62.6136 10
    endloop
  endfacet
  facet normal 0.471148 -0.882054 0
    outer loop
      vertex 36.2481 -62.5612 10
      vertex 36.15 -62.6136 0
      vertex 36.2481 -62.5612 0
    endloop
  endfacet
  facet normal 0.290482 -0.956881 0
    outer loop
      vertex 36.4536 -62.4761 0
      vertex 36.56 -62.4438 10
      vertex 36.4536 -62.4761 10
    endloop
  endfacet
  facet normal 0.290482 -0.956881 0
    outer loop
      vertex 36.56 -62.4438 10
      vertex 36.4536 -62.4761 0
      vertex 36.56 -62.4438 0
    endloop
  endfacet
  facet normal -0.0323571 -0.999476 0
    outer loop
      vertex 37 -62.3859 0
      vertex 37.1112 -62.3895 10
      vertex 37 -62.3859 10
    endloop
  endfacet
  facet normal -0.0323571 -0.999476 -0
    outer loop
      vertex 37.1112 -62.3895 10
      vertex 37 -62.3859 0
      vertex 37.1112 -62.3895 0
    endloop
  endfacet
  facet normal -0.0979904 -0.995187 0
    outer loop
      vertex 37.1112 -62.3895 0
      vertex 37.2219 -62.4004 10
      vertex 37.1112 -62.3895 10
    endloop
  endfacet
  facet normal -0.0979904 -0.995187 -0
    outer loop
      vertex 37.2219 -62.4004 10
      vertex 37.1112 -62.3895 0
      vertex 37.2219 -62.4004 0
    endloop
  endfacet
  facet normal -0.81276 -0.582598 0
    outer loop
      vertex 38.4135 -63.1414 0
      vertex 38.3487 -63.051 10
      vertex 38.3487 -63.051 0
    endloop
  endfacet
  facet normal -0.81276 -0.582598 0
    outer loop
      vertex 38.3487 -63.051 10
      vertex 38.4135 -63.1414 0
      vertex 38.4135 -63.1414 10
    endloop
  endfacet
  facet normal -0.471148 -0.882054 0
    outer loop
      vertex 37.7519 -62.5612 0
      vertex 37.85 -62.6136 10
      vertex 37.7519 -62.5612 10
    endloop
  endfacet
  facet normal -0.471148 -0.882054 -0
    outer loop
      vertex 37.85 -62.6136 10
      vertex 37.7519 -62.5612 0
      vertex 37.85 -62.6136 0
    endloop
  endfacet
  facet normal -0.528302 -0.849057 0
    outer loop
      vertex 37.85 -62.6136 0
      vertex 37.9445 -62.6724 10
      vertex 37.85 -62.6136 10
    endloop
  endfacet
  facet normal -0.528302 -0.849057 -0
    outer loop
      vertex 37.9445 -62.6724 10
      vertex 37.85 -62.6136 0
      vertex 37.9445 -62.6724 0
    endloop
  endfacet
  facet normal -0.290482 -0.956881 0
    outer loop
      vertex 37.44 -62.4438 0
      vertex 37.5464 -62.4761 10
      vertex 37.44 -62.4438 10
    endloop
  endfacet
  facet normal -0.290482 -0.956881 -0
    outer loop
      vertex 37.5464 -62.4761 10
      vertex 37.44 -62.4438 0
      vertex 37.5464 -62.4761 0
    endloop
  endfacet
  facet normal 0.227485 -0.973781 0
    outer loop
      vertex 36.56 -62.4438 0
      vertex 36.6683 -62.4185 10
      vertex 36.56 -62.4438 10
    endloop
  endfacet
  facet normal 0.227485 -0.973781 0
    outer loop
      vertex 36.6683 -62.4185 10
      vertex 36.56 -62.4438 0
      vertex 36.6683 -62.4185 0
    endloop
  endfacet
  facet normal 0.16265 -0.986684 0
    outer loop
      vertex 36.6683 -62.4185 0
      vertex 36.7781 -62.4004 10
      vertex 36.6683 -62.4185 10
    endloop
  endfacet
  facet normal 0.16265 -0.986684 0
    outer loop
      vertex 36.7781 -62.4004 10
      vertex 36.6683 -62.4185 0
      vertex 36.7781 -62.4004 0
    endloop
  endfacet
  facet normal 0.352108 -0.93596 0
    outer loop
      vertex 36.3494 -62.5153 0
      vertex 36.4536 -62.4761 10
      vertex 36.3494 -62.5153 10
    endloop
  endfacet
  facet normal 0.352108 -0.93596 0
    outer loop
      vertex 36.4536 -62.4761 10
      vertex 36.3494 -62.5153 0
      vertex 36.4536 -62.4761 0
    endloop
  endfacet
  facet normal 0.412719 -0.910859 0
    outer loop
      vertex 36.2481 -62.5612 0
      vertex 36.3494 -62.5153 10
      vertex 36.2481 -62.5612 10
    endloop
  endfacet
  facet normal 0.412719 -0.910859 0
    outer loop
      vertex 36.3494 -62.5153 10
      vertex 36.2481 -62.5612 0
      vertex 36.3494 -62.5153 0
    endloop
  endfacet
  facet normal 0.0323571 -0.999476 0
    outer loop
      vertex 36.8888 -62.3895 0
      vertex 37 -62.3859 10
      vertex 36.8888 -62.3895 10
    endloop
  endfacet
  facet normal 0.0323571 -0.999476 0
    outer loop
      vertex 37 -62.3859 10
      vertex 36.8888 -62.3895 0
      vertex 37 -62.3859 0
    endloop
  endfacet
  facet normal -0.16265 -0.986684 0
    outer loop
      vertex 37.2219 -62.4004 0
      vertex 37.3317 -62.4185 10
      vertex 37.2219 -62.4004 10
    endloop
  endfacet
  facet normal -0.16265 -0.986684 -0
    outer loop
      vertex 37.3317 -62.4185 10
      vertex 37.2219 -62.4004 0
      vertex 37.3317 -62.4185 0
    endloop
  endfacet
  facet normal -0.730098 -0.683343 0
    outer loop
      vertex 38.2781 -62.965 0
      vertex 38.2021 -62.8838 10
      vertex 38.2021 -62.8838 0
    endloop
  endfacet
  facet normal -0.730098 -0.683343 0
    outer loop
      vertex 38.2021 -62.8838 10
      vertex 38.2781 -62.965 0
      vertex 38.2781 -62.965 10
    endloop
  endfacet
  facet normal -0.683343 -0.730098 0
    outer loop
      vertex 38.1209 -62.8078 0
      vertex 38.2021 -62.8838 10
      vertex 38.1209 -62.8078 10
    endloop
  endfacet
  facet normal -0.683343 -0.730098 -0
    outer loop
      vertex 38.2021 -62.8838 10
      vertex 38.1209 -62.8078 0
      vertex 38.2021 -62.8838 0
    endloop
  endfacet
  facet normal -0.582598 -0.81276 0
    outer loop
      vertex 37.9445 -62.6724 0
      vertex 38.0349 -62.7372 10
      vertex 37.9445 -62.6724 10
    endloop
  endfacet
  facet normal -0.582598 -0.81276 -0
    outer loop
      vertex 38.0349 -62.7372 10
      vertex 37.9445 -62.6724 0
      vertex 38.0349 -62.7372 0
    endloop
  endfacet
  facet normal -0.352108 -0.93596 0
    outer loop
      vertex 37.5464 -62.4761 0
      vertex 37.6506 -62.5153 10
      vertex 37.5464 -62.4761 10
    endloop
  endfacet
  facet normal -0.352108 -0.93596 -0
    outer loop
      vertex 37.6506 -62.5153 10
      vertex 37.5464 -62.4761 0
      vertex 37.6506 -62.5153 0
    endloop
  endfacet
  facet normal -0.412719 -0.910859 0
    outer loop
      vertex 37.6506 -62.5153 0
      vertex 37.7519 -62.5612 10
      vertex 37.6506 -62.5153 10
    endloop
  endfacet
  facet normal -0.412719 -0.910859 -0
    outer loop
      vertex 37.7519 -62.5612 10
      vertex 37.6506 -62.5153 0
      vertex 37.7519 -62.5612 0
    endloop
  endfacet
  facet normal 0.634509 -0.772915 0
    outer loop
      vertex 35.8791 -62.8078 0
      vertex 35.9651 -62.7372 10
      vertex 35.8791 -62.8078 10
    endloop
  endfacet
  facet normal 0.634509 -0.772915 0
    outer loop
      vertex 35.9651 -62.7372 10
      vertex 35.8791 -62.8078 0
      vertex 35.9651 -62.7372 0
    endloop
  endfacet
  facet normal 0.772915 -0.634509 0
    outer loop
      vertex 35.6513 -63.051 10
      vertex 35.7219 -62.965 0
      vertex 35.7219 -62.965 10
    endloop
  endfacet
  facet normal 0.772915 -0.634509 0
    outer loop
      vertex 35.7219 -62.965 0
      vertex 35.6513 -63.051 10
      vertex 35.6513 -63.051 0
    endloop
  endfacet
  facet normal 0.995187 -0.0979904 0
    outer loop
      vertex 35.3036 -63.9747 10
      vertex 35.3145 -63.864 0
      vertex 35.3145 -63.864 10
    endloop
  endfacet
  facet normal 0.995187 -0.0979904 0
    outer loop
      vertex 35.3145 -63.864 0
      vertex 35.3036 -63.9747 10
      vertex 35.3036 -63.9747 0
    endloop
  endfacet
  facet normal 0.986515 0.16367 0
    outer loop
      vertex 35.3327 -64.4175 10
      vertex 35.3145 -64.3078 0
      vertex 35.3145 -64.3078 10
    endloop
  endfacet
  facet normal 0.986515 0.16367 0
    outer loop
      vertex 35.3145 -64.3078 0
      vertex 35.3327 -64.4175 10
      vertex 35.3327 -64.4175 0
    endloop
  endfacet
  facet normal 0.999476 0.0323571 0
    outer loop
      vertex 35.3036 -64.1971 10
      vertex 35.3 -64.0859 0
      vertex 35.3 -64.0859 10
    endloop
  endfacet
  facet normal 0.999476 0.0323571 0
    outer loop
      vertex 35.3 -64.0859 0
      vertex 35.3036 -64.1971 10
      vertex 35.3036 -64.1971 0
    endloop
  endfacet
  facet normal 0.974026 0.226434 0
    outer loop
      vertex 35.3579 -64.5259 10
      vertex 35.3327 -64.4175 0
      vertex 35.3327 -64.4175 10
    endloop
  endfacet
  facet normal 0.974026 0.226434 0
    outer loop
      vertex 35.3327 -64.4175 0
      vertex 35.3579 -64.5259 10
      vertex 35.3579 -64.5259 0
    endloop
  endfacet
  facet normal 0.911012 0.412381 0
    outer loop
      vertex 35.4753 -64.8378 10
      vertex 35.4294 -64.7364 0
      vertex 35.4294 -64.7364 10
    endloop
  endfacet
  facet normal 0.911012 0.412381 0
    outer loop
      vertex 35.4294 -64.7364 0
      vertex 35.4753 -64.8378 10
      vertex 35.4753 -64.8378 0
    endloop
  endfacet
  facet normal 0.730098 -0.683343 0
    outer loop
      vertex 35.7219 -62.965 10
      vertex 35.7979 -62.8838 0
      vertex 35.7979 -62.8838 10
    endloop
  endfacet
  facet normal 0.730098 -0.683343 0
    outer loop
      vertex 35.7979 -62.8838 0
      vertex 35.7219 -62.965 10
      vertex 35.7219 -62.965 0
    endloop
  endfacet
  facet normal 0.84946 -0.527654 0
    outer loop
      vertex 35.5278 -63.2359 10
      vertex 35.5865 -63.1414 0
      vertex 35.5865 -63.1414 10
    endloop
  endfacet
  facet normal 0.84946 -0.527654 0
    outer loop
      vertex 35.5865 -63.1414 0
      vertex 35.5278 -63.2359 10
      vertex 35.5278 -63.2359 0
    endloop
  endfacet
  facet normal 0.81276 -0.582598 0
    outer loop
      vertex 35.5865 -63.1414 10
      vertex 35.6513 -63.051 0
      vertex 35.6513 -63.051 10
    endloop
  endfacet
  facet normal 0.81276 -0.582598 0
    outer loop
      vertex 35.6513 -63.051 0
      vertex 35.5865 -63.1414 10
      vertex 35.5865 -63.1414 0
    endloop
  endfacet
  facet normal 0.910859 -0.412719 0
    outer loop
      vertex 35.4294 -63.4353 10
      vertex 35.4753 -63.334 0
      vertex 35.4753 -63.334 10
    endloop
  endfacet
  facet normal 0.910859 -0.412719 0
    outer loop
      vertex 35.4753 -63.334 0
      vertex 35.4294 -63.4353 10
      vertex 35.4294 -63.4353 0
    endloop
  endfacet
  facet normal 0.956956 -0.290232 0
    outer loop
      vertex 35.3579 -63.6459 10
      vertex 35.3902 -63.5394 0
      vertex 35.3902 -63.5394 10
    endloop
  endfacet
  facet normal 0.956956 -0.290232 0
    outer loop
      vertex 35.3902 -63.5394 0
      vertex 35.3579 -63.6459 10
      vertex 35.3579 -63.6459 0
    endloop
  endfacet
  facet normal 0.986539 -0.163525 0
    outer loop
      vertex 35.3145 -63.864 10
      vertex 35.3327 -63.7542 0
      vertex 35.3327 -63.7542 10
    endloop
  endfacet
  facet normal 0.986539 -0.163525 0
    outer loop
      vertex 35.3327 -63.7542 0
      vertex 35.3145 -63.864 10
      vertex 35.3145 -63.864 0
    endloop
  endfacet
  facet normal 0.999476 -0.0323571 0
    outer loop
      vertex 35.3 -64.0859 10
      vertex 35.3036 -63.9747 0
      vertex 35.3036 -63.9747 10
    endloop
  endfacet
  facet normal 0.999476 -0.0323571 0
    outer loop
      vertex 35.3036 -63.9747 0
      vertex 35.3 -64.0859 10
      vertex 35.3 -64.0859 0
    endloop
  endfacet
  facet normal 0.995187 0.0979904 0
    outer loop
      vertex 35.3145 -64.3078 10
      vertex 35.3036 -64.1971 0
      vertex 35.3036 -64.1971 10
    endloop
  endfacet
  facet normal 0.995187 0.0979904 0
    outer loop
      vertex 35.3036 -64.1971 0
      vertex 35.3145 -64.3078 10
      vertex 35.3145 -64.3078 0
    endloop
  endfacet
  facet normal 0.956881 0.290482 0
    outer loop
      vertex 35.3902 -64.6323 10
      vertex 35.3579 -64.5259 0
      vertex 35.3579 -64.5259 10
    endloop
  endfacet
  facet normal 0.956881 0.290482 0
    outer loop
      vertex 35.3579 -64.5259 0
      vertex 35.3902 -64.6323 10
      vertex 35.3902 -64.6323 0
    endloop
  endfacet
  facet normal 0.935848 0.352404 0
    outer loop
      vertex 35.4294 -64.7364 10
      vertex 35.3902 -64.6323 0
      vertex 35.3902 -64.6323 10
    endloop
  endfacet
  facet normal 0.935848 0.352404 0
    outer loop
      vertex 35.3902 -64.6323 0
      vertex 35.4294 -64.7364 10
      vertex 35.4294 -64.7364 0
    endloop
  endfacet
  facet normal 0.881854 0.471522 0
    outer loop
      vertex 35.5015 -64.8868 10
      vertex 35.4753 -64.8378 0
      vertex 35.4753 -64.8378 10
    endloop
  endfacet
  facet normal 0.881854 0.471522 0
    outer loop
      vertex 35.4753 -64.8378 0
      vertex 35.5015 -64.8868 10
      vertex 35.5015 -64.8868 0
    endloop
  endfacet
  facet normal 0.683343 -0.730098 0
    outer loop
      vertex 35.7979 -62.8838 0
      vertex 35.8791 -62.8078 10
      vertex 35.7979 -62.8838 10
    endloop
  endfacet
  facet normal 0.683343 -0.730098 0
    outer loop
      vertex 35.8791 -62.8078 10
      vertex 35.7979 -62.8838 0
      vertex 35.8791 -62.8078 0
    endloop
  endfacet
  facet normal 0.582598 -0.81276 0
    outer loop
      vertex 35.9651 -62.7372 0
      vertex 36.0555 -62.6724 10
      vertex 35.9651 -62.7372 10
    endloop
  endfacet
  facet normal 0.582598 -0.81276 0
    outer loop
      vertex 36.0555 -62.6724 10
      vertex 35.9651 -62.7372 0
      vertex 36.0555 -62.6724 0
    endloop
  endfacet
  facet normal 0.528302 -0.849057 0
    outer loop
      vertex 36.0555 -62.6724 0
      vertex 36.15 -62.6136 10
      vertex 36.0555 -62.6724 10
    endloop
  endfacet
  facet normal 0.528302 -0.849057 0
    outer loop
      vertex 36.15 -62.6136 10
      vertex 36.0555 -62.6724 0
      vertex 36.15 -62.6136 0
    endloop
  endfacet
  facet normal 0.88168 -0.471847 0
    outer loop
      vertex 35.4753 -63.334 10
      vertex 35.5278 -63.2359 0
      vertex 35.5278 -63.2359 10
    endloop
  endfacet
  facet normal 0.88168 -0.471847 0
    outer loop
      vertex 35.5278 -63.2359 0
      vertex 35.4753 -63.334 10
      vertex 35.4753 -63.334 0
    endloop
  endfacet
  facet normal 0.935848 -0.352404 0
    outer loop
      vertex 35.3902 -63.5394 10
      vertex 35.4294 -63.4353 0
      vertex 35.4294 -63.4353 10
    endloop
  endfacet
  facet normal 0.935848 -0.352404 0
    outer loop
      vertex 35.4294 -63.4353 0
      vertex 35.3902 -63.5394 10
      vertex 35.3902 -63.5394 0
    endloop
  endfacet
  facet normal -0.683606 -0.729851 0
    outer loop
      vertex 42.8575 48.8696 0
      vertex 45.9619 45.9619 10
      vertex 42.8575 48.8696 10
    endloop
  endfacet
  facet normal -0.683606 -0.729851 -0
    outer loop
      vertex 45.9619 45.9619 10
      vertex 42.8575 48.8696 0
      vertex 45.9619 45.9619 0
    endloop
  endfacet
  facet normal 0.352257 -0.935903 0
    outer loop
      vertex -24.8744 60.0522 0
      vertex -20.8936 61.5505 10
      vertex -24.8744 60.0522 10
    endloop
  endfacet
  facet normal 0.352257 -0.935903 0
    outer loop
      vertex -20.8936 61.5505 10
      vertex -24.8744 60.0522 0
      vertex -20.8936 61.5505 0
    endloop
  endfacet
  facet normal 0.910861 -0.412713 0
    outer loop
      vertex -60.0522 24.8744 10
      vertex -58.2967 28.7488 0
      vertex -58.2967 28.7488 10
    endloop
  endfacet
  facet normal 0.910861 -0.412713 0
    outer loop
      vertex -58.2967 28.7488 0
      vertex -60.0522 24.8744 10
      vertex -60.0522 24.8744 0
    endloop
  endfacet
  facet normal -0.52806 0.849207 0
    outer loop
      vertex 36.1121 -54.0455 0
      vertex 32.5 -56.2916 10
      vertex 36.1121 -54.0455 10
    endloop
  endfacet
  facet normal -0.52806 0.849207 0
    outer loop
      vertex 32.5 -56.2916 10
      vertex 36.1121 -54.0455 0
      vertex 32.5 -56.2916 0
    endloop
  endfacet
  facet normal -0.995183 0.0980384 0
    outer loop
      vertex 64.4439 -8.4842 0
      vertex 64.4916 -8 10
      vertex 64.4916 -8 0
    endloop
  endfacet
  facet normal -0.995183 0.0980384 0
    outer loop
      vertex 64.4916 -8 10
      vertex 64.4439 -8.4842 0
      vertex 64.4439 -8.4842 10
    endloop
  endfacet
  facet normal 0.412713 0.910861 -0
    outer loop
      vertex -24.8744 -60.0522 0
      vertex -28.7488 -58.2967 10
      vertex -24.8744 -60.0522 10
    endloop
  endfacet
  facet normal 0.412713 0.910861 0
    outer loop
      vertex -28.7488 -58.2967 10
      vertex -24.8744 -60.0522 0
      vertex -28.7488 -58.2967 0
    endloop
  endfacet
  facet normal -0.881917 -0.471404 0
    outer loop
      vertex 58.2967 28.7488 0
      vertex 56.2916 32.5 10
      vertex 56.2916 32.5 0
    endloop
  endfacet
  facet normal -0.881917 -0.471404 0
    outer loop
      vertex 56.2916 32.5 10
      vertex 58.2967 28.7488 0
      vertex 58.2967 28.7488 10
    endloop
  endfacet
  facet normal -0.412713 -0.910861 0
    outer loop
      vertex 24.8744 60.0522 0
      vertex 28.7488 58.2967 10
      vertex 24.8744 60.0522 10
    endloop
  endfacet
  facet normal -0.412713 -0.910861 -0
    outer loop
      vertex 28.7488 58.2967 10
      vertex 24.8744 60.0522 0
      vertex 28.7488 58.2967 0
    endloop
  endfacet
  facet normal -0.162901 -0.986642 0
    outer loop
      vertex 8.4842 64.4439 0
      vertex 12.6809 63.751 10
      vertex 8.4842 64.4439 10
    endloop
  endfacet
  facet normal -0.162901 -0.986642 -0
    outer loop
      vertex 12.6809 63.751 10
      vertex 8.4842 64.4439 0
      vertex 12.6809 63.751 0
    endloop
  endfacet
  facet normal 0.986642 -0.162901 0
    outer loop
      vertex -64.4439 8.4842 10
      vertex -63.751 12.6809 0
      vertex -63.751 12.6809 10
    endloop
  endfacet
  facet normal 0.986642 -0.162901 0
    outer loop
      vertex -63.751 12.6809 0
      vertex -64.4439 8.4842 10
      vertex -64.4439 8.4842 0
    endloop
  endfacet
  facet normal 0.729851 -0.683606 0
    outer loop
      vertex -48.8696 42.8575 10
      vertex -45.9619 45.9619 0
      vertex -45.9619 45.9619 10
    endloop
  endfacet
  facet normal 0.729851 -0.683606 0
    outer loop
      vertex -45.9619 45.9619 0
      vertex -48.8696 42.8575 10
      vertex -48.8696 42.8575 0
    endloop
  endfacet
  facet normal 0.162901 -0.986642 0
    outer loop
      vertex -12.6809 63.751 0
      vertex -8.4842 64.4439 10
      vertex -12.6809 63.751 10
    endloop
  endfacet
  facet normal 0.162901 -0.986642 0
    outer loop
      vertex -8.4842 64.4439 10
      vertex -12.6809 63.751 0
      vertex -8.4842 64.4439 0
    endloop
  endfacet
  facet normal -0.935903 0.352257 0
    outer loop
      vertex 60.0522 -24.8744 0
      vertex 61.5505 -20.8936 10
      vertex 61.5505 -20.8936 0
    endloop
  endfacet
  facet normal -0.935903 0.352257 0
    outer loop
      vertex 61.5505 -20.8936 10
      vertex 60.0522 -24.8744 0
      vertex 60.0522 -24.8744 10
    endloop
  endfacet
  facet normal 0.162901 0.986642 -0
    outer loop
      vertex -8.4842 -64.4439 0
      vertex -12.6809 -63.751 10
      vertex -8.4842 -64.4439 10
    endloop
  endfacet
  facet normal 0.162901 0.986642 0
    outer loop
      vertex -12.6809 -63.751 10
      vertex -8.4842 -64.4439 0
      vertex -12.6809 -63.751 0
    endloop
  endfacet
  facet normal 0.683606 0.729851 -0
    outer loop
      vertex -42.8575 -48.8696 0
      vertex -45.9619 -45.9619 10
      vertex -42.8575 -48.8696 10
    endloop
  endfacet
  facet normal 0.683606 0.729851 0
    outer loop
      vertex -45.9619 -45.9619 10
      vertex -42.8575 -48.8696 0
      vertex -45.9619 -45.9619 0
    endloop
  endfacet
  facet normal -0.995183 -0.0980384 0
    outer loop
      vertex 64.4916 8 0
      vertex 64.4439 8.4842 10
      vertex 64.4439 8.4842 0
    endloop
  endfacet
  facet normal -0.995183 -0.0980384 0
    outer loop
      vertex 64.4439 8.4842 10
      vertex 64.4916 8 0
      vertex 64.4916 8 10
    endloop
  endfacet
  facet normal -0.97388 -0.227065 0
    outer loop
      vertex 63.751 12.6809 0
      vertex 62.7852 16.8232 10
      vertex 62.7852 16.8232 0
    endloop
  endfacet
  facet normal -0.97388 -0.227065 0
    outer loop
      vertex 62.7852 16.8232 10
      vertex 63.751 12.6809 0
      vertex 63.751 12.6809 10
    endloop
  endfacet
  facet normal -0.956943 -0.290276 0
    outer loop
      vertex 62.7852 16.8232 0
      vertex 61.5505 20.8936 10
      vertex 61.5505 20.8936 0
    endloop
  endfacet
  facet normal -0.956943 -0.290276 0
    outer loop
      vertex 61.5505 20.8936 10
      vertex 62.7852 16.8232 0
      vertex 62.7852 16.8232 10
    endloop
  endfacet
  facet normal -0.812851 -0.582472 0
    outer loop
      vertex 54.0455 36.1121 0
      vertex 51.568 39.5695 10
      vertex 51.568 39.5695 0
    endloop
  endfacet
  facet normal -0.812851 -0.582472 0
    outer loop
      vertex 51.568 39.5695 10
      vertex 54.0455 36.1121 0
      vertex 54.0455 36.1121 10
    endloop
  endfacet
  facet normal -0.849207 -0.52806 0
    outer loop
      vertex 56.2916 32.5 0
      vertex 54.0455 36.1121 10
      vertex 54.0455 36.1121 0
    endloop
  endfacet
  facet normal -0.849207 -0.52806 0
    outer loop
      vertex 54.0455 36.1121 10
      vertex 56.2916 32.5 0
      vertex 56.2916 32.5 10
    endloop
  endfacet
  facet normal -0.582472 -0.812851 0
    outer loop
      vertex 36.1121 54.0455 0
      vertex 39.5695 51.568 10
      vertex 36.1121 54.0455 10
    endloop
  endfacet
  facet normal -0.582472 -0.812851 -0
    outer loop
      vertex 39.5695 51.568 10
      vertex 36.1121 54.0455 0
      vertex 39.5695 51.568 0
    endloop
  endfacet
  facet normal -0.0327262 -0.999464 0
    outer loop
      vertex 0 65 0
      vertex 4.2512 64.8608 10
      vertex 0 65 10
    endloop
  endfacet
  facet normal -0.0327262 -0.999464 -0
    outer loop
      vertex 4.2512 64.8608 10
      vertex 0 65 0
      vertex 4.2512 64.8608 0
    endloop
  endfacet
  facet normal -0.352257 -0.935903 0
    outer loop
      vertex 20.8936 61.5505 0
      vertex 24.8744 60.0522 10
      vertex 20.8936 61.5505 10
    endloop
  endfacet
  facet normal -0.352257 -0.935903 -0
    outer loop
      vertex 24.8744 60.0522 10
      vertex 20.8936 61.5505 0
      vertex 24.8744 60.0522 0
    endloop
  endfacet
  facet normal -0.227065 -0.97388 0
    outer loop
      vertex 12.6809 63.751 0
      vertex 16.8232 62.7852 10
      vertex 12.6809 63.751 10
    endloop
  endfacet
  facet normal -0.227065 -0.97388 -0
    outer loop
      vertex 16.8232 62.7852 10
      vertex 12.6809 63.751 0
      vertex 16.8232 62.7852 0
    endloop
  endfacet
  facet normal 0.999464 -0.0327262 0
    outer loop
      vertex -65 0 10
      vertex -64.8608 4.2512 0
      vertex -64.8608 4.2512 10
    endloop
  endfacet
  facet normal 0.999464 -0.0327262 0
    outer loop
      vertex -64.8608 4.2512 0
      vertex -65 0 10
      vertex -65 0 0
    endloop
  endfacet
  facet normal 0.935903 -0.352257 0
    outer loop
      vertex -61.5505 20.8936 10
      vertex -60.0522 24.8744 0
      vertex -60.0522 24.8744 10
    endloop
  endfacet
  facet normal 0.935903 -0.352257 0
    outer loop
      vertex -60.0522 24.8744 0
      vertex -61.5505 20.8936 10
      vertex -61.5505 20.8936 0
    endloop
  endfacet
  facet normal 0.97388 -0.227065 0
    outer loop
      vertex -63.751 12.6809 10
      vertex -62.7852 16.8232 0
      vertex -62.7852 16.8232 10
    endloop
  endfacet
  facet normal 0.97388 -0.227065 0
    outer loop
      vertex -62.7852 16.8232 0
      vertex -63.751 12.6809 10
      vertex -63.751 12.6809 0
    endloop
  endfacet
  facet normal 0.812851 -0.582472 0
    outer loop
      vertex -54.0455 36.1121 10
      vertex -51.568 39.5695 0
      vertex -51.568 39.5695 10
    endloop
  endfacet
  facet normal 0.812851 -0.582472 0
    outer loop
      vertex -51.568 39.5695 0
      vertex -54.0455 36.1121 10
      vertex -54.0455 36.1121 0
    endloop
  endfacet
  facet normal 0.0980139 -0.995185 0
    outer loop
      vertex -8.4842 64.4439 0
      vertex -4.2512 64.8608 10
      vertex -8.4842 64.4439 10
    endloop
  endfacet
  facet normal 0.0980139 -0.995185 0
    outer loop
      vertex -4.2512 64.8608 10
      vertex -8.4842 64.4439 0
      vertex -4.2512 64.8608 0
    endloop
  endfacet
  facet normal 0.52806 -0.849207 0
    outer loop
      vertex -36.1121 54.0455 0
      vertex -32.5 56.2916 10
      vertex -36.1121 54.0455 10
    endloop
  endfacet
  facet normal 0.52806 -0.849207 0
    outer loop
      vertex -32.5 56.2916 10
      vertex -36.1121 54.0455 0
      vertex -32.5 56.2916 0
    endloop
  endfacet
  facet normal 0.582472 -0.812851 0
    outer loop
      vertex -39.5695 51.568 0
      vertex -36.1121 54.0455 10
      vertex -39.5695 51.568 10
    endloop
  endfacet
  facet normal 0.582472 -0.812851 0
    outer loop
      vertex -36.1121 54.0455 10
      vertex -39.5695 51.568 0
      vertex -36.1121 54.0455 0
    endloop
  endfacet
  facet normal 0.412713 -0.910861 0
    outer loop
      vertex -28.7488 58.2967 0
      vertex -24.8744 60.0522 10
      vertex -28.7488 58.2967 10
    endloop
  endfacet
  facet normal 0.412713 -0.910861 0
    outer loop
      vertex -24.8744 60.0522 10
      vertex -28.7488 58.2967 0
      vertex -24.8744 60.0522 0
    endloop
  endfacet
  facet normal -0.956943 0.290276 0
    outer loop
      vertex 61.5505 -20.8936 0
      vertex 62.7852 -16.8232 10
      vertex 62.7852 -16.8232 0
    endloop
  endfacet
  facet normal -0.956943 0.290276 0
    outer loop
      vertex 62.7852 -16.8232 10
      vertex 61.5505 -20.8936 0
      vertex 61.5505 -20.8936 10
    endloop
  endfacet
  facet normal -0.582472 0.812851 0
    outer loop
      vertex 39.5695 -51.568 0
      vertex 36.1121 -54.0455 10
      vertex 39.5695 -51.568 10
    endloop
  endfacet
  facet normal -0.582472 0.812851 0
    outer loop
      vertex 36.1121 -54.0455 10
      vertex 39.5695 -51.568 0
      vertex 36.1121 -54.0455 0
    endloop
  endfacet
  facet normal -0.412713 0.910861 0
    outer loop
      vertex 28.7488 -58.2967 0
      vertex 24.8744 -60.0522 10
      vertex 28.7488 -58.2967 10
    endloop
  endfacet
  facet normal -0.412713 0.910861 0
    outer loop
      vertex 24.8744 -60.0522 10
      vertex 28.7488 -58.2967 0
      vertex 24.8744 -60.0522 0
    endloop
  endfacet
  facet normal 0.0327262 0.999464 -0
    outer loop
      vertex 0 -65 0
      vertex -4.2512 -64.8608 10
      vertex 0 -65 10
    endloop
  endfacet
  facet normal 0.0327262 0.999464 0
    outer loop
      vertex -4.2512 -64.8608 10
      vertex 0 -65 0
      vertex -4.2512 -64.8608 0
    endloop
  endfacet
  facet normal 0.352257 0.935903 -0
    outer loop
      vertex -20.8936 -61.5505 0
      vertex -24.8744 -60.0522 10
      vertex -20.8936 -61.5505 10
    endloop
  endfacet
  facet normal 0.352257 0.935903 0
    outer loop
      vertex -24.8744 -60.0522 10
      vertex -20.8936 -61.5505 0
      vertex -24.8744 -60.0522 0
    endloop
  endfacet
  facet normal 0.227065 0.97388 -0
    outer loop
      vertex -12.6809 -63.751 0
      vertex -16.8232 -62.7852 10
      vertex -12.6809 -63.751 10
    endloop
  endfacet
  facet normal 0.227065 0.97388 0
    outer loop
      vertex -16.8232 -62.7852 10
      vertex -12.6809 -63.751 0
      vertex -16.8232 -62.7852 0
    endloop
  endfacet
  facet normal 0.849207 0.52806 0
    outer loop
      vertex -54.0455 -36.1121 10
      vertex -56.2916 -32.5 0
      vertex -56.2916 -32.5 10
    endloop
  endfacet
  facet normal 0.849207 0.52806 0
    outer loop
      vertex -56.2916 -32.5 0
      vertex -54.0455 -36.1121 10
      vertex -54.0455 -36.1121 0
    endloop
  endfacet
  facet normal 0.812851 0.582472 0
    outer loop
      vertex -51.568 -39.5695 10
      vertex -54.0455 -36.1121 0
      vertex -54.0455 -36.1121 10
    endloop
  endfacet
  facet normal 0.812851 0.582472 0
    outer loop
      vertex -54.0455 -36.1121 0
      vertex -51.568 -39.5695 10
      vertex -51.568 -39.5695 0
    endloop
  endfacet
  facet normal 0.910861 0.412713 0
    outer loop
      vertex -58.2967 -28.7488 10
      vertex -60.0522 -24.8744 0
      vertex -60.0522 -24.8744 10
    endloop
  endfacet
  facet normal 0.910861 0.412713 0
    outer loop
      vertex -60.0522 -24.8744 0
      vertex -58.2967 -28.7488 10
      vertex -58.2967 -28.7488 0
    endloop
  endfacet
  facet normal -0.986642 -0.162901 0
    outer loop
      vertex 64.4439 8.4842 0
      vertex 63.751 12.6809 10
      vertex 63.751 12.6809 0
    endloop
  endfacet
  facet normal -0.986642 -0.162901 0
    outer loop
      vertex 63.751 12.6809 10
      vertex 64.4439 8.4842 0
      vertex 64.4439 8.4842 10
    endloop
  endfacet
  facet normal -0.910861 -0.412713 0
    outer loop
      vertex 60.0522 24.8744 0
      vertex 58.2967 28.7488 10
      vertex 58.2967 28.7488 0
    endloop
  endfacet
  facet normal -0.910861 -0.412713 0
    outer loop
      vertex 58.2967 28.7488 10
      vertex 60.0522 24.8744 0
      vertex 60.0522 24.8744 10
    endloop
  endfacet
  facet normal -0.935903 -0.352257 0
    outer loop
      vertex 61.5505 20.8936 0
      vertex 60.0522 24.8744 10
      vertex 60.0522 24.8744 0
    endloop
  endfacet
  facet normal -0.935903 -0.352257 0
    outer loop
      vertex 60.0522 24.8744 10
      vertex 61.5505 20.8936 0
      vertex 61.5505 20.8936 10
    endloop
  endfacet
  facet normal -0.77301 -0.634394 0
    outer loop
      vertex 51.568 39.5695 0
      vertex 48.8696 42.8575 10
      vertex 48.8696 42.8575 0
    endloop
  endfacet
  facet normal -0.77301 -0.634394 0
    outer loop
      vertex 48.8696 42.8575 10
      vertex 51.568 39.5695 0
      vertex 51.568 39.5695 10
    endloop
  endfacet
  facet normal -0.729851 -0.683606 0
    outer loop
      vertex 48.8696 42.8575 0
      vertex 45.9619 45.9619 10
      vertex 45.9619 45.9619 0
    endloop
  endfacet
  facet normal -0.729851 -0.683606 0
    outer loop
      vertex 45.9619 45.9619 10
      vertex 48.8696 42.8575 0
      vertex 48.8696 42.8575 10
    endloop
  endfacet
  facet normal -0.634394 -0.77301 0
    outer loop
      vertex 39.5695 51.568 0
      vertex 42.8575 48.8696 10
      vertex 39.5695 51.568 10
    endloop
  endfacet
  facet normal -0.634394 -0.77301 -0
    outer loop
      vertex 42.8575 48.8696 10
      vertex 39.5695 51.568 0
      vertex 42.8575 48.8696 0
    endloop
  endfacet
  facet normal -0.471404 -0.881917 0
    outer loop
      vertex 28.7488 58.2967 0
      vertex 32.5 56.2916 10
      vertex 28.7488 58.2967 10
    endloop
  endfacet
  facet normal -0.471404 -0.881917 -0
    outer loop
      vertex 32.5 56.2916 10
      vertex 28.7488 58.2967 0
      vertex 32.5 56.2916 0
    endloop
  endfacet
  facet normal -0.52806 -0.849207 0
    outer loop
      vertex 32.5 56.2916 0
      vertex 36.1121 54.0455 10
      vertex 32.5 56.2916 10
    endloop
  endfacet
  facet normal -0.52806 -0.849207 -0
    outer loop
      vertex 36.1121 54.0455 10
      vertex 32.5 56.2916 0
      vertex 36.1121 54.0455 0
    endloop
  endfacet
  facet normal -0.0980139 -0.995185 0
    outer loop
      vertex 4.2512 64.8608 0
      vertex 8.4842 64.4439 10
      vertex 4.2512 64.8608 10
    endloop
  endfacet
  facet normal -0.0980139 -0.995185 -0
    outer loop
      vertex 8.4842 64.4439 10
      vertex 4.2512 64.8608 0
      vertex 8.4842 64.4439 0
    endloop
  endfacet
  facet normal -0.290276 -0.956943 0
    outer loop
      vertex 16.8232 62.7852 0
      vertex 20.8936 61.5505 10
      vertex 16.8232 62.7852 10
    endloop
  endfacet
  facet normal -0.290276 -0.956943 -0
    outer loop
      vertex 20.8936 61.5505 10
      vertex 16.8232 62.7852 0
      vertex 20.8936 61.5505 0
    endloop
  endfacet
  facet normal 0.995185 -0.0980139 0
    outer loop
      vertex -64.8608 4.2512 10
      vertex -64.4439 8.4842 0
      vertex -64.4439 8.4842 10
    endloop
  endfacet
  facet normal 0.995185 -0.0980139 0
    outer loop
      vertex -64.4439 8.4842 0
      vertex -64.8608 4.2512 10
      vertex -64.8608 4.2512 0
    endloop
  endfacet
  facet normal 0.956943 -0.290276 0
    outer loop
      vertex -62.7852 16.8232 10
      vertex -61.5505 20.8936 0
      vertex -61.5505 20.8936 10
    endloop
  endfacet
  facet normal 0.956943 -0.290276 0
    outer loop
      vertex -61.5505 20.8936 0
      vertex -62.7852 16.8232 10
      vertex -62.7852 16.8232 0
    endloop
  endfacet
  facet normal 0.849207 -0.52806 0
    outer loop
      vertex -56.2916 32.5 10
      vertex -54.0455 36.1121 0
      vertex -54.0455 36.1121 10
    endloop
  endfacet
  facet normal 0.849207 -0.52806 0
    outer loop
      vertex -54.0455 36.1121 0
      vertex -56.2916 32.5 10
      vertex -56.2916 32.5 0
    endloop
  endfacet
  facet normal 0.881917 -0.471404 0
    outer loop
      vertex -58.2967 28.7488 10
      vertex -56.2916 32.5 0
      vertex -56.2916 32.5 10
    endloop
  endfacet
  facet normal 0.881917 -0.471404 0
    outer loop
      vertex -56.2916 32.5 0
      vertex -58.2967 28.7488 10
      vertex -58.2967 28.7488 0
    endloop
  endfacet
  facet normal 0.772983 -0.634426 0
    outer loop
      vertex -51.568 39.5695 10
      vertex -50.5831 40.7695 0
      vertex -50.5831 40.7695 10
    endloop
  endfacet
  facet normal 0.772983 -0.634426 0
    outer loop
      vertex -50.5831 40.7695 0
      vertex -51.568 39.5695 10
      vertex -51.568 39.5695 0
    endloop
  endfacet
  facet normal 0.772985 -0.634425 0
    outer loop
      vertex -48.9685 42.737 10
      vertex -48.8696 42.8575 0
      vertex -48.8696 42.8575 10
    endloop
  endfacet
  facet normal 0.772985 -0.634425 0
    outer loop
      vertex -48.8696 42.8575 0
      vertex -48.9685 42.737 10
      vertex -48.9685 42.737 0
    endloop
  endfacet
  facet normal 0.227065 -0.97388 0
    outer loop
      vertex -16.8232 62.7852 0
      vertex -12.6809 63.751 10
      vertex -16.8232 62.7852 10
    endloop
  endfacet
  facet normal 0.227065 -0.97388 0
    outer loop
      vertex -12.6809 63.751 10
      vertex -16.8232 62.7852 0
      vertex -12.6809 63.751 0
    endloop
  endfacet
  facet normal 0.290276 -0.956943 0
    outer loop
      vertex -20.8936 61.5505 0
      vertex -16.8232 62.7852 10
      vertex -20.8936 61.5505 10
    endloop
  endfacet
  facet normal 0.290276 -0.956943 0
    outer loop
      vertex -16.8232 62.7852 10
      vertex -20.8936 61.5505 0
      vertex -16.8232 62.7852 0
    endloop
  endfacet
  facet normal 0.0327262 -0.999464 0
    outer loop
      vertex -4.2512 64.8608 0
      vertex 0 65 10
      vertex -4.2512 64.8608 10
    endloop
  endfacet
  facet normal 0.0327262 -0.999464 0
    outer loop
      vertex 0 65 10
      vertex -4.2512 64.8608 0
      vertex 0 65 0
    endloop
  endfacet
  facet normal 0.471404 -0.881917 0
    outer loop
      vertex -32.5 56.2916 0
      vertex -28.7488 58.2967 10
      vertex -32.5 56.2916 10
    endloop
  endfacet
  facet normal 0.471404 -0.881917 0
    outer loop
      vertex -28.7488 58.2967 10
      vertex -32.5 56.2916 0
      vertex -28.7488 58.2967 0
    endloop
  endfacet
  facet normal 0.634394 -0.77301 0
    outer loop
      vertex -42.8575 48.8696 0
      vertex -39.5695 51.568 10
      vertex -42.8575 48.8696 10
    endloop
  endfacet
  facet normal 0.634394 -0.77301 0
    outer loop
      vertex -39.5695 51.568 10
      vertex -42.8575 48.8696 0
      vertex -39.5695 51.568 0
    endloop
  endfacet
  facet normal 0.683606 -0.729851 0
    outer loop
      vertex -45.9619 45.9619 0
      vertex -42.8575 48.8696 10
      vertex -45.9619 45.9619 10
    endloop
  endfacet
  facet normal 0.683606 -0.729851 0
    outer loop
      vertex -42.8575 48.8696 10
      vertex -45.9619 45.9619 0
      vertex -42.8575 48.8696 0
    endloop
  endfacet
  facet normal -0.0327262 0.999464 0
    outer loop
      vertex 4.2512 -64.8608 0
      vertex 0 -65 10
      vertex 4.2512 -64.8608 10
    endloop
  endfacet
  facet normal -0.0327262 0.999464 0
    outer loop
      vertex 0 -65 10
      vertex 4.2512 -64.8608 0
      vertex 0 -65 0
    endloop
  endfacet
  facet normal -0.162901 0.986642 0
    outer loop
      vertex 12.6809 -63.751 0
      vertex 8.4842 -64.4439 10
      vertex 12.6809 -63.751 10
    endloop
  endfacet
  facet normal -0.162901 0.986642 0
    outer loop
      vertex 8.4842 -64.4439 10
      vertex 12.6809 -63.751 0
      vertex 8.4842 -64.4439 0
    endloop
  endfacet
  facet normal -0.352257 0.935903 0
    outer loop
      vertex 24.8744 -60.0522 0
      vertex 20.8936 -61.5505 10
      vertex 24.8744 -60.0522 10
    endloop
  endfacet
  facet normal -0.352257 0.935903 0
    outer loop
      vertex 20.8936 -61.5505 10
      vertex 24.8744 -60.0522 0
      vertex 20.8936 -61.5505 0
    endloop
  endfacet
  facet normal -0.227065 0.97388 0
    outer loop
      vertex 16.8232 -62.7852 0
      vertex 12.6809 -63.751 10
      vertex 16.8232 -62.7852 10
    endloop
  endfacet
  facet normal -0.227065 0.97388 0
    outer loop
      vertex 12.6809 -63.751 10
      vertex 16.8232 -62.7852 0
      vertex 12.6809 -63.751 0
    endloop
  endfacet
  facet normal -0.683606 0.729851 0
    outer loop
      vertex 45.9619 -45.9619 0
      vertex 42.8575 -48.8696 10
      vertex 45.9619 -45.9619 10
    endloop
  endfacet
  facet normal -0.683606 0.729851 0
    outer loop
      vertex 42.8575 -48.8696 10
      vertex 45.9619 -45.9619 0
      vertex 42.8575 -48.8696 0
    endloop
  endfacet
  facet normal -0.634394 0.77301 0
    outer loop
      vertex 42.8575 -48.8696 0
      vertex 39.5695 -51.568 10
      vertex 42.8575 -48.8696 10
    endloop
  endfacet
  facet normal -0.634394 0.77301 0
    outer loop
      vertex 39.5695 -51.568 10
      vertex 42.8575 -48.8696 0
      vertex 39.5695 -51.568 0
    endloop
  endfacet
  facet normal -0.471404 0.881917 0
    outer loop
      vertex 32.5 -56.2916 0
      vertex 28.7488 -58.2967 10
      vertex 32.5 -56.2916 10
    endloop
  endfacet
  facet normal -0.471404 0.881917 0
    outer loop
      vertex 28.7488 -58.2967 10
      vertex 32.5 -56.2916 0
      vertex 28.7488 -58.2967 0
    endloop
  endfacet
  facet normal 0.0980139 0.995185 -0
    outer loop
      vertex -4.2512 -64.8608 0
      vertex -8.4842 -64.4439 10
      vertex -4.2512 -64.8608 10
    endloop
  endfacet
  facet normal 0.0980139 0.995185 0
    outer loop
      vertex -8.4842 -64.4439 10
      vertex -4.2512 -64.8608 0
      vertex -8.4842 -64.4439 0
    endloop
  endfacet
  facet normal 0.290276 0.956943 -0
    outer loop
      vertex -16.8232 -62.7852 0
      vertex -20.8936 -61.5505 10
      vertex -16.8232 -62.7852 10
    endloop
  endfacet
  facet normal 0.290276 0.956943 0
    outer loop
      vertex -20.8936 -61.5505 10
      vertex -16.8232 -62.7852 0
      vertex -20.8936 -61.5505 0
    endloop
  endfacet
  facet normal 0.52806 0.849207 -0
    outer loop
      vertex -32.5 -56.2916 0
      vertex -36.1121 -54.0455 10
      vertex -32.5 -56.2916 10
    endloop
  endfacet
  facet normal 0.52806 0.849207 0
    outer loop
      vertex -36.1121 -54.0455 10
      vertex -32.5 -56.2916 0
      vertex -36.1121 -54.0455 0
    endloop
  endfacet
  facet normal 0.582472 0.812851 -0
    outer loop
      vertex -36.1121 -54.0455 0
      vertex -39.5695 -51.568 10
      vertex -36.1121 -54.0455 10
    endloop
  endfacet
  facet normal 0.582472 0.812851 0
    outer loop
      vertex -39.5695 -51.568 10
      vertex -36.1121 -54.0455 0
      vertex -39.5695 -51.568 0
    endloop
  endfacet
  facet normal 0.97388 0.227065 0
    outer loop
      vertex -62.7852 -16.8232 10
      vertex -63.751 -12.6809 0
      vertex -63.751 -12.6809 10
    endloop
  endfacet
  facet normal 0.97388 0.227065 0
    outer loop
      vertex -63.751 -12.6809 0
      vertex -62.7852 -16.8232 10
      vertex -62.7852 -16.8232 0
    endloop
  endfacet
  facet normal 0.935903 0.352257 0
    outer loop
      vertex -60.0522 -24.8744 10
      vertex -61.5505 -20.8936 0
      vertex -61.5505 -20.8936 10
    endloop
  endfacet
  facet normal 0.935903 0.352257 0
    outer loop
      vertex -61.5505 -20.8936 0
      vertex -60.0522 -24.8744 10
      vertex -60.0522 -24.8744 0
    endloop
  endfacet
  facet normal 0.986642 0.162901 0
    outer loop
      vertex -63.751 -12.6809 10
      vertex -64.4439 -8.4842 0
      vertex -64.4439 -8.4842 10
    endloop
  endfacet
  facet normal 0.986642 0.162901 0
    outer loop
      vertex -64.4439 -8.4842 0
      vertex -63.751 -12.6809 10
      vertex -63.751 -12.6809 0
    endloop
  endfacet
  facet normal 0.999464 0.0327262 0
    outer loop
      vertex -64.8608 -4.2512 10
      vertex -65 0 0
      vertex -65 0 10
    endloop
  endfacet
  facet normal 0.999464 0.0327262 0
    outer loop
      vertex -65 0 0
      vertex -64.8608 -4.2512 10
      vertex -64.8608 -4.2512 0
    endloop
  endfacet
  facet normal 0.881917 0.471404 0
    outer loop
      vertex -56.2916 -32.5 10
      vertex -58.2967 -28.7488 0
      vertex -58.2967 -28.7488 10
    endloop
  endfacet
  facet normal 0.881917 0.471404 0
    outer loop
      vertex -58.2967 -28.7488 0
      vertex -56.2916 -32.5 10
      vertex -56.2916 -32.5 0
    endloop
  endfacet
  facet normal 0.77301 0.634394 0
    outer loop
      vertex -48.8696 -42.8575 10
      vertex -51.568 -39.5695 0
      vertex -51.568 -39.5695 10
    endloop
  endfacet
  facet normal 0.77301 0.634394 0
    outer loop
      vertex -51.568 -39.5695 0
      vertex -48.8696 -42.8575 10
      vertex -48.8696 -42.8575 0
    endloop
  endfacet
  facet normal -0.97388 0.227065 0
    outer loop
      vertex 62.7852 -16.8232 0
      vertex 63.751 -12.6809 10
      vertex 63.751 -12.6809 0
    endloop
  endfacet
  facet normal -0.97388 0.227065 0
    outer loop
      vertex 63.751 -12.6809 10
      vertex 62.7852 -16.8232 0
      vertex 62.7852 -16.8232 10
    endloop
  endfacet
  facet normal -0.910861 0.412713 0
    outer loop
      vertex 58.2967 -28.7488 0
      vertex 60.0522 -24.8744 10
      vertex 60.0522 -24.8744 0
    endloop
  endfacet
  facet normal -0.910861 0.412713 0
    outer loop
      vertex 60.0522 -24.8744 10
      vertex 58.2967 -28.7488 0
      vertex 58.2967 -28.7488 10
    endloop
  endfacet
  facet normal -0.812851 0.582472 0
    outer loop
      vertex 51.568 -39.5695 0
      vertex 54.0455 -36.1121 10
      vertex 54.0455 -36.1121 0
    endloop
  endfacet
  facet normal -0.812851 0.582472 0
    outer loop
      vertex 54.0455 -36.1121 10
      vertex 51.568 -39.5695 0
      vertex 51.568 -39.5695 10
    endloop
  endfacet
  facet normal -0.0980139 0.995185 0
    outer loop
      vertex 8.4842 -64.4439 0
      vertex 4.2512 -64.8608 10
      vertex 8.4842 -64.4439 10
    endloop
  endfacet
  facet normal -0.0980139 0.995185 0
    outer loop
      vertex 4.2512 -64.8608 10
      vertex 8.4842 -64.4439 0
      vertex 4.2512 -64.8608 0
    endloop
  endfacet
  facet normal -0.290276 0.956943 0
    outer loop
      vertex 20.8936 -61.5505 0
      vertex 16.8232 -62.7852 10
      vertex 20.8936 -61.5505 10
    endloop
  endfacet
  facet normal -0.290276 0.956943 0
    outer loop
      vertex 16.8232 -62.7852 10
      vertex 20.8936 -61.5505 0
      vertex 16.8232 -62.7852 0
    endloop
  endfacet
  facet normal 0.471404 0.881917 -0
    outer loop
      vertex -28.7488 -58.2967 0
      vertex -32.5 -56.2916 10
      vertex -28.7488 -58.2967 10
    endloop
  endfacet
  facet normal 0.471404 0.881917 0
    outer loop
      vertex -32.5 -56.2916 10
      vertex -28.7488 -58.2967 0
      vertex -32.5 -56.2916 0
    endloop
  endfacet
  facet normal 0.634394 0.77301 -0
    outer loop
      vertex -39.5695 -51.568 0
      vertex -42.8575 -48.8696 10
      vertex -39.5695 -51.568 10
    endloop
  endfacet
  facet normal 0.634394 0.77301 0
    outer loop
      vertex -42.8575 -48.8696 10
      vertex -39.5695 -51.568 0
      vertex -42.8575 -48.8696 0
    endloop
  endfacet
  facet normal 0.956943 0.290276 0
    outer loop
      vertex -61.5505 -20.8936 10
      vertex -62.7852 -16.8232 0
      vertex -62.7852 -16.8232 10
    endloop
  endfacet
  facet normal 0.956943 0.290276 0
    outer loop
      vertex -62.7852 -16.8232 0
      vertex -61.5505 -20.8936 10
      vertex -61.5505 -20.8936 0
    endloop
  endfacet
  facet normal 0.995185 0.0980139 0
    outer loop
      vertex -64.4439 -8.4842 10
      vertex -64.8608 -4.2512 0
      vertex -64.8608 -4.2512 10
    endloop
  endfacet
  facet normal 0.995185 0.0980139 0
    outer loop
      vertex -64.8608 -4.2512 0
      vertex -64.4439 -8.4842 10
      vertex -64.4439 -8.4842 0
    endloop
  endfacet
  facet normal 0.729851 0.683606 0
    outer loop
      vertex -45.9619 -45.9619 10
      vertex -48.8696 -42.8575 0
      vertex -48.8696 -42.8575 10
    endloop
  endfacet
  facet normal 0.729851 0.683606 0
    outer loop
      vertex -48.8696 -42.8575 0
      vertex -45.9619 -45.9619 10
      vertex -45.9619 -45.9619 0
    endloop
  endfacet
  facet normal -0.986642 0.162901 0
    outer loop
      vertex 63.751 -12.6809 0
      vertex 64.4439 -8.4842 10
      vertex 64.4439 -8.4842 0
    endloop
  endfacet
  facet normal -0.986642 0.162901 0
    outer loop
      vertex 64.4439 -8.4842 10
      vertex 63.751 -12.6809 0
      vertex 63.751 -12.6809 10
    endloop
  endfacet
  facet normal -0.881917 0.471404 0
    outer loop
      vertex 56.2916 -32.5 0
      vertex 58.2967 -28.7488 10
      vertex 58.2967 -28.7488 0
    endloop
  endfacet
  facet normal -0.881917 0.471404 0
    outer loop
      vertex 58.2967 -28.7488 10
      vertex 56.2916 -32.5 0
      vertex 56.2916 -32.5 10
    endloop
  endfacet
  facet normal -0.849207 0.52806 0
    outer loop
      vertex 54.0455 -36.1121 0
      vertex 56.2916 -32.5 10
      vertex 56.2916 -32.5 0
    endloop
  endfacet
  facet normal -0.849207 0.52806 0
    outer loop
      vertex 56.2916 -32.5 10
      vertex 54.0455 -36.1121 0
      vertex 54.0455 -36.1121 10
    endloop
  endfacet
  facet normal -0.77301 0.634394 0
    outer loop
      vertex 48.8696 -42.8575 0
      vertex 51.568 -39.5695 10
      vertex 51.568 -39.5695 0
    endloop
  endfacet
  facet normal -0.77301 0.634394 0
    outer loop
      vertex 51.568 -39.5695 10
      vertex 48.8696 -42.8575 0
      vertex 48.8696 -42.8575 10
    endloop
  endfacet
  facet normal -0.729851 0.683606 0
    outer loop
      vertex 45.9619 -45.9619 0
      vertex 48.8696 -42.8575 10
      vertex 48.8696 -42.8575 0
    endloop
  endfacet
  facet normal -0.729851 0.683606 0
    outer loop
      vertex 48.8696 -42.8575 10
      vertex 45.9619 -45.9619 0
      vertex 45.9619 -45.9619 10
    endloop
  endfacet
  facet normal -1 0 0
    outer loop
      vertex 72 -8 0
      vertex 72 8 10
      vertex 72 8 0
    endloop
  endfacet
  facet normal -1 -0 0
    outer loop
      vertex 72 8 10
      vertex 72 -8 0
      vertex 72 -8 10
    endloop
  endfacet
  facet normal 0 1 -0
    outer loop
      vertex 72 -8 0
      vertex 64.4916 -8 10
      vertex 72 -8 10
    endloop
  endfacet
  facet normal 0 1 0
    outer loop
      vertex 64.4916 -8 10
      vertex 72 -8 0
      vertex 64.4916 -8 0
    endloop
  endfacet
  facet normal 0 -1 0
    outer loop
      vertex 64.4916 8 0
      vertex 72 8 10
      vertex 64.4916 8 10
    endloop
  endfacet
  facet normal 0 -1 -0
    outer loop
      vertex 72 8 10
      vertex 64.4916 8 0
      vertex 72 8 0
    endloop
  endfacet
  facet normal 0.989949 -0.141421 0
    outer loop
      vertex -50.6173 41.3126 10
      vertex -50.6025 41.4162 0
      vertex -50.6025 41.4162 10
    endloop
  endfacet
  facet normal 0.989949 -0.141421 0
    outer loop
      vertex -50.6025 41.4162 0
      vertex -50.6173 41.3126 10
      vertex -50.6173 41.3126 0
    endloop
  endfacet
  facet normal 0.825378 -0.564581 0
    outer loop
      vertex -50.3763 41.9981 10
      vertex -50.3172 42.0845 0
      vertex -50.3172 42.0845 10
    endloop
  endfacet
  facet normal 0.825378 -0.564581 0
    outer loop
      vertex -50.3172 42.0845 0
      vertex -50.3763 41.9981 10
      vertex -50.3763 41.9981 0
    endloop
  endfacet
  facet normal 0.892123 -0.451793 0
    outer loop
      vertex -50.4769 41.8146 10
      vertex -50.4296 41.908 0
      vertex -50.4296 41.908 10
    endloop
  endfacet
  facet normal 0.892123 -0.451793 0
    outer loop
      vertex -50.4296 41.908 0
      vertex -50.4769 41.8146 10
      vertex -50.4769 41.8146 0
    endloop
  endfacet
  facet normal 0.997077 -0.0764044 0
    outer loop
      vertex -50.6253 41.2082 10
      vertex -50.6173 41.3126 0
      vertex -50.6173 41.3126 10
    endloop
  endfacet
  facet normal 0.997077 -0.0764044 0
    outer loop
      vertex -50.6173 41.3126 0
      vertex -50.6253 41.2082 10
      vertex -50.6253 41.2082 0
    endloop
  endfacet
  facet normal 0.982861 0.184346 0
    outer loop
      vertex -50.5889 40.7921 10
      vertex -50.6082 40.895 0
      vertex -50.6082 40.895 10
    endloop
  endfacet
  facet normal 0.982861 0.184346 0
    outer loop
      vertex -50.6082 40.895 0
      vertex -50.5889 40.7921 10
      vertex -50.5889 40.7921 0
    endloop
  endfacet
  facet normal 0.786517 -0.617569 0
    outer loop
      vertex -50.3172 42.0845 10
      vertex -50.2525 42.1669 0
      vertex -50.2525 42.1669 10
    endloop
  endfacet
  facet normal 0.786517 -0.617569 0
    outer loop
      vertex -50.2525 42.1669 0
      vertex -50.3172 42.0845 10
      vertex -50.3172 42.0845 0
    endloop
  endfacet
  facet normal 0.744291 -0.667855 0
    outer loop
      vertex -50.2525 42.1669 10
      vertex -50.1826 42.2448 0
      vertex -50.1826 42.2448 10
    endloop
  endfacet
  facet normal 0.744291 -0.667855 0
    outer loop
      vertex -50.1826 42.2448 0
      vertex -50.2525 42.1669 10
      vertex -50.2525 42.1669 0
    endloop
  endfacet
  facet normal 0.919392 -0.393343 0
    outer loop
      vertex -50.5181 41.7183 10
      vertex -50.4769 41.8146 0
      vertex -50.4769 41.8146 10
    endloop
  endfacet
  facet normal 0.919392 -0.393343 0
    outer loop
      vertex -50.4769 41.8146 0
      vertex -50.5181 41.7183 10
      vertex -50.5181 41.7183 0
    endloop
  endfacet
  facet normal 0.860679 -0.509148 0
    outer loop
      vertex -50.4296 41.908 10
      vertex -50.3763 41.9981 0
      vertex -50.3763 41.9981 10
    endloop
  endfacet
  facet normal 0.860679 -0.509148 0
    outer loop
      vertex -50.3763 41.9981 0
      vertex -50.4296 41.908 10
      vertex -50.4296 41.908 0
    endloop
  endfacet
  facet normal 0.992741 0.120274 0
    outer loop
      vertex -50.6082 40.895 10
      vertex -50.6208 40.999 0
      vertex -50.6208 40.999 10
    endloop
  endfacet
  facet normal 0.992741 0.120274 0
    outer loop
      vertex -50.6208 40.999 0
      vertex -50.6082 40.895 10
      vertex -50.6082 40.895 0
    endloop
  endfacet
  facet normal 0.998516 0.0544645 0
    outer loop
      vertex -50.6208 40.999 10
      vertex -50.6265 41.1035 0
      vertex -50.6265 41.1035 10
    endloop
  endfacet
  facet normal 0.998516 0.0544645 0
    outer loop
      vertex -50.6265 41.1035 0
      vertex -50.6208 40.999 10
      vertex -50.6208 40.999 0
    endloop
  endfacet
  facet normal 0.968611 0.248582 0
    outer loop
      vertex -50.5831 40.7695 10
      vertex -50.5889 40.7921 0
      vertex -50.5889 40.7921 10
    endloop
  endfacet
  facet normal 0.968611 0.248582 0
    outer loop
      vertex -50.5889 40.7921 0
      vertex -50.5831 40.7695 10
      vertex -50.5831 40.7695 0
    endloop
  endfacet
  facet normal 0.650555 -0.759459 0
    outer loop
      vertex -50.1078 42.3181 0
      vertex -50.0283 42.3862 10
      vertex -50.1078 42.3181 10
    endloop
  endfacet
  facet normal 0.650555 -0.759459 0
    outer loop
      vertex -50.0283 42.3862 10
      vertex -50.1078 42.3181 0
      vertex -50.0283 42.3862 0
    endloop
  endfacet
  facet normal 0.489853 -0.871805 0
    outer loop
      vertex -49.8569 42.5063 0
      vertex -49.7656 42.5576 10
      vertex -49.8569 42.5063 10
    endloop
  endfacet
  facet normal 0.489853 -0.871805 0
    outer loop
      vertex -49.7656 42.5576 10
      vertex -49.8569 42.5063 0
      vertex -49.7656 42.5576 0
    endloop
  endfacet
  facet normal 0.546297 -0.837592 0
    outer loop
      vertex -49.9446 42.4491 0
      vertex -49.8569 42.5063 10
      vertex -49.9446 42.4491 10
    endloop
  endfacet
  facet normal 0.546297 -0.837592 0
    outer loop
      vertex -49.8569 42.5063 10
      vertex -49.9446 42.4491 0
      vertex -49.8569 42.5063 0
    endloop
  endfacet
  facet normal 0.372708 -0.927948 0
    outer loop
      vertex -49.6712 42.6029 0
      vertex -49.5741 42.6419 10
      vertex -49.6712 42.6029 10
    endloop
  endfacet
  facet normal 0.372708 -0.927948 0
    outer loop
      vertex -49.5741 42.6419 10
      vertex -49.6712 42.6029 0
      vertex -49.5741 42.6419 0
    endloop
  endfacet
  facet normal 0.963024 -0.269417 0
    outer loop
      vertex -50.581 41.5187 10
      vertex -50.5528 41.6195 0
      vertex -50.5528 41.6195 10
    endloop
  endfacet
  facet normal 0.963024 -0.269417 0
    outer loop
      vertex -50.5528 41.6195 0
      vertex -50.581 41.5187 10
      vertex -50.581 41.5187 0
    endloop
  endfacet
  facet normal 0.9435 -0.331371 0
    outer loop
      vertex -50.5528 41.6195 10
      vertex -50.5181 41.7183 0
      vertex -50.5181 41.7183 10
    endloop
  endfacet
  facet normal 0.9435 -0.331371 0
    outer loop
      vertex -50.5181 41.7183 0
      vertex -50.5528 41.6195 10
      vertex -50.5528 41.6195 0
    endloop
  endfacet
  facet normal 0.978701 -0.205289 0
    outer loop
      vertex -50.6025 41.4162 10
      vertex -50.581 41.5187 0
      vertex -50.581 41.5187 10
    endloop
  endfacet
  facet normal 0.978701 -0.205289 0
    outer loop
      vertex -50.581 41.5187 0
      vertex -50.6025 41.4162 10
      vertex -50.6025 41.4162 0
    endloop
  endfacet
  facet normal 0.999934 -0.0114606 0
    outer loop
      vertex -50.6265 41.1035 10
      vertex -50.6253 41.2082 0
      vertex -50.6253 41.2082 10
    endloop
  endfacet
  facet normal 0.999934 -0.0114606 0
    outer loop
      vertex -50.6253 41.2082 0
      vertex -50.6265 41.1035 10
      vertex -50.6265 41.1035 0
    endloop
  endfacet
  facet normal 0.600764 -0.799427 0
    outer loop
      vertex -50.0283 42.3862 0
      vertex -49.9446 42.4491 10
      vertex -50.0283 42.3862 10
    endloop
  endfacet
  facet normal 0.600764 -0.799427 0
    outer loop
      vertex -49.9446 42.4491 10
      vertex -50.0283 42.3862 0
      vertex -49.9446 42.4491 0
    endloop
  endfacet
  facet normal 0.699909 -0.714232 0
    outer loop
      vertex -50.1826 42.2448 0
      vertex -50.1078 42.3181 10
      vertex -50.1826 42.2448 10
    endloop
  endfacet
  facet normal 0.699909 -0.714232 0
    outer loop
      vertex -50.1078 42.3181 10
      vertex -50.1826 42.2448 0
      vertex -50.1078 42.3181 0
    endloop
  endfacet
  facet normal 0.184346 -0.982861 0
    outer loop
      vertex -49.3731 42.7005 0
      vertex -49.2702 42.7198 10
      vertex -49.3731 42.7005 10
    endloop
  endfacet
  facet normal 0.184346 -0.982861 0
    outer loop
      vertex -49.2702 42.7198 10
      vertex -49.3731 42.7005 0
      vertex -49.2702 42.7198 0
    endloop
  endfacet
  facet normal 0.311353 -0.950294 0
    outer loop
      vertex -49.5741 42.6419 0
      vertex -49.4746 42.6745 10
      vertex -49.5741 42.6419 10
    endloop
  endfacet
  facet normal 0.311353 -0.950294 0
    outer loop
      vertex -49.4746 42.6745 10
      vertex -49.5741 42.6419 0
      vertex -49.4746 42.6745 0
    endloop
  endfacet
  facet normal 0.432638 -0.901568 0
    outer loop
      vertex -49.7656 42.5576 0
      vertex -49.6712 42.6029 10
      vertex -49.7656 42.5576 10
    endloop
  endfacet
  facet normal 0.432638 -0.901568 0
    outer loop
      vertex -49.6712 42.6029 10
      vertex -49.7656 42.5576 0
      vertex -49.6712 42.6029 0
    endloop
  endfacet
  facet normal 0.119447 -0.992841 0
    outer loop
      vertex -49.2702 42.7198 0
      vertex -49.1663 42.7323 10
      vertex -49.2702 42.7198 10
    endloop
  endfacet
  facet normal 0.119447 -0.992841 0
    outer loop
      vertex -49.1663 42.7323 10
      vertex -49.2702 42.7198 0
      vertex -49.1663 42.7323 0
    endloop
  endfacet
  facet normal 0.248146 -0.968723 0
    outer loop
      vertex -49.4746 42.6745 0
      vertex -49.3731 42.7005 10
      vertex -49.4746 42.6745 10
    endloop
  endfacet
  facet normal 0.248146 -0.968723 0
    outer loop
      vertex -49.3731 42.7005 10
      vertex -49.4746 42.6745 0
      vertex -49.3731 42.7005 0
    endloop
  endfacet
  facet normal 0.0544126 -0.998519 0
    outer loop
      vertex -49.1663 42.7323 0
      vertex -49.0617 42.738 10
      vertex -49.1663 42.7323 10
    endloop
  endfacet
  facet normal 0.0544126 -0.998519 0
    outer loop
      vertex -49.0617 42.738 10
      vertex -49.1663 42.7323 0
      vertex -49.0617 42.738 0
    endloop
  endfacet
  facet normal -0.010729 -0.999942 0
    outer loop
      vertex -49.0617 42.738 0
      vertex -48.9685 42.737 10
      vertex -49.0617 42.738 10
    endloop
  endfacet
  facet normal -0.010729 -0.999942 -0
    outer loop
      vertex -48.9685 42.737 10
      vertex -49.0617 42.738 0
      vertex -48.9685 42.737 0
    endloop
  endfacet
endsolid OpenSCAD_Model
