solid OpenSCAD_Model
  facet normal 0 0 1
    outer loop
      vertex 16.4 2.8 9
      vertex 13.8 0 9
      vertex 16.4 -2.8 9
    endloop
  endfacet
  facet normal 0 0 1
    outer loop
      vertex 16.4 2.8 9
      vertex 13.7705 0.902563 9
      vertex 13.8 0 9
    endloop
  endfacet
  facet normal 0 0 1
    outer loop
      vertex 16.4 2.8 9
      vertex 13.6819 1.80126 9
      vertex 13.7705 0.902563 9
    endloop
  endfacet
  facet normal 0 0 1
    outer loop
      vertex 16.4 2.8 9
      vertex 13.5348 2.69225 9
      vertex 13.6819 1.80126 9
    endloop
  endfacet
  facet normal 0 -0 1
    outer loop
      vertex 13.5348 2.69225 9
      vertex 16.4 2.8 9
      vertex 13.5097 2.8 9
    endloop
  endfacet
  facet normal -0 0 1
    outer loop
      vertex 13.7705 -0.902563 9
      vertex 16.4 -2.8 9
      vertex 13.8 0 9
    endloop
  endfacet
  facet normal -0 0 1
    outer loop
      vertex 13.6819 -1.80126 9
      vertex 16.4 -2.8 9
      vertex 13.7705 -0.902563 9
    endloop
  endfacet
  facet normal -0 0 1
    outer loop
      vertex 13.5348 -2.69225 9
      vertex 16.4 -2.8 9
      vertex 13.6819 -1.80126 9
    endloop
  endfacet
  facet normal 0 0 1
    outer loop
      vertex 16.4 -2.8 9
      vertex 13.5348 -2.69225 9
      vertex 13.5097 -2.8 9
    endloop
  endfacet
  facet normal 1 -0 0
    outer loop
      vertex 16.4 -2.8 9
      vertex 16.4 2.8 3
      vertex 16.4 2.8 9
    endloop
  endfacet
  facet normal 1 0 0
    outer loop
      vertex 16.4 2.8 3
      vertex 16.4 -2.8 9
      vertex 16.4 -2.8 3
    endloop
  endfacet
  facet normal 0 1 -0
    outer loop
      vertex 16.4 2.8 3
      vertex 13.5097 2.8 9
      vertex 16.4 2.8 9
    endloop
  endfacet
  facet normal 0 1 0
    outer loop
      vertex 13.5097 2.8 9
      vertex 16.4 2.8 3
      vertex 13.5097 2.8 3
    endloop
  endfacet
  facet normal 0 0 1
    outer loop
      vertex -2.8 -13.5097 3
      vertex -3.5717 -13.3298 3
      vertex -2.8 -16.4 3
    endloop
  endfacet
  facet normal 0 0 1
    outer loop
      vertex 16.4 2.8 3
      vertex 19 0 3
      vertex 18.9593 1.24266 3
    endloop
  endfacet
  facet normal 0 0 1
    outer loop
      vertex 16.4 2.8 3
      vertex 18.9593 1.24266 3
      vertex 18.8375 2.48 3
    endloop
  endfacet
  facet normal 0 0 1
    outer loop
      vertex 16.4 -2.8 3
      vertex 19 0 3
      vertex 16.4 2.8 3
    endloop
  endfacet
  facet normal -0 0 1
    outer loop
      vertex 16.4 2.8 3
      vertex 18.8375 2.48 3
      vertex 18.6349 3.70672 3
    endloop
  endfacet
  facet normal 0 0 1
    outer loop
      vertex 19 0 3
      vertex 16.4 -2.8 3
      vertex 18.9593 -1.24266 3
    endloop
  endfacet
  facet normal 0 0 1
    outer loop
      vertex 16.4 2.8 3
      vertex 18.6349 3.70672 3
      vertex 18.3526 4.91756 3
    endloop
  endfacet
  facet normal 0 0 1
    outer loop
      vertex 18.9593 -1.24266 3
      vertex 16.4 -2.8 3
      vertex 18.8375 -2.48 3
    endloop
  endfacet
  facet normal 0 0 1
    outer loop
      vertex 16.4 2.8 3
      vertex 18.3526 4.91756 3
      vertex 17.9917 6.10735 3
    endloop
  endfacet
  facet normal 0 0 1
    outer loop
      vertex 18.8375 -2.48 3
      vertex 16.4 -2.8 3
      vertex 18.6349 -3.70672 3
    endloop
  endfacet
  facet normal 0 0 1
    outer loop
      vertex 13.0676 4.43586 3
      vertex 17.9917 6.10735 3
      vertex 17.5537 7.27098 3
    endloop
  endfacet
  facet normal 0 0 1
    outer loop
      vertex 18.6349 -3.70672 3
      vertex 16.4 -2.8 3
      vertex 18.3526 -4.91756 3
    endloop
  endfacet
  facet normal 0 0 1
    outer loop
      vertex 12.7495 5.28103 3
      vertex 17.5537 7.27098 3
      vertex 17.0406 8.40348 3
    endloop
  endfacet
  facet normal 0 0 1
    outer loop
      vertex 18.3526 -4.91756 3
      vertex 16.4 -2.8 3
      vertex 17.9917 -6.10735 3
    endloop
  endfacet
  facet normal 0 0 1
    outer loop
      vertex 12.3768 6.10358 3
      vertex 17.0406 8.40348 3
      vertex 16.4545 9.5 3
    endloop
  endfacet
  facet normal -0 0 1
    outer loop
      vertex 13.0676 -4.43586 3
      vertex 17.9917 -6.10735 3
      vertex 16.4 -2.8 3
    endloop
  endfacet
  facet normal 0 0 1
    outer loop
      vertex 17.9917 -6.10735 3
      vertex 13.0676 -4.43586 3
      vertex 17.5537 -7.27098 3
    endloop
  endfacet
  facet normal 0 0 1
    outer loop
      vertex 11.9511 6.9 3
      vertex 16.4545 9.5 3
      vertex 15.7979 10.5558 3
    endloop
  endfacet
  facet normal 0 0 1
    outer loop
      vertex 11.4743 7.66687 3
      vertex 15.7979 10.5558 3
      vertex 15.0737 11.5665 3
    endloop
  endfacet
  facet normal 0 0 1
    outer loop
      vertex 10.9483 8.40091 3
      vertex 15.0737 11.5665 3
      vertex 14.285 12.5276 3
    endloop
  endfacet
  facet normal 0 0 1
    outer loop
      vertex 17.0406 8.40348 3
      vertex 12.3768 6.10358 3
      vertex 12.7495 5.28103 3
    endloop
  endfacet
  facet normal 0 0 1
    outer loop
      vertex 10.3754 9.09897 3
      vertex 14.285 12.5276 3
      vertex 13.435 13.435 3
    endloop
  endfacet
  facet normal 0 0 1
    outer loop
      vertex 16.4 2.8 3
      vertex 13.3298 3.5717 3
      vertex 13.5097 2.8 3
    endloop
  endfacet
  facet normal 0 0 1
    outer loop
      vertex 16.4 2.8 3
      vertex 13.0676 4.43586 3
      vertex 13.3298 3.5717 3
    endloop
  endfacet
  facet normal 0 0 1
    outer loop
      vertex 17.9917 6.10735 3
      vertex 13.0676 4.43586 3
      vertex 16.4 2.8 3
    endloop
  endfacet
  facet normal 0 0 1
    outer loop
      vertex 9.75807 9.75807 3
      vertex 13.435 13.435 3
      vertex 12.5276 14.285 3
    endloop
  endfacet
  facet normal 0 0 1
    outer loop
      vertex 17.5537 7.27098 3
      vertex 12.7495 5.28103 3
      vertex 13.0676 4.43586 3
    endloop
  endfacet
  facet normal 0 0 1
    outer loop
      vertex 16.4545 9.5 3
      vertex 11.9511 6.9 3
      vertex 12.3768 6.10358 3
    endloop
  endfacet
  facet normal 0 0 1
    outer loop
      vertex 9.09897 10.3754 3
      vertex 12.5276 14.285 3
      vertex 11.5665 15.0737 3
    endloop
  endfacet
  facet normal 0 0 1
    outer loop
      vertex 15.7979 10.5558 3
      vertex 11.4743 7.66687 3
      vertex 11.9511 6.9 3
    endloop
  endfacet
  facet normal 0 0 1
    outer loop
      vertex 15.0737 11.5665 3
      vertex 10.9483 8.40091 3
      vertex 11.4743 7.66687 3
    endloop
  endfacet
  facet normal 0 0 1
    outer loop
      vertex 8.40091 10.9483 3
      vertex 11.5665 15.0737 3
      vertex 10.5558 15.7979 3
    endloop
  endfacet
  facet normal 0 0 1
    outer loop
      vertex 14.285 12.5276 3
      vertex 10.3754 9.09897 3
      vertex 10.9483 8.40091 3
    endloop
  endfacet
  facet normal 0 0 1
    outer loop
      vertex 13.435 13.435 3
      vertex 9.75807 9.75807 3
      vertex 10.3754 9.09897 3
    endloop
  endfacet
  facet normal 0 0 1
    outer loop
      vertex 7.66687 11.4743 3
      vertex 10.5558 15.7979 3
      vertex 9.5 16.4545 3
    endloop
  endfacet
  facet normal 0 0 1
    outer loop
      vertex 12.5276 14.285 3
      vertex 9.09897 10.3754 3
      vertex 9.75807 9.75807 3
    endloop
  endfacet
  facet normal 0 0 1
    outer loop
      vertex 6.9 11.9511 3
      vertex 9.5 16.4545 3
      vertex 8.40348 17.0406 3
    endloop
  endfacet
  facet normal 0 0 1
    outer loop
      vertex 11.5665 15.0737 3
      vertex 8.40091 10.9483 3
      vertex 9.09897 10.3754 3
    endloop
  endfacet
  facet normal 0 0 1
    outer loop
      vertex 10.5558 15.7979 3
      vertex 7.66687 11.4743 3
      vertex 8.40091 10.9483 3
    endloop
  endfacet
  facet normal 0 0 1
    outer loop
      vertex 6.10358 12.3768 3
      vertex 8.40348 17.0406 3
      vertex 7.27098 17.5537 3
    endloop
  endfacet
  facet normal 0 0 1
    outer loop
      vertex 9.5 16.4545 3
      vertex 6.9 11.9511 3
      vertex 7.66687 11.4743 3
    endloop
  endfacet
  facet normal 0 0 1
    outer loop
      vertex 5.28103 12.7495 3
      vertex 7.27098 17.5537 3
      vertex 6.10735 17.9917 3
    endloop
  endfacet
  facet normal 0 0 1
    outer loop
      vertex 8.40348 17.0406 3
      vertex 6.10358 12.3768 3
      vertex 6.9 11.9511 3
    endloop
  endfacet
  facet normal 0 0 1
    outer loop
      vertex 7.27098 17.5537 3
      vertex 5.28103 12.7495 3
      vertex 6.10358 12.3768 3
    endloop
  endfacet
  facet normal 0 0 1
    outer loop
      vertex 2.8 16.4 3
      vertex 6.10735 17.9917 3
      vertex 4.91756 18.3526 3
    endloop
  endfacet
  facet normal 0 0 1
    outer loop
      vertex 6.10735 17.9917 3
      vertex 4.43586 13.0676 3
      vertex 5.28103 12.7495 3
    endloop
  endfacet
  facet normal 0 0 1
    outer loop
      vertex 2.8 16.4 3
      vertex 4.91756 18.3526 3
      vertex 3.70672 18.6349 3
    endloop
  endfacet
  facet normal 0 0 1
    outer loop
      vertex 6.10735 17.9917 3
      vertex 2.8 16.4 3
      vertex 4.43586 13.0676 3
    endloop
  endfacet
  facet normal 0 0 1
    outer loop
      vertex 4.43586 13.0676 3
      vertex 2.8 16.4 3
      vertex 3.5717 13.3298 3
    endloop
  endfacet
  facet normal 0 0 1
    outer loop
      vertex 2.48 18.8375 3
      vertex 2.8 16.4 3
      vertex 3.70672 18.6349 3
    endloop
  endfacet
  facet normal 0 0 1
    outer loop
      vertex 1.24266 18.9593 3
      vertex 2.8 16.4 3
      vertex 2.48 18.8375 3
    endloop
  endfacet
  facet normal 0 0 1
    outer loop
      vertex 0 19 3
      vertex 2.8 16.4 3
      vertex 1.24266 18.9593 3
    endloop
  endfacet
  facet normal 0 0 1
    outer loop
      vertex -2.8 16.4 3
      vertex 0 19 3
      vertex -1.24266 18.9593 3
    endloop
  endfacet
  facet normal 0 0 1
    outer loop
      vertex -2.8 16.4 3
      vertex -1.24266 18.9593 3
      vertex -2.48 18.8375 3
    endloop
  endfacet
  facet normal 0 0 1
    outer loop
      vertex 0 19 3
      vertex -2.8 16.4 3
      vertex 2.8 16.4 3
    endloop
  endfacet
  facet normal 0 0 1
    outer loop
      vertex -2.8 16.4 3
      vertex -3.5717 13.3298 3
      vertex -2.8 13.5097 3
    endloop
  endfacet
  facet normal -0 0 1
    outer loop
      vertex -3.70672 18.6349 3
      vertex -2.8 16.4 3
      vertex -2.48 18.8375 3
    endloop
  endfacet
  facet normal -0 0 1
    outer loop
      vertex -4.91756 18.3526 3
      vertex -2.8 16.4 3
      vertex -3.70672 18.6349 3
    endloop
  endfacet
  facet normal -0 0 1
    outer loop
      vertex -6.10735 17.9917 3
      vertex -2.8 16.4 3
      vertex -4.91756 18.3526 3
    endloop
  endfacet
  facet normal 0 0 1
    outer loop
      vertex -2.8 16.4 3
      vertex -4.43586 13.0676 3
      vertex -3.5717 13.3298 3
    endloop
  endfacet
  facet normal 0 0 1
    outer loop
      vertex -2.8 16.4 3
      vertex -6.10735 17.9917 3
      vertex -4.43586 13.0676 3
    endloop
  endfacet
  facet normal 0 0 1
    outer loop
      vertex -4.43586 13.0676 3
      vertex -6.10735 17.9917 3
      vertex -5.28103 12.7495 3
    endloop
  endfacet
  facet normal -0 0 1
    outer loop
      vertex -7.27098 17.5537 3
      vertex -5.28103 12.7495 3
      vertex -6.10735 17.9917 3
    endloop
  endfacet
  facet normal 0 0 1
    outer loop
      vertex -5.28103 12.7495 3
      vertex -7.27098 17.5537 3
      vertex -6.10358 12.3768 3
    endloop
  endfacet
  facet normal -0 0 1
    outer loop
      vertex -8.40348 17.0406 3
      vertex -6.10358 12.3768 3
      vertex -7.27098 17.5537 3
    endloop
  endfacet
  facet normal 0 0 1
    outer loop
      vertex -6.10358 12.3768 3
      vertex -8.40348 17.0406 3
      vertex -6.9 11.9511 3
    endloop
  endfacet
  facet normal -0 0 1
    outer loop
      vertex -9.5 16.4545 3
      vertex -6.9 11.9511 3
      vertex -8.40348 17.0406 3
    endloop
  endfacet
  facet normal 0 0 1
    outer loop
      vertex -6.9 11.9511 3
      vertex -9.5 16.4545 3
      vertex -7.66687 11.4743 3
    endloop
  endfacet
  facet normal -0 0 1
    outer loop
      vertex -10.5558 15.7979 3
      vertex -7.66687 11.4743 3
      vertex -9.5 16.4545 3
    endloop
  endfacet
  facet normal 0 0 1
    outer loop
      vertex -7.66687 11.4743 3
      vertex -10.5558 15.7979 3
      vertex -8.40091 10.9483 3
    endloop
  endfacet
  facet normal -0 0 1
    outer loop
      vertex -11.5665 15.0737 3
      vertex -8.40091 10.9483 3
      vertex -10.5558 15.7979 3
    endloop
  endfacet
  facet normal 0 0 1
    outer loop
      vertex -8.40091 10.9483 3
      vertex -11.5665 15.0737 3
      vertex -9.09897 10.3754 3
    endloop
  endfacet
  facet normal -0 0 1
    outer loop
      vertex -12.5276 14.285 3
      vertex -9.09897 10.3754 3
      vertex -11.5665 15.0737 3
    endloop
  endfacet
  facet normal 0 0 1
    outer loop
      vertex -9.09897 10.3754 3
      vertex -12.5276 14.285 3
      vertex -9.75807 9.75807 3
    endloop
  endfacet
  facet normal -0 0 1
    outer loop
      vertex -13.435 13.435 3
      vertex -9.75807 9.75807 3
      vertex -12.5276 14.285 3
    endloop
  endfacet
  facet normal 0 0 1
    outer loop
      vertex -9.75807 9.75807 3
      vertex -13.435 13.435 3
      vertex -10.3754 9.09897 3
    endloop
  endfacet
  facet normal -0 0 1
    outer loop
      vertex -14.285 12.5276 3
      vertex -10.3754 9.09897 3
      vertex -13.435 13.435 3
    endloop
  endfacet
  facet normal 0 0 1
    outer loop
      vertex -10.3754 9.09897 3
      vertex -14.285 12.5276 3
      vertex -10.9483 8.40091 3
    endloop
  endfacet
  facet normal -0 0 1
    outer loop
      vertex -15.0737 11.5665 3
      vertex -10.9483 8.40091 3
      vertex -14.285 12.5276 3
    endloop
  endfacet
  facet normal 0 0 1
    outer loop
      vertex -10.9483 8.40091 3
      vertex -15.0737 11.5665 3
      vertex -11.4743 7.66687 3
    endloop
  endfacet
  facet normal -0 0 1
    outer loop
      vertex -15.7979 10.5558 3
      vertex -11.4743 7.66687 3
      vertex -15.0737 11.5665 3
    endloop
  endfacet
  facet normal 0 0 1
    outer loop
      vertex -11.4743 7.66687 3
      vertex -15.7979 10.5558 3
      vertex -11.9511 6.9 3
    endloop
  endfacet
  facet normal -0 0 1
    outer loop
      vertex -16.4545 9.5 3
      vertex -11.9511 6.9 3
      vertex -15.7979 10.5558 3
    endloop
  endfacet
  facet normal 0 0 1
    outer loop
      vertex -11.9511 6.9 3
      vertex -16.4545 9.5 3
      vertex -12.3768 6.10358 3
    endloop
  endfacet
  facet normal -0 0 1
    outer loop
      vertex -17.0406 8.40348 3
      vertex -12.3768 6.10358 3
      vertex -16.4545 9.5 3
    endloop
  endfacet
  facet normal 0 0 1
    outer loop
      vertex -12.3768 6.10358 3
      vertex -17.0406 8.40348 3
      vertex -12.7495 5.28103 3
    endloop
  endfacet
  facet normal -0 0 1
    outer loop
      vertex -17.5537 7.27098 3
      vertex -12.7495 5.28103 3
      vertex -17.0406 8.40348 3
    endloop
  endfacet
  facet normal 0 0 1
    outer loop
      vertex -12.7495 5.28103 3
      vertex -17.5537 7.27098 3
      vertex -13.0676 4.43586 3
    endloop
  endfacet
  facet normal 0 -0 1
    outer loop
      vertex -16.4 2.8 3
      vertex -13.0676 4.43586 3
      vertex -17.9917 6.10735 3
    endloop
  endfacet
  facet normal -0 0 1
    outer loop
      vertex -17.9917 6.10735 3
      vertex -13.0676 4.43586 3
      vertex -17.5537 7.27098 3
    endloop
  endfacet
  facet normal -0 0 1
    outer loop
      vertex 12.7495 -5.28103 3
      vertex 17.5537 -7.27098 3
      vertex 13.0676 -4.43586 3
    endloop
  endfacet
  facet normal -0 0 1
    outer loop
      vertex 12.3768 -6.10358 3
      vertex 17.0406 -8.40348 3
      vertex 12.7495 -5.28103 3
    endloop
  endfacet
  facet normal 0 0 1
    outer loop
      vertex 17.0406 -8.40348 3
      vertex 12.3768 -6.10358 3
      vertex 16.4545 -9.5 3
    endloop
  endfacet
  facet normal -0 0 1
    outer loop
      vertex 11.9511 -6.9 3
      vertex 16.4545 -9.5 3
      vertex 12.3768 -6.10358 3
    endloop
  endfacet
  facet normal 0 0 1
    outer loop
      vertex 13.3298 -3.5717 3
      vertex 16.4 -2.8 3
      vertex 13.5097 -2.8 3
    endloop
  endfacet
  facet normal 0 0 1
    outer loop
      vertex 13.0676 -4.43586 3
      vertex 16.4 -2.8 3
      vertex 13.3298 -3.5717 3
    endloop
  endfacet
  facet normal 0 0 1
    outer loop
      vertex 17.5537 -7.27098 3
      vertex 12.7495 -5.28103 3
      vertex 17.0406 -8.40348 3
    endloop
  endfacet
  facet normal 0 0 1
    outer loop
      vertex 16.4545 -9.5 3
      vertex 11.9511 -6.9 3
      vertex 15.7979 -10.5558 3
    endloop
  endfacet
  facet normal -0 0 1
    outer loop
      vertex 11.4743 -7.66687 3
      vertex 15.7979 -10.5558 3
      vertex 11.9511 -6.9 3
    endloop
  endfacet
  facet normal 0 0 1
    outer loop
      vertex 15.7979 -10.5558 3
      vertex 11.4743 -7.66687 3
      vertex 15.0737 -11.5665 3
    endloop
  endfacet
  facet normal -0 0 1
    outer loop
      vertex 10.9483 -8.40091 3
      vertex 15.0737 -11.5665 3
      vertex 11.4743 -7.66687 3
    endloop
  endfacet
  facet normal 0 0 1
    outer loop
      vertex 15.0737 -11.5665 3
      vertex 10.9483 -8.40091 3
      vertex 14.285 -12.5276 3
    endloop
  endfacet
  facet normal -0 0 1
    outer loop
      vertex 10.3754 -9.09897 3
      vertex 14.285 -12.5276 3
      vertex 10.9483 -8.40091 3
    endloop
  endfacet
  facet normal 0 0 1
    outer loop
      vertex 14.285 -12.5276 3
      vertex 10.3754 -9.09897 3
      vertex 13.435 -13.435 3
    endloop
  endfacet
  facet normal -0 0 1
    outer loop
      vertex 9.75807 -9.75807 3
      vertex 13.435 -13.435 3
      vertex 10.3754 -9.09897 3
    endloop
  endfacet
  facet normal 0 0 1
    outer loop
      vertex 13.435 -13.435 3
      vertex 9.75807 -9.75807 3
      vertex 12.5276 -14.285 3
    endloop
  endfacet
  facet normal -0 0 1
    outer loop
      vertex 9.09897 -10.3754 3
      vertex 12.5276 -14.285 3
      vertex 9.75807 -9.75807 3
    endloop
  endfacet
  facet normal 0 0 1
    outer loop
      vertex 12.5276 -14.285 3
      vertex 9.09897 -10.3754 3
      vertex 11.5665 -15.0737 3
    endloop
  endfacet
  facet normal -0 0 1
    outer loop
      vertex 8.40091 -10.9483 3
      vertex 11.5665 -15.0737 3
      vertex 9.09897 -10.3754 3
    endloop
  endfacet
  facet normal 0 0 1
    outer loop
      vertex 11.5665 -15.0737 3
      vertex 8.40091 -10.9483 3
      vertex 10.5558 -15.7979 3
    endloop
  endfacet
  facet normal -0 0 1
    outer loop
      vertex 7.66687 -11.4743 3
      vertex 10.5558 -15.7979 3
      vertex 8.40091 -10.9483 3
    endloop
  endfacet
  facet normal 0 0 1
    outer loop
      vertex 10.5558 -15.7979 3
      vertex 7.66687 -11.4743 3
      vertex 9.5 -16.4545 3
    endloop
  endfacet
  facet normal -0 0 1
    outer loop
      vertex 6.9 -11.9511 3
      vertex 9.5 -16.4545 3
      vertex 7.66687 -11.4743 3
    endloop
  endfacet
  facet normal 0 0 1
    outer loop
      vertex 9.5 -16.4545 3
      vertex 6.9 -11.9511 3
      vertex 8.40348 -17.0406 3
    endloop
  endfacet
  facet normal -0 0 1
    outer loop
      vertex 6.10358 -12.3768 3
      vertex 8.40348 -17.0406 3
      vertex 6.9 -11.9511 3
    endloop
  endfacet
  facet normal 0 0 1
    outer loop
      vertex 8.40348 -17.0406 3
      vertex 6.10358 -12.3768 3
      vertex 7.27098 -17.5537 3
    endloop
  endfacet
  facet normal -0 0 1
    outer loop
      vertex 5.28103 -12.7495 3
      vertex 7.27098 -17.5537 3
      vertex 6.10358 -12.3768 3
    endloop
  endfacet
  facet normal 0 0 1
    outer loop
      vertex 7.27098 -17.5537 3
      vertex 5.28103 -12.7495 3
      vertex 6.10735 -17.9917 3
    endloop
  endfacet
  facet normal -0 0 1
    outer loop
      vertex 4.43586 -13.0676 3
      vertex 6.10735 -17.9917 3
      vertex 5.28103 -12.7495 3
    endloop
  endfacet
  facet normal -0 0 1
    outer loop
      vertex 2.8 -16.4 3
      vertex 6.10735 -17.9917 3
      vertex 4.43586 -13.0676 3
    endloop
  endfacet
  facet normal 0 0 1
    outer loop
      vertex 6.10735 -17.9917 3
      vertex 2.8 -16.4 3
      vertex 4.91756 -18.3526 3
    endloop
  endfacet
  facet normal 0 0 1
    outer loop
      vertex 2.8 -16.4 3
      vertex 4.43586 -13.0676 3
      vertex 3.5717 -13.3298 3
    endloop
  endfacet
  facet normal 0 0 1
    outer loop
      vertex 2.8 -16.4 3
      vertex 3.5717 -13.3298 3
      vertex 2.8 -13.5097 3
    endloop
  endfacet
  facet normal 0 0 1
    outer loop
      vertex 4.91756 -18.3526 3
      vertex 2.8 -16.4 3
      vertex 3.70672 -18.6349 3
    endloop
  endfacet
  facet normal 0 0 1
    outer loop
      vertex 2.8 -16.4 3
      vertex 2.48 -18.8375 3
      vertex 3.70672 -18.6349 3
    endloop
  endfacet
  facet normal 0 0 1
    outer loop
      vertex 2.8 -16.4 3
      vertex 1.24266 -18.9593 3
      vertex 2.48 -18.8375 3
    endloop
  endfacet
  facet normal 0 0 1
    outer loop
      vertex 2.8 -16.4 3
      vertex 0 -19 3
      vertex 1.24266 -18.9593 3
    endloop
  endfacet
  facet normal -0 0 1
    outer loop
      vertex -2.8 -16.4 3
      vertex 0 -19 3
      vertex 2.8 -16.4 3
    endloop
  endfacet
  facet normal 0 0 1
    outer loop
      vertex 0 -19 3
      vertex -2.8 -16.4 3
      vertex -1.24266 -18.9593 3
    endloop
  endfacet
  facet normal 0 0 1
    outer loop
      vertex -1.24266 -18.9593 3
      vertex -2.8 -16.4 3
      vertex -2.48 -18.8375 3
    endloop
  endfacet
  facet normal 0 0 1
    outer loop
      vertex -4.43586 -13.0676 3
      vertex -2.8 -16.4 3
      vertex -3.5717 -13.3298 3
    endloop
  endfacet
  facet normal 0 0 1
    outer loop
      vertex -2.8 -16.4 3
      vertex -3.70672 -18.6349 3
      vertex -2.48 -18.8375 3
    endloop
  endfacet
  facet normal 0 0 1
    outer loop
      vertex -6.10735 -17.9917 3
      vertex -2.8 -16.4 3
      vertex -4.43586 -13.0676 3
    endloop
  endfacet
  facet normal 0 0 1
    outer loop
      vertex -2.8 -16.4 3
      vertex -4.91756 -18.3526 3
      vertex -3.70672 -18.6349 3
    endloop
  endfacet
  facet normal 0 0 1
    outer loop
      vertex -6.10735 -17.9917 3
      vertex -4.43586 -13.0676 3
      vertex -5.28103 -12.7495 3
    endloop
  endfacet
  facet normal 0 0 1
    outer loop
      vertex -7.27098 -17.5537 3
      vertex -5.28103 -12.7495 3
      vertex -6.10358 -12.3768 3
    endloop
  endfacet
  facet normal 0 0 1
    outer loop
      vertex -2.8 -16.4 3
      vertex -6.10735 -17.9917 3
      vertex -4.91756 -18.3526 3
    endloop
  endfacet
  facet normal 0 0 1
    outer loop
      vertex -8.40348 -17.0406 3
      vertex -6.10358 -12.3768 3
      vertex -6.9 -11.9511 3
    endloop
  endfacet
  facet normal 0 0 1
    outer loop
      vertex -5.28103 -12.7495 3
      vertex -7.27098 -17.5537 3
      vertex -6.10735 -17.9917 3
    endloop
  endfacet
  facet normal 0 0 1
    outer loop
      vertex -9.5 -16.4545 3
      vertex -6.9 -11.9511 3
      vertex -7.66687 -11.4743 3
    endloop
  endfacet
  facet normal 0 0 1
    outer loop
      vertex -10.5558 -15.7979 3
      vertex -7.66687 -11.4743 3
      vertex -8.40091 -10.9483 3
    endloop
  endfacet
  facet normal 0 0 1
    outer loop
      vertex -6.10358 -12.3768 3
      vertex -8.40348 -17.0406 3
      vertex -7.27098 -17.5537 3
    endloop
  endfacet
  facet normal 0 0 1
    outer loop
      vertex -11.5665 -15.0737 3
      vertex -8.40091 -10.9483 3
      vertex -9.09897 -10.3754 3
    endloop
  endfacet
  facet normal 0 0 1
    outer loop
      vertex -6.9 -11.9511 3
      vertex -9.5 -16.4545 3
      vertex -8.40348 -17.0406 3
    endloop
  endfacet
  facet normal 0 0 1
    outer loop
      vertex -12.5276 -14.285 3
      vertex -9.09897 -10.3754 3
      vertex -9.75807 -9.75807 3
    endloop
  endfacet
  facet normal 0 0 1
    outer loop
      vertex -13.435 -13.435 3
      vertex -9.75807 -9.75807 3
      vertex -10.3754 -9.09897 3
    endloop
  endfacet
  facet normal 0 0 1
    outer loop
      vertex -7.66687 -11.4743 3
      vertex -10.5558 -15.7979 3
      vertex -9.5 -16.4545 3
    endloop
  endfacet
  facet normal 0 0 1
    outer loop
      vertex -14.285 -12.5276 3
      vertex -10.3754 -9.09897 3
      vertex -10.9483 -8.40091 3
    endloop
  endfacet
  facet normal 0 0 1
    outer loop
      vertex -15.0737 -11.5665 3
      vertex -10.9483 -8.40091 3
      vertex -11.4743 -7.66687 3
    endloop
  endfacet
  facet normal 0 0 1
    outer loop
      vertex -8.40091 -10.9483 3
      vertex -11.5665 -15.0737 3
      vertex -10.5558 -15.7979 3
    endloop
  endfacet
  facet normal 0 0 1
    outer loop
      vertex -15.7979 -10.5558 3
      vertex -11.4743 -7.66687 3
      vertex -11.9511 -6.9 3
    endloop
  endfacet
  facet normal 0 0 1
    outer loop
      vertex -16.4545 -9.5 3
      vertex -11.9511 -6.9 3
      vertex -12.3768 -6.10358 3
    endloop
  endfacet
  facet normal 0 0 1
    outer loop
      vertex -9.09897 -10.3754 3
      vertex -12.5276 -14.285 3
      vertex -11.5665 -15.0737 3
    endloop
  endfacet
  facet normal 0 0 1
    outer loop
      vertex -17.0406 -8.40348 3
      vertex -12.3768 -6.10358 3
      vertex -12.7495 -5.28103 3
    endloop
  endfacet
  facet normal 0 0 1
    outer loop
      vertex -17.5537 -7.27098 3
      vertex -12.7495 -5.28103 3
      vertex -13.0676 -4.43586 3
    endloop
  endfacet
  facet normal 0 0 1
    outer loop
      vertex -16.4 -2.8 3
      vertex -13.0676 -4.43586 3
      vertex -13.3298 -3.5717 3
    endloop
  endfacet
  facet normal 0 0 1
    outer loop
      vertex -9.75807 -9.75807 3
      vertex -13.435 -13.435 3
      vertex -12.5276 -14.285 3
    endloop
  endfacet
  facet normal -0 0 1
    outer loop
      vertex -16.4 -2.8 3
      vertex -13.3298 -3.5717 3
      vertex -13.5097 -2.8 3
    endloop
  endfacet
  facet normal 0 0 1
    outer loop
      vertex -10.3754 -9.09897 3
      vertex -14.285 -12.5276 3
      vertex -13.435 -13.435 3
    endloop
  endfacet
  facet normal 0 0 1
    outer loop
      vertex -10.9483 -8.40091 3
      vertex -15.0737 -11.5665 3
      vertex -14.285 -12.5276 3
    endloop
  endfacet
  facet normal 0 0 1
    outer loop
      vertex -11.4743 -7.66687 3
      vertex -15.7979 -10.5558 3
      vertex -15.0737 -11.5665 3
    endloop
  endfacet
  facet normal 0 0 1
    outer loop
      vertex -13.0676 -4.43586 3
      vertex -16.4 -2.8 3
      vertex -17.9917 -6.10735 3
    endloop
  endfacet
  facet normal 0 0 1
    outer loop
      vertex -11.9511 -6.9 3
      vertex -16.4545 -9.5 3
      vertex -15.7979 -10.5558 3
    endloop
  endfacet
  facet normal 0 0 1
    outer loop
      vertex -13.0676 4.43586 3
      vertex -16.4 2.8 3
      vertex -13.3298 3.5717 3
    endloop
  endfacet
  facet normal 0 0 1
    outer loop
      vertex -13.3298 3.5717 3
      vertex -16.4 2.8 3
      vertex -13.5097 2.8 3
    endloop
  endfacet
  facet normal 0 0 1
    outer loop
      vertex -12.3768 -6.10358 3
      vertex -17.0406 -8.40348 3
      vertex -16.4545 -9.5 3
    endloop
  endfacet
  facet normal -0 0 1
    outer loop
      vertex -18.3526 4.91756 3
      vertex -16.4 2.8 3
      vertex -17.9917 6.10735 3
    endloop
  endfacet
  facet normal 0 0 1
    outer loop
      vertex -12.7495 -5.28103 3
      vertex -17.5537 -7.27098 3
      vertex -17.0406 -8.40348 3
    endloop
  endfacet
  facet normal -0 0 1
    outer loop
      vertex -18.6349 3.70672 3
      vertex -16.4 2.8 3
      vertex -18.3526 4.91756 3
    endloop
  endfacet
  facet normal 0 0 1
    outer loop
      vertex -13.0676 -4.43586 3
      vertex -17.9917 -6.10735 3
      vertex -17.5537 -7.27098 3
    endloop
  endfacet
  facet normal 0 0 1
    outer loop
      vertex -18.8375 2.48 3
      vertex -16.4 2.8 3
      vertex -18.6349 3.70672 3
    endloop
  endfacet
  facet normal 0 0 1
    outer loop
      vertex -16.4 -2.8 3
      vertex -18.3526 -4.91756 3
      vertex -17.9917 -6.10735 3
    endloop
  endfacet
  facet normal 0 0 1
    outer loop
      vertex -18.9593 1.24266 3
      vertex -16.4 2.8 3
      vertex -18.8375 2.48 3
    endloop
  endfacet
  facet normal 0 0 1
    outer loop
      vertex -16.4 -2.8 3
      vertex -18.6349 -3.70672 3
      vertex -18.3526 -4.91756 3
    endloop
  endfacet
  facet normal 0 0 1
    outer loop
      vertex -19 0 3
      vertex -16.4 2.8 3
      vertex -18.9593 1.24266 3
    endloop
  endfacet
  facet normal 0 0 1
    outer loop
      vertex -16.4 -2.8 3
      vertex -18.8375 -2.48 3
      vertex -18.6349 -3.70672 3
    endloop
  endfacet
  facet normal 0 0 1
    outer loop
      vertex -16.4 2.8 3
      vertex -19 0 3
      vertex -16.4 -2.8 3
    endloop
  endfacet
  facet normal 0 0 1
    outer loop
      vertex -16.4 -2.8 3
      vertex -18.9593 -1.24266 3
      vertex -18.8375 -2.48 3
    endloop
  endfacet
  facet normal 0 0 1
    outer loop
      vertex -16.4 -2.8 3
      vertex -19 0 3
      vertex -18.9593 -1.24266 3
    endloop
  endfacet
  facet normal 0 0 1
    outer loop
      vertex 3.5717 13.3298 3
      vertex 2.8 16.4 3
      vertex 2.8 13.5097 3
    endloop
  endfacet
  facet normal 0 -1 0
    outer loop
      vertex 13.5097 -2.8 3
      vertex 16.4 -2.8 9
      vertex 13.5097 -2.8 9
    endloop
  endfacet
  facet normal 0 -1 -0
    outer loop
      vertex 16.4 -2.8 9
      vertex 13.5097 -2.8 3
      vertex 16.4 -2.8 3
    endloop
  endfacet
  facet normal 0 1 -0
    outer loop
      vertex 2.8 16.4 3
      vertex -2.8 16.4 9
      vertex 2.8 16.4 9
    endloop
  endfacet
  facet normal 0 1 0
    outer loop
      vertex -2.8 16.4 9
      vertex 2.8 16.4 3
      vertex -2.8 16.4 3
    endloop
  endfacet
  facet normal 0 0 1
    outer loop
      vertex 2.8 16.4 9
      vertex 2.69225 13.5348 9
      vertex 2.8 13.5097 9
    endloop
  endfacet
  facet normal 0 0 1
    outer loop
      vertex 2.8 16.4 9
      vertex 1.80126 13.6819 9
      vertex 2.69225 13.5348 9
    endloop
  endfacet
  facet normal 0 0 1
    outer loop
      vertex 2.8 16.4 9
      vertex 0.902563 13.7705 9
      vertex 1.80126 13.6819 9
    endloop
  endfacet
  facet normal 0 0 1
    outer loop
      vertex 2.8 16.4 9
      vertex 0 13.8 9
      vertex 0.902563 13.7705 9
    endloop
  endfacet
  facet normal -0 0 1
    outer loop
      vertex -2.8 16.4 9
      vertex 0 13.8 9
      vertex 2.8 16.4 9
    endloop
  endfacet
  facet normal 0 0 1
    outer loop
      vertex 0 13.8 9
      vertex -2.8 16.4 9
      vertex -0.902563 13.7705 9
    endloop
  endfacet
  facet normal 0 0 1
    outer loop
      vertex -0.902563 13.7705 9
      vertex -2.8 16.4 9
      vertex -1.80126 13.6819 9
    endloop
  endfacet
  facet normal 0 0 1
    outer loop
      vertex -1.80126 13.6819 9
      vertex -2.8 16.4 9
      vertex -2.69225 13.5348 9
    endloop
  endfacet
  facet normal 0 0 1
    outer loop
      vertex -2.69225 13.5348 9
      vertex -2.8 16.4 9
      vertex -2.8 13.5097 9
    endloop
  endfacet
  facet normal 1 -0 0
    outer loop
      vertex 2.8 13.5097 9
      vertex 2.8 16.4 3
      vertex 2.8 16.4 9
    endloop
  endfacet
  facet normal 1 0 0
    outer loop
      vertex 2.8 16.4 3
      vertex 2.8 13.5097 9
      vertex 2.8 13.5097 3
    endloop
  endfacet
  facet normal -1 0 0
    outer loop
      vertex -2.8 13.5097 3
      vertex -2.8 16.4 9
      vertex -2.8 16.4 3
    endloop
  endfacet
  facet normal -1 -0 0
    outer loop
      vertex -2.8 16.4 9
      vertex -2.8 13.5097 3
      vertex -2.8 13.5097 9
    endloop
  endfacet
  facet normal 0 0 1
    outer loop
      vertex -13.7705 0.902563 9
      vertex -16.4 2.8 9
      vertex -13.8 0 9
    endloop
  endfacet
  facet normal 0 0 1
    outer loop
      vertex -13.6819 1.80126 9
      vertex -16.4 2.8 9
      vertex -13.7705 0.902563 9
    endloop
  endfacet
  facet normal 0 0 1
    outer loop
      vertex -13.5348 2.69225 9
      vertex -16.4 2.8 9
      vertex -13.6819 1.80126 9
    endloop
  endfacet
  facet normal -0 0 1
    outer loop
      vertex -16.4 2.8 9
      vertex -13.5348 2.69225 9
      vertex -13.5097 2.8 9
    endloop
  endfacet
  facet normal 0 0 1
    outer loop
      vertex -16.4 -2.8 9
      vertex -13.8 0 9
      vertex -16.4 2.8 9
    endloop
  endfacet
  facet normal 0 0 1
    outer loop
      vertex -13.8 0 9
      vertex -16.4 -2.8 9
      vertex -13.7705 -0.902563 9
    endloop
  endfacet
  facet normal 0 0 1
    outer loop
      vertex -13.7705 -0.902563 9
      vertex -16.4 -2.8 9
      vertex -13.6819 -1.80126 9
    endloop
  endfacet
  facet normal 0 0 1
    outer loop
      vertex -13.6819 -1.80126 9
      vertex -16.4 -2.8 9
      vertex -13.5348 -2.69225 9
    endloop
  endfacet
  facet normal 0 0 1
    outer loop
      vertex -13.5348 -2.69225 9
      vertex -16.4 -2.8 9
      vertex -13.5097 -2.8 9
    endloop
  endfacet
  facet normal -1 0 0
    outer loop
      vertex -16.4 -2.8 3
      vertex -16.4 2.8 9
      vertex -16.4 2.8 3
    endloop
  endfacet
  facet normal -1 -0 0
    outer loop
      vertex -16.4 2.8 9
      vertex -16.4 -2.8 3
      vertex -16.4 -2.8 9
    endloop
  endfacet
  facet normal 0 1 -0
    outer loop
      vertex -13.5097 2.8 3
      vertex -16.4 2.8 9
      vertex -13.5097 2.8 9
    endloop
  endfacet
  facet normal 0 1 0
    outer loop
      vertex -16.4 2.8 9
      vertex -13.5097 2.8 3
      vertex -16.4 2.8 3
    endloop
  endfacet
  facet normal 0 -1 0
    outer loop
      vertex -16.4 -2.8 3
      vertex -13.5097 -2.8 9
      vertex -16.4 -2.8 9
    endloop
  endfacet
  facet normal 0 -1 -0
    outer loop
      vertex -13.5097 -2.8 9
      vertex -16.4 -2.8 3
      vertex -13.5097 -2.8 3
    endloop
  endfacet
  facet normal -0 0 1
    outer loop
      vertex 2.69225 -13.5348 9
      vertex 2.8 -16.4 9
      vertex 2.8 -13.5097 9
    endloop
  endfacet
  facet normal -0 0 1
    outer loop
      vertex 1.80126 -13.6819 9
      vertex 2.8 -16.4 9
      vertex 2.69225 -13.5348 9
    endloop
  endfacet
  facet normal -0 0 1
    outer loop
      vertex 0.902563 -13.7705 9
      vertex 2.8 -16.4 9
      vertex 1.80126 -13.6819 9
    endloop
  endfacet
  facet normal -0 0 1
    outer loop
      vertex 0 -13.8 9
      vertex 2.8 -16.4 9
      vertex 0.902563 -13.7705 9
    endloop
  endfacet
  facet normal 0 0 1
    outer loop
      vertex -2.8 -16.4 9
      vertex 0 -13.8 9
      vertex -0.902563 -13.7705 9
    endloop
  endfacet
  facet normal 0 0 1
    outer loop
      vertex -2.8 -16.4 9
      vertex -0.902563 -13.7705 9
      vertex -1.80126 -13.6819 9
    endloop
  endfacet
  facet normal 0 0 1
    outer loop
      vertex -2.8 -16.4 9
      vertex -1.80126 -13.6819 9
      vertex -2.69225 -13.5348 9
    endloop
  endfacet
  facet normal 0 0 1
    outer loop
      vertex -2.8 -16.4 9
      vertex -2.69225 -13.5348 9
      vertex -2.8 -13.5097 9
    endloop
  endfacet
  facet normal 0 0 1
    outer loop
      vertex 0 -13.8 9
      vertex -2.8 -16.4 9
      vertex 2.8 -16.4 9
    endloop
  endfacet
  facet normal 0 -1 0
    outer loop
      vertex -2.8 -16.4 3
      vertex 2.8 -16.4 9
      vertex -2.8 -16.4 9
    endloop
  endfacet
  facet normal 0 -1 -0
    outer loop
      vertex 2.8 -16.4 9
      vertex -2.8 -16.4 3
      vertex 2.8 -16.4 3
    endloop
  endfacet
  facet normal -1 0 0
    outer loop
      vertex -2.8 -16.4 3
      vertex -2.8 -13.5097 9
      vertex -2.8 -13.5097 3
    endloop
  endfacet
  facet normal -1 -0 0
    outer loop
      vertex -2.8 -13.5097 9
      vertex -2.8 -16.4 3
      vertex -2.8 -16.4 9
    endloop
  endfacet
  facet normal 1 -0 0
    outer loop
      vertex 2.8 -16.4 9
      vertex 2.8 -13.5097 3
      vertex 2.8 -13.5097 9
    endloop
  endfacet
  facet normal 1 0 0
    outer loop
      vertex 2.8 -13.5097 3
      vertex 2.8 -16.4 9
      vertex 2.8 -16.4 3
    endloop
  endfacet
  facet normal 0.352251 0.935906 -0
    outer loop
      vertex 5.28103 12.7495 3
      vertex 4.43586 13.0676 18
      vertex 5.28103 12.7495 18
    endloop
  endfacet
  facet normal 0.352251 0.935906 0
    outer loop
      vertex 4.43586 13.0676 18
      vertex 5.28103 12.7495 3
      vertex 4.43586 13.0676 3
    endloop
  endfacet
  facet normal -0.935906 0.352251 0
    outer loop
      vertex -13.0676 4.43586 3
      vertex -12.7495 5.28103 18
      vertex -12.7495 5.28103 3
    endloop
  endfacet
  facet normal -0.935906 0.352251 0
    outer loop
      vertex -12.7495 5.28103 18
      vertex -13.0676 4.43586 3
      vertex -13.0676 4.43586 18
    endloop
  endfacet
  facet normal 0.849237 0.528012 0
    outer loop
      vertex 11.9511 6.9 18
      vertex 11.4743 7.66687 3
      vertex 11.4743 7.66687 18
    endloop
  endfacet
  facet normal 0.849237 0.528012 0
    outer loop
      vertex 11.4743 7.66687 3
      vertex 11.9511 6.9 18
      vertex 11.9511 6.9 3
    endloop
  endfacet
  facet normal 0.0326673 0.999466 -0
    outer loop
      vertex 0.902563 13.7705 9
      vertex 0 13.8 18
      vertex 0.902563 13.7705 18
    endloop
  endfacet
  facet normal 0.0326673 0.999466 0
    outer loop
      vertex 0 13.8 18
      vertex 0.902563 13.7705 9
      vertex 0 13.8 9
    endloop
  endfacet
  facet normal -0.352251 0.935906 0
    outer loop
      vertex -4.43586 13.0676 3
      vertex -5.28103 12.7495 18
      vertex -4.43586 13.0676 18
    endloop
  endfacet
  facet normal -0.352251 0.935906 0
    outer loop
      vertex -5.28103 12.7495 18
      vertex -4.43586 13.0676 3
      vertex -5.28103 12.7495 3
    endloop
  endfacet
  facet normal -0.634405 0.773001 0
    outer loop
      vertex -8.40091 10.9483 3
      vertex -9.09897 10.3754 18
      vertex -8.40091 10.9483 18
    endloop
  endfacet
  facet normal -0.634405 0.773001 0
    outer loop
      vertex -9.09897 10.3754 18
      vertex -8.40091 10.9483 3
      vertex -9.09897 10.3754 3
    endloop
  endfacet
  facet normal 0.999466 -0.0326755 0
    outer loop
      vertex 13.8 0 18
      vertex 13.789 -0.336464 14.2557
      vertex 13.8 0 14.3
    endloop
  endfacet
  facet normal 0.999466 -0.0326673 -7.40846e-07
    outer loop
      vertex 13.7705 -0.902563 18
      vertex 13.789 -0.336464 14.2557
      vertex 13.8 0 18
    endloop
  endfacet
  facet normal 0.999461 -0.0328233 -2.43584e-05
    outer loop
      vertex 13.789 -0.336464 14.2557
      vertex 13.7705 -0.902563 18
      vertex 13.7787 -0.65 14.1258
    endloop
  endfacet
  facet normal 0.999473 -0.03245 0
    outer loop
      vertex 13.7787 -0.65 14.1258
      vertex 13.7705 -0.902563 18
      vertex 13.7705 -0.902563 13.932
    endloop
  endfacet
  facet normal 0.999466 -0.0326755 0
    outer loop
      vertex 13.789 -0.336464 11.7443
      vertex 13.8 0 9
      vertex 13.8 0 11.7
    endloop
  endfacet
  facet normal 0.999461 -0.0328199 3.25355e-05
    outer loop
      vertex 13.7705 -0.902563 9
      vertex 13.789 -0.336464 11.7443
      vertex 13.7787 -0.65 11.8742
    endloop
  endfacet
  facet normal 0.999473 -0.03245 0
    outer loop
      vertex 13.7705 -0.902563 9
      vertex 13.7787 -0.65 11.8742
      vertex 13.7705 -0.902563 12.068
    endloop
  endfacet
  facet normal 0.999466 -0.0326673 1.0108e-06
    outer loop
      vertex 13.789 -0.336464 11.7443
      vertex 13.7705 -0.902563 9
      vertex 13.8 0 9
    endloop
  endfacet
  facet normal 0.935906 -0.352251 0
    outer loop
      vertex 12.7495 -5.28103 18
      vertex 13.0676 -4.43586 3
      vertex 13.0676 -4.43586 18
    endloop
  endfacet
  facet normal 0.935906 -0.352251 0
    outer loop
      vertex 13.0676 -4.43586 3
      vertex 12.7495 -5.28103 18
      vertex 12.7495 -5.28103 3
    endloop
  endfacet
  facet normal 0.986644 0.162892 0
    outer loop
      vertex 13.6819 1.80126 18
      vertex 13.5348 2.69225 9
      vertex 13.5348 2.69225 18
    endloop
  endfacet
  facet normal 0.986644 0.162892 0
    outer loop
      vertex 13.5348 2.69225 9
      vertex 13.6819 1.80126 18
      vertex 13.6819 1.80126 9
    endloop
  endfacet
  facet normal 0.973887 0.227034 0
    outer loop
      vertex 13.3298 3.5717 18
      vertex 13.5097 2.8 9
      vertex 13.3298 3.5717 3
    endloop
  endfacet
  facet normal 0.973891 0.227014 1.79089e-06
    outer loop
      vertex 13.5348 2.69225 18
      vertex 13.5097 2.8 9
      vertex 13.3298 3.5717 18
    endloop
  endfacet
  facet normal 0.973924 0.226872 0
    outer loop
      vertex 13.5097 2.8 9
      vertex 13.5348 2.69225 18
      vertex 13.5348 2.69225 9
    endloop
  endfacet
  facet normal 0.973887 0.227034 0
    outer loop
      vertex 13.3298 3.5717 3
      vertex 13.5097 2.8 9
      vertex 13.5097 2.8 3
    endloop
  endfacet
  facet normal 0.81285 0.582474 0
    outer loop
      vertex 11.4743 7.66687 18
      vertex 10.9483 8.40091 3
      vertex 10.9483 8.40091 18
    endloop
  endfacet
  facet normal 0.81285 0.582474 0
    outer loop
      vertex 10.9483 8.40091 3
      vertex 11.4743 7.66687 18
      vertex 11.4743 7.66687 3
    endloop
  endfacet
  facet normal 0.773001 0.634405 0
    outer loop
      vertex 10.9483 8.40091 18
      vertex 10.3754 9.09897 3
      vertex 10.3754 9.09897 18
    endloop
  endfacet
  facet normal 0.773001 0.634405 0
    outer loop
      vertex 10.3754 9.09897 3
      vertex 10.9483 8.40091 18
      vertex 10.9483 8.40091 3
    endloop
  endfacet
  facet normal 0.162892 0.986644 -0
    outer loop
      vertex 2.69225 13.5348 9
      vertex 1.80126 13.6819 18
      vertex 2.69225 13.5348 18
    endloop
  endfacet
  facet normal 0.162892 0.986644 0
    outer loop
      vertex 1.80126 13.6819 18
      vertex 2.69225 13.5348 9
      vertex 1.80126 13.6819 9
    endloop
  endfacet
  facet normal 0.582474 0.81285 -0
    outer loop
      vertex 8.40091 10.9483 3
      vertex 7.66687 11.4743 18
      vertex 8.40091 10.9483 18
    endloop
  endfacet
  facet normal 0.582474 0.81285 0
    outer loop
      vertex 7.66687 11.4743 18
      vertex 8.40091 10.9483 3
      vertex 7.66687 11.4743 3
    endloop
  endfacet
  facet normal 0.412714 0.910861 -0
    outer loop
      vertex 6.10358 12.3768 3
      vertex 5.28103 12.7495 18
      vertex 6.10358 12.3768 18
    endloop
  endfacet
  facet normal 0.412714 0.910861 0
    outer loop
      vertex 5.28103 12.7495 18
      vertex 6.10358 12.3768 3
      vertex 5.28103 12.7495 3
    endloop
  endfacet
  facet normal 0.528012 0.849237 -0
    outer loop
      vertex 7.66687 11.4743 3
      vertex 6.9 11.9511 18
      vertex 7.66687 11.4743 18
    endloop
  endfacet
  facet normal 0.528012 0.849237 0
    outer loop
      vertex 6.9 11.9511 18
      vertex 7.66687 11.4743 3
      vertex 6.9 11.9511 3
    endloop
  endfacet
  facet normal -0.999466 0.0326673 0
    outer loop
      vertex -13.8 0 9
      vertex -13.7705 0.902563 18
      vertex -13.7705 0.902563 9
    endloop
  endfacet
  facet normal -0.999466 0.0326673 0
    outer loop
      vertex -13.7705 0.902563 18
      vertex -13.8 0 9
      vertex -13.8 0 18
    endloop
  endfacet
  facet normal -0.973887 0.227034 0
    outer loop
      vertex -13.5097 2.8 9
      vertex -13.3298 3.5717 3
      vertex -13.5097 2.8 3
    endloop
  endfacet
  facet normal -0.973887 0.227034 0
    outer loop
      vertex -13.3298 3.5717 3
      vertex -13.5097 2.8 9
      vertex -13.3298 3.5717 18
    endloop
  endfacet
  facet normal -0.973924 0.226872 0
    outer loop
      vertex -13.5348 2.69225 18
      vertex -13.5097 2.8 9
      vertex -13.5348 2.69225 9
    endloop
  endfacet
  facet normal -0.973891 0.227014 1.79089e-06
    outer loop
      vertex -13.5097 2.8 9
      vertex -13.5348 2.69225 18
      vertex -13.3298 3.5717 18
    endloop
  endfacet
  facet normal -0.995175 0.0981115 0
    outer loop
      vertex -13.7705 0.902563 9
      vertex -13.6819 1.80126 18
      vertex -13.6819 1.80126 9
    endloop
  endfacet
  facet normal -0.995175 0.0981115 0
    outer loop
      vertex -13.6819 1.80126 18
      vertex -13.7705 0.902563 9
      vertex -13.7705 0.902563 18
    endloop
  endfacet
  facet normal -0.81285 0.582474 0
    outer loop
      vertex -11.4743 7.66687 3
      vertex -10.9483 8.40091 18
      vertex -10.9483 8.40091 3
    endloop
  endfacet
  facet normal -0.81285 0.582474 0
    outer loop
      vertex -10.9483 8.40091 18
      vertex -11.4743 7.66687 3
      vertex -11.4743 7.66687 18
    endloop
  endfacet
  facet normal -0.910861 0.412714 0
    outer loop
      vertex -12.7495 5.28103 3
      vertex -12.3768 6.10358 18
      vertex -12.3768 6.10358 3
    endloop
  endfacet
  facet normal -0.910861 0.412714 0
    outer loop
      vertex -12.3768 6.10358 18
      vertex -12.7495 5.28103 3
      vertex -12.7495 5.28103 18
    endloop
  endfacet
  facet normal -0.849237 0.528012 0
    outer loop
      vertex -11.9511 6.9 3
      vertex -11.4743 7.66687 18
      vertex -11.4743 7.66687 3
    endloop
  endfacet
  facet normal -0.849237 0.528012 0
    outer loop
      vertex -11.4743 7.66687 18
      vertex -11.9511 6.9 3
      vertex -11.9511 6.9 18
    endloop
  endfacet
  facet normal -0.162892 0.986644 0
    outer loop
      vertex -1.80126 13.6819 9
      vertex -2.69225 13.5348 18
      vertex -1.80126 13.6819 18
    endloop
  endfacet
  facet normal -0.162892 0.986644 0
    outer loop
      vertex -2.69225 13.5348 18
      vertex -1.80126 13.6819 9
      vertex -2.69225 13.5348 9
    endloop
  endfacet
  facet normal -0.290345 0.956922 0
    outer loop
      vertex -3.5717 13.3298 3
      vertex -4.43586 13.0676 18
      vertex -3.5717 13.3298 18
    endloop
  endfacet
  facet normal -0.290345 0.956922 0
    outer loop
      vertex -4.43586 13.0676 18
      vertex -3.5717 13.3298 3
      vertex -4.43586 13.0676 3
    endloop
  endfacet
  facet normal -0.226872 0.973924 0
    outer loop
      vertex -2.8 13.5097 9
      vertex -2.69225 13.5348 18
      vertex -2.69225 13.5348 9
    endloop
  endfacet
  facet normal -0.227014 0.973891 1.79089e-06
    outer loop
      vertex -2.69225 13.5348 18
      vertex -2.8 13.5097 9
      vertex -3.5717 13.3298 18
    endloop
  endfacet
  facet normal -0.227034 0.973887 0
    outer loop
      vertex -3.5717 13.3298 3
      vertex -2.8 13.5097 9
      vertex -2.8 13.5097 3
    endloop
  endfacet
  facet normal -0.227034 0.973887 0
    outer loop
      vertex -2.8 13.5097 9
      vertex -3.5717 13.3298 3
      vertex -3.5717 13.3298 18
    endloop
  endfacet
  facet normal -0.528012 0.849237 0
    outer loop
      vertex -6.9 11.9511 3
      vertex -7.66687 11.4743 18
      vertex -6.9 11.9511 18
    endloop
  endfacet
  facet normal -0.528012 0.849237 0
    outer loop
      vertex -7.66687 11.4743 18
      vertex -6.9 11.9511 3
      vertex -7.66687 11.4743 3
    endloop
  endfacet
  facet normal -0.582474 0.81285 0
    outer loop
      vertex -7.66687 11.4743 3
      vertex -8.40091 10.9483 18
      vertex -7.66687 11.4743 18
    endloop
  endfacet
  facet normal -0.582474 0.81285 0
    outer loop
      vertex -8.40091 10.9483 18
      vertex -7.66687 11.4743 3
      vertex -8.40091 10.9483 3
    endloop
  endfacet
  facet normal 0.683601 -0.729856 0
    outer loop
      vertex 9.09897 -10.3754 3
      vertex 9.75807 -9.75807 18
      vertex 9.09897 -10.3754 18
    endloop
  endfacet
  facet normal 0.683601 -0.729856 0
    outer loop
      vertex 9.75807 -9.75807 18
      vertex 9.09897 -10.3754 3
      vertex 9.75807 -9.75807 3
    endloop
  endfacet
  facet normal -0.973887 -0.227034 0
    outer loop
      vertex -13.5097 -2.8 3
      vertex -13.3298 -3.5717 3
      vertex -13.5097 -2.8 9
    endloop
  endfacet
  facet normal -0.973924 -0.226872 0
    outer loop
      vertex -13.5097 -2.8 9
      vertex -13.5348 -2.69225 18
      vertex -13.5348 -2.69225 9
    endloop
  endfacet
  facet normal -0.973887 -0.227034 -0
    outer loop
      vertex -13.3298 -3.5717 18
      vertex -13.5097 -2.8 9
      vertex -13.3298 -3.5717 3
    endloop
  endfacet
  facet normal -0.973891 -0.227014 1.79089e-06
    outer loop
      vertex -13.5097 -2.8 9
      vertex -13.3298 -3.5717 18
      vertex -13.5348 -2.69225 18
    endloop
  endfacet
  facet normal 0.0981115 -0.995175 0
    outer loop
      vertex 0.902563 -13.7705 9
      vertex 1.80126 -13.6819 18
      vertex 0.902563 -13.7705 18
    endloop
  endfacet
  facet normal 0.0981115 -0.995175 0
    outer loop
      vertex 1.80126 -13.6819 18
      vertex 0.902563 -13.7705 9
      vertex 1.80126 -13.6819 9
    endloop
  endfacet
  facet normal 0.995179 0.0980765 0
    outer loop
      vertex 13.6819 1.80126 18
      vertex 13.7313 1.3 13
      vertex 13.6819 1.80126 9
    endloop
  endfacet
  facet normal 0.995136 0.098508 -4.36747e-05
    outer loop
      vertex 13.6819 1.80126 18
      vertex 13.7357 1.2557 13.3365
      vertex 13.7313 1.3 13
    endloop
  endfacet
  facet normal 0.995177 0.0980966 4.9177e-06
    outer loop
      vertex 13.6819 1.80126 18
      vertex 13.7485 1.12583 13.65
      vertex 13.7357 1.2557 13.3365
    endloop
  endfacet
  facet normal 0.995201 0.0978472 4.40248e-05
    outer loop
      vertex 13.6819 1.80126 18
      vertex 13.7688 0.919238 13.9192
      vertex 13.7485 1.12583 13.65
    endloop
  endfacet
  facet normal 0.995175 0.0981115 -0
    outer loop
      vertex 13.7705 0.902563 13.932
      vertex 13.6819 1.80126 18
      vertex 13.7705 0.902563 18
    endloop
  endfacet
  facet normal 0.994892 0.100943 -0.000631766
    outer loop
      vertex 13.6819 1.80126 18
      vertex 13.7705 0.902563 13.932
      vertex 13.7688 0.919238 13.9192
    endloop
  endfacet
  facet normal 0.99514 0.0984659 4.92688e-05
    outer loop
      vertex 13.7357 1.2557 12.6635
      vertex 13.6819 1.80126 9
      vertex 13.7313 1.3 13
    endloop
  endfacet
  facet normal 0.995177 0.098099 -5.9051e-06
    outer loop
      vertex 13.7485 1.12583 12.35
      vertex 13.6819 1.80126 9
      vertex 13.7357 1.2557 12.6635
    endloop
  endfacet
  facet normal 0.9952 0.0978606 -5.44322e-05
    outer loop
      vertex 13.7688 0.919238 12.0808
      vertex 13.6819 1.80126 9
      vertex 13.7485 1.12583 12.35
    endloop
  endfacet
  facet normal 0.994905 0.100816 0.000799895
    outer loop
      vertex 13.7705 0.902563 12.068
      vertex 13.6819 1.80126 9
      vertex 13.7688 0.919238 12.0808
    endloop
  endfacet
  facet normal 0.995175 0.0981115 0
    outer loop
      vertex 13.6819 1.80126 9
      vertex 13.7705 0.902563 12.068
      vertex 13.7705 0.902563 9
    endloop
  endfacet
  facet normal 0.956922 0.290345 0
    outer loop
      vertex 13.3298 3.5717 18
      vertex 13.0676 4.43586 3
      vertex 13.0676 4.43586 18
    endloop
  endfacet
  facet normal 0.956922 0.290345 0
    outer loop
      vertex 13.0676 4.43586 3
      vertex 13.3298 3.5717 18
      vertex 13.3298 3.5717 3
    endloop
  endfacet
  facet normal 0.683601 0.729856 -0
    outer loop
      vertex 9.75807 9.75807 3
      vertex 9.09897 10.3754 18
      vertex 9.75807 9.75807 18
    endloop
  endfacet
  facet normal 0.683601 0.729856 0
    outer loop
      vertex 9.09897 10.3754 18
      vertex 9.75807 9.75807 3
      vertex 9.09897 10.3754 3
    endloop
  endfacet
  facet normal 0.729856 0.683601 0
    outer loop
      vertex 10.3754 9.09897 18
      vertex 9.75807 9.75807 3
      vertex 9.75807 9.75807 18
    endloop
  endfacet
  facet normal 0.729856 0.683601 0
    outer loop
      vertex 9.75807 9.75807 3
      vertex 10.3754 9.09897 18
      vertex 10.3754 9.09897 3
    endloop
  endfacet
  facet normal -0.0326673 0.999466 0
    outer loop
      vertex 0 13.8 9
      vertex -0.902563 13.7705 18
      vertex 0 13.8 18
    endloop
  endfacet
  facet normal -0.0326673 0.999466 0
    outer loop
      vertex -0.902563 13.7705 18
      vertex 0 13.8 9
      vertex -0.902563 13.7705 9
    endloop
  endfacet
  facet normal 0.0981115 0.995175 -0
    outer loop
      vertex 1.80126 13.6819 9
      vertex 0.902563 13.7705 18
      vertex 1.80126 13.6819 18
    endloop
  endfacet
  facet normal 0.0981115 0.995175 0
    outer loop
      vertex 0.902563 13.7705 18
      vertex 1.80126 13.6819 9
      vertex 0.902563 13.7705 9
    endloop
  endfacet
  facet normal 0.227014 0.973891 1.79089e-06
    outer loop
      vertex 3.5717 13.3298 18
      vertex 2.8 13.5097 9
      vertex 2.69225 13.5348 18
    endloop
  endfacet
  facet normal 0.227034 0.973887 -0
    outer loop
      vertex 3.5717 13.3298 3
      vertex 2.8 13.5097 9
      vertex 3.5717 13.3298 18
    endloop
  endfacet
  facet normal 0.227034 0.973887 0
    outer loop
      vertex 2.8 13.5097 9
      vertex 3.5717 13.3298 3
      vertex 2.8 13.5097 3
    endloop
  endfacet
  facet normal 0.226872 0.973924 0
    outer loop
      vertex 2.69225 13.5348 18
      vertex 2.8 13.5097 9
      vertex 2.69225 13.5348 9
    endloop
  endfacet
  facet normal 0.471401 0.881919 -0
    outer loop
      vertex 6.9 11.9511 3
      vertex 6.10358 12.3768 18
      vertex 6.9 11.9511 18
    endloop
  endfacet
  facet normal 0.471401 0.881919 0
    outer loop
      vertex 6.10358 12.3768 18
      vertex 6.9 11.9511 3
      vertex 6.10358 12.3768 3
    endloop
  endfacet
  facet normal 0.634405 0.773001 -0
    outer loop
      vertex 9.09897 10.3754 3
      vertex 8.40091 10.9483 18
      vertex 9.09897 10.3754 18
    endloop
  endfacet
  facet normal 0.634405 0.773001 0
    outer loop
      vertex 8.40091 10.9483 18
      vertex 9.09897 10.3754 3
      vertex 8.40091 10.9483 3
    endloop
  endfacet
  facet normal 0 0 1
    outer loop
      vertex 2.1 -1.53075 18
      vertex 2.06272 -1.58278 18
      vertex 2.1 -2.5 18
    endloop
  endfacet
  facet normal 0 0 1
    outer loop
      vertex 5.1 2.5 18
      vertex 13.8 0 18
      vertex 13.7705 0.902563 18
    endloop
  endfacet
  facet normal 0 0 1
    outer loop
      vertex 5.1 2.5 18
      vertex 13.7705 0.902563 18
      vertex 13.6819 1.80126 18
    endloop
  endfacet
  facet normal 0 0 1
    outer loop
      vertex 5.1 -2.5 18
      vertex 13.8 0 18
      vertex 5.1 2.5 18
    endloop
  endfacet
  facet normal -0 0 1
    outer loop
      vertex 5.1 2.5 18
      vertex 13.6819 1.80126 18
      vertex 13.5348 2.69225 18
    endloop
  endfacet
  facet normal 0 0 1
    outer loop
      vertex 13.8 0 18
      vertex 5.1 -2.5 18
      vertex 13.7705 -0.902563 18
    endloop
  endfacet
  facet normal 0 0 1
    outer loop
      vertex 5.1 2.5 18
      vertex 13.5348 2.69225 18
      vertex 13.3298 3.5717 18
    endloop
  endfacet
  facet normal 0 0 1
    outer loop
      vertex 13.7705 -0.902563 18
      vertex 5.1 -2.5 18
      vertex 13.6819 -1.80126 18
    endloop
  endfacet
  facet normal 0 0 1
    outer loop
      vertex 5.1 2.5 18
      vertex 13.3298 3.5717 18
      vertex 13.0676 4.43586 18
    endloop
  endfacet
  facet normal 0 0 1
    outer loop
      vertex 13.6819 -1.80126 18
      vertex 5.1 -2.5 18
      vertex 13.5348 -2.69225 18
    endloop
  endfacet
  facet normal 0 0 1
    outer loop
      vertex 5.1 2.5 18
      vertex 13.0676 4.43586 18
      vertex 12.7495 5.28103 18
    endloop
  endfacet
  facet normal 0 0 1
    outer loop
      vertex 13.5348 -2.69225 18
      vertex 5.1 -2.5 18
      vertex 13.3298 -3.5717 18
    endloop
  endfacet
  facet normal 0 0 1
    outer loop
      vertex 5.1 2.5 18
      vertex 12.7495 5.28103 18
      vertex 12.3768 6.10358 18
    endloop
  endfacet
  facet normal 0 0 1
    outer loop
      vertex 13.3298 -3.5717 18
      vertex 5.1 -2.5 18
      vertex 13.0676 -4.43586 18
    endloop
  endfacet
  facet normal 0 0 1
    outer loop
      vertex 5.1 2.5 18
      vertex 12.3768 6.10358 18
      vertex 11.9511 6.9 18
    endloop
  endfacet
  facet normal 0 0 1
    outer loop
      vertex 13.0676 -4.43586 18
      vertex 5.1 -2.5 18
      vertex 12.7495 -5.28103 18
    endloop
  endfacet
  facet normal 0 0 1
    outer loop
      vertex 5.1 2.5 18
      vertex 11.9511 6.9 18
      vertex 11.4743 7.66687 18
    endloop
  endfacet
  facet normal 0 0 1
    outer loop
      vertex 12.7495 -5.28103 18
      vertex 5.1 -2.5 18
      vertex 12.3768 -6.10358 18
    endloop
  endfacet
  facet normal 0 0 1
    outer loop
      vertex 5.1 2.5 18
      vertex 11.4743 7.66687 18
      vertex 10.9483 8.40091 18
    endloop
  endfacet
  facet normal 0 0 1
    outer loop
      vertex 12.3768 -6.10358 18
      vertex 5.1 -2.5 18
      vertex 11.9511 -6.9 18
    endloop
  endfacet
  facet normal 0 0 1
    outer loop
      vertex 5.1 2.5 18
      vertex 10.9483 8.40091 18
      vertex 10.3754 9.09897 18
    endloop
  endfacet
  facet normal 0 0 1
    outer loop
      vertex 11.9511 -6.9 18
      vertex 5.1 -2.5 18
      vertex 11.4743 -7.66687 18
    endloop
  endfacet
  facet normal 0 0 1
    outer loop
      vertex 5.1 2.5 18
      vertex 10.3754 9.09897 18
      vertex 9.75807 9.75807 18
    endloop
  endfacet
  facet normal 0 0 1
    outer loop
      vertex 11.4743 -7.66687 18
      vertex 5.1 -2.5 18
      vertex 10.9483 -8.40091 18
    endloop
  endfacet
  facet normal 0 0 1
    outer loop
      vertex 5.1 2.5 18
      vertex 9.75807 9.75807 18
      vertex 9.09897 10.3754 18
    endloop
  endfacet
  facet normal 0 0 1
    outer loop
      vertex 10.9483 -8.40091 18
      vertex 5.1 -2.5 18
      vertex 10.3754 -9.09897 18
    endloop
  endfacet
  facet normal 0 0 1
    outer loop
      vertex 5.1 2.5 18
      vertex 9.09897 10.3754 18
      vertex 8.40091 10.9483 18
    endloop
  endfacet
  facet normal 0 0 1
    outer loop
      vertex 10.3754 -9.09897 18
      vertex 5.1 -2.5 18
      vertex 9.75807 -9.75807 18
    endloop
  endfacet
  facet normal 0 0 1
    outer loop
      vertex 5.1 2.5 18
      vertex 8.40091 10.9483 18
      vertex 7.66687 11.4743 18
    endloop
  endfacet
  facet normal 0 0 1
    outer loop
      vertex 9.75807 -9.75807 18
      vertex 5.1 -2.5 18
      vertex 9.09897 -10.3754 18
    endloop
  endfacet
  facet normal 0 0 1
    outer loop
      vertex 5.1 2.5 18
      vertex 7.66687 11.4743 18
      vertex 6.9 11.9511 18
    endloop
  endfacet
  facet normal 0 0 1
    outer loop
      vertex 9.09897 -10.3754 18
      vertex 5.1 -2.5 18
      vertex 8.40091 -10.9483 18
    endloop
  endfacet
  facet normal 0 0 1
    outer loop
      vertex 5.1 2.5 18
      vertex 6.9 11.9511 18
      vertex 6.10358 12.3768 18
    endloop
  endfacet
  facet normal 0 0 1
    outer loop
      vertex 8.40091 -10.9483 18
      vertex 5.1 -2.5 18
      vertex 7.66687 -11.4743 18
    endloop
  endfacet
  facet normal 0 0 1
    outer loop
      vertex 2.1 2.5 18
      vertex 6.10358 12.3768 18
      vertex 5.28103 12.7495 18
    endloop
  endfacet
  facet normal 0 0 1
    outer loop
      vertex 7.66687 -11.4743 18
      vertex 5.1 -2.5 18
      vertex 6.9 -11.9511 18
    endloop
  endfacet
  facet normal 0 0 1
    outer loop
      vertex 6.9 -11.9511 18
      vertex 5.1 -2.5 18
      vertex 6.10358 -12.3768 18
    endloop
  endfacet
  facet normal 0 0 1
    outer loop
      vertex 2.1 2.5 18
      vertex 5.28103 12.7495 18
      vertex 4.43586 13.0676 18
    endloop
  endfacet
  facet normal 0 0 1
    outer loop
      vertex 2.1 2.5 18
      vertex 4.43586 13.0676 18
      vertex 3.5717 13.3298 18
    endloop
  endfacet
  facet normal 0 0 1
    outer loop
      vertex 2.1 2.5 18
      vertex 3.5717 13.3298 18
      vertex 2.69225 13.5348 18
    endloop
  endfacet
  facet normal 0 0 1
    outer loop
      vertex 6.10358 12.3768 18
      vertex 2.1 2.5 18
      vertex 5.1 2.5 18
    endloop
  endfacet
  facet normal 0 0 1
    outer loop
      vertex 2.1 2.5 18
      vertex 2.06272 1.58278 18
      vertex 2.1 1.53075 18
    endloop
  endfacet
  facet normal 0 0 1
    outer loop
      vertex 2.1 2.5 18
      vertex 1.95478 1.7143 18
      vertex 2.06272 1.58278 18
    endloop
  endfacet
  facet normal -0 0 1
    outer loop
      vertex 0.507235 2.55004 18
      vertex 2.1 2.5 18
      vertex 2.69225 13.5348 18
    endloop
  endfacet
  facet normal 0 0 1
    outer loop
      vertex 2.1 2.5 18
      vertex 1.83848 1.83848 18
      vertex 1.95478 1.7143 18
    endloop
  endfacet
  facet normal 0 0 1
    outer loop
      vertex 0.507235 2.55004 18
      vertex 2.69225 13.5348 18
      vertex 1.80126 13.6819 18
    endloop
  endfacet
  facet normal 0 0 1
    outer loop
      vertex 2.1 2.5 18
      vertex 1.7143 1.95478 18
      vertex 1.83848 1.83848 18
    endloop
  endfacet
  facet normal 0 0 1
    outer loop
      vertex 2.1 2.5 18
      vertex 1.58278 2.06272 18
      vertex 1.7143 1.95478 18
    endloop
  endfacet
  facet normal 0 0 1
    outer loop
      vertex 2.1 2.5 18
      vertex 1.44448 2.16182 18
      vertex 1.58278 2.06272 18
    endloop
  endfacet
  facet normal 0 0 1
    outer loop
      vertex 2.1 2.5 18
      vertex 1.3 2.25167 18
      vertex 1.44448 2.16182 18
    endloop
  endfacet
  facet normal 0 0 1
    outer loop
      vertex 2.1 2.5 18
      vertex 1.14995 2.33187 18
      vertex 1.3 2.25167 18
    endloop
  endfacet
  facet normal 0 0 1
    outer loop
      vertex 2.1 2.5 18
      vertex 0.994976 2.40209 18
      vertex 1.14995 2.33187 18
    endloop
  endfacet
  facet normal 0 0 1
    outer loop
      vertex 0.339368 2.57776 18
      vertex 1.80126 13.6819 18
      vertex 0.902563 13.7705 18
    endloop
  endfacet
  facet normal 0 0 1
    outer loop
      vertex 2.1 2.5 18
      vertex 0.835742 2.46202 18
      vertex 0.994976 2.40209 18
    endloop
  endfacet
  facet normal 0 0 1
    outer loop
      vertex 2.1 2.5 18
      vertex 0.672929 2.51141 18
      vertex 0.835742 2.46202 18
    endloop
  endfacet
  facet normal 0 0 1
    outer loop
      vertex 2.1 2.5 18
      vertex 0.507235 2.55004 18
      vertex 0.672929 2.51141 18
    endloop
  endfacet
  facet normal 0 0 1
    outer loop
      vertex 1.80126 13.6819 18
      vertex 0.339368 2.57776 18
      vertex 0.507235 2.55004 18
    endloop
  endfacet
  facet normal 0 0 1
    outer loop
      vertex 0.902563 13.7705 18
      vertex 0.170048 2.59443 18
      vertex 0.339368 2.57776 18
    endloop
  endfacet
  facet normal 0 0 1
    outer loop
      vertex 0 13.8 18
      vertex 0.170048 2.59443 18
      vertex 0.902563 13.7705 18
    endloop
  endfacet
  facet normal 0 0 1
    outer loop
      vertex 0 13.8 18
      vertex 0 2.6 18
      vertex 0.170048 2.59443 18
    endloop
  endfacet
  facet normal 0 0 1
    outer loop
      vertex 0 13.8 18
      vertex -0.170048 2.59443 18
      vertex 0 2.6 18
    endloop
  endfacet
  facet normal -0 0 1
    outer loop
      vertex -0.902563 13.7705 18
      vertex -0.170048 2.59443 18
      vertex 0 13.8 18
    endloop
  endfacet
  facet normal 0 0 1
    outer loop
      vertex -0.170048 2.59443 18
      vertex -0.902563 13.7705 18
      vertex -0.339368 2.57776 18
    endloop
  endfacet
  facet normal -0 0 1
    outer loop
      vertex -1.80126 13.6819 18
      vertex -0.339368 2.57776 18
      vertex -0.902563 13.7705 18
    endloop
  endfacet
  facet normal 0 0 1
    outer loop
      vertex -0.339368 2.57776 18
      vertex -1.80126 13.6819 18
      vertex -0.507235 2.55004 18
    endloop
  endfacet
  facet normal -0 0 1
    outer loop
      vertex -2.69225 13.5348 18
      vertex -0.507235 2.55004 18
      vertex -1.80126 13.6819 18
    endloop
  endfacet
  facet normal 0 0 1
    outer loop
      vertex -0.507235 2.55004 18
      vertex -2.69225 13.5348 18
      vertex -0.672929 2.51141 18
    endloop
  endfacet
  facet normal -0 0 1
    outer loop
      vertex -3.5717 13.3298 18
      vertex -0.672929 2.51141 18
      vertex -2.69225 13.5348 18
    endloop
  endfacet
  facet normal 0 0 1
    outer loop
      vertex -0.672929 2.51141 18
      vertex -3.5717 13.3298 18
      vertex -0.835742 2.46202 18
    endloop
  endfacet
  facet normal -0 0 1
    outer loop
      vertex -4.43586 13.0676 18
      vertex -0.835742 2.46202 18
      vertex -3.5717 13.3298 18
    endloop
  endfacet
  facet normal 0 0 1
    outer loop
      vertex -0.835742 2.46202 18
      vertex -4.43586 13.0676 18
      vertex -0.994976 2.40209 18
    endloop
  endfacet
  facet normal -0 0 1
    outer loop
      vertex -5.28103 12.7495 18
      vertex -0.994976 2.40209 18
      vertex -4.43586 13.0676 18
    endloop
  endfacet
  facet normal 0 0 1
    outer loop
      vertex -0.994976 2.40209 18
      vertex -5.28103 12.7495 18
      vertex -1.14995 2.33187 18
    endloop
  endfacet
  facet normal -0 0 1
    outer loop
      vertex -6.10358 12.3768 18
      vertex -1.14995 2.33187 18
      vertex -5.28103 12.7495 18
    endloop
  endfacet
  facet normal 0 0 1
    outer loop
      vertex -1.14995 2.33187 18
      vertex -6.10358 12.3768 18
      vertex -1.3 2.25167 18
    endloop
  endfacet
  facet normal -0 0 1
    outer loop
      vertex -6.9 11.9511 18
      vertex -1.3 2.25167 18
      vertex -6.10358 12.3768 18
    endloop
  endfacet
  facet normal 0 0 1
    outer loop
      vertex -1.3 2.25167 18
      vertex -6.9 11.9511 18
      vertex -1.44448 2.16182 18
    endloop
  endfacet
  facet normal -0 0 1
    outer loop
      vertex -7.66687 11.4743 18
      vertex -1.44448 2.16182 18
      vertex -6.9 11.9511 18
    endloop
  endfacet
  facet normal 0 0 1
    outer loop
      vertex -1.44448 2.16182 18
      vertex -7.66687 11.4743 18
      vertex -1.58278 2.06272 18
    endloop
  endfacet
  facet normal -0 0 1
    outer loop
      vertex -8.40091 10.9483 18
      vertex -1.58278 2.06272 18
      vertex -7.66687 11.4743 18
    endloop
  endfacet
  facet normal 0 0 1
    outer loop
      vertex -1.58278 2.06272 18
      vertex -8.40091 10.9483 18
      vertex -1.7143 1.95478 18
    endloop
  endfacet
  facet normal -0 0 1
    outer loop
      vertex -9.09897 10.3754 18
      vertex -1.7143 1.95478 18
      vertex -8.40091 10.9483 18
    endloop
  endfacet
  facet normal 0 0 1
    outer loop
      vertex -1.7143 1.95478 18
      vertex -9.09897 10.3754 18
      vertex -1.83848 1.83848 18
    endloop
  endfacet
  facet normal -0 0 1
    outer loop
      vertex -9.75807 9.75807 18
      vertex -1.83848 1.83848 18
      vertex -9.09897 10.3754 18
    endloop
  endfacet
  facet normal 0 0 1
    outer loop
      vertex -1.83848 1.83848 18
      vertex -9.75807 9.75807 18
      vertex -1.95478 1.7143 18
    endloop
  endfacet
  facet normal 0 0 1
    outer loop
      vertex -1.95478 1.7143 18
      vertex -10.3754 9.09897 18
      vertex -2.06272 1.58278 18
    endloop
  endfacet
  facet normal -0 0 1
    outer loop
      vertex -10.3754 9.09897 18
      vertex -1.95478 1.7143 18
      vertex -9.75807 9.75807 18
    endloop
  endfacet
  facet normal -0 0 1
    outer loop
      vertex 2.1 -2.5 18
      vertex 6.10358 -12.3768 18
      vertex 5.1 -2.5 18
    endloop
  endfacet
  facet normal 0 0 1
    outer loop
      vertex 6.10358 -12.3768 18
      vertex 2.1 -2.5 18
      vertex 5.28103 -12.7495 18
    endloop
  endfacet
  facet normal 0 0 1
    outer loop
      vertex 5.28103 -12.7495 18
      vertex 2.1 -2.5 18
      vertex 4.43586 -13.0676 18
    endloop
  endfacet
  facet normal 0 0 1
    outer loop
      vertex 4.43586 -13.0676 18
      vertex 2.1 -2.5 18
      vertex 3.5717 -13.3298 18
    endloop
  endfacet
  facet normal 0 0 1
    outer loop
      vertex 3.5717 -13.3298 18
      vertex 2.1 -2.5 18
      vertex 2.69225 -13.5348 18
    endloop
  endfacet
  facet normal -0 0 1
    outer loop
      vertex 1.95478 -1.7143 18
      vertex 2.1 -2.5 18
      vertex 2.06272 -1.58278 18
    endloop
  endfacet
  facet normal -0 0 1
    outer loop
      vertex 1.83848 -1.83848 18
      vertex 2.1 -2.5 18
      vertex 1.95478 -1.7143 18
    endloop
  endfacet
  facet normal -0 0 1
    outer loop
      vertex 1.7143 -1.95478 18
      vertex 2.1 -2.5 18
      vertex 1.83848 -1.83848 18
    endloop
  endfacet
  facet normal -0 0 1
    outer loop
      vertex 1.58278 -2.06272 18
      vertex 2.1 -2.5 18
      vertex 1.7143 -1.95478 18
    endloop
  endfacet
  facet normal -0 0 1
    outer loop
      vertex 1.44448 -2.16182 18
      vertex 2.1 -2.5 18
      vertex 1.58278 -2.06272 18
    endloop
  endfacet
  facet normal -0 0 1
    outer loop
      vertex 1.3 -2.25167 18
      vertex 2.1 -2.5 18
      vertex 1.44448 -2.16182 18
    endloop
  endfacet
  facet normal -0 0 1
    outer loop
      vertex 1.14995 -2.33187 18
      vertex 2.1 -2.5 18
      vertex 1.3 -2.25167 18
    endloop
  endfacet
  facet normal -0 0 1
    outer loop
      vertex 0.994976 -2.40209 18
      vertex 2.1 -2.5 18
      vertex 1.14995 -2.33187 18
    endloop
  endfacet
  facet normal -0 0 1
    outer loop
      vertex 0.835742 -2.46202 18
      vertex 2.1 -2.5 18
      vertex 0.994976 -2.40209 18
    endloop
  endfacet
  facet normal 0 0 1
    outer loop
      vertex 0.672929 -2.51141 18
      vertex 2.1 -2.5 18
      vertex 0.835742 -2.46202 18
    endloop
  endfacet
  facet normal 0 0 1
    outer loop
      vertex 0.507235 -2.55004 18
      vertex 2.1 -2.5 18
      vertex 0.672929 -2.51141 18
    endloop
  endfacet
  facet normal 0 0 1
    outer loop
      vertex 2.1 -2.5 18
      vertex 0.507235 -2.55004 18
      vertex 2.69225 -13.5348 18
    endloop
  endfacet
  facet normal 0 0 1
    outer loop
      vertex 2.69225 -13.5348 18
      vertex 0.507235 -2.55004 18
      vertex 1.80126 -13.6819 18
    endloop
  endfacet
  facet normal -0 0 1
    outer loop
      vertex 0.339368 -2.57776 18
      vertex 1.80126 -13.6819 18
      vertex 0.507235 -2.55004 18
    endloop
  endfacet
  facet normal 0 0 1
    outer loop
      vertex 1.80126 -13.6819 18
      vertex 0.339368 -2.57776 18
      vertex 0.902563 -13.7705 18
    endloop
  endfacet
  facet normal -0 0 1
    outer loop
      vertex 0.170048 -2.59443 18
      vertex 0.902563 -13.7705 18
      vertex 0.339368 -2.57776 18
    endloop
  endfacet
  facet normal -0 0 1
    outer loop
      vertex 0 -2.6 18
      vertex 0.902563 -13.7705 18
      vertex 0.170048 -2.59443 18
    endloop
  endfacet
  facet normal 0 0 1
    outer loop
      vertex 0 -2.6 18
      vertex 0 -13.8 18
      vertex 0.902563 -13.7705 18
    endloop
  endfacet
  facet normal 0 0 1
    outer loop
      vertex -0.170048 -2.59443 18
      vertex 0 -13.8 18
      vertex 0 -2.6 18
    endloop
  endfacet
  facet normal 0 0 1
    outer loop
      vertex -0.902563 -13.7705 18
      vertex -0.170048 -2.59443 18
      vertex -0.339368 -2.57776 18
    endloop
  endfacet
  facet normal 0 0 1
    outer loop
      vertex -1.80126 -13.6819 18
      vertex -0.339368 -2.57776 18
      vertex -0.507235 -2.55004 18
    endloop
  endfacet
  facet normal 0 0 1
    outer loop
      vertex -2.69225 -13.5348 18
      vertex -0.507235 -2.55004 18
      vertex -0.672929 -2.51141 18
    endloop
  endfacet
  facet normal 0 0 1
    outer loop
      vertex -3.5717 -13.3298 18
      vertex -0.672929 -2.51141 18
      vertex -0.835742 -2.46202 18
    endloop
  endfacet
  facet normal 0 0 1
    outer loop
      vertex -0.170048 -2.59443 18
      vertex -0.902563 -13.7705 18
      vertex 0 -13.8 18
    endloop
  endfacet
  facet normal 0 0 1
    outer loop
      vertex -4.43586 -13.0676 18
      vertex -0.835742 -2.46202 18
      vertex -0.994976 -2.40209 18
    endloop
  endfacet
  facet normal 0 0 1
    outer loop
      vertex -5.28103 -12.7495 18
      vertex -0.994976 -2.40209 18
      vertex -1.14995 -2.33187 18
    endloop
  endfacet
  facet normal 0 0 1
    outer loop
      vertex -6.10358 -12.3768 18
      vertex -1.14995 -2.33187 18
      vertex -1.3 -2.25167 18
    endloop
  endfacet
  facet normal 0 0 1
    outer loop
      vertex -6.9 -11.9511 18
      vertex -1.3 -2.25167 18
      vertex -1.44448 -2.16182 18
    endloop
  endfacet
  facet normal 0 0 1
    outer loop
      vertex -7.66687 -11.4743 18
      vertex -1.44448 -2.16182 18
      vertex -1.58278 -2.06272 18
    endloop
  endfacet
  facet normal 0 0 1
    outer loop
      vertex -8.40091 -10.9483 18
      vertex -1.58278 -2.06272 18
      vertex -1.7143 -1.95478 18
    endloop
  endfacet
  facet normal 0 0 1
    outer loop
      vertex -0.339368 -2.57776 18
      vertex -1.80126 -13.6819 18
      vertex -0.902563 -13.7705 18
    endloop
  endfacet
  facet normal 0 0 1
    outer loop
      vertex -9.09897 -10.3754 18
      vertex -1.7143 -1.95478 18
      vertex -1.83848 -1.83848 18
    endloop
  endfacet
  facet normal 0 0 1
    outer loop
      vertex -9.75807 -9.75807 18
      vertex -1.83848 -1.83848 18
      vertex -1.95478 -1.7143 18
    endloop
  endfacet
  facet normal 0 0 1
    outer loop
      vertex -10.3754 -9.09897 18
      vertex -1.95478 -1.7143 18
      vertex -2.06272 -1.58278 18
    endloop
  endfacet
  facet normal 0 0 1
    outer loop
      vertex -10.9483 -8.40091 18
      vertex -2.06272 -1.58278 18
      vertex -2.16182 -1.44448 18
    endloop
  endfacet
  facet normal 0 0 1
    outer loop
      vertex -11.4743 -7.66687 18
      vertex -2.16182 -1.44448 18
      vertex -2.25167 -1.3 18
    endloop
  endfacet
  facet normal 0 0 1
    outer loop
      vertex -11.9511 -6.9 18
      vertex -2.25167 -1.3 18
      vertex -2.33187 -1.14995 18
    endloop
  endfacet
  facet normal 0 0 1
    outer loop
      vertex -12.3768 -6.10358 18
      vertex -2.33187 -1.14995 18
      vertex -2.40209 -0.994976 18
    endloop
  endfacet
  facet normal 0 0 1
    outer loop
      vertex -12.7495 -5.28103 18
      vertex -2.40209 -0.994976 18
      vertex -2.46202 -0.835742 18
    endloop
  endfacet
  facet normal 0 0 1
    outer loop
      vertex -13.0676 -4.43586 18
      vertex -2.46202 -0.835742 18
      vertex -2.51141 -0.672929 18
    endloop
  endfacet
  facet normal 0 0 1
    outer loop
      vertex -13.3298 -3.5717 18
      vertex -2.51141 -0.672929 18
      vertex -2.55004 -0.507235 18
    endloop
  endfacet
  facet normal 0 0 1
    outer loop
      vertex -13.5348 -2.69225 18
      vertex -2.55004 -0.507235 18
      vertex -2.57776 -0.339368 18
    endloop
  endfacet
  facet normal 0 0 1
    outer loop
      vertex -13.6819 -1.80126 18
      vertex -2.57776 -0.339368 18
      vertex -2.59443 -0.170048 18
    endloop
  endfacet
  facet normal 0 0 1
    outer loop
      vertex -0.507235 -2.55004 18
      vertex -2.69225 -13.5348 18
      vertex -1.80126 -13.6819 18
    endloop
  endfacet
  facet normal 0 0 1
    outer loop
      vertex -13.7705 -0.902563 18
      vertex -2.59443 -0.170048 18
      vertex -2.6 0 18
    endloop
  endfacet
  facet normal -0 0 1
    outer loop
      vertex -10.9483 8.40091 18
      vertex -2.06272 1.58278 18
      vertex -10.3754 9.09897 18
    endloop
  endfacet
  facet normal 0 0 1
    outer loop
      vertex -2.06272 1.58278 18
      vertex -10.9483 8.40091 18
      vertex -2.16182 1.44448 18
    endloop
  endfacet
  facet normal 0 0 1
    outer loop
      vertex -0.672929 -2.51141 18
      vertex -3.5717 -13.3298 18
      vertex -2.69225 -13.5348 18
    endloop
  endfacet
  facet normal -0 0 1
    outer loop
      vertex -11.4743 7.66687 18
      vertex -2.16182 1.44448 18
      vertex -10.9483 8.40091 18
    endloop
  endfacet
  facet normal 0 0 1
    outer loop
      vertex -0.835742 -2.46202 18
      vertex -4.43586 -13.0676 18
      vertex -3.5717 -13.3298 18
    endloop
  endfacet
  facet normal 0 0 1
    outer loop
      vertex -2.16182 1.44448 18
      vertex -11.4743 7.66687 18
      vertex -2.25167 1.3 18
    endloop
  endfacet
  facet normal 0 0 1
    outer loop
      vertex -0.994976 -2.40209 18
      vertex -5.28103 -12.7495 18
      vertex -4.43586 -13.0676 18
    endloop
  endfacet
  facet normal -0 0 1
    outer loop
      vertex -11.9511 6.9 18
      vertex -2.25167 1.3 18
      vertex -11.4743 7.66687 18
    endloop
  endfacet
  facet normal 0 0 1
    outer loop
      vertex -1.14995 -2.33187 18
      vertex -6.10358 -12.3768 18
      vertex -5.28103 -12.7495 18
    endloop
  endfacet
  facet normal 0 0 1
    outer loop
      vertex -2.25167 1.3 18
      vertex -11.9511 6.9 18
      vertex -2.33187 1.14995 18
    endloop
  endfacet
  facet normal 0 0 1
    outer loop
      vertex -1.3 -2.25167 18
      vertex -6.9 -11.9511 18
      vertex -6.10358 -12.3768 18
    endloop
  endfacet
  facet normal -0 0 1
    outer loop
      vertex -12.3768 6.10358 18
      vertex -2.33187 1.14995 18
      vertex -11.9511 6.9 18
    endloop
  endfacet
  facet normal 0 0 1
    outer loop
      vertex -1.44448 -2.16182 18
      vertex -7.66687 -11.4743 18
      vertex -6.9 -11.9511 18
    endloop
  endfacet
  facet normal 0 0 1
    outer loop
      vertex -2.33187 1.14995 18
      vertex -12.3768 6.10358 18
      vertex -2.40209 0.994976 18
    endloop
  endfacet
  facet normal 0 0 1
    outer loop
      vertex -1.58278 -2.06272 18
      vertex -8.40091 -10.9483 18
      vertex -7.66687 -11.4743 18
    endloop
  endfacet
  facet normal -0 0 1
    outer loop
      vertex -12.7495 5.28103 18
      vertex -2.40209 0.994976 18
      vertex -12.3768 6.10358 18
    endloop
  endfacet
  facet normal 0 0 1
    outer loop
      vertex -1.7143 -1.95478 18
      vertex -9.09897 -10.3754 18
      vertex -8.40091 -10.9483 18
    endloop
  endfacet
  facet normal 0 0 1
    outer loop
      vertex -2.40209 0.994976 18
      vertex -12.7495 5.28103 18
      vertex -2.46202 0.835742 18
    endloop
  endfacet
  facet normal 0 0 1
    outer loop
      vertex -1.83848 -1.83848 18
      vertex -9.75807 -9.75807 18
      vertex -9.09897 -10.3754 18
    endloop
  endfacet
  facet normal -0 0 1
    outer loop
      vertex -13.0676 4.43586 18
      vertex -2.46202 0.835742 18
      vertex -12.7495 5.28103 18
    endloop
  endfacet
  facet normal 0 0 1
    outer loop
      vertex -1.95478 -1.7143 18
      vertex -10.3754 -9.09897 18
      vertex -9.75807 -9.75807 18
    endloop
  endfacet
  facet normal 0 0 1
    outer loop
      vertex -2.46202 0.835742 18
      vertex -13.0676 4.43586 18
      vertex -2.51141 0.672929 18
    endloop
  endfacet
  facet normal 0 0 1
    outer loop
      vertex -2.06272 -1.58278 18
      vertex -10.9483 -8.40091 18
      vertex -10.3754 -9.09897 18
    endloop
  endfacet
  facet normal -0 0 1
    outer loop
      vertex -13.3298 3.5717 18
      vertex -2.51141 0.672929 18
      vertex -13.0676 4.43586 18
    endloop
  endfacet
  facet normal 0 0 1
    outer loop
      vertex -2.16182 -1.44448 18
      vertex -11.4743 -7.66687 18
      vertex -10.9483 -8.40091 18
    endloop
  endfacet
  facet normal 0 0 1
    outer loop
      vertex -2.51141 0.672929 18
      vertex -13.3298 3.5717 18
      vertex -2.55004 0.507235 18
    endloop
  endfacet
  facet normal 0 0 1
    outer loop
      vertex -2.25167 -1.3 18
      vertex -11.9511 -6.9 18
      vertex -11.4743 -7.66687 18
    endloop
  endfacet
  facet normal -0 0 1
    outer loop
      vertex -13.5348 2.69225 18
      vertex -2.55004 0.507235 18
      vertex -13.3298 3.5717 18
    endloop
  endfacet
  facet normal 0 0 1
    outer loop
      vertex -2.33187 -1.14995 18
      vertex -12.3768 -6.10358 18
      vertex -11.9511 -6.9 18
    endloop
  endfacet
  facet normal 0 0 1
    outer loop
      vertex -2.55004 0.507235 18
      vertex -13.5348 2.69225 18
      vertex -2.57776 0.339368 18
    endloop
  endfacet
  facet normal 0 0 1
    outer loop
      vertex -2.40209 -0.994976 18
      vertex -12.7495 -5.28103 18
      vertex -12.3768 -6.10358 18
    endloop
  endfacet
  facet normal -0 0 1
    outer loop
      vertex -13.6819 1.80126 18
      vertex -2.57776 0.339368 18
      vertex -13.5348 2.69225 18
    endloop
  endfacet
  facet normal 0 0 1
    outer loop
      vertex -2.46202 -0.835742 18
      vertex -13.0676 -4.43586 18
      vertex -12.7495 -5.28103 18
    endloop
  endfacet
  facet normal 0 0 1
    outer loop
      vertex -2.57776 0.339368 18
      vertex -13.6819 1.80126 18
      vertex -2.59443 0.170048 18
    endloop
  endfacet
  facet normal 0 0 1
    outer loop
      vertex -2.51141 -0.672929 18
      vertex -13.3298 -3.5717 18
      vertex -13.0676 -4.43586 18
    endloop
  endfacet
  facet normal -0 0 1
    outer loop
      vertex -13.7705 0.902563 18
      vertex -2.59443 0.170048 18
      vertex -13.6819 1.80126 18
    endloop
  endfacet
  facet normal 0 0 1
    outer loop
      vertex -2.55004 -0.507235 18
      vertex -13.5348 -2.69225 18
      vertex -13.3298 -3.5717 18
    endloop
  endfacet
  facet normal 0 0 1
    outer loop
      vertex -2.59443 0.170048 18
      vertex -13.7705 0.902563 18
      vertex -2.6 0 18
    endloop
  endfacet
  facet normal 0 0 1
    outer loop
      vertex -2.57776 -0.339368 18
      vertex -13.6819 -1.80126 18
      vertex -13.5348 -2.69225 18
    endloop
  endfacet
  facet normal 0 0 1
    outer loop
      vertex -13.8 0 18
      vertex -2.6 0 18
      vertex -13.7705 0.902563 18
    endloop
  endfacet
  facet normal 0 0 1
    outer loop
      vertex -2.59443 -0.170048 18
      vertex -13.7705 -0.902563 18
      vertex -13.6819 -1.80126 18
    endloop
  endfacet
  facet normal 0 0 1
    outer loop
      vertex -2.6 0 18
      vertex -13.8 0 18
      vertex -13.7705 -0.902563 18
    endloop
  endfacet
  facet normal -0.956922 0.290345 0
    outer loop
      vertex -13.3298 3.5717 3
      vertex -13.0676 4.43586 18
      vertex -13.0676 4.43586 3
    endloop
  endfacet
  facet normal -0.956922 0.290345 0
    outer loop
      vertex -13.0676 4.43586 18
      vertex -13.3298 3.5717 3
      vertex -13.3298 3.5717 18
    endloop
  endfacet
  facet normal -0.986644 0.162892 0
    outer loop
      vertex -13.6819 1.80126 9
      vertex -13.5348 2.69225 18
      vertex -13.5348 2.69225 9
    endloop
  endfacet
  facet normal -0.986644 0.162892 0
    outer loop
      vertex -13.5348 2.69225 18
      vertex -13.6819 1.80126 9
      vertex -13.6819 1.80126 18
    endloop
  endfacet
  facet normal -0.881919 0.471401 0
    outer loop
      vertex -12.3768 6.10358 3
      vertex -11.9511 6.9 18
      vertex -11.9511 6.9 3
    endloop
  endfacet
  facet normal -0.881919 0.471401 0
    outer loop
      vertex -11.9511 6.9 18
      vertex -12.3768 6.10358 3
      vertex -12.3768 6.10358 18
    endloop
  endfacet
  facet normal -0.773001 0.634405 0
    outer loop
      vertex -10.9483 8.40091 3
      vertex -10.3754 9.09897 18
      vertex -10.3754 9.09897 3
    endloop
  endfacet
  facet normal -0.773001 0.634405 0
    outer loop
      vertex -10.3754 9.09897 18
      vertex -10.9483 8.40091 3
      vertex -10.9483 8.40091 18
    endloop
  endfacet
  facet normal -0.412714 0.910861 0
    outer loop
      vertex -5.28103 12.7495 3
      vertex -6.10358 12.3768 18
      vertex -5.28103 12.7495 18
    endloop
  endfacet
  facet normal -0.412714 0.910861 0
    outer loop
      vertex -6.10358 12.3768 18
      vertex -5.28103 12.7495 3
      vertex -6.10358 12.3768 3
    endloop
  endfacet
  facet normal -0.0981115 0.995175 0
    outer loop
      vertex -0.902563 13.7705 9
      vertex -1.80126 13.6819 18
      vertex -0.902563 13.7705 18
    endloop
  endfacet
  facet normal -0.0981115 0.995175 0
    outer loop
      vertex -1.80126 13.6819 18
      vertex -0.902563 13.7705 9
      vertex -1.80126 13.6819 9
    endloop
  endfacet
  facet normal -0.471401 0.881919 0
    outer loop
      vertex -6.10358 12.3768 3
      vertex -6.9 11.9511 18
      vertex -6.10358 12.3768 18
    endloop
  endfacet
  facet normal -0.471401 0.881919 0
    outer loop
      vertex -6.9 11.9511 18
      vertex -6.10358 12.3768 3
      vertex -6.9 11.9511 3
    endloop
  endfacet
  facet normal -0.729856 0.683601 0
    outer loop
      vertex -10.3754 9.09897 3
      vertex -9.75807 9.75807 18
      vertex -9.75807 9.75807 3
    endloop
  endfacet
  facet normal -0.729856 0.683601 0
    outer loop
      vertex -9.75807 9.75807 18
      vertex -10.3754 9.09897 3
      vertex -10.3754 9.09897 18
    endloop
  endfacet
  facet normal -0.683601 0.729856 0
    outer loop
      vertex -9.09897 10.3754 3
      vertex -9.75807 9.75807 18
      vertex -9.09897 10.3754 18
    endloop
  endfacet
  facet normal -0.683601 0.729856 0
    outer loop
      vertex -9.75807 9.75807 18
      vertex -9.09897 10.3754 3
      vertex -9.75807 9.75807 3
    endloop
  endfacet
  facet normal 0.999473 0.03245 0
    outer loop
      vertex 13.7705 0.902563 18
      vertex 13.7787 0.65 14.1258
      vertex 13.7705 0.902563 13.932
    endloop
  endfacet
  facet normal 0.999461 0.0328233 -2.43584e-05
    outer loop
      vertex 13.7705 0.902563 18
      vertex 13.789 0.336464 14.2557
      vertex 13.7787 0.65 14.1258
    endloop
  endfacet
  facet normal 0.999466 0.0326673 -7.40846e-07
    outer loop
      vertex 13.8 0 18
      vertex 13.789 0.336464 14.2557
      vertex 13.7705 0.902563 18
    endloop
  endfacet
  facet normal 0.999466 0.0326755 0
    outer loop
      vertex 13.789 0.336464 14.2557
      vertex 13.8 0 18
      vertex 13.8 0 14.3
    endloop
  endfacet
  facet normal 0.999473 0.03245 0
    outer loop
      vertex 13.7787 0.65 11.8742
      vertex 13.7705 0.902563 9
      vertex 13.7705 0.902563 12.068
    endloop
  endfacet
  facet normal 0.999461 0.0328199 3.25355e-05
    outer loop
      vertex 13.789 0.336464 11.7443
      vertex 13.7705 0.902563 9
      vertex 13.7787 0.65 11.8742
    endloop
  endfacet
  facet normal 0.999466 0.0326755 -0
    outer loop
      vertex 13.8 0 9
      vertex 13.789 0.336464 11.7443
      vertex 13.8 0 11.7
    endloop
  endfacet
  facet normal 0.999466 0.0326673 1.0108e-06
    outer loop
      vertex 13.789 0.336464 11.7443
      vertex 13.8 0 9
      vertex 13.7705 0.902563 9
    endloop
  endfacet
  facet normal 0.986644 -0.162892 0
    outer loop
      vertex 13.5348 -2.69225 18
      vertex 13.6819 -1.80126 9
      vertex 13.6819 -1.80126 18
    endloop
  endfacet
  facet normal 0.986644 -0.162892 0
    outer loop
      vertex 13.6819 -1.80126 9
      vertex 13.5348 -2.69225 18
      vertex 13.5348 -2.69225 9
    endloop
  endfacet
  facet normal -0.999466 -0.0326673 0
    outer loop
      vertex -13.7705 -0.902563 9
      vertex -13.8 0 18
      vertex -13.8 0 9
    endloop
  endfacet
  facet normal -0.999466 -0.0326673 0
    outer loop
      vertex -13.8 0 18
      vertex -13.7705 -0.902563 9
      vertex -13.7705 -0.902563 18
    endloop
  endfacet
  facet normal -0.935906 -0.352251 0
    outer loop
      vertex -12.7495 -5.28103 3
      vertex -13.0676 -4.43586 18
      vertex -13.0676 -4.43586 3
    endloop
  endfacet
  facet normal -0.935906 -0.352251 0
    outer loop
      vertex -13.0676 -4.43586 18
      vertex -12.7495 -5.28103 3
      vertex -12.7495 -5.28103 18
    endloop
  endfacet
  facet normal 0.352251 -0.935906 0
    outer loop
      vertex 4.43586 -13.0676 3
      vertex 5.28103 -12.7495 18
      vertex 4.43586 -13.0676 18
    endloop
  endfacet
  facet normal 0.352251 -0.935906 0
    outer loop
      vertex 5.28103 -12.7495 18
      vertex 4.43586 -13.0676 3
      vertex 5.28103 -12.7495 3
    endloop
  endfacet
  facet normal 0.910861 0.412714 0
    outer loop
      vertex 12.7495 5.28103 18
      vertex 12.3768 6.10358 3
      vertex 12.3768 6.10358 18
    endloop
  endfacet
  facet normal 0.910861 0.412714 0
    outer loop
      vertex 12.3768 6.10358 3
      vertex 12.7495 5.28103 18
      vertex 12.7495 5.28103 3
    endloop
  endfacet
  facet normal 0.935906 0.352251 0
    outer loop
      vertex 13.0676 4.43586 18
      vertex 12.7495 5.28103 3
      vertex 12.7495 5.28103 18
    endloop
  endfacet
  facet normal 0.935906 0.352251 0
    outer loop
      vertex 12.7495 5.28103 3
      vertex 13.0676 4.43586 18
      vertex 13.0676 4.43586 3
    endloop
  endfacet
  facet normal 0.881919 0.471401 0
    outer loop
      vertex 12.3768 6.10358 18
      vertex 11.9511 6.9 3
      vertex 11.9511 6.9 18
    endloop
  endfacet
  facet normal 0.881919 0.471401 0
    outer loop
      vertex 11.9511 6.9 3
      vertex 12.3768 6.10358 18
      vertex 12.3768 6.10358 3
    endloop
  endfacet
  facet normal 0.290345 0.956922 -0
    outer loop
      vertex 4.43586 13.0676 3
      vertex 3.5717 13.3298 18
      vertex 4.43586 13.0676 18
    endloop
  endfacet
  facet normal 0.290345 0.956922 0
    outer loop
      vertex 3.5717 13.3298 18
      vertex 4.43586 13.0676 3
      vertex 3.5717 13.3298 3
    endloop
  endfacet
  facet normal 0.995175 -0.0981115 0
    outer loop
      vertex 13.6819 -1.80126 18
      vertex 13.7705 -0.902563 13.932
      vertex 13.7705 -0.902563 18
    endloop
  endfacet
  facet normal 0.994892 -0.100943 -0.000631766
    outer loop
      vertex 13.7705 -0.902563 13.932
      vertex 13.6819 -1.80126 18
      vertex 13.7688 -0.919238 13.9192
    endloop
  endfacet
  facet normal 0.995201 -0.0978472 4.40248e-05
    outer loop
      vertex 13.7688 -0.919238 13.9192
      vertex 13.6819 -1.80126 18
      vertex 13.7485 -1.12583 13.65
    endloop
  endfacet
  facet normal 0.995177 -0.0980966 4.9177e-06
    outer loop
      vertex 13.7485 -1.12583 13.65
      vertex 13.6819 -1.80126 18
      vertex 13.7357 -1.2557 13.3365
    endloop
  endfacet
  facet normal 0.995136 -0.098508 -4.36747e-05
    outer loop
      vertex 13.7357 -1.2557 13.3365
      vertex 13.6819 -1.80126 18
      vertex 13.7313 -1.3 13
    endloop
  endfacet
  facet normal 0.994905 -0.100816 0.000799895
    outer loop
      vertex 13.6819 -1.80126 9
      vertex 13.7705 -0.902563 12.068
      vertex 13.7688 -0.919238 12.0808
    endloop
  endfacet
  facet normal 0.9952 -0.0978606 -5.44322e-05
    outer loop
      vertex 13.6819 -1.80126 9
      vertex 13.7688 -0.919238 12.0808
      vertex 13.7485 -1.12583 12.35
    endloop
  endfacet
  facet normal 0.995177 -0.098099 -5.9051e-06
    outer loop
      vertex 13.6819 -1.80126 9
      vertex 13.7485 -1.12583 12.35
      vertex 13.7357 -1.2557 12.6635
    endloop
  endfacet
  facet normal 0.99514 -0.0984659 4.92688e-05
    outer loop
      vertex 13.6819 -1.80126 9
      vertex 13.7357 -1.2557 12.6635
      vertex 13.7313 -1.3 13
    endloop
  endfacet
  facet normal 0.995179 -0.0980765 0
    outer loop
      vertex 13.6819 -1.80126 9
      vertex 13.7313 -1.3 13
      vertex 13.6819 -1.80126 18
    endloop
  endfacet
  facet normal 0.995175 -0.0981115 0
    outer loop
      vertex 13.7705 -0.902563 12.068
      vertex 13.6819 -1.80126 9
      vertex 13.7705 -0.902563 9
    endloop
  endfacet
  facet normal 0.956922 -0.290345 0
    outer loop
      vertex 13.0676 -4.43586 18
      vertex 13.3298 -3.5717 3
      vertex 13.3298 -3.5717 18
    endloop
  endfacet
  facet normal 0.956922 -0.290345 0
    outer loop
      vertex 13.3298 -3.5717 3
      vertex 13.0676 -4.43586 18
      vertex 13.0676 -4.43586 3
    endloop
  endfacet
  facet normal 0.973924 -0.226872 0
    outer loop
      vertex 13.5348 -2.69225 18
      vertex 13.5097 -2.8 9
      vertex 13.5348 -2.69225 9
    endloop
  endfacet
  facet normal 0.973891 -0.227014 1.79089e-06
    outer loop
      vertex 13.3298 -3.5717 18
      vertex 13.5097 -2.8 9
      vertex 13.5348 -2.69225 18
    endloop
  endfacet
  facet normal 0.973887 -0.227034 0
    outer loop
      vertex 13.3298 -3.5717 3
      vertex 13.5097 -2.8 9
      vertex 13.3298 -3.5717 18
    endloop
  endfacet
  facet normal 0.973887 -0.227034 0
    outer loop
      vertex 13.5097 -2.8 9
      vertex 13.3298 -3.5717 3
      vertex 13.5097 -2.8 3
    endloop
  endfacet
  facet normal 0.471401 -0.881919 0
    outer loop
      vertex 6.10358 -12.3768 3
      vertex 6.9 -11.9511 18
      vertex 6.10358 -12.3768 18
    endloop
  endfacet
  facet normal 0.471401 -0.881919 0
    outer loop
      vertex 6.9 -11.9511 18
      vertex 6.10358 -12.3768 3
      vertex 6.9 -11.9511 3
    endloop
  endfacet
  facet normal 0.528012 -0.849237 0
    outer loop
      vertex 6.9 -11.9511 3
      vertex 7.66687 -11.4743 18
      vertex 6.9 -11.9511 18
    endloop
  endfacet
  facet normal 0.528012 -0.849237 0
    outer loop
      vertex 7.66687 -11.4743 18
      vertex 6.9 -11.9511 3
      vertex 7.66687 -11.4743 3
    endloop
  endfacet
  facet normal 0.773001 -0.634405 0
    outer loop
      vertex 10.3754 -9.09897 18
      vertex 10.9483 -8.40091 3
      vertex 10.9483 -8.40091 18
    endloop
  endfacet
  facet normal 0.773001 -0.634405 0
    outer loop
      vertex 10.9483 -8.40091 3
      vertex 10.3754 -9.09897 18
      vertex 10.3754 -9.09897 3
    endloop
  endfacet
  facet normal -0.290345 -0.956922 0
    outer loop
      vertex -4.43586 -13.0676 3
      vertex -3.5717 -13.3298 18
      vertex -4.43586 -13.0676 18
    endloop
  endfacet
  facet normal -0.290345 -0.956922 -0
    outer loop
      vertex -3.5717 -13.3298 18
      vertex -4.43586 -13.0676 3
      vertex -3.5717 -13.3298 3
    endloop
  endfacet
  facet normal -0.528012 -0.849237 0
    outer loop
      vertex -7.66687 -11.4743 3
      vertex -6.9 -11.9511 18
      vertex -7.66687 -11.4743 18
    endloop
  endfacet
  facet normal -0.528012 -0.849237 -0
    outer loop
      vertex -6.9 -11.9511 18
      vertex -7.66687 -11.4743 3
      vertex -6.9 -11.9511 3
    endloop
  endfacet
  facet normal -0.582474 -0.81285 0
    outer loop
      vertex -8.40091 -10.9483 3
      vertex -7.66687 -11.4743 18
      vertex -8.40091 -10.9483 18
    endloop
  endfacet
  facet normal -0.582474 -0.81285 -0
    outer loop
      vertex -7.66687 -11.4743 18
      vertex -8.40091 -10.9483 3
      vertex -7.66687 -11.4743 3
    endloop
  endfacet
  facet normal 0 0 -1
    outer loop
      vertex 2.1 1.53075 0
      vertex 2.06272 1.58278 0
      vertex 2.1 2.5 0
    endloop
  endfacet
  facet normal 0 0 -1
    outer loop
      vertex 5.1 -2.5 0
      vertex 19 0 0
      vertex 18.9593 -1.24266 0
    endloop
  endfacet
  facet normal 0 0 -1
    outer loop
      vertex 5.1 -2.5 0
      vertex 18.9593 -1.24266 0
      vertex 18.8375 -2.48 0
    endloop
  endfacet
  facet normal 0 0 -1
    outer loop
      vertex 5.1 2.5 0
      vertex 19 0 0
      vertex 5.1 -2.5 0
    endloop
  endfacet
  facet normal 0 0 -1
    outer loop
      vertex 5.1 -2.5 0
      vertex 18.8375 -2.48 0
      vertex 18.6349 -3.70672 0
    endloop
  endfacet
  facet normal 0 0 -1
    outer loop
      vertex 19 0 0
      vertex 5.1 2.5 0
      vertex 18.9593 1.24266 0
    endloop
  endfacet
  facet normal 0 0 -1
    outer loop
      vertex 5.1 -2.5 0
      vertex 18.6349 -3.70672 0
      vertex 18.3526 -4.91756 0
    endloop
  endfacet
  facet normal 0 0 -1
    outer loop
      vertex 18.9593 1.24266 0
      vertex 5.1 2.5 0
      vertex 18.8375 2.48 0
    endloop
  endfacet
  facet normal 0 0 -1
    outer loop
      vertex 5.1 -2.5 0
      vertex 18.3526 -4.91756 0
      vertex 17.9917 -6.10735 0
    endloop
  endfacet
  facet normal 0 0 -1
    outer loop
      vertex 18.8375 2.48 0
      vertex 5.1 2.5 0
      vertex 18.6349 3.70672 0
    endloop
  endfacet
  facet normal 0 0 -1
    outer loop
      vertex 5.1 -2.5 0
      vertex 17.9917 -6.10735 0
      vertex 17.5537 -7.27098 0
    endloop
  endfacet
  facet normal -0 0 -1
    outer loop
      vertex 18.6349 3.70672 0
      vertex 5.1 2.5 0
      vertex 18.3526 4.91756 0
    endloop
  endfacet
  facet normal 0 0 -1
    outer loop
      vertex 5.1 -2.5 0
      vertex 17.5537 -7.27098 0
      vertex 17.0406 -8.40348 0
    endloop
  endfacet
  facet normal -0 0 -1
    outer loop
      vertex 18.3526 4.91756 0
      vertex 5.1 2.5 0
      vertex 17.9917 6.10735 0
    endloop
  endfacet
  facet normal 0 0 -1
    outer loop
      vertex 5.1 -2.5 0
      vertex 17.0406 -8.40348 0
      vertex 16.4545 -9.5 0
    endloop
  endfacet
  facet normal -0 0 -1
    outer loop
      vertex 17.9917 6.10735 0
      vertex 5.1 2.5 0
      vertex 17.5537 7.27098 0
    endloop
  endfacet
  facet normal 0 0 -1
    outer loop
      vertex 5.1 -2.5 0
      vertex 16.4545 -9.5 0
      vertex 15.7979 -10.5558 0
    endloop
  endfacet
  facet normal -0 0 -1
    outer loop
      vertex 17.5537 7.27098 0
      vertex 5.1 2.5 0
      vertex 17.0406 8.40348 0
    endloop
  endfacet
  facet normal 0 0 -1
    outer loop
      vertex 5.1 -2.5 0
      vertex 15.7979 -10.5558 0
      vertex 15.0737 -11.5665 0
    endloop
  endfacet
  facet normal -0 0 -1
    outer loop
      vertex 17.0406 8.40348 0
      vertex 5.1 2.5 0
      vertex 16.4545 9.5 0
    endloop
  endfacet
  facet normal 0 0 -1
    outer loop
      vertex 5.1 -2.5 0
      vertex 15.0737 -11.5665 0
      vertex 14.285 -12.5276 0
    endloop
  endfacet
  facet normal -0 0 -1
    outer loop
      vertex 16.4545 9.5 0
      vertex 5.1 2.5 0
      vertex 15.7979 10.5558 0
    endloop
  endfacet
  facet normal 0 0 -1
    outer loop
      vertex 5.1 -2.5 0
      vertex 14.285 -12.5276 0
      vertex 13.435 -13.435 0
    endloop
  endfacet
  facet normal -0 0 -1
    outer loop
      vertex 15.7979 10.5558 0
      vertex 5.1 2.5 0
      vertex 15.0737 11.5665 0
    endloop
  endfacet
  facet normal 0 0 -1
    outer loop
      vertex 5.1 -2.5 0
      vertex 13.435 -13.435 0
      vertex 12.5276 -14.285 0
    endloop
  endfacet
  facet normal -0 0 -1
    outer loop
      vertex 15.0737 11.5665 0
      vertex 5.1 2.5 0
      vertex 14.285 12.5276 0
    endloop
  endfacet
  facet normal 0 0 -1
    outer loop
      vertex 5.1 -2.5 0
      vertex 12.5276 -14.285 0
      vertex 11.5665 -15.0737 0
    endloop
  endfacet
  facet normal -0 0 -1
    outer loop
      vertex 14.285 12.5276 0
      vertex 5.1 2.5 0
      vertex 13.435 13.435 0
    endloop
  endfacet
  facet normal 0 0 -1
    outer loop
      vertex 5.1 -2.5 0
      vertex 11.5665 -15.0737 0
      vertex 10.5558 -15.7979 0
    endloop
  endfacet
  facet normal -0 0 -1
    outer loop
      vertex 13.435 13.435 0
      vertex 5.1 2.5 0
      vertex 12.5276 14.285 0
    endloop
  endfacet
  facet normal 0 0 -1
    outer loop
      vertex 5.1 -2.5 0
      vertex 10.5558 -15.7979 0
      vertex 9.5 -16.4545 0
    endloop
  endfacet
  facet normal -0 0 -1
    outer loop
      vertex 12.5276 14.285 0
      vertex 5.1 2.5 0
      vertex 11.5665 15.0737 0
    endloop
  endfacet
  facet normal 0 0 -1
    outer loop
      vertex 5.1 -2.5 0
      vertex 9.5 -16.4545 0
      vertex 8.40348 -17.0406 0
    endloop
  endfacet
  facet normal -0 0 -1
    outer loop
      vertex 11.5665 15.0737 0
      vertex 5.1 2.5 0
      vertex 10.5558 15.7979 0
    endloop
  endfacet
  facet normal 0 0 -1
    outer loop
      vertex 5.1 -2.5 0
      vertex 8.40348 -17.0406 0
      vertex 7.27098 -17.5537 0
    endloop
  endfacet
  facet normal -0 0 -1
    outer loop
      vertex 10.5558 15.7979 0
      vertex 5.1 2.5 0
      vertex 9.5 16.4545 0
    endloop
  endfacet
  facet normal 0 0 -1
    outer loop
      vertex 5.1 -2.5 0
      vertex 7.27098 -17.5537 0
      vertex 6.10735 -17.9917 0
    endloop
  endfacet
  facet normal -0 0 -1
    outer loop
      vertex 9.5 16.4545 0
      vertex 5.1 2.5 0
      vertex 8.40348 17.0406 0
    endloop
  endfacet
  facet normal -0 0 -1
    outer loop
      vertex 8.40348 17.0406 0
      vertex 5.1 2.5 0
      vertex 7.27098 17.5537 0
    endloop
  endfacet
  facet normal 0 0 -1
    outer loop
      vertex 2.1 -2.5 0
      vertex 6.10735 -17.9917 0
      vertex 4.91756 -18.3526 0
    endloop
  endfacet
  facet normal 0 0 -1
    outer loop
      vertex 2.1 -2.5 0
      vertex 4.91756 -18.3526 0
      vertex 3.70672 -18.6349 0
    endloop
  endfacet
  facet normal 0 0 -1
    outer loop
      vertex 2.1 -2.5 0
      vertex 3.70672 -18.6349 0
      vertex 2.48 -18.8375 0
    endloop
  endfacet
  facet normal 0 0 -1
    outer loop
      vertex 6.10735 -17.9917 0
      vertex 2.1 -2.5 0
      vertex 5.1 -2.5 0
    endloop
  endfacet
  facet normal 0 0 -1
    outer loop
      vertex 2.1 -2.5 0
      vertex 2.06272 -1.58278 0
      vertex 2.1 -1.53075 0
    endloop
  endfacet
  facet normal 0 0 -1
    outer loop
      vertex 0.339368 -2.57776 0
      vertex 2.1 -2.5 0
      vertex 2.48 -18.8375 0
    endloop
  endfacet
  facet normal 0 0 -1
    outer loop
      vertex 2.1 -2.5 0
      vertex 1.95478 -1.7143 0
      vertex 2.06272 -1.58278 0
    endloop
  endfacet
  facet normal 0 0 -1
    outer loop
      vertex 2.1 -2.5 0
      vertex 1.83848 -1.83848 0
      vertex 1.95478 -1.7143 0
    endloop
  endfacet
  facet normal 0 0 -1
    outer loop
      vertex 2.1 -2.5 0
      vertex 1.7143 -1.95478 0
      vertex 1.83848 -1.83848 0
    endloop
  endfacet
  facet normal 0 0 -1
    outer loop
      vertex 2.1 -2.5 0
      vertex 1.58278 -2.06272 0
      vertex 1.7143 -1.95478 0
    endloop
  endfacet
  facet normal 0 0 -1
    outer loop
      vertex 2.1 -2.5 0
      vertex 1.44448 -2.16182 0
      vertex 1.58278 -2.06272 0
    endloop
  endfacet
  facet normal 0 0 -1
    outer loop
      vertex 2.1 -2.5 0
      vertex 1.3 -2.25167 0
      vertex 1.44448 -2.16182 0
    endloop
  endfacet
  facet normal 0 0 -1
    outer loop
      vertex 0.339368 -2.57776 0
      vertex 2.48 -18.8375 0
      vertex 1.24266 -18.9593 0
    endloop
  endfacet
  facet normal 0 0 -1
    outer loop
      vertex 2.1 -2.5 0
      vertex 1.14995 -2.33187 0
      vertex 1.3 -2.25167 0
    endloop
  endfacet
  facet normal 0 0 -1
    outer loop
      vertex 2.1 -2.5 0
      vertex 0.994976 -2.40209 0
      vertex 1.14995 -2.33187 0
    endloop
  endfacet
  facet normal 0 0 -1
    outer loop
      vertex 2.1 -2.5 0
      vertex 0.835742 -2.46202 0
      vertex 0.994976 -2.40209 0
    endloop
  endfacet
  facet normal -0 0 -1
    outer loop
      vertex 2.1 -2.5 0
      vertex 0.672929 -2.51141 0
      vertex 0.835742 -2.46202 0
    endloop
  endfacet
  facet normal 0 0 -1
    outer loop
      vertex 2.1 -2.5 0
      vertex 0.507235 -2.55004 0
      vertex 0.672929 -2.51141 0
    endloop
  endfacet
  facet normal 0 0 -1
    outer loop
      vertex 2.1 -2.5 0
      vertex 0.339368 -2.57776 0
      vertex 0.507235 -2.55004 0
    endloop
  endfacet
  facet normal 0 0 -1
    outer loop
      vertex 1.24266 -18.9593 0
      vertex 0.170048 -2.59443 0
      vertex 0.339368 -2.57776 0
    endloop
  endfacet
  facet normal 0 0 -1
    outer loop
      vertex 0 -19 0
      vertex 0.170048 -2.59443 0
      vertex 1.24266 -18.9593 0
    endloop
  endfacet
  facet normal 0 0 -1
    outer loop
      vertex 0 -19 0
      vertex 0 -2.6 0
      vertex 0.170048 -2.59443 0
    endloop
  endfacet
  facet normal 0 0 -1
    outer loop
      vertex 0 -19 0
      vertex -0.170048 -2.59443 0
      vertex 0 -2.6 0
    endloop
  endfacet
  facet normal 0 0 -1
    outer loop
      vertex -1.24266 -18.9593 0
      vertex -0.170048 -2.59443 0
      vertex 0 -19 0
    endloop
  endfacet
  facet normal -0 0 -1
    outer loop
      vertex -0.170048 -2.59443 0
      vertex -1.24266 -18.9593 0
      vertex -0.339368 -2.57776 0
    endloop
  endfacet
  facet normal 0 0 -1
    outer loop
      vertex -2.48 -18.8375 0
      vertex -0.339368 -2.57776 0
      vertex -1.24266 -18.9593 0
    endloop
  endfacet
  facet normal -0 0 -1
    outer loop
      vertex -0.339368 -2.57776 0
      vertex -2.48 -18.8375 0
      vertex -0.507235 -2.55004 0
    endloop
  endfacet
  facet normal 0 0 -1
    outer loop
      vertex -3.70672 -18.6349 0
      vertex -0.507235 -2.55004 0
      vertex -2.48 -18.8375 0
    endloop
  endfacet
  facet normal -0 0 -1
    outer loop
      vertex -0.507235 -2.55004 0
      vertex -3.70672 -18.6349 0
      vertex -0.672929 -2.51141 0
    endloop
  endfacet
  facet normal 0 0 -1
    outer loop
      vertex -4.91756 -18.3526 0
      vertex -0.672929 -2.51141 0
      vertex -3.70672 -18.6349 0
    endloop
  endfacet
  facet normal -0 0 -1
    outer loop
      vertex -0.672929 -2.51141 0
      vertex -4.91756 -18.3526 0
      vertex -0.835742 -2.46202 0
    endloop
  endfacet
  facet normal 0 0 -1
    outer loop
      vertex -6.10735 -17.9917 0
      vertex -0.835742 -2.46202 0
      vertex -4.91756 -18.3526 0
    endloop
  endfacet
  facet normal -0 0 -1
    outer loop
      vertex -0.835742 -2.46202 0
      vertex -6.10735 -17.9917 0
      vertex -0.994976 -2.40209 0
    endloop
  endfacet
  facet normal 0 0 -1
    outer loop
      vertex -7.27098 -17.5537 0
      vertex -0.994976 -2.40209 0
      vertex -6.10735 -17.9917 0
    endloop
  endfacet
  facet normal -0 0 -1
    outer loop
      vertex -0.994976 -2.40209 0
      vertex -7.27098 -17.5537 0
      vertex -1.14995 -2.33187 0
    endloop
  endfacet
  facet normal 0 0 -1
    outer loop
      vertex -8.40348 -17.0406 0
      vertex -1.14995 -2.33187 0
      vertex -7.27098 -17.5537 0
    endloop
  endfacet
  facet normal -0 0 -1
    outer loop
      vertex -1.14995 -2.33187 0
      vertex -8.40348 -17.0406 0
      vertex -1.3 -2.25167 0
    endloop
  endfacet
  facet normal 0 0 -1
    outer loop
      vertex -9.5 -16.4545 0
      vertex -1.3 -2.25167 0
      vertex -8.40348 -17.0406 0
    endloop
  endfacet
  facet normal -0 0 -1
    outer loop
      vertex -1.3 -2.25167 0
      vertex -9.5 -16.4545 0
      vertex -1.44448 -2.16182 0
    endloop
  endfacet
  facet normal 0 0 -1
    outer loop
      vertex -10.5558 -15.7979 0
      vertex -1.44448 -2.16182 0
      vertex -9.5 -16.4545 0
    endloop
  endfacet
  facet normal -0 0 -1
    outer loop
      vertex -1.44448 -2.16182 0
      vertex -10.5558 -15.7979 0
      vertex -1.58278 -2.06272 0
    endloop
  endfacet
  facet normal 0 0 -1
    outer loop
      vertex -11.5665 -15.0737 0
      vertex -1.58278 -2.06272 0
      vertex -10.5558 -15.7979 0
    endloop
  endfacet
  facet normal -0 0 -1
    outer loop
      vertex -1.58278 -2.06272 0
      vertex -11.5665 -15.0737 0
      vertex -1.7143 -1.95478 0
    endloop
  endfacet
  facet normal 0 0 -1
    outer loop
      vertex -12.5276 -14.285 0
      vertex -1.7143 -1.95478 0
      vertex -11.5665 -15.0737 0
    endloop
  endfacet
  facet normal -0 0 -1
    outer loop
      vertex -1.7143 -1.95478 0
      vertex -12.5276 -14.285 0
      vertex -1.83848 -1.83848 0
    endloop
  endfacet
  facet normal 0 0 -1
    outer loop
      vertex -13.435 -13.435 0
      vertex -1.83848 -1.83848 0
      vertex -12.5276 -14.285 0
    endloop
  endfacet
  facet normal -0 0 -1
    outer loop
      vertex -1.83848 -1.83848 0
      vertex -13.435 -13.435 0
      vertex -1.95478 -1.7143 0
    endloop
  endfacet
  facet normal 0 0 -1
    outer loop
      vertex -14.285 -12.5276 0
      vertex -1.95478 -1.7143 0
      vertex -13.435 -13.435 0
    endloop
  endfacet
  facet normal -0 0 -1
    outer loop
      vertex -1.95478 -1.7143 0
      vertex -14.285 -12.5276 0
      vertex -2.06272 -1.58278 0
    endloop
  endfacet
  facet normal -0 0 -1
    outer loop
      vertex 7.27098 17.5537 0
      vertex 5.1 2.5 0
      vertex 6.10735 17.9917 0
    endloop
  endfacet
  facet normal 0 0 -1
    outer loop
      vertex 2.1 2.5 0
      vertex 6.10735 17.9917 0
      vertex 5.1 2.5 0
    endloop
  endfacet
  facet normal -0 0 -1
    outer loop
      vertex 6.10735 17.9917 0
      vertex 2.1 2.5 0
      vertex 4.91756 18.3526 0
    endloop
  endfacet
  facet normal -0 0 -1
    outer loop
      vertex 4.91756 18.3526 0
      vertex 2.1 2.5 0
      vertex 3.70672 18.6349 0
    endloop
  endfacet
  facet normal -0 0 -1
    outer loop
      vertex 3.70672 18.6349 0
      vertex 2.1 2.5 0
      vertex 2.48 18.8375 0
    endloop
  endfacet
  facet normal 0 0 -1
    outer loop
      vertex 1.95478 1.7143 0
      vertex 2.1 2.5 0
      vertex 2.06272 1.58278 0
    endloop
  endfacet
  facet normal 0 0 -1
    outer loop
      vertex 1.83848 1.83848 0
      vertex 2.1 2.5 0
      vertex 1.95478 1.7143 0
    endloop
  endfacet
  facet normal 0 0 -1
    outer loop
      vertex 1.7143 1.95478 0
      vertex 2.1 2.5 0
      vertex 1.83848 1.83848 0
    endloop
  endfacet
  facet normal 0 0 -1
    outer loop
      vertex 1.58278 2.06272 0
      vertex 2.1 2.5 0
      vertex 1.7143 1.95478 0
    endloop
  endfacet
  facet normal 0 0 -1
    outer loop
      vertex 1.44448 2.16182 0
      vertex 2.1 2.5 0
      vertex 1.58278 2.06272 0
    endloop
  endfacet
  facet normal 0 0 -1
    outer loop
      vertex 1.3 2.25167 0
      vertex 2.1 2.5 0
      vertex 1.44448 2.16182 0
    endloop
  endfacet
  facet normal 0 0 -1
    outer loop
      vertex 1.14995 2.33187 0
      vertex 2.1 2.5 0
      vertex 1.3 2.25167 0
    endloop
  endfacet
  facet normal 0 0 -1
    outer loop
      vertex 0.994976 2.40209 0
      vertex 2.1 2.5 0
      vertex 1.14995 2.33187 0
    endloop
  endfacet
  facet normal 0 0 -1
    outer loop
      vertex 0.835742 2.46202 0
      vertex 2.1 2.5 0
      vertex 0.994976 2.40209 0
    endloop
  endfacet
  facet normal 0 0 -1
    outer loop
      vertex 0.672929 2.51141 0
      vertex 2.1 2.5 0
      vertex 0.835742 2.46202 0
    endloop
  endfacet
  facet normal 0 0 -1
    outer loop
      vertex 0.507235 2.55004 0
      vertex 2.1 2.5 0
      vertex 0.672929 2.51141 0
    endloop
  endfacet
  facet normal 0 0 -1
    outer loop
      vertex 0.339368 2.57776 0
      vertex 2.1 2.5 0
      vertex 0.507235 2.55004 0
    endloop
  endfacet
  facet normal 0 0 -1
    outer loop
      vertex 2.1 2.5 0
      vertex 0.339368 2.57776 0
      vertex 2.48 18.8375 0
    endloop
  endfacet
  facet normal -0 0 -1
    outer loop
      vertex 2.48 18.8375 0
      vertex 0.339368 2.57776 0
      vertex 1.24266 18.9593 0
    endloop
  endfacet
  facet normal 0 0 -1
    outer loop
      vertex 0.170048 2.59443 0
      vertex 1.24266 18.9593 0
      vertex 0.339368 2.57776 0
    endloop
  endfacet
  facet normal 0 0 -1
    outer loop
      vertex 0 2.6 0
      vertex 1.24266 18.9593 0
      vertex 0.170048 2.59443 0
    endloop
  endfacet
  facet normal 0 0 -1
    outer loop
      vertex 0 2.6 0
      vertex 0 19 0
      vertex 1.24266 18.9593 0
    endloop
  endfacet
  facet normal 0 0 -1
    outer loop
      vertex -0.170048 2.59443 0
      vertex 0 19 0
      vertex 0 2.6 0
    endloop
  endfacet
  facet normal 0 0 -1
    outer loop
      vertex -1.24266 18.9593 0
      vertex -0.170048 2.59443 0
      vertex -0.339368 2.57776 0
    endloop
  endfacet
  facet normal 0 0 -1
    outer loop
      vertex -2.48 18.8375 0
      vertex -0.339368 2.57776 0
      vertex -0.507235 2.55004 0
    endloop
  endfacet
  facet normal 0 0 -1
    outer loop
      vertex -3.70672 18.6349 0
      vertex -0.507235 2.55004 0
      vertex -0.672929 2.51141 0
    endloop
  endfacet
  facet normal 0 0 -1
    outer loop
      vertex -4.91756 18.3526 0
      vertex -0.672929 2.51141 0
      vertex -0.835742 2.46202 0
    endloop
  endfacet
  facet normal 0 0 -1
    outer loop
      vertex -6.10735 17.9917 0
      vertex -0.835742 2.46202 0
      vertex -0.994976 2.40209 0
    endloop
  endfacet
  facet normal 0 0 -1
    outer loop
      vertex -7.27098 17.5537 0
      vertex -0.994976 2.40209 0
      vertex -1.14995 2.33187 0
    endloop
  endfacet
  facet normal 0 0 -1
    outer loop
      vertex -0.170048 2.59443 0
      vertex -1.24266 18.9593 0
      vertex 0 19 0
    endloop
  endfacet
  facet normal 0 0 -1
    outer loop
      vertex -8.40348 17.0406 0
      vertex -1.14995 2.33187 0
      vertex -1.3 2.25167 0
    endloop
  endfacet
  facet normal 0 0 -1
    outer loop
      vertex -9.5 16.4545 0
      vertex -1.3 2.25167 0
      vertex -1.44448 2.16182 0
    endloop
  endfacet
  facet normal 0 0 -1
    outer loop
      vertex -10.5558 15.7979 0
      vertex -1.44448 2.16182 0
      vertex -1.58278 2.06272 0
    endloop
  endfacet
  facet normal 0 0 -1
    outer loop
      vertex -11.5665 15.0737 0
      vertex -1.58278 2.06272 0
      vertex -1.7143 1.95478 0
    endloop
  endfacet
  facet normal 0 0 -1
    outer loop
      vertex -12.5276 14.285 0
      vertex -1.7143 1.95478 0
      vertex -1.83848 1.83848 0
    endloop
  endfacet
  facet normal 0 0 -1
    outer loop
      vertex -13.435 13.435 0
      vertex -1.83848 1.83848 0
      vertex -1.95478 1.7143 0
    endloop
  endfacet
  facet normal 0 0 -1
    outer loop
      vertex -14.285 12.5276 0
      vertex -1.95478 1.7143 0
      vertex -2.06272 1.58278 0
    endloop
  endfacet
  facet normal 0 0 -1
    outer loop
      vertex -15.0737 11.5665 0
      vertex -2.06272 1.58278 0
      vertex -2.16182 1.44448 0
    endloop
  endfacet
  facet normal 0 0 -1
    outer loop
      vertex -15.7979 10.5558 0
      vertex -2.16182 1.44448 0
      vertex -2.25167 1.3 0
    endloop
  endfacet
  facet normal 0 0 -1
    outer loop
      vertex -16.4545 9.5 0
      vertex -2.25167 1.3 0
      vertex -2.33187 1.14995 0
    endloop
  endfacet
  facet normal 0 0 -1
    outer loop
      vertex -17.0406 8.40348 0
      vertex -2.33187 1.14995 0
      vertex -2.40209 0.994976 0
    endloop
  endfacet
  facet normal 0 0 -1
    outer loop
      vertex -17.5537 7.27098 0
      vertex -2.40209 0.994976 0
      vertex -2.46202 0.835742 0
    endloop
  endfacet
  facet normal 0 0 -1
    outer loop
      vertex -0.339368 2.57776 0
      vertex -2.48 18.8375 0
      vertex -1.24266 18.9593 0
    endloop
  endfacet
  facet normal 0 0 -1
    outer loop
      vertex -17.9917 6.10735 0
      vertex -2.46202 0.835742 0
      vertex -2.51141 0.672929 0
    endloop
  endfacet
  facet normal 0 0 -1
    outer loop
      vertex -18.3526 4.91756 0
      vertex -2.51141 0.672929 0
      vertex -2.55004 0.507235 0
    endloop
  endfacet
  facet normal 0 0 -1
    outer loop
      vertex -18.6349 3.70672 0
      vertex -2.55004 0.507235 0
      vertex -2.57776 0.339368 0
    endloop
  endfacet
  facet normal 0 0 -1
    outer loop
      vertex -18.8375 2.48 0
      vertex -2.57776 0.339368 0
      vertex -2.59443 0.170048 0
    endloop
  endfacet
  facet normal 0 0 -1
    outer loop
      vertex -18.9593 1.24266 0
      vertex -2.59443 0.170048 0
      vertex -2.6 0 0
    endloop
  endfacet
  facet normal 0 0 -1
    outer loop
      vertex -15.0737 -11.5665 0
      vertex -2.06272 -1.58278 0
      vertex -14.285 -12.5276 0
    endloop
  endfacet
  facet normal 0 0 -1
    outer loop
      vertex -0.507235 2.55004 0
      vertex -3.70672 18.6349 0
      vertex -2.48 18.8375 0
    endloop
  endfacet
  facet normal -0 0 -1
    outer loop
      vertex -2.06272 -1.58278 0
      vertex -15.0737 -11.5665 0
      vertex -2.16182 -1.44448 0
    endloop
  endfacet
  facet normal 0 0 -1
    outer loop
      vertex -0.672929 2.51141 0
      vertex -4.91756 18.3526 0
      vertex -3.70672 18.6349 0
    endloop
  endfacet
  facet normal 0 0 -1
    outer loop
      vertex -15.7979 -10.5558 0
      vertex -2.16182 -1.44448 0
      vertex -15.0737 -11.5665 0
    endloop
  endfacet
  facet normal 0 0 -1
    outer loop
      vertex -0.835742 2.46202 0
      vertex -6.10735 17.9917 0
      vertex -4.91756 18.3526 0
    endloop
  endfacet
  facet normal -0 0 -1
    outer loop
      vertex -2.16182 -1.44448 0
      vertex -15.7979 -10.5558 0
      vertex -2.25167 -1.3 0
    endloop
  endfacet
  facet normal 0 0 -1
    outer loop
      vertex -0.994976 2.40209 0
      vertex -7.27098 17.5537 0
      vertex -6.10735 17.9917 0
    endloop
  endfacet
  facet normal 0 0 -1
    outer loop
      vertex -16.4545 -9.5 0
      vertex -2.25167 -1.3 0
      vertex -15.7979 -10.5558 0
    endloop
  endfacet
  facet normal 0 0 -1
    outer loop
      vertex -1.14995 2.33187 0
      vertex -8.40348 17.0406 0
      vertex -7.27098 17.5537 0
    endloop
  endfacet
  facet normal -0 0 -1
    outer loop
      vertex -2.25167 -1.3 0
      vertex -16.4545 -9.5 0
      vertex -2.33187 -1.14995 0
    endloop
  endfacet
  facet normal 0 0 -1
    outer loop
      vertex -1.3 2.25167 0
      vertex -9.5 16.4545 0
      vertex -8.40348 17.0406 0
    endloop
  endfacet
  facet normal 0 0 -1
    outer loop
      vertex -17.0406 -8.40348 0
      vertex -2.33187 -1.14995 0
      vertex -16.4545 -9.5 0
    endloop
  endfacet
  facet normal 0 0 -1
    outer loop
      vertex -1.44448 2.16182 0
      vertex -10.5558 15.7979 0
      vertex -9.5 16.4545 0
    endloop
  endfacet
  facet normal -0 0 -1
    outer loop
      vertex -2.33187 -1.14995 0
      vertex -17.0406 -8.40348 0
      vertex -2.40209 -0.994976 0
    endloop
  endfacet
  facet normal 0 0 -1
    outer loop
      vertex -1.58278 2.06272 0
      vertex -11.5665 15.0737 0
      vertex -10.5558 15.7979 0
    endloop
  endfacet
  facet normal 0 0 -1
    outer loop
      vertex -17.5537 -7.27098 0
      vertex -2.40209 -0.994976 0
      vertex -17.0406 -8.40348 0
    endloop
  endfacet
  facet normal 0 0 -1
    outer loop
      vertex -1.7143 1.95478 0
      vertex -12.5276 14.285 0
      vertex -11.5665 15.0737 0
    endloop
  endfacet
  facet normal -0 0 -1
    outer loop
      vertex -2.40209 -0.994976 0
      vertex -17.5537 -7.27098 0
      vertex -2.46202 -0.835742 0
    endloop
  endfacet
  facet normal 0 0 -1
    outer loop
      vertex -1.83848 1.83848 0
      vertex -13.435 13.435 0
      vertex -12.5276 14.285 0
    endloop
  endfacet
  facet normal 0 0 -1
    outer loop
      vertex -17.9917 -6.10735 0
      vertex -2.46202 -0.835742 0
      vertex -17.5537 -7.27098 0
    endloop
  endfacet
  facet normal 0 0 -1
    outer loop
      vertex -1.95478 1.7143 0
      vertex -14.285 12.5276 0
      vertex -13.435 13.435 0
    endloop
  endfacet
  facet normal -0 0 -1
    outer loop
      vertex -2.46202 -0.835742 0
      vertex -17.9917 -6.10735 0
      vertex -2.51141 -0.672929 0
    endloop
  endfacet
  facet normal 0 0 -1
    outer loop
      vertex -2.06272 1.58278 0
      vertex -15.0737 11.5665 0
      vertex -14.285 12.5276 0
    endloop
  endfacet
  facet normal 0 0 -1
    outer loop
      vertex -18.3526 -4.91756 0
      vertex -2.51141 -0.672929 0
      vertex -17.9917 -6.10735 0
    endloop
  endfacet
  facet normal 0 0 -1
    outer loop
      vertex -2.16182 1.44448 0
      vertex -15.7979 10.5558 0
      vertex -15.0737 11.5665 0
    endloop
  endfacet
  facet normal -0 0 -1
    outer loop
      vertex -2.51141 -0.672929 0
      vertex -18.3526 -4.91756 0
      vertex -2.55004 -0.507235 0
    endloop
  endfacet
  facet normal 0 0 -1
    outer loop
      vertex -2.25167 1.3 0
      vertex -16.4545 9.5 0
      vertex -15.7979 10.5558 0
    endloop
  endfacet
  facet normal 0 0 -1
    outer loop
      vertex -18.6349 -3.70672 0
      vertex -2.55004 -0.507235 0
      vertex -18.3526 -4.91756 0
    endloop
  endfacet
  facet normal 0 0 -1
    outer loop
      vertex -2.33187 1.14995 0
      vertex -17.0406 8.40348 0
      vertex -16.4545 9.5 0
    endloop
  endfacet
  facet normal -0 0 -1
    outer loop
      vertex -2.55004 -0.507235 0
      vertex -18.6349 -3.70672 0
      vertex -2.57776 -0.339368 0
    endloop
  endfacet
  facet normal 0 0 -1
    outer loop
      vertex -2.40209 0.994976 0
      vertex -17.5537 7.27098 0
      vertex -17.0406 8.40348 0
    endloop
  endfacet
  facet normal 0 0 -1
    outer loop
      vertex -18.8375 -2.48 0
      vertex -2.57776 -0.339368 0
      vertex -18.6349 -3.70672 0
    endloop
  endfacet
  facet normal 0 0 -1
    outer loop
      vertex -2.46202 0.835742 0
      vertex -17.9917 6.10735 0
      vertex -17.5537 7.27098 0
    endloop
  endfacet
  facet normal -0 0 -1
    outer loop
      vertex -2.57776 -0.339368 0
      vertex -18.8375 -2.48 0
      vertex -2.59443 -0.170048 0
    endloop
  endfacet
  facet normal 0 0 -1
    outer loop
      vertex -2.51141 0.672929 0
      vertex -18.3526 4.91756 0
      vertex -17.9917 6.10735 0
    endloop
  endfacet
  facet normal 0 0 -1
    outer loop
      vertex -18.9593 -1.24266 0
      vertex -2.59443 -0.170048 0
      vertex -18.8375 -2.48 0
    endloop
  endfacet
  facet normal 0 0 -1
    outer loop
      vertex -2.55004 0.507235 0
      vertex -18.6349 3.70672 0
      vertex -18.3526 4.91756 0
    endloop
  endfacet
  facet normal -0 0 -1
    outer loop
      vertex -2.59443 -0.170048 0
      vertex -18.9593 -1.24266 0
      vertex -2.6 0 0
    endloop
  endfacet
  facet normal 0 0 -1
    outer loop
      vertex -2.57776 0.339368 0
      vertex -18.8375 2.48 0
      vertex -18.6349 3.70672 0
    endloop
  endfacet
  facet normal 0 0 -1
    outer loop
      vertex -19 0 0
      vertex -2.6 0 0
      vertex -18.9593 -1.24266 0
    endloop
  endfacet
  facet normal 0 0 -1
    outer loop
      vertex -2.59443 0.170048 0
      vertex -18.9593 1.24266 0
      vertex -18.8375 2.48 0
    endloop
  endfacet
  facet normal 0 0 -1
    outer loop
      vertex -2.6 0 0
      vertex -19 0 0
      vertex -18.9593 1.24266 0
    endloop
  endfacet
  facet normal -0.986644 -0.162892 0
    outer loop
      vertex -13.5348 -2.69225 9
      vertex -13.6819 -1.80126 18
      vertex -13.6819 -1.80126 9
    endloop
  endfacet
  facet normal -0.986644 -0.162892 0
    outer loop
      vertex -13.6819 -1.80126 18
      vertex -13.5348 -2.69225 9
      vertex -13.5348 -2.69225 18
    endloop
  endfacet
  facet normal -0.995175 -0.0981115 0
    outer loop
      vertex -13.6819 -1.80126 9
      vertex -13.7705 -0.902563 18
      vertex -13.7705 -0.902563 9
    endloop
  endfacet
  facet normal -0.995175 -0.0981115 0
    outer loop
      vertex -13.7705 -0.902563 18
      vertex -13.6819 -1.80126 9
      vertex -13.6819 -1.80126 18
    endloop
  endfacet
  facet normal -0.849237 -0.528012 0
    outer loop
      vertex -11.4743 -7.66687 3
      vertex -11.9511 -6.9 18
      vertex -11.9511 -6.9 3
    endloop
  endfacet
  facet normal -0.849237 -0.528012 0
    outer loop
      vertex -11.9511 -6.9 18
      vertex -11.4743 -7.66687 3
      vertex -11.4743 -7.66687 18
    endloop
  endfacet
  facet normal -0.910861 -0.412714 0
    outer loop
      vertex -12.3768 -6.10358 3
      vertex -12.7495 -5.28103 18
      vertex -12.7495 -5.28103 3
    endloop
  endfacet
  facet normal -0.910861 -0.412714 0
    outer loop
      vertex -12.7495 -5.28103 18
      vertex -12.3768 -6.10358 3
      vertex -12.3768 -6.10358 18
    endloop
  endfacet
  facet normal 0.226872 -0.973924 0
    outer loop
      vertex 2.8 -13.5097 9
      vertex 2.69225 -13.5348 18
      vertex 2.69225 -13.5348 9
    endloop
  endfacet
  facet normal 0.227014 -0.973891 1.79089e-06
    outer loop
      vertex 2.69225 -13.5348 18
      vertex 2.8 -13.5097 9
      vertex 3.5717 -13.3298 18
    endloop
  endfacet
  facet normal 0.227034 -0.973887 0
    outer loop
      vertex 3.5717 -13.3298 3
      vertex 2.8 -13.5097 9
      vertex 2.8 -13.5097 3
    endloop
  endfacet
  facet normal 0.227034 -0.973887 0
    outer loop
      vertex 2.8 -13.5097 9
      vertex 3.5717 -13.3298 3
      vertex 3.5717 -13.3298 18
    endloop
  endfacet
  facet normal 0.290345 -0.956922 0
    outer loop
      vertex 3.5717 -13.3298 3
      vertex 4.43586 -13.0676 18
      vertex 3.5717 -13.3298 18
    endloop
  endfacet
  facet normal 0.290345 -0.956922 0
    outer loop
      vertex 4.43586 -13.0676 18
      vertex 3.5717 -13.3298 3
      vertex 4.43586 -13.0676 3
    endloop
  endfacet
  facet normal 0.162892 -0.986644 0
    outer loop
      vertex 1.80126 -13.6819 9
      vertex 2.69225 -13.5348 18
      vertex 1.80126 -13.6819 18
    endloop
  endfacet
  facet normal 0.162892 -0.986644 0
    outer loop
      vertex 2.69225 -13.5348 18
      vertex 1.80126 -13.6819 9
      vertex 2.69225 -13.5348 9
    endloop
  endfacet
  facet normal 0.412714 -0.910861 0
    outer loop
      vertex 5.28103 -12.7495 3
      vertex 6.10358 -12.3768 18
      vertex 5.28103 -12.7495 18
    endloop
  endfacet
  facet normal 0.412714 -0.910861 0
    outer loop
      vertex 6.10358 -12.3768 18
      vertex 5.28103 -12.7495 3
      vertex 6.10358 -12.3768 3
    endloop
  endfacet
  facet normal 0.910861 -0.412714 0
    outer loop
      vertex 12.3768 -6.10358 18
      vertex 12.7495 -5.28103 3
      vertex 12.7495 -5.28103 18
    endloop
  endfacet
  facet normal 0.910861 -0.412714 0
    outer loop
      vertex 12.7495 -5.28103 3
      vertex 12.3768 -6.10358 18
      vertex 12.3768 -6.10358 3
    endloop
  endfacet
  facet normal 0.881919 -0.471401 0
    outer loop
      vertex 11.9511 -6.9 18
      vertex 12.3768 -6.10358 3
      vertex 12.3768 -6.10358 18
    endloop
  endfacet
  facet normal 0.881919 -0.471401 0
    outer loop
      vertex 12.3768 -6.10358 3
      vertex 11.9511 -6.9 18
      vertex 11.9511 -6.9 3
    endloop
  endfacet
  facet normal 0.634405 -0.773001 0
    outer loop
      vertex 8.40091 -10.9483 3
      vertex 9.09897 -10.3754 18
      vertex 8.40091 -10.9483 18
    endloop
  endfacet
  facet normal 0.634405 -0.773001 0
    outer loop
      vertex 9.09897 -10.3754 18
      vertex 8.40091 -10.9483 3
      vertex 9.09897 -10.3754 3
    endloop
  endfacet
  facet normal 0.849237 -0.528012 0
    outer loop
      vertex 11.4743 -7.66687 18
      vertex 11.9511 -6.9 3
      vertex 11.9511 -6.9 18
    endloop
  endfacet
  facet normal 0.849237 -0.528012 0
    outer loop
      vertex 11.9511 -6.9 3
      vertex 11.4743 -7.66687 18
      vertex 11.4743 -7.66687 3
    endloop
  endfacet
  facet normal 0.81285 -0.582474 0
    outer loop
      vertex 10.9483 -8.40091 18
      vertex 11.4743 -7.66687 3
      vertex 11.4743 -7.66687 18
    endloop
  endfacet
  facet normal 0.81285 -0.582474 0
    outer loop
      vertex 11.4743 -7.66687 3
      vertex 10.9483 -8.40091 18
      vertex 10.9483 -8.40091 3
    endloop
  endfacet
  facet normal -0.0981115 -0.995175 0
    outer loop
      vertex -1.80126 -13.6819 9
      vertex -0.902563 -13.7705 18
      vertex -1.80126 -13.6819 18
    endloop
  endfacet
  facet normal -0.0981115 -0.995175 -0
    outer loop
      vertex -0.902563 -13.7705 18
      vertex -1.80126 -13.6819 9
      vertex -0.902563 -13.7705 9
    endloop
  endfacet
  facet normal -0.162892 -0.986644 0
    outer loop
      vertex -2.69225 -13.5348 9
      vertex -1.80126 -13.6819 18
      vertex -2.69225 -13.5348 18
    endloop
  endfacet
  facet normal -0.162892 -0.986644 -0
    outer loop
      vertex -1.80126 -13.6819 18
      vertex -2.69225 -13.5348 9
      vertex -1.80126 -13.6819 9
    endloop
  endfacet
  facet normal -0.352251 -0.935906 0
    outer loop
      vertex -5.28103 -12.7495 3
      vertex -4.43586 -13.0676 18
      vertex -5.28103 -12.7495 18
    endloop
  endfacet
  facet normal -0.352251 -0.935906 -0
    outer loop
      vertex -4.43586 -13.0676 18
      vertex -5.28103 -12.7495 3
      vertex -4.43586 -13.0676 3
    endloop
  endfacet
  facet normal -0.634405 -0.773001 0
    outer loop
      vertex -9.09897 -10.3754 3
      vertex -8.40091 -10.9483 18
      vertex -9.09897 -10.3754 18
    endloop
  endfacet
  facet normal -0.634405 -0.773001 -0
    outer loop
      vertex -8.40091 -10.9483 18
      vertex -9.09897 -10.3754 3
      vertex -8.40091 -10.9483 3
    endloop
  endfacet
  facet normal 0.0326673 -0.999466 0
    outer loop
      vertex 0 -13.8 9
      vertex 0.902563 -13.7705 18
      vertex 0 -13.8 18
    endloop
  endfacet
  facet normal 0.0326673 -0.999466 0
    outer loop
      vertex 0.902563 -13.7705 18
      vertex 0 -13.8 9
      vertex 0.902563 -13.7705 9
    endloop
  endfacet
  facet normal -0.683601 -0.729856 0
    outer loop
      vertex -9.75807 -9.75807 3
      vertex -9.09897 -10.3754 18
      vertex -9.75807 -9.75807 18
    endloop
  endfacet
  facet normal -0.683601 -0.729856 -0
    outer loop
      vertex -9.09897 -10.3754 18
      vertex -9.75807 -9.75807 3
      vertex -9.09897 -10.3754 3
    endloop
  endfacet
  facet normal -0.729856 -0.683601 0
    outer loop
      vertex -9.75807 -9.75807 3
      vertex -10.3754 -9.09897 18
      vertex -10.3754 -9.09897 3
    endloop
  endfacet
  facet normal -0.729856 -0.683601 0
    outer loop
      vertex -10.3754 -9.09897 18
      vertex -9.75807 -9.75807 3
      vertex -9.75807 -9.75807 18
    endloop
  endfacet
  facet normal -0.81285 -0.582474 0
    outer loop
      vertex -10.9483 -8.40091 3
      vertex -11.4743 -7.66687 18
      vertex -11.4743 -7.66687 3
    endloop
  endfacet
  facet normal -0.81285 -0.582474 0
    outer loop
      vertex -11.4743 -7.66687 18
      vertex -10.9483 -8.40091 3
      vertex -10.9483 -8.40091 18
    endloop
  endfacet
  facet normal -0.773001 -0.634405 0
    outer loop
      vertex -10.3754 -9.09897 3
      vertex -10.9483 -8.40091 18
      vertex -10.9483 -8.40091 3
    endloop
  endfacet
  facet normal -0.773001 -0.634405 0
    outer loop
      vertex -10.9483 -8.40091 18
      vertex -10.3754 -9.09897 3
      vertex -10.3754 -9.09897 18
    endloop
  endfacet
  facet normal -0.881919 -0.471401 0
    outer loop
      vertex -11.9511 -6.9 3
      vertex -12.3768 -6.10358 18
      vertex -12.3768 -6.10358 3
    endloop
  endfacet
  facet normal -0.881919 -0.471401 0
    outer loop
      vertex -12.3768 -6.10358 18
      vertex -11.9511 -6.9 3
      vertex -11.9511 -6.9 18
    endloop
  endfacet
  facet normal -0.956922 -0.290345 0
    outer loop
      vertex -13.0676 -4.43586 3
      vertex -13.3298 -3.5717 18
      vertex -13.3298 -3.5717 3
    endloop
  endfacet
  facet normal -0.956922 -0.290345 0
    outer loop
      vertex -13.3298 -3.5717 18
      vertex -13.0676 -4.43586 3
      vertex -13.0676 -4.43586 18
    endloop
  endfacet
  facet normal 0.582474 -0.81285 0
    outer loop
      vertex 7.66687 -11.4743 3
      vertex 8.40091 -10.9483 18
      vertex 7.66687 -11.4743 18
    endloop
  endfacet
  facet normal 0.582474 -0.81285 0
    outer loop
      vertex 8.40091 -10.9483 18
      vertex 7.66687 -11.4743 3
      vertex 8.40091 -10.9483 3
    endloop
  endfacet
  facet normal 0.729856 -0.683601 0
    outer loop
      vertex 9.75807 -9.75807 18
      vertex 10.3754 -9.09897 3
      vertex 10.3754 -9.09897 18
    endloop
  endfacet
  facet normal 0.729856 -0.683601 0
    outer loop
      vertex 10.3754 -9.09897 3
      vertex 9.75807 -9.75807 18
      vertex 9.75807 -9.75807 3
    endloop
  endfacet
  facet normal -0.227014 -0.973891 1.79089e-06
    outer loop
      vertex -3.5717 -13.3298 18
      vertex -2.8 -13.5097 9
      vertex -2.69225 -13.5348 18
    endloop
  endfacet
  facet normal -0.227034 -0.973887 0
    outer loop
      vertex -3.5717 -13.3298 3
      vertex -2.8 -13.5097 9
      vertex -3.5717 -13.3298 18
    endloop
  endfacet
  facet normal -0.227034 -0.973887 -0
    outer loop
      vertex -2.8 -13.5097 9
      vertex -3.5717 -13.3298 3
      vertex -2.8 -13.5097 3
    endloop
  endfacet
  facet normal -0.226872 -0.973924 -0
    outer loop
      vertex -2.69225 -13.5348 18
      vertex -2.8 -13.5097 9
      vertex -2.69225 -13.5348 9
    endloop
  endfacet
  facet normal -0.0326673 -0.999466 0
    outer loop
      vertex -0.902563 -13.7705 9
      vertex 0 -13.8 18
      vertex -0.902563 -13.7705 18
    endloop
  endfacet
  facet normal -0.0326673 -0.999466 -0
    outer loop
      vertex 0 -13.8 18
      vertex -0.902563 -13.7705 9
      vertex 0 -13.8 9
    endloop
  endfacet
  facet normal -0.471401 -0.881919 0
    outer loop
      vertex -6.9 -11.9511 3
      vertex -6.10358 -12.3768 18
      vertex -6.9 -11.9511 18
    endloop
  endfacet
  facet normal -0.471401 -0.881919 -0
    outer loop
      vertex -6.10358 -12.3768 18
      vertex -6.9 -11.9511 3
      vertex -6.10358 -12.3768 3
    endloop
  endfacet
  facet normal -0.412714 -0.910861 0
    outer loop
      vertex -6.10358 -12.3768 3
      vertex -5.28103 -12.7495 18
      vertex -6.10358 -12.3768 18
    endloop
  endfacet
  facet normal -0.412714 -0.910861 -0
    outer loop
      vertex -5.28103 -12.7495 18
      vertex -6.10358 -12.3768 3
      vertex -5.28103 -12.7495 3
    endloop
  endfacet
  facet normal 0.634367 0.773032 -0
    outer loop
      vertex 12.5276 14.285 0
      vertex 11.5665 15.0737 3
      vertex 12.5276 14.285 3
    endloop
  endfacet
  facet normal 0.634367 0.773032 0
    outer loop
      vertex 11.5665 15.0737 3
      vertex 12.5276 14.285 0
      vertex 11.5665 15.0737 0
    endloop
  endfacet
  facet normal -0.352279 0.935895 0
    outer loop
      vertex -6.10735 17.9917 0
      vertex -7.27098 17.5537 3
      vertex -6.10735 17.9917 3
    endloop
  endfacet
  facet normal -0.352279 0.935895 0
    outer loop
      vertex -7.27098 17.5537 3
      vertex -6.10735 17.9917 0
      vertex -7.27098 17.5537 0
    endloop
  endfacet
  facet normal -0.910873 0.412688 0
    outer loop
      vertex -17.5537 7.27098 0
      vertex -17.0406 8.40348 3
      vertex -17.0406 8.40348 0
    endloop
  endfacet
  facet normal -0.910873 0.412688 0
    outer loop
      vertex -17.0406 8.40348 3
      vertex -17.5537 7.27098 0
      vertex -17.5537 7.27098 3
    endloop
  endfacet
  facet normal 0.99519 -0.0979635 0
    outer loop
      vertex 18.8375 -2.48 3
      vertex 18.9593 -1.24266 0
      vertex 18.9593 -1.24266 3
    endloop
  endfacet
  facet normal 0.99519 -0.0979635 0
    outer loop
      vertex 18.9593 -1.24266 0
      vertex 18.8375 -2.48 3
      vertex 18.8375 -2.48 0
    endloop
  endfacet
  facet normal -0.412688 -0.910873 0
    outer loop
      vertex -8.40348 -17.0406 0
      vertex -7.27098 -17.5537 3
      vertex -8.40348 -17.0406 3
    endloop
  endfacet
  facet normal -0.412688 -0.910873 -0
    outer loop
      vertex -7.27098 -17.5537 3
      vertex -8.40348 -17.0406 0
      vertex -7.27098 -17.5537 0
    endloop
  endfacet
  facet normal 0.910873 0.412688 0
    outer loop
      vertex 17.5537 7.27098 3
      vertex 17.0406 8.40348 0
      vertex 17.0406 8.40348 3
    endloop
  endfacet
  facet normal 0.910873 0.412688 0
    outer loop
      vertex 17.0406 8.40348 0
      vertex 17.5537 7.27098 3
      vertex 17.5537 7.27098 0
    endloop
  endfacet
  facet normal 0.881922 0.471395 0
    outer loop
      vertex 17.0406 8.40348 3
      vertex 16.4545 9.5 0
      vertex 16.4545 9.5 3
    endloop
  endfacet
  facet normal 0.881922 0.471395 0
    outer loop
      vertex 16.4545 9.5 0
      vertex 17.0406 8.40348 3
      vertex 17.0406 8.40348 0
    endloop
  endfacet
  facet normal 0.412688 0.910873 -0
    outer loop
      vertex 8.40348 17.0406 0
      vertex 7.27098 17.5537 3
      vertex 8.40348 17.0406 3
    endloop
  endfacet
  facet normal 0.412688 0.910873 0
    outer loop
      vertex 7.27098 17.5537 3
      vertex 8.40348 17.0406 0
      vertex 7.27098 17.5537 0
    endloop
  endfacet
  facet normal 0.162948 0.986635 -0
    outer loop
      vertex 3.70672 18.6349 0
      vertex 2.48 18.8375 3
      vertex 3.70672 18.6349 3
    endloop
  endfacet
  facet normal 0.162948 0.986635 0
    outer loop
      vertex 2.48 18.8375 3
      vertex 3.70672 18.6349 0
      vertex 2.48 18.8375 0
    endloop
  endfacet
  facet normal -0.986635 0.162948 0
    outer loop
      vertex -18.8375 2.48 0
      vertex -18.6349 3.70672 3
      vertex -18.6349 3.70672 0
    endloop
  endfacet
  facet normal -0.986635 0.162948 0
    outer loop
      vertex -18.6349 3.70672 3
      vertex -18.8375 2.48 0
      vertex -18.8375 2.48 3
    endloop
  endfacet
  facet normal -0.729813 0.683647 0
    outer loop
      vertex -14.285 12.5276 0
      vertex -13.435 13.435 3
      vertex -13.435 13.435 0
    endloop
  endfacet
  facet normal -0.729813 0.683647 0
    outer loop
      vertex -13.435 13.435 3
      vertex -14.285 12.5276 0
      vertex -14.285 12.5276 3
    endloop
  endfacet
  facet normal -0.162948 0.986635 0
    outer loop
      vertex -2.48 18.8375 0
      vertex -3.70672 18.6349 3
      vertex -2.48 18.8375 3
    endloop
  endfacet
  facet normal -0.162948 0.986635 0
    outer loop
      vertex -3.70672 18.6349 3
      vertex -2.48 18.8375 0
      vertex -3.70672 18.6349 0
    endloop
  endfacet
  facet normal 0.935895 -0.352279 0
    outer loop
      vertex 17.5537 -7.27098 3
      vertex 17.9917 -6.10735 0
      vertex 17.9917 -6.10735 3
    endloop
  endfacet
  facet normal 0.935895 -0.352279 0
    outer loop
      vertex 17.9917 -6.10735 0
      vertex 17.5537 -7.27098 3
      vertex 17.5537 -7.27098 0
    endloop
  endfacet
  facet normal -0.162948 -0.986635 0
    outer loop
      vertex -3.70672 -18.6349 0
      vertex -2.48 -18.8375 3
      vertex -3.70672 -18.6349 3
    endloop
  endfacet
  facet normal -0.162948 -0.986635 -0
    outer loop
      vertex -2.48 -18.8375 3
      vertex -3.70672 -18.6349 0
      vertex -2.48 -18.8375 0
    endloop
  endfacet
  facet normal -0.683647 -0.729813 0
    outer loop
      vertex -13.435 -13.435 0
      vertex -12.5276 -14.285 3
      vertex -13.435 -13.435 3
    endloop
  endfacet
  facet normal -0.683647 -0.729813 -0
    outer loop
      vertex -12.5276 -14.285 3
      vertex -13.435 -13.435 0
      vertex -12.5276 -14.285 0
    endloop
  endfacet
  facet normal 0.973882 0.227055 0
    outer loop
      vertex 18.6349 3.70672 3
      vertex 18.3526 4.91756 0
      vertex 18.3526 4.91756 3
    endloop
  endfacet
  facet normal 0.973882 0.227055 0
    outer loop
      vertex 18.3526 4.91756 0
      vertex 18.6349 3.70672 3
      vertex 18.6349 3.70672 0
    endloop
  endfacet
  facet normal 0.773032 0.634367 0
    outer loop
      vertex 15.0737 11.5665 3
      vertex 14.285 12.5276 0
      vertex 14.285 12.5276 3
    endloop
  endfacet
  facet normal 0.773032 0.634367 0
    outer loop
      vertex 14.285 12.5276 0
      vertex 15.0737 11.5665 3
      vertex 15.0737 11.5665 0
    endloop
  endfacet
  facet normal 0.812869 0.582447 0
    outer loop
      vertex 15.7979 10.5558 3
      vertex 15.0737 11.5665 0
      vertex 15.0737 11.5665 3
    endloop
  endfacet
  facet normal 0.812869 0.582447 0
    outer loop
      vertex 15.0737 11.5665 0
      vertex 15.7979 10.5558 3
      vertex 15.7979 10.5558 0
    endloop
  endfacet
  facet normal 0.528103 0.84918 -0
    outer loop
      vertex 10.5558 15.7979 0
      vertex 9.5 16.4545 3
      vertex 10.5558 15.7979 3
    endloop
  endfacet
  facet normal 0.528103 0.84918 0
    outer loop
      vertex 9.5 16.4545 3
      vertex 10.5558 15.7979 0
      vertex 9.5 16.4545 0
    endloop
  endfacet
  facet normal 0.0327348 0.999464 -0
    outer loop
      vertex 1.24266 18.9593 0
      vertex 0 19 3
      vertex 1.24266 18.9593 3
    endloop
  endfacet
  facet normal 0.0327348 0.999464 0
    outer loop
      vertex 0 19 3
      vertex 1.24266 18.9593 0
      vertex 0 19 0
    endloop
  endfacet
  facet normal 0.471395 0.881922 -0
    outer loop
      vertex 9.5 16.4545 0
      vertex 8.40348 17.0406 3
      vertex 9.5 16.4545 3
    endloop
  endfacet
  facet normal 0.471395 0.881922 0
    outer loop
      vertex 8.40348 17.0406 3
      vertex 9.5 16.4545 0
      vertex 8.40348 17.0406 0
    endloop
  endfacet
  facet normal 0.227055 0.973882 -0
    outer loop
      vertex 4.91756 18.3526 0
      vertex 3.70672 18.6349 3
      vertex 4.91756 18.3526 3
    endloop
  endfacet
  facet normal 0.227055 0.973882 0
    outer loop
      vertex 3.70672 18.6349 3
      vertex 4.91756 18.3526 0
      vertex 3.70672 18.6349 0
    endloop
  endfacet
  facet normal -0.999464 0.0327348 0
    outer loop
      vertex -19 0 0
      vertex -18.9593 1.24266 3
      vertex -18.9593 1.24266 0
    endloop
  endfacet
  facet normal -0.999464 0.0327348 0
    outer loop
      vertex -18.9593 1.24266 3
      vertex -19 0 0
      vertex -19 0 3
    endloop
  endfacet
  facet normal -0.973882 0.227055 0
    outer loop
      vertex -18.6349 3.70672 0
      vertex -18.3526 4.91756 3
      vertex -18.3526 4.91756 0
    endloop
  endfacet
  facet normal -0.973882 0.227055 0
    outer loop
      vertex -18.3526 4.91756 3
      vertex -18.6349 3.70672 0
      vertex -18.6349 3.70672 3
    endloop
  endfacet
  facet normal -0.84918 0.528103 0
    outer loop
      vertex -16.4545 9.5 0
      vertex -15.7979 10.5558 3
      vertex -15.7979 10.5558 0
    endloop
  endfacet
  facet normal -0.84918 0.528103 0
    outer loop
      vertex -15.7979 10.5558 3
      vertex -16.4545 9.5 0
      vertex -16.4545 9.5 3
    endloop
  endfacet
  facet normal -0.812869 0.582447 0
    outer loop
      vertex -15.7979 10.5558 0
      vertex -15.0737 11.5665 3
      vertex -15.0737 11.5665 0
    endloop
  endfacet
  facet normal -0.812869 0.582447 0
    outer loop
      vertex -15.0737 11.5665 3
      vertex -15.7979 10.5558 0
      vertex -15.7979 10.5558 3
    endloop
  endfacet
  facet normal -0.0979635 0.99519 0
    outer loop
      vertex -1.24266 18.9593 0
      vertex -2.48 18.8375 3
      vertex -1.24266 18.9593 3
    endloop
  endfacet
  facet normal -0.0979635 0.99519 0
    outer loop
      vertex -2.48 18.8375 3
      vertex -1.24266 18.9593 0
      vertex -2.48 18.8375 0
    endloop
  endfacet
  facet normal -0.227055 0.973882 0
    outer loop
      vertex -3.70672 18.6349 0
      vertex -4.91756 18.3526 3
      vertex -3.70672 18.6349 3
    endloop
  endfacet
  facet normal -0.227055 0.973882 0
    outer loop
      vertex -4.91756 18.3526 3
      vertex -3.70672 18.6349 0
      vertex -4.91756 18.3526 0
    endloop
  endfacet
  facet normal -0.528103 0.84918 0
    outer loop
      vertex -9.5 16.4545 0
      vertex -10.5558 15.7979 3
      vertex -9.5 16.4545 3
    endloop
  endfacet
  facet normal -0.528103 0.84918 0
    outer loop
      vertex -10.5558 15.7979 3
      vertex -9.5 16.4545 0
      vertex -10.5558 15.7979 0
    endloop
  endfacet
  facet normal -0.471395 0.881922 0
    outer loop
      vertex -8.40348 17.0406 0
      vertex -9.5 16.4545 3
      vertex -8.40348 17.0406 3
    endloop
  endfacet
  facet normal -0.471395 0.881922 0
    outer loop
      vertex -9.5 16.4545 3
      vertex -8.40348 17.0406 0
      vertex -9.5 16.4545 0
    endloop
  endfacet
  facet normal -0.683647 0.729813 0
    outer loop
      vertex -12.5276 14.285 0
      vertex -13.435 13.435 3
      vertex -12.5276 14.285 3
    endloop
  endfacet
  facet normal -0.683647 0.729813 0
    outer loop
      vertex -13.435 13.435 3
      vertex -12.5276 14.285 0
      vertex -13.435 13.435 0
    endloop
  endfacet
  facet normal 0.999464 0.0327348 0
    outer loop
      vertex 19 0 3
      vertex 18.9593 1.24266 0
      vertex 18.9593 1.24266 3
    endloop
  endfacet
  facet normal 0.999464 0.0327348 0
    outer loop
      vertex 18.9593 1.24266 0
      vertex 19 0 3
      vertex 19 0 0
    endloop
  endfacet
  facet normal 0.956945 -0.290271 0
    outer loop
      vertex 17.9917 -6.10735 3
      vertex 18.3526 -4.91756 0
      vertex 18.3526 -4.91756 3
    endloop
  endfacet
  facet normal 0.956945 -0.290271 0
    outer loop
      vertex 18.3526 -4.91756 0
      vertex 17.9917 -6.10735 3
      vertex 17.9917 -6.10735 0
    endloop
  endfacet
  facet normal 0.773032 -0.634367 0
    outer loop
      vertex 14.285 -12.5276 3
      vertex 15.0737 -11.5665 0
      vertex 15.0737 -11.5665 3
    endloop
  endfacet
  facet normal 0.773032 -0.634367 0
    outer loop
      vertex 15.0737 -11.5665 0
      vertex 14.285 -12.5276 3
      vertex 14.285 -12.5276 0
    endloop
  endfacet
  facet normal 0.227055 -0.973882 0
    outer loop
      vertex 3.70672 -18.6349 0
      vertex 4.91756 -18.3526 3
      vertex 3.70672 -18.6349 3
    endloop
  endfacet
  facet normal 0.227055 -0.973882 0
    outer loop
      vertex 4.91756 -18.3526 3
      vertex 3.70672 -18.6349 0
      vertex 4.91756 -18.3526 0
    endloop
  endfacet
  facet normal 0.634367 -0.773032 0
    outer loop
      vertex 11.5665 -15.0737 0
      vertex 12.5276 -14.285 3
      vertex 11.5665 -15.0737 3
    endloop
  endfacet
  facet normal 0.634367 -0.773032 0
    outer loop
      vertex 12.5276 -14.285 3
      vertex 11.5665 -15.0737 0
      vertex 12.5276 -14.285 0
    endloop
  endfacet
  facet normal -0.0327348 -0.999464 0
    outer loop
      vertex -1.24266 -18.9593 0
      vertex 0 -19 3
      vertex -1.24266 -18.9593 3
    endloop
  endfacet
  facet normal -0.0327348 -0.999464 -0
    outer loop
      vertex 0 -19 3
      vertex -1.24266 -18.9593 0
      vertex 0 -19 0
    endloop
  endfacet
  facet normal -0.528103 -0.84918 0
    outer loop
      vertex -10.5558 -15.7979 0
      vertex -9.5 -16.4545 3
      vertex -10.5558 -15.7979 3
    endloop
  endfacet
  facet normal -0.528103 -0.84918 -0
    outer loop
      vertex -9.5 -16.4545 3
      vertex -10.5558 -15.7979 0
      vertex -9.5 -16.4545 0
    endloop
  endfacet
  facet normal -0.973882 -0.227055 0
    outer loop
      vertex -18.3526 -4.91756 0
      vertex -18.6349 -3.70672 3
      vertex -18.6349 -3.70672 0
    endloop
  endfacet
  facet normal -0.973882 -0.227055 0
    outer loop
      vertex -18.6349 -3.70672 3
      vertex -18.3526 -4.91756 0
      vertex -18.3526 -4.91756 3
    endloop
  endfacet
  facet normal -0.935895 -0.352279 0
    outer loop
      vertex -17.5537 -7.27098 0
      vertex -17.9917 -6.10735 3
      vertex -17.9917 -6.10735 0
    endloop
  endfacet
  facet normal -0.935895 -0.352279 0
    outer loop
      vertex -17.9917 -6.10735 3
      vertex -17.5537 -7.27098 0
      vertex -17.5537 -7.27098 3
    endloop
  endfacet
  facet normal -0.729813 -0.683647 0
    outer loop
      vertex -13.435 -13.435 0
      vertex -14.285 -12.5276 3
      vertex -14.285 -12.5276 0
    endloop
  endfacet
  facet normal -0.729813 -0.683647 0
    outer loop
      vertex -14.285 -12.5276 3
      vertex -13.435 -13.435 0
      vertex -13.435 -13.435 3
    endloop
  endfacet
  facet normal 0.986635 0.162948 0
    outer loop
      vertex 18.8375 2.48 3
      vertex 18.6349 3.70672 0
      vertex 18.6349 3.70672 3
    endloop
  endfacet
  facet normal 0.986635 0.162948 0
    outer loop
      vertex 18.6349 3.70672 0
      vertex 18.8375 2.48 3
      vertex 18.8375 2.48 0
    endloop
  endfacet
  facet normal 0.99519 0.0979635 0
    outer loop
      vertex 18.9593 1.24266 3
      vertex 18.8375 2.48 0
      vertex 18.8375 2.48 3
    endloop
  endfacet
  facet normal 0.99519 0.0979635 0
    outer loop
      vertex 18.8375 2.48 0
      vertex 18.9593 1.24266 3
      vertex 18.9593 1.24266 0
    endloop
  endfacet
  facet normal 0.935895 0.352279 0
    outer loop
      vertex 17.9917 6.10735 3
      vertex 17.5537 7.27098 0
      vertex 17.5537 7.27098 3
    endloop
  endfacet
  facet normal 0.935895 0.352279 0
    outer loop
      vertex 17.5537 7.27098 0
      vertex 17.9917 6.10735 3
      vertex 17.9917 6.10735 0
    endloop
  endfacet
  facet normal 0.956945 0.290271 0
    outer loop
      vertex 18.3526 4.91756 3
      vertex 17.9917 6.10735 0
      vertex 17.9917 6.10735 3
    endloop
  endfacet
  facet normal 0.956945 0.290271 0
    outer loop
      vertex 17.9917 6.10735 0
      vertex 18.3526 4.91756 3
      vertex 18.3526 4.91756 0
    endloop
  endfacet
  facet normal 0.729813 0.683647 0
    outer loop
      vertex 14.285 12.5276 3
      vertex 13.435 13.435 0
      vertex 13.435 13.435 3
    endloop
  endfacet
  facet normal 0.729813 0.683647 0
    outer loop
      vertex 13.435 13.435 0
      vertex 14.285 12.5276 3
      vertex 14.285 12.5276 0
    endloop
  endfacet
  facet normal 0.683647 0.729813 -0
    outer loop
      vertex 13.435 13.435 0
      vertex 12.5276 14.285 3
      vertex 13.435 13.435 3
    endloop
  endfacet
  facet normal 0.683647 0.729813 0
    outer loop
      vertex 12.5276 14.285 3
      vertex 13.435 13.435 0
      vertex 12.5276 14.285 0
    endloop
  endfacet
  facet normal 0.582447 0.812869 -0
    outer loop
      vertex 11.5665 15.0737 0
      vertex 10.5558 15.7979 3
      vertex 11.5665 15.0737 3
    endloop
  endfacet
  facet normal 0.582447 0.812869 0
    outer loop
      vertex 10.5558 15.7979 3
      vertex 11.5665 15.0737 0
      vertex 10.5558 15.7979 0
    endloop
  endfacet
  facet normal 0.290271 0.956945 -0
    outer loop
      vertex 6.10735 17.9917 0
      vertex 4.91756 18.3526 3
      vertex 6.10735 17.9917 3
    endloop
  endfacet
  facet normal 0.290271 0.956945 0
    outer loop
      vertex 4.91756 18.3526 3
      vertex 6.10735 17.9917 0
      vertex 4.91756 18.3526 0
    endloop
  endfacet
  facet normal 0.352279 0.935895 -0
    outer loop
      vertex 7.27098 17.5537 0
      vertex 6.10735 17.9917 3
      vertex 7.27098 17.5537 3
    endloop
  endfacet
  facet normal 0.352279 0.935895 0
    outer loop
      vertex 6.10735 17.9917 3
      vertex 7.27098 17.5537 0
      vertex 6.10735 17.9917 0
    endloop
  endfacet
  facet normal 0.0979635 0.99519 -0
    outer loop
      vertex 2.48 18.8375 0
      vertex 1.24266 18.9593 3
      vertex 2.48 18.8375 3
    endloop
  endfacet
  facet normal 0.0979635 0.99519 0
    outer loop
      vertex 1.24266 18.9593 3
      vertex 2.48 18.8375 0
      vertex 1.24266 18.9593 0
    endloop
  endfacet
  facet normal -0.956945 0.290271 0
    outer loop
      vertex -18.3526 4.91756 0
      vertex -17.9917 6.10735 3
      vertex -17.9917 6.10735 0
    endloop
  endfacet
  facet normal -0.956945 0.290271 0
    outer loop
      vertex -17.9917 6.10735 3
      vertex -18.3526 4.91756 0
      vertex -18.3526 4.91756 3
    endloop
  endfacet
  facet normal -0.935895 0.352279 0
    outer loop
      vertex -17.9917 6.10735 0
      vertex -17.5537 7.27098 3
      vertex -17.5537 7.27098 0
    endloop
  endfacet
  facet normal -0.935895 0.352279 0
    outer loop
      vertex -17.5537 7.27098 3
      vertex -17.9917 6.10735 0
      vertex -17.9917 6.10735 3
    endloop
  endfacet
  facet normal -0.99519 0.0979635 0
    outer loop
      vertex -18.9593 1.24266 0
      vertex -18.8375 2.48 3
      vertex -18.8375 2.48 0
    endloop
  endfacet
  facet normal -0.99519 0.0979635 0
    outer loop
      vertex -18.8375 2.48 3
      vertex -18.9593 1.24266 0
      vertex -18.9593 1.24266 3
    endloop
  endfacet
  facet normal -0.881922 0.471395 0
    outer loop
      vertex -17.0406 8.40348 0
      vertex -16.4545 9.5 3
      vertex -16.4545 9.5 0
    endloop
  endfacet
  facet normal -0.881922 0.471395 0
    outer loop
      vertex -16.4545 9.5 3
      vertex -17.0406 8.40348 0
      vertex -17.0406 8.40348 3
    endloop
  endfacet
  facet normal -0.773032 0.634367 0
    outer loop
      vertex -15.0737 11.5665 0
      vertex -14.285 12.5276 3
      vertex -14.285 12.5276 0
    endloop
  endfacet
  facet normal -0.773032 0.634367 0
    outer loop
      vertex -14.285 12.5276 3
      vertex -15.0737 11.5665 0
      vertex -15.0737 11.5665 3
    endloop
  endfacet
  facet normal -0.290271 0.956945 0
    outer loop
      vertex -4.91756 18.3526 0
      vertex -6.10735 17.9917 3
      vertex -4.91756 18.3526 3
    endloop
  endfacet
  facet normal -0.290271 0.956945 0
    outer loop
      vertex -6.10735 17.9917 3
      vertex -4.91756 18.3526 0
      vertex -6.10735 17.9917 0
    endloop
  endfacet
  facet normal -0.0327348 0.999464 0
    outer loop
      vertex 0 19 0
      vertex -1.24266 18.9593 3
      vertex 0 19 3
    endloop
  endfacet
  facet normal -0.0327348 0.999464 0
    outer loop
      vertex -1.24266 18.9593 3
      vertex 0 19 0
      vertex -1.24266 18.9593 0
    endloop
  endfacet
  facet normal -0.412688 0.910873 0
    outer loop
      vertex -7.27098 17.5537 0
      vertex -8.40348 17.0406 3
      vertex -7.27098 17.5537 3
    endloop
  endfacet
  facet normal -0.412688 0.910873 0
    outer loop
      vertex -8.40348 17.0406 3
      vertex -7.27098 17.5537 0
      vertex -8.40348 17.0406 0
    endloop
  endfacet
  facet normal -0.634367 0.773032 0
    outer loop
      vertex -11.5665 15.0737 0
      vertex -12.5276 14.285 3
      vertex -11.5665 15.0737 3
    endloop
  endfacet
  facet normal -0.634367 0.773032 0
    outer loop
      vertex -12.5276 14.285 3
      vertex -11.5665 15.0737 0
      vertex -12.5276 14.285 0
    endloop
  endfacet
  facet normal -0.582447 0.812869 0
    outer loop
      vertex -10.5558 15.7979 0
      vertex -11.5665 15.0737 3
      vertex -10.5558 15.7979 3
    endloop
  endfacet
  facet normal -0.582447 0.812869 0
    outer loop
      vertex -11.5665 15.0737 3
      vertex -10.5558 15.7979 0
      vertex -11.5665 15.0737 0
    endloop
  endfacet
  facet normal 0.999464 -0.0327348 0
    outer loop
      vertex 18.9593 -1.24266 3
      vertex 19 0 0
      vertex 19 0 3
    endloop
  endfacet
  facet normal 0.999464 -0.0327348 0
    outer loop
      vertex 19 0 0
      vertex 18.9593 -1.24266 3
      vertex 18.9593 -1.24266 0
    endloop
  endfacet
  facet normal 0.0327348 -0.999464 0
    outer loop
      vertex 0 -19 0
      vertex 1.24266 -18.9593 3
      vertex 0 -19 3
    endloop
  endfacet
  facet normal 0.0327348 -0.999464 0
    outer loop
      vertex 1.24266 -18.9593 3
      vertex 0 -19 0
      vertex 1.24266 -18.9593 0
    endloop
  endfacet
  facet normal 0.986635 -0.162948 0
    outer loop
      vertex 18.6349 -3.70672 3
      vertex 18.8375 -2.48 0
      vertex 18.8375 -2.48 3
    endloop
  endfacet
  facet normal 0.986635 -0.162948 0
    outer loop
      vertex 18.8375 -2.48 0
      vertex 18.6349 -3.70672 3
      vertex 18.6349 -3.70672 0
    endloop
  endfacet
  facet normal 0.162948 -0.986635 0
    outer loop
      vertex 2.48 -18.8375 0
      vertex 3.70672 -18.6349 3
      vertex 2.48 -18.8375 3
    endloop
  endfacet
  facet normal 0.162948 -0.986635 0
    outer loop
      vertex 3.70672 -18.6349 3
      vertex 2.48 -18.8375 0
      vertex 3.70672 -18.6349 0
    endloop
  endfacet
  facet normal 0.290271 -0.956945 0
    outer loop
      vertex 4.91756 -18.3526 0
      vertex 6.10735 -17.9917 3
      vertex 4.91756 -18.3526 3
    endloop
  endfacet
  facet normal 0.290271 -0.956945 0
    outer loop
      vertex 6.10735 -17.9917 3
      vertex 4.91756 -18.3526 0
      vertex 6.10735 -17.9917 0
    endloop
  endfacet
  facet normal 0.683647 -0.729813 0
    outer loop
      vertex 12.5276 -14.285 0
      vertex 13.435 -13.435 3
      vertex 12.5276 -14.285 3
    endloop
  endfacet
  facet normal 0.683647 -0.729813 0
    outer loop
      vertex 13.435 -13.435 3
      vertex 12.5276 -14.285 0
      vertex 13.435 -13.435 0
    endloop
  endfacet
  facet normal 0.528103 -0.84918 0
    outer loop
      vertex 9.5 -16.4545 0
      vertex 10.5558 -15.7979 3
      vertex 9.5 -16.4545 3
    endloop
  endfacet
  facet normal 0.528103 -0.84918 0
    outer loop
      vertex 10.5558 -15.7979 3
      vertex 9.5 -16.4545 0
      vertex 10.5558 -15.7979 0
    endloop
  endfacet
  facet normal 0.582447 -0.812869 0
    outer loop
      vertex 10.5558 -15.7979 0
      vertex 11.5665 -15.0737 3
      vertex 10.5558 -15.7979 3
    endloop
  endfacet
  facet normal 0.582447 -0.812869 0
    outer loop
      vertex 11.5665 -15.0737 3
      vertex 10.5558 -15.7979 0
      vertex 11.5665 -15.0737 0
    endloop
  endfacet
  facet normal 0.412688 -0.910873 0
    outer loop
      vertex 7.27098 -17.5537 0
      vertex 8.40348 -17.0406 3
      vertex 7.27098 -17.5537 3
    endloop
  endfacet
  facet normal 0.412688 -0.910873 0
    outer loop
      vertex 8.40348 -17.0406 3
      vertex 7.27098 -17.5537 0
      vertex 8.40348 -17.0406 0
    endloop
  endfacet
  facet normal -0.352279 -0.935895 0
    outer loop
      vertex -7.27098 -17.5537 0
      vertex -6.10735 -17.9917 3
      vertex -7.27098 -17.5537 3
    endloop
  endfacet
  facet normal -0.352279 -0.935895 -0
    outer loop
      vertex -6.10735 -17.9917 3
      vertex -7.27098 -17.5537 0
      vertex -6.10735 -17.9917 0
    endloop
  endfacet
  facet normal -0.0979635 -0.99519 0
    outer loop
      vertex -2.48 -18.8375 0
      vertex -1.24266 -18.9593 3
      vertex -2.48 -18.8375 3
    endloop
  endfacet
  facet normal -0.0979635 -0.99519 -0
    outer loop
      vertex -1.24266 -18.9593 3
      vertex -2.48 -18.8375 0
      vertex -1.24266 -18.9593 0
    endloop
  endfacet
  facet normal -0.227055 -0.973882 0
    outer loop
      vertex -4.91756 -18.3526 0
      vertex -3.70672 -18.6349 3
      vertex -4.91756 -18.3526 3
    endloop
  endfacet
  facet normal -0.227055 -0.973882 -0
    outer loop
      vertex -3.70672 -18.6349 3
      vertex -4.91756 -18.3526 0
      vertex -3.70672 -18.6349 0
    endloop
  endfacet
  facet normal -0.471395 -0.881922 0
    outer loop
      vertex -9.5 -16.4545 0
      vertex -8.40348 -17.0406 3
      vertex -9.5 -16.4545 3
    endloop
  endfacet
  facet normal -0.471395 -0.881922 -0
    outer loop
      vertex -8.40348 -17.0406 3
      vertex -9.5 -16.4545 0
      vertex -8.40348 -17.0406 0
    endloop
  endfacet
  facet normal -0.634367 -0.773032 0
    outer loop
      vertex -12.5276 -14.285 0
      vertex -11.5665 -15.0737 3
      vertex -12.5276 -14.285 3
    endloop
  endfacet
  facet normal -0.634367 -0.773032 -0
    outer loop
      vertex -11.5665 -15.0737 3
      vertex -12.5276 -14.285 0
      vertex -11.5665 -15.0737 0
    endloop
  endfacet
  facet normal -0.582447 -0.812869 0
    outer loop
      vertex -11.5665 -15.0737 0
      vertex -10.5558 -15.7979 3
      vertex -11.5665 -15.0737 3
    endloop
  endfacet
  facet normal -0.582447 -0.812869 -0
    outer loop
      vertex -10.5558 -15.7979 3
      vertex -11.5665 -15.0737 0
      vertex -10.5558 -15.7979 0
    endloop
  endfacet
  facet normal -0.956945 -0.290271 0
    outer loop
      vertex -17.9917 -6.10735 0
      vertex -18.3526 -4.91756 3
      vertex -18.3526 -4.91756 0
    endloop
  endfacet
  facet normal -0.956945 -0.290271 0
    outer loop
      vertex -18.3526 -4.91756 3
      vertex -17.9917 -6.10735 0
      vertex -17.9917 -6.10735 3
    endloop
  endfacet
  facet normal -0.986635 -0.162948 0
    outer loop
      vertex -18.6349 -3.70672 0
      vertex -18.8375 -2.48 3
      vertex -18.8375 -2.48 0
    endloop
  endfacet
  facet normal -0.986635 -0.162948 0
    outer loop
      vertex -18.8375 -2.48 3
      vertex -18.6349 -3.70672 0
      vertex -18.6349 -3.70672 3
    endloop
  endfacet
  facet normal -0.999464 -0.0327348 0
    outer loop
      vertex -18.9593 -1.24266 0
      vertex -19 0 3
      vertex -19 0 0
    endloop
  endfacet
  facet normal -0.999464 -0.0327348 0
    outer loop
      vertex -19 0 3
      vertex -18.9593 -1.24266 0
      vertex -18.9593 -1.24266 3
    endloop
  endfacet
  facet normal -0.84918 -0.528103 0
    outer loop
      vertex -15.7979 -10.5558 0
      vertex -16.4545 -9.5 3
      vertex -16.4545 -9.5 0
    endloop
  endfacet
  facet normal -0.84918 -0.528103 0
    outer loop
      vertex -16.4545 -9.5 3
      vertex -15.7979 -10.5558 0
      vertex -15.7979 -10.5558 3
    endloop
  endfacet
  facet normal -0.881922 -0.471395 0
    outer loop
      vertex -16.4545 -9.5 0
      vertex -17.0406 -8.40348 3
      vertex -17.0406 -8.40348 0
    endloop
  endfacet
  facet normal -0.881922 -0.471395 0
    outer loop
      vertex -17.0406 -8.40348 3
      vertex -16.4545 -9.5 0
      vertex -16.4545 -9.5 3
    endloop
  endfacet
  facet normal -0.910873 -0.412688 0
    outer loop
      vertex -17.0406 -8.40348 0
      vertex -17.5537 -7.27098 3
      vertex -17.5537 -7.27098 0
    endloop
  endfacet
  facet normal -0.910873 -0.412688 0
    outer loop
      vertex -17.5537 -7.27098 3
      vertex -17.0406 -8.40348 0
      vertex -17.0406 -8.40348 3
    endloop
  endfacet
  facet normal -0.812869 -0.582447 0
    outer loop
      vertex -15.0737 -11.5665 0
      vertex -15.7979 -10.5558 3
      vertex -15.7979 -10.5558 0
    endloop
  endfacet
  facet normal -0.812869 -0.582447 0
    outer loop
      vertex -15.7979 -10.5558 3
      vertex -15.0737 -11.5665 0
      vertex -15.0737 -11.5665 3
    endloop
  endfacet
  facet normal -0.773032 -0.634367 0
    outer loop
      vertex -14.285 -12.5276 0
      vertex -15.0737 -11.5665 3
      vertex -15.0737 -11.5665 0
    endloop
  endfacet
  facet normal -0.773032 -0.634367 0
    outer loop
      vertex -15.0737 -11.5665 3
      vertex -14.285 -12.5276 0
      vertex -14.285 -12.5276 3
    endloop
  endfacet
  facet normal 0.84918 0.528103 0
    outer loop
      vertex 16.4545 9.5 3
      vertex 15.7979 10.5558 0
      vertex 15.7979 10.5558 3
    endloop
  endfacet
  facet normal 0.84918 0.528103 0
    outer loop
      vertex 15.7979 10.5558 0
      vertex 16.4545 9.5 3
      vertex 16.4545 9.5 0
    endloop
  endfacet
  facet normal 0.973882 -0.227055 0
    outer loop
      vertex 18.3526 -4.91756 3
      vertex 18.6349 -3.70672 0
      vertex 18.6349 -3.70672 3
    endloop
  endfacet
  facet normal 0.973882 -0.227055 0
    outer loop
      vertex 18.6349 -3.70672 0
      vertex 18.3526 -4.91756 3
      vertex 18.3526 -4.91756 0
    endloop
  endfacet
  facet normal 0.910873 -0.412688 0
    outer loop
      vertex 17.0406 -8.40348 3
      vertex 17.5537 -7.27098 0
      vertex 17.5537 -7.27098 3
    endloop
  endfacet
  facet normal 0.910873 -0.412688 0
    outer loop
      vertex 17.5537 -7.27098 0
      vertex 17.0406 -8.40348 3
      vertex 17.0406 -8.40348 0
    endloop
  endfacet
  facet normal 0.84918 -0.528103 0
    outer loop
      vertex 15.7979 -10.5558 3
      vertex 16.4545 -9.5 0
      vertex 16.4545 -9.5 3
    endloop
  endfacet
  facet normal 0.84918 -0.528103 0
    outer loop
      vertex 16.4545 -9.5 0
      vertex 15.7979 -10.5558 3
      vertex 15.7979 -10.5558 0
    endloop
  endfacet
  facet normal 0.812869 -0.582447 0
    outer loop
      vertex 15.0737 -11.5665 3
      vertex 15.7979 -10.5558 0
      vertex 15.7979 -10.5558 3
    endloop
  endfacet
  facet normal 0.812869 -0.582447 0
    outer loop
      vertex 15.7979 -10.5558 0
      vertex 15.0737 -11.5665 3
      vertex 15.0737 -11.5665 0
    endloop
  endfacet
  facet normal 0.0979635 -0.99519 0
    outer loop
      vertex 1.24266 -18.9593 0
      vertex 2.48 -18.8375 3
      vertex 1.24266 -18.9593 3
    endloop
  endfacet
  facet normal 0.0979635 -0.99519 0
    outer loop
      vertex 2.48 -18.8375 3
      vertex 1.24266 -18.9593 0
      vertex 2.48 -18.8375 0
    endloop
  endfacet
  facet normal 0.352279 -0.935895 0
    outer loop
      vertex 6.10735 -17.9917 0
      vertex 7.27098 -17.5537 3
      vertex 6.10735 -17.9917 3
    endloop
  endfacet
  facet normal 0.352279 -0.935895 0
    outer loop
      vertex 7.27098 -17.5537 3
      vertex 6.10735 -17.9917 0
      vertex 7.27098 -17.5537 0
    endloop
  endfacet
  facet normal 0.729813 -0.683647 0
    outer loop
      vertex 13.435 -13.435 3
      vertex 14.285 -12.5276 0
      vertex 14.285 -12.5276 3
    endloop
  endfacet
  facet normal 0.729813 -0.683647 0
    outer loop
      vertex 14.285 -12.5276 0
      vertex 13.435 -13.435 3
      vertex 13.435 -13.435 0
    endloop
  endfacet
  facet normal 0.471395 -0.881922 0
    outer loop
      vertex 8.40348 -17.0406 0
      vertex 9.5 -16.4545 3
      vertex 8.40348 -17.0406 3
    endloop
  endfacet
  facet normal 0.471395 -0.881922 0
    outer loop
      vertex 9.5 -16.4545 3
      vertex 8.40348 -17.0406 0
      vertex 9.5 -16.4545 0
    endloop
  endfacet
  facet normal -0.290271 -0.956945 0
    outer loop
      vertex -6.10735 -17.9917 0
      vertex -4.91756 -18.3526 3
      vertex -6.10735 -17.9917 3
    endloop
  endfacet
  facet normal -0.290271 -0.956945 -0
    outer loop
      vertex -4.91756 -18.3526 3
      vertex -6.10735 -17.9917 0
      vertex -4.91756 -18.3526 0
    endloop
  endfacet
  facet normal -0.99519 -0.0979635 0
    outer loop
      vertex -18.8375 -2.48 0
      vertex -18.9593 -1.24266 3
      vertex -18.9593 -1.24266 0
    endloop
  endfacet
  facet normal -0.99519 -0.0979635 0
    outer loop
      vertex -18.9593 -1.24266 3
      vertex -18.8375 -2.48 0
      vertex -18.8375 -2.48 3
    endloop
  endfacet
  facet normal 0.881922 -0.471395 0
    outer loop
      vertex 16.4545 -9.5 3
      vertex 17.0406 -8.40348 0
      vertex 17.0406 -8.40348 3
    endloop
  endfacet
  facet normal 0.881922 -0.471395 0
    outer loop
      vertex 17.0406 -8.40348 0
      vertex 16.4545 -9.5 3
      vertex 16.4545 -9.5 0
    endloop
  endfacet
  facet normal 0.999464 -0.0327379 0
    outer loop
      vertex -2.6 0 18
      vertex -2.59443 0.170048 0
      vertex -2.59443 0.170048 18
    endloop
  endfacet
  facet normal 0.999464 -0.0327379 0
    outer loop
      vertex -2.59443 0.170048 0
      vertex -2.6 0 18
      vertex -2.6 0 0
    endloop
  endfacet
  facet normal 0.0327379 -0.999464 0
    outer loop
      vertex -0.170048 2.59443 0
      vertex 0 2.6 18
      vertex -0.170048 2.59443 18
    endloop
  endfacet
  facet normal 0.0327379 -0.999464 0
    outer loop
      vertex 0 2.6 18
      vertex -0.170048 2.59443 0
      vertex 0 2.6 0
    endloop
  endfacet
  facet normal -0.68357 -0.729885 0
    outer loop
      vertex 1.7143 1.95478 0
      vertex 1.83848 1.83848 18
      vertex 1.7143 1.95478 18
    endloop
  endfacet
  facet normal -0.68357 -0.729885 -0
    outer loop
      vertex 1.83848 1.83848 18
      vertex 1.7143 1.95478 0
      vertex 1.83848 1.83848 0
    endloop
  endfacet
  facet normal 0.729885 -0.68357 0
    outer loop
      vertex -1.95478 1.7143 18
      vertex -1.83848 1.83848 0
      vertex -1.83848 1.83848 18
    endloop
  endfacet
  facet normal 0.729885 -0.68357 0
    outer loop
      vertex -1.83848 1.83848 0
      vertex -1.95478 1.7143 18
      vertex -1.95478 1.7143 0
    endloop
  endfacet
  facet normal 0.412718 -0.910859 0
    outer loop
      vertex -1.14995 2.33187 0
      vertex -0.994976 2.40209 18
      vertex -1.14995 2.33187 18
    endloop
  endfacet
  facet normal 0.412718 -0.910859 0
    outer loop
      vertex -0.994976 2.40209 18
      vertex -1.14995 2.33187 0
      vertex -0.994976 2.40209 0
    endloop
  endfacet
  facet normal -0.772998 0.634408 0
    outer loop
      vertex 1.95478 -1.7143 0
      vertex 2.06272 -1.58278 18
      vertex 2.06272 -1.58278 0
    endloop
  endfacet
  facet normal -0.772998 0.634408 0
    outer loop
      vertex 2.06272 -1.58278 18
      vertex 1.95478 -1.7143 0
      vertex 1.95478 -1.7143 18
    endloop
  endfacet
  facet normal -0.352243 -0.935909 0
    outer loop
      vertex 0.835742 2.46202 0
      vertex 0.994976 2.40209 18
      vertex 0.835742 2.46202 18
    endloop
  endfacet
  facet normal -0.352243 -0.935909 -0
    outer loop
      vertex 0.994976 2.40209 18
      vertex 0.835742 2.46202 0
      vertex 0.994976 2.40209 0
    endloop
  endfacet
  facet normal -0.528096 -0.849185 0
    outer loop
      vertex 1.3 2.25167 0
      vertex 1.44448 2.16182 18
      vertex 1.3 2.25167 18
    endloop
  endfacet
  facet normal -0.528096 -0.849185 -0
    outer loop
      vertex 1.44448 2.16182 18
      vertex 1.3 2.25167 0
      vertex 1.44448 2.16182 0
    endloop
  endfacet
  facet normal 0.935909 -0.352243 0
    outer loop
      vertex -2.46202 0.835742 18
      vertex -2.40209 0.994976 0
      vertex -2.40209 0.994976 18
    endloop
  endfacet
  facet normal 0.935909 -0.352243 0
    outer loop
      vertex -2.40209 0.994976 0
      vertex -2.46202 0.835742 18
      vertex -2.46202 0.835742 0
    endloop
  endfacet
  facet normal 0.227052 -0.973883 0
    outer loop
      vertex -0.672929 2.51141 0
      vertex -0.507235 2.55004 18
      vertex -0.672929 2.51141 18
    endloop
  endfacet
  facet normal 0.227052 -0.973883 0
    outer loop
      vertex -0.507235 2.55004 18
      vertex -0.672929 2.51141 0
      vertex -0.507235 2.55004 0
    endloop
  endfacet
  facet normal 0.0979789 0.995188 -0
    outer loop
      vertex -0.170048 -2.59443 0
      vertex -0.339368 -2.57776 18
      vertex -0.170048 -2.59443 18
    endloop
  endfacet
  facet normal 0.0979789 0.995188 0
    outer loop
      vertex -0.339368 -2.57776 18
      vertex -0.170048 -2.59443 0
      vertex -0.339368 -2.57776 0
    endloop
  endfacet
  facet normal -0.812878 -0.582435 0
    outer loop
      vertex 2.1 1.53075 0
      vertex 2.06272 1.58278 18
      vertex 2.06272 1.58278 0
    endloop
  endfacet
  facet normal -0.812878 -0.582435 0
    outer loop
      vertex 2.06272 1.58278 18
      vertex 2.1 1.53075 0
      vertex 2.1 1.53075 18
    endloop
  endfacet
  facet normal -0.772998 -0.634408 0
    outer loop
      vertex 2.06272 1.58278 0
      vertex 1.95478 1.7143 18
      vertex 1.95478 1.7143 0
    endloop
  endfacet
  facet normal -0.772998 -0.634408 0
    outer loop
      vertex 1.95478 1.7143 18
      vertex 2.06272 1.58278 0
      vertex 2.06272 1.58278 18
    endloop
  endfacet
  facet normal -0.162924 -0.986639 0
    outer loop
      vertex 0.339368 2.57776 0
      vertex 0.507235 2.55004 18
      vertex 0.339368 2.57776 18
    endloop
  endfacet
  facet normal -0.162924 -0.986639 -0
    outer loop
      vertex 0.507235 2.55004 18
      vertex 0.339368 2.57776 0
      vertex 0.507235 2.55004 0
    endloop
  endfacet
  facet normal -0.290291 -0.956938 0
    outer loop
      vertex 0.672929 2.51141 0
      vertex 0.835742 2.46202 18
      vertex 0.672929 2.51141 18
    endloop
  endfacet
  facet normal -0.290291 -0.956938 -0
    outer loop
      vertex 0.835742 2.46202 18
      vertex 0.672929 2.51141 0
      vertex 0.835742 2.46202 0
    endloop
  endfacet
  facet normal -0.0979789 -0.995188 0
    outer loop
      vertex 0.170048 2.59443 0
      vertex 0.339368 2.57776 18
      vertex 0.170048 2.59443 18
    endloop
  endfacet
  facet normal -0.0979789 -0.995188 -0
    outer loop
      vertex 0.339368 2.57776 18
      vertex 0.170048 2.59443 0
      vertex 0.339368 2.57776 0
    endloop
  endfacet
  facet normal -0.471381 -0.88193 0
    outer loop
      vertex 1.14995 2.33187 0
      vertex 1.3 2.25167 18
      vertex 1.14995 2.33187 18
    endloop
  endfacet
  facet normal -0.471381 -0.88193 -0
    outer loop
      vertex 1.3 2.25167 18
      vertex 1.14995 2.33187 0
      vertex 1.3 2.25167 0
    endloop
  endfacet
  facet normal -0.634408 -0.772998 0
    outer loop
      vertex 1.58278 2.06272 0
      vertex 1.7143 1.95478 18
      vertex 1.58278 2.06272 18
    endloop
  endfacet
  facet normal -0.634408 -0.772998 -0
    outer loop
      vertex 1.7143 1.95478 18
      vertex 1.58278 2.06272 0
      vertex 1.7143 1.95478 0
    endloop
  endfacet
  facet normal 0.973883 -0.227052 0
    outer loop
      vertex -2.55004 0.507235 18
      vertex -2.51141 0.672929 0
      vertex -2.51141 0.672929 18
    endloop
  endfacet
  facet normal 0.973883 -0.227052 0
    outer loop
      vertex -2.51141 0.672929 0
      vertex -2.55004 0.507235 18
      vertex -2.55004 0.507235 0
    endloop
  endfacet
  facet normal 0.849185 -0.528096 0
    outer loop
      vertex -2.25167 1.3 18
      vertex -2.16182 1.44448 0
      vertex -2.16182 1.44448 18
    endloop
  endfacet
  facet normal 0.849185 -0.528096 0
    outer loop
      vertex -2.16182 1.44448 0
      vertex -2.25167 1.3 18
      vertex -2.25167 1.3 0
    endloop
  endfacet
  facet normal 0.772998 -0.634408 0
    outer loop
      vertex -2.06272 1.58278 18
      vertex -1.95478 1.7143 0
      vertex -1.95478 1.7143 18
    endloop
  endfacet
  facet normal 0.772998 -0.634408 0
    outer loop
      vertex -1.95478 1.7143 0
      vertex -2.06272 1.58278 18
      vertex -2.06272 1.58278 0
    endloop
  endfacet
  facet normal 0.88193 -0.471381 0
    outer loop
      vertex -2.33187 1.14995 18
      vertex -2.25167 1.3 0
      vertex -2.25167 1.3 18
    endloop
  endfacet
  facet normal 0.88193 -0.471381 0
    outer loop
      vertex -2.25167 1.3 0
      vertex -2.33187 1.14995 18
      vertex -2.33187 1.14995 0
    endloop
  endfacet
  facet normal 0.956938 -0.290291 0
    outer loop
      vertex -2.51141 0.672929 18
      vertex -2.46202 0.835742 0
      vertex -2.46202 0.835742 18
    endloop
  endfacet
  facet normal 0.956938 -0.290291 0
    outer loop
      vertex -2.46202 0.835742 0
      vertex -2.51141 0.672929 18
      vertex -2.51141 0.672929 0
    endloop
  endfacet
  facet normal 0.995188 -0.0979789 0
    outer loop
      vertex -2.59443 0.170048 18
      vertex -2.57776 0.339368 0
      vertex -2.57776 0.339368 18
    endloop
  endfacet
  facet normal 0.995188 -0.0979789 0
    outer loop
      vertex -2.57776 0.339368 0
      vertex -2.59443 0.170048 18
      vertex -2.59443 0.170048 0
    endloop
  endfacet
  facet normal 0.582461 -0.812859 0
    outer loop
      vertex -1.58278 2.06272 0
      vertex -1.44448 2.16182 18
      vertex -1.58278 2.06272 18
    endloop
  endfacet
  facet normal 0.582461 -0.812859 0
    outer loop
      vertex -1.44448 2.16182 18
      vertex -1.58278 2.06272 0
      vertex -1.44448 2.16182 0
    endloop
  endfacet
  facet normal 0.528096 -0.849185 0
    outer loop
      vertex -1.44448 2.16182 0
      vertex -1.3 2.25167 18
      vertex -1.44448 2.16182 18
    endloop
  endfacet
  facet normal 0.528096 -0.849185 0
    outer loop
      vertex -1.3 2.25167 18
      vertex -1.44448 2.16182 0
      vertex -1.3 2.25167 0
    endloop
  endfacet
  facet normal 0.634408 -0.772998 0
    outer loop
      vertex -1.7143 1.95478 0
      vertex -1.58278 2.06272 18
      vertex -1.7143 1.95478 18
    endloop
  endfacet
  facet normal 0.634408 -0.772998 0
    outer loop
      vertex -1.58278 2.06272 18
      vertex -1.7143 1.95478 0
      vertex -1.58278 2.06272 0
    endloop
  endfacet
  facet normal 0.290291 -0.956938 0
    outer loop
      vertex -0.835742 2.46202 0
      vertex -0.672929 2.51141 18
      vertex -0.835742 2.46202 18
    endloop
  endfacet
  facet normal 0.290291 -0.956938 0
    outer loop
      vertex -0.672929 2.51141 18
      vertex -0.835742 2.46202 0
      vertex -0.672929 2.51141 0
    endloop
  endfacet
  facet normal 0.0979789 -0.995188 0
    outer loop
      vertex -0.339368 2.57776 0
      vertex -0.170048 2.59443 18
      vertex -0.339368 2.57776 18
    endloop
  endfacet
  facet normal 0.0979789 -0.995188 0
    outer loop
      vertex -0.170048 2.59443 18
      vertex -0.339368 2.57776 0
      vertex -0.170048 2.59443 0
    endloop
  endfacet
  facet normal -0.812878 0.582435 0
    outer loop
      vertex 2.06272 -1.58278 0
      vertex 2.1 -1.53075 18
      vertex 2.1 -1.53075 0
    endloop
  endfacet
  facet normal -0.812878 0.582435 0
    outer loop
      vertex 2.1 -1.53075 18
      vertex 2.06272 -1.58278 0
      vertex 2.06272 -1.58278 18
    endloop
  endfacet
  facet normal 0.973883 0.227052 0
    outer loop
      vertex -2.51141 -0.672929 18
      vertex -2.55004 -0.507235 0
      vertex -2.55004 -0.507235 18
    endloop
  endfacet
  facet normal 0.973883 0.227052 0
    outer loop
      vertex -2.55004 -0.507235 0
      vertex -2.51141 -0.672929 18
      vertex -2.51141 -0.672929 0
    endloop
  endfacet
  facet normal -0.0979789 0.995188 0
    outer loop
      vertex 0.339368 -2.57776 0
      vertex 0.170048 -2.59443 18
      vertex 0.339368 -2.57776 18
    endloop
  endfacet
  facet normal -0.0979789 0.995188 0
    outer loop
      vertex 0.170048 -2.59443 18
      vertex 0.339368 -2.57776 0
      vertex 0.170048 -2.59443 0
    endloop
  endfacet
  facet normal -0.412718 0.910859 0
    outer loop
      vertex 1.14995 -2.33187 0
      vertex 0.994976 -2.40209 18
      vertex 1.14995 -2.33187 18
    endloop
  endfacet
  facet normal -0.412718 0.910859 0
    outer loop
      vertex 0.994976 -2.40209 18
      vertex 1.14995 -2.33187 0
      vertex 0.994976 -2.40209 0
    endloop
  endfacet
  facet normal -0.162924 0.986639 0
    outer loop
      vertex 0.507235 -2.55004 0
      vertex 0.339368 -2.57776 18
      vertex 0.507235 -2.55004 18
    endloop
  endfacet
  facet normal -0.162924 0.986639 0
    outer loop
      vertex 0.339368 -2.57776 18
      vertex 0.507235 -2.55004 0
      vertex 0.339368 -2.57776 0
    endloop
  endfacet
  facet normal -0.729885 -0.68357 0
    outer loop
      vertex 1.95478 1.7143 0
      vertex 1.83848 1.83848 18
      vertex 1.83848 1.83848 0
    endloop
  endfacet
  facet normal -0.729885 -0.68357 0
    outer loop
      vertex 1.83848 1.83848 18
      vertex 1.95478 1.7143 0
      vertex 1.95478 1.7143 18
    endloop
  endfacet
  facet normal -0.227052 -0.973883 0
    outer loop
      vertex 0.507235 2.55004 0
      vertex 0.672929 2.51141 18
      vertex 0.507235 2.55004 18
    endloop
  endfacet
  facet normal -0.227052 -0.973883 -0
    outer loop
      vertex 0.672929 2.51141 18
      vertex 0.507235 2.55004 0
      vertex 0.672929 2.51141 0
    endloop
  endfacet
  facet normal -0.0327379 -0.999464 0
    outer loop
      vertex 0 2.6 0
      vertex 0.170048 2.59443 18
      vertex 0 2.6 18
    endloop
  endfacet
  facet normal -0.0327379 -0.999464 -0
    outer loop
      vertex 0.170048 2.59443 18
      vertex 0 2.6 0
      vertex 0.170048 2.59443 0
    endloop
  endfacet
  facet normal -0.412718 -0.910859 0
    outer loop
      vertex 0.994976 2.40209 0
      vertex 1.14995 2.33187 18
      vertex 0.994976 2.40209 18
    endloop
  endfacet
  facet normal -0.412718 -0.910859 -0
    outer loop
      vertex 1.14995 2.33187 18
      vertex 0.994976 2.40209 0
      vertex 1.14995 2.33187 0
    endloop
  endfacet
  facet normal -0.582461 -0.812859 0
    outer loop
      vertex 1.44448 2.16182 0
      vertex 1.58278 2.06272 18
      vertex 1.44448 2.16182 18
    endloop
  endfacet
  facet normal -0.582461 -0.812859 -0
    outer loop
      vertex 1.58278 2.06272 18
      vertex 1.44448 2.16182 0
      vertex 1.58278 2.06272 0
    endloop
  endfacet
  facet normal 0.812859 -0.582461 0
    outer loop
      vertex -2.16182 1.44448 18
      vertex -2.06272 1.58278 0
      vertex -2.06272 1.58278 18
    endloop
  endfacet
  facet normal 0.812859 -0.582461 0
    outer loop
      vertex -2.06272 1.58278 0
      vertex -2.16182 1.44448 18
      vertex -2.16182 1.44448 0
    endloop
  endfacet
  facet normal 0.162924 -0.986639 0
    outer loop
      vertex -0.507235 2.55004 0
      vertex -0.339368 2.57776 18
      vertex -0.507235 2.55004 18
    endloop
  endfacet
  facet normal 0.162924 -0.986639 0
    outer loop
      vertex -0.339368 2.57776 18
      vertex -0.507235 2.55004 0
      vertex -0.339368 2.57776 0
    endloop
  endfacet
  facet normal 0.0327379 0.999464 -0
    outer loop
      vertex 0 -2.6 0
      vertex -0.170048 -2.59443 18
      vertex 0 -2.6 18
    endloop
  endfacet
  facet normal 0.0327379 0.999464 0
    outer loop
      vertex -0.170048 -2.59443 18
      vertex 0 -2.6 0
      vertex -0.170048 -2.59443 0
    endloop
  endfacet
  facet normal 0.999464 0.0327379 0
    outer loop
      vertex -2.59443 -0.170048 18
      vertex -2.6 0 0
      vertex -2.6 0 18
    endloop
  endfacet
  facet normal 0.999464 0.0327379 0
    outer loop
      vertex -2.6 0 0
      vertex -2.59443 -0.170048 18
      vertex -2.59443 -0.170048 0
    endloop
  endfacet
  facet normal -0.352243 0.935909 0
    outer loop
      vertex 0.994976 -2.40209 0
      vertex 0.835742 -2.46202 18
      vertex 0.994976 -2.40209 18
    endloop
  endfacet
  facet normal -0.352243 0.935909 0
    outer loop
      vertex 0.835742 -2.46202 18
      vertex 0.994976 -2.40209 0
      vertex 0.835742 -2.46202 0
    endloop
  endfacet
  facet normal 0.910859 -0.412718 0
    outer loop
      vertex -2.40209 0.994976 18
      vertex -2.33187 1.14995 0
      vertex -2.33187 1.14995 18
    endloop
  endfacet
  facet normal 0.910859 -0.412718 0
    outer loop
      vertex -2.33187 1.14995 0
      vertex -2.40209 0.994976 18
      vertex -2.40209 0.994976 0
    endloop
  endfacet
  facet normal 0.986639 -0.162924 0
    outer loop
      vertex -2.57776 0.339368 18
      vertex -2.55004 0.507235 0
      vertex -2.55004 0.507235 18
    endloop
  endfacet
  facet normal 0.986639 -0.162924 0
    outer loop
      vertex -2.55004 0.507235 0
      vertex -2.57776 0.339368 18
      vertex -2.57776 0.339368 0
    endloop
  endfacet
  facet normal 0.471381 -0.88193 0
    outer loop
      vertex -1.3 2.25167 0
      vertex -1.14995 2.33187 18
      vertex -1.3 2.25167 18
    endloop
  endfacet
  facet normal 0.471381 -0.88193 0
    outer loop
      vertex -1.14995 2.33187 18
      vertex -1.3 2.25167 0
      vertex -1.14995 2.33187 0
    endloop
  endfacet
  facet normal 0.68357 -0.729885 0
    outer loop
      vertex -1.83848 1.83848 0
      vertex -1.7143 1.95478 18
      vertex -1.83848 1.83848 18
    endloop
  endfacet
  facet normal 0.68357 -0.729885 0
    outer loop
      vertex -1.7143 1.95478 18
      vertex -1.83848 1.83848 0
      vertex -1.7143 1.95478 0
    endloop
  endfacet
  facet normal 0.352243 -0.935909 0
    outer loop
      vertex -0.994976 2.40209 0
      vertex -0.835742 2.46202 18
      vertex -0.994976 2.40209 18
    endloop
  endfacet
  facet normal 0.352243 -0.935909 0
    outer loop
      vertex -0.835742 2.46202 18
      vertex -0.994976 2.40209 0
      vertex -0.835742 2.46202 0
    endloop
  endfacet
  facet normal -0.582461 0.812859 0
    outer loop
      vertex 1.58278 -2.06272 0
      vertex 1.44448 -2.16182 18
      vertex 1.58278 -2.06272 18
    endloop
  endfacet
  facet normal -0.582461 0.812859 0
    outer loop
      vertex 1.44448 -2.16182 18
      vertex 1.58278 -2.06272 0
      vertex 1.44448 -2.16182 0
    endloop
  endfacet
  facet normal 0.162924 0.986639 -0
    outer loop
      vertex -0.339368 -2.57776 0
      vertex -0.507235 -2.55004 18
      vertex -0.339368 -2.57776 18
    endloop
  endfacet
  facet normal 0.162924 0.986639 0
    outer loop
      vertex -0.507235 -2.55004 18
      vertex -0.339368 -2.57776 0
      vertex -0.507235 -2.55004 0
    endloop
  endfacet
  facet normal 0.634408 0.772998 -0
    outer loop
      vertex -1.58278 -2.06272 0
      vertex -1.7143 -1.95478 18
      vertex -1.58278 -2.06272 18
    endloop
  endfacet
  facet normal 0.634408 0.772998 0
    outer loop
      vertex -1.7143 -1.95478 18
      vertex -1.58278 -2.06272 0
      vertex -1.7143 -1.95478 0
    endloop
  endfacet
  facet normal 0.812859 0.582461 0
    outer loop
      vertex -2.06272 -1.58278 18
      vertex -2.16182 -1.44448 0
      vertex -2.16182 -1.44448 18
    endloop
  endfacet
  facet normal 0.812859 0.582461 0
    outer loop
      vertex -2.16182 -1.44448 0
      vertex -2.06272 -1.58278 18
      vertex -2.06272 -1.58278 0
    endloop
  endfacet
  facet normal 0.729885 0.68357 0
    outer loop
      vertex -1.83848 -1.83848 18
      vertex -1.95478 -1.7143 0
      vertex -1.95478 -1.7143 18
    endloop
  endfacet
  facet normal 0.729885 0.68357 0
    outer loop
      vertex -1.95478 -1.7143 0
      vertex -1.83848 -1.83848 18
      vertex -1.83848 -1.83848 0
    endloop
  endfacet
  facet normal -0.729885 0.68357 0
    outer loop
      vertex 1.83848 -1.83848 0
      vertex 1.95478 -1.7143 18
      vertex 1.95478 -1.7143 0
    endloop
  endfacet
  facet normal -0.729885 0.68357 0
    outer loop
      vertex 1.95478 -1.7143 18
      vertex 1.83848 -1.83848 0
      vertex 1.83848 -1.83848 18
    endloop
  endfacet
  facet normal -0.68357 0.729885 0
    outer loop
      vertex 1.83848 -1.83848 0
      vertex 1.7143 -1.95478 18
      vertex 1.83848 -1.83848 18
    endloop
  endfacet
  facet normal -0.68357 0.729885 0
    outer loop
      vertex 1.7143 -1.95478 18
      vertex 1.83848 -1.83848 0
      vertex 1.7143 -1.95478 0
    endloop
  endfacet
  facet normal -0.471381 0.88193 0
    outer loop
      vertex 1.3 -2.25167 0
      vertex 1.14995 -2.33187 18
      vertex 1.3 -2.25167 18
    endloop
  endfacet
  facet normal -0.471381 0.88193 0
    outer loop
      vertex 1.14995 -2.33187 18
      vertex 1.3 -2.25167 0
      vertex 1.14995 -2.33187 0
    endloop
  endfacet
  facet normal -0.0327379 0.999464 0
    outer loop
      vertex 0.170048 -2.59443 0
      vertex 0 -2.6 18
      vertex 0.170048 -2.59443 18
    endloop
  endfacet
  facet normal -0.0327379 0.999464 0
    outer loop
      vertex 0 -2.6 18
      vertex 0.170048 -2.59443 0
      vertex 0 -2.6 0
    endloop
  endfacet
  facet normal 0.290291 0.956938 -0
    outer loop
      vertex -0.672929 -2.51141 0
      vertex -0.835742 -2.46202 18
      vertex -0.672929 -2.51141 18
    endloop
  endfacet
  facet normal 0.290291 0.956938 0
    outer loop
      vertex -0.835742 -2.46202 18
      vertex -0.672929 -2.51141 0
      vertex -0.835742 -2.46202 0
    endloop
  endfacet
  facet normal 0.88193 0.471381 0
    outer loop
      vertex -2.25167 -1.3 18
      vertex -2.33187 -1.14995 0
      vertex -2.33187 -1.14995 18
    endloop
  endfacet
  facet normal 0.88193 0.471381 0
    outer loop
      vertex -2.33187 -1.14995 0
      vertex -2.25167 -1.3 18
      vertex -2.25167 -1.3 0
    endloop
  endfacet
  facet normal 0.68357 0.729885 -0
    outer loop
      vertex -1.7143 -1.95478 0
      vertex -1.83848 -1.83848 18
      vertex -1.7143 -1.95478 18
    endloop
  endfacet
  facet normal 0.68357 0.729885 0
    outer loop
      vertex -1.83848 -1.83848 18
      vertex -1.7143 -1.95478 0
      vertex -1.83848 -1.83848 0
    endloop
  endfacet
  facet normal 0.772998 0.634408 0
    outer loop
      vertex -1.95478 -1.7143 18
      vertex -2.06272 -1.58278 0
      vertex -2.06272 -1.58278 18
    endloop
  endfacet
  facet normal 0.772998 0.634408 0
    outer loop
      vertex -2.06272 -1.58278 0
      vertex -1.95478 -1.7143 18
      vertex -1.95478 -1.7143 0
    endloop
  endfacet
  facet normal 0.910859 0.412718 0
    outer loop
      vertex -2.33187 -1.14995 18
      vertex -2.40209 -0.994976 0
      vertex -2.40209 -0.994976 18
    endloop
  endfacet
  facet normal 0.910859 0.412718 0
    outer loop
      vertex -2.40209 -0.994976 0
      vertex -2.33187 -1.14995 18
      vertex -2.33187 -1.14995 0
    endloop
  endfacet
  facet normal 0.935909 0.352243 0
    outer loop
      vertex -2.40209 -0.994976 18
      vertex -2.46202 -0.835742 0
      vertex -2.46202 -0.835742 18
    endloop
  endfacet
  facet normal 0.935909 0.352243 0
    outer loop
      vertex -2.46202 -0.835742 0
      vertex -2.40209 -0.994976 18
      vertex -2.40209 -0.994976 0
    endloop
  endfacet
  facet normal 0.956938 0.290291 0
    outer loop
      vertex -2.46202 -0.835742 18
      vertex -2.51141 -0.672929 0
      vertex -2.51141 -0.672929 18
    endloop
  endfacet
  facet normal 0.956938 0.290291 0
    outer loop
      vertex -2.51141 -0.672929 0
      vertex -2.46202 -0.835742 18
      vertex -2.46202 -0.835742 0
    endloop
  endfacet
  facet normal 0.986639 0.162924 0
    outer loop
      vertex -2.55004 -0.507235 18
      vertex -2.57776 -0.339368 0
      vertex -2.57776 -0.339368 18
    endloop
  endfacet
  facet normal 0.986639 0.162924 0
    outer loop
      vertex -2.57776 -0.339368 0
      vertex -2.55004 -0.507235 18
      vertex -2.55004 -0.507235 0
    endloop
  endfacet
  facet normal 0.995188 0.0979789 0
    outer loop
      vertex -2.57776 -0.339368 18
      vertex -2.59443 -0.170048 0
      vertex -2.59443 -0.170048 18
    endloop
  endfacet
  facet normal 0.995188 0.0979789 0
    outer loop
      vertex -2.59443 -0.170048 0
      vertex -2.57776 -0.339368 18
      vertex -2.57776 -0.339368 0
    endloop
  endfacet
  facet normal -0.290291 0.956938 0
    outer loop
      vertex 0.835742 -2.46202 0
      vertex 0.672929 -2.51141 18
      vertex 0.835742 -2.46202 18
    endloop
  endfacet
  facet normal -0.290291 0.956938 0
    outer loop
      vertex 0.672929 -2.51141 18
      vertex 0.835742 -2.46202 0
      vertex 0.672929 -2.51141 0
    endloop
  endfacet
  facet normal -0.227052 0.973883 0
    outer loop
      vertex 0.672929 -2.51141 0
      vertex 0.507235 -2.55004 18
      vertex 0.672929 -2.51141 18
    endloop
  endfacet
  facet normal -0.227052 0.973883 0
    outer loop
      vertex 0.507235 -2.55004 18
      vertex 0.672929 -2.51141 0
      vertex 0.507235 -2.55004 0
    endloop
  endfacet
  facet normal -0.528096 0.849185 0
    outer loop
      vertex 1.44448 -2.16182 0
      vertex 1.3 -2.25167 18
      vertex 1.44448 -2.16182 18
    endloop
  endfacet
  facet normal -0.528096 0.849185 0
    outer loop
      vertex 1.3 -2.25167 18
      vertex 1.44448 -2.16182 0
      vertex 1.3 -2.25167 0
    endloop
  endfacet
  facet normal -0.634408 0.772998 0
    outer loop
      vertex 1.7143 -1.95478 0
      vertex 1.58278 -2.06272 18
      vertex 1.7143 -1.95478 18
    endloop
  endfacet
  facet normal -0.634408 0.772998 0
    outer loop
      vertex 1.58278 -2.06272 18
      vertex 1.7143 -1.95478 0
      vertex 1.58278 -2.06272 0
    endloop
  endfacet
  facet normal 0.227052 0.973883 -0
    outer loop
      vertex -0.507235 -2.55004 0
      vertex -0.672929 -2.51141 18
      vertex -0.507235 -2.55004 18
    endloop
  endfacet
  facet normal 0.227052 0.973883 0
    outer loop
      vertex -0.672929 -2.51141 18
      vertex -0.507235 -2.55004 0
      vertex -0.672929 -2.51141 0
    endloop
  endfacet
  facet normal 0.582461 0.812859 -0
    outer loop
      vertex -1.44448 -2.16182 0
      vertex -1.58278 -2.06272 18
      vertex -1.44448 -2.16182 18
    endloop
  endfacet
  facet normal 0.582461 0.812859 0
    outer loop
      vertex -1.58278 -2.06272 18
      vertex -1.44448 -2.16182 0
      vertex -1.58278 -2.06272 0
    endloop
  endfacet
  facet normal 0.412718 0.910859 -0
    outer loop
      vertex -0.994976 -2.40209 0
      vertex -1.14995 -2.33187 18
      vertex -0.994976 -2.40209 18
    endloop
  endfacet
  facet normal 0.412718 0.910859 0
    outer loop
      vertex -1.14995 -2.33187 18
      vertex -0.994976 -2.40209 0
      vertex -1.14995 -2.33187 0
    endloop
  endfacet
  facet normal 0.849185 0.528096 0
    outer loop
      vertex -2.16182 -1.44448 18
      vertex -2.25167 -1.3 0
      vertex -2.25167 -1.3 18
    endloop
  endfacet
  facet normal 0.849185 0.528096 0
    outer loop
      vertex -2.25167 -1.3 0
      vertex -2.16182 -1.44448 18
      vertex -2.16182 -1.44448 0
    endloop
  endfacet
  facet normal 0.471381 0.88193 -0
    outer loop
      vertex -1.14995 -2.33187 0
      vertex -1.3 -2.25167 18
      vertex -1.14995 -2.33187 18
    endloop
  endfacet
  facet normal 0.471381 0.88193 0
    outer loop
      vertex -1.3 -2.25167 18
      vertex -1.14995 -2.33187 0
      vertex -1.3 -2.25167 0
    endloop
  endfacet
  facet normal 0.528096 0.849185 -0
    outer loop
      vertex -1.3 -2.25167 0
      vertex -1.44448 -2.16182 18
      vertex -1.3 -2.25167 18
    endloop
  endfacet
  facet normal 0.528096 0.849185 0
    outer loop
      vertex -1.44448 -2.16182 18
      vertex -1.3 -2.25167 0
      vertex -1.44448 -2.16182 0
    endloop
  endfacet
  facet normal 0.352243 0.935909 -0
    outer loop
      vertex -0.835742 -2.46202 0
      vertex -0.994976 -2.40209 18
      vertex -0.835742 -2.46202 18
    endloop
  endfacet
  facet normal 0.352243 0.935909 0
    outer loop
      vertex -0.994976 -2.40209 18
      vertex -0.835742 -2.46202 0
      vertex -0.994976 -2.40209 0
    endloop
  endfacet
  facet normal 1 -0 0
    outer loop
      vertex 2.1 1.53075 18
      vertex 2.1 2.5 0
      vertex 2.1 2.5 18
    endloop
  endfacet
  facet normal 1 0 0
    outer loop
      vertex 2.1 2.5 0
      vertex 2.1 1.53075 18
      vertex 2.1 1.53075 0
    endloop
  endfacet
  facet normal 1 -0 0
    outer loop
      vertex 2.1 -2.5 18
      vertex 2.1 -1.53075 0
      vertex 2.1 -1.53075 18
    endloop
  endfacet
  facet normal 1 0 0
    outer loop
      vertex 2.1 -1.53075 0
      vertex 2.1 -2.5 18
      vertex 2.1 -2.5 0
    endloop
  endfacet
  facet normal -1 0 0
    outer loop
      vertex 5.1 2.5 0
      vertex 5.1 1.3 13
      vertex 5.1 2.5 18
    endloop
  endfacet
  facet normal -1 0 0
    outer loop
      vertex 5.1 2.5 0
      vertex 5.1 1.2557 12.6635
      vertex 5.1 1.3 13
    endloop
  endfacet
  facet normal -1 0 0
    outer loop
      vertex 5.1 2.5 0
      vertex 5.1 1.12583 12.35
      vertex 5.1 1.2557 12.6635
    endloop
  endfacet
  facet normal -1 0 0
    outer loop
      vertex 5.1 2.5 0
      vertex 5.1 0.919238 12.0808
      vertex 5.1 1.12583 12.35
    endloop
  endfacet
  facet normal -1 0 0
    outer loop
      vertex 5.1 2.5 0
      vertex 5.1 0.65 11.8742
      vertex 5.1 0.919238 12.0808
    endloop
  endfacet
  facet normal -1 0 0
    outer loop
      vertex 5.1 2.5 0
      vertex 5.1 0.336464 11.7443
      vertex 5.1 0.65 11.8742
    endloop
  endfacet
  facet normal -1 0 0
    outer loop
      vertex 5.1 2.5 0
      vertex 5.1 0 11.7
      vertex 5.1 0.336464 11.7443
    endloop
  endfacet
  facet normal -1 0 0
    outer loop
      vertex 5.1 -2.5 0
      vertex 5.1 0 11.7
      vertex 5.1 2.5 0
    endloop
  endfacet
  facet normal -1 -0 0
    outer loop
      vertex 5.1 0 11.7
      vertex 5.1 -2.5 0
      vertex 5.1 -0.336464 11.7443
    endloop
  endfacet
  facet normal -1 -0 0
    outer loop
      vertex 5.1 -0.336464 11.7443
      vertex 5.1 -2.5 0
      vertex 5.1 -0.65 11.8742
    endloop
  endfacet
  facet normal -1 -0 0
    outer loop
      vertex 5.1 -0.65 11.8742
      vertex 5.1 -2.5 0
      vertex 5.1 -0.919238 12.0808
    endloop
  endfacet
  facet normal -1 -0 0
    outer loop
      vertex 5.1 -0.919238 12.0808
      vertex 5.1 -2.5 0
      vertex 5.1 -1.12583 12.35
    endloop
  endfacet
  facet normal -1 -0 0
    outer loop
      vertex 5.1 -1.2557 12.6635
      vertex 5.1 -2.5 0
      vertex 5.1 -1.3 13
    endloop
  endfacet
  facet normal -1 -0 0
    outer loop
      vertex 5.1 -1.12583 12.35
      vertex 5.1 -2.5 0
      vertex 5.1 -1.2557 12.6635
    endloop
  endfacet
  facet normal -1 0 0
    outer loop
      vertex 5.1 1.2557 13.3365
      vertex 5.1 2.5 18
      vertex 5.1 1.3 13
    endloop
  endfacet
  facet normal -1 0 0
    outer loop
      vertex 5.1 1.12583 13.65
      vertex 5.1 2.5 18
      vertex 5.1 1.2557 13.3365
    endloop
  endfacet
  facet normal -1 0 0
    outer loop
      vertex 5.1 0.919238 13.9192
      vertex 5.1 2.5 18
      vertex 5.1 1.12583 13.65
    endloop
  endfacet
  facet normal -1 0 0
    outer loop
      vertex 5.1 0.65 14.1258
      vertex 5.1 2.5 18
      vertex 5.1 0.919238 13.9192
    endloop
  endfacet
  facet normal -1 0 0
    outer loop
      vertex 5.1 0.336464 14.2557
      vertex 5.1 2.5 18
      vertex 5.1 0.65 14.1258
    endloop
  endfacet
  facet normal -1 0 0
    outer loop
      vertex 5.1 0 14.3
      vertex 5.1 2.5 18
      vertex 5.1 0.336464 14.2557
    endloop
  endfacet
  facet normal -1 0 0
    outer loop
      vertex 5.1 -2.5 18
      vertex 5.1 0 14.3
      vertex 5.1 -0.336464 14.2557
    endloop
  endfacet
  facet normal -1 0 0
    outer loop
      vertex 5.1 -2.5 18
      vertex 5.1 -0.336464 14.2557
      vertex 5.1 -0.65 14.1258
    endloop
  endfacet
  facet normal -1 0 0
    outer loop
      vertex 5.1 -2.5 18
      vertex 5.1 -0.65 14.1258
      vertex 5.1 -0.919238 13.9192
    endloop
  endfacet
  facet normal -1 0 0
    outer loop
      vertex 5.1 0 14.3
      vertex 5.1 -2.5 18
      vertex 5.1 2.5 18
    endloop
  endfacet
  facet normal -1 0 0
    outer loop
      vertex 5.1 -1.12583 13.65
      vertex 5.1 -2.5 18
      vertex 5.1 -0.919238 13.9192
    endloop
  endfacet
  facet normal -1 0 0
    outer loop
      vertex 5.1 -1.2557 13.3365
      vertex 5.1 -2.5 18
      vertex 5.1 -1.12583 13.65
    endloop
  endfacet
  facet normal -1 0 0
    outer loop
      vertex 5.1 -1.3 13
      vertex 5.1 -2.5 18
      vertex 5.1 -1.2557 13.3365
    endloop
  endfacet
  facet normal -1 0 0
    outer loop
      vertex 5.1 -2.5 18
      vertex 5.1 -1.3 13
      vertex 5.1 -2.5 0
    endloop
  endfacet
  facet normal 0 -1 0
    outer loop
      vertex 2.1 2.5 0
      vertex 5.1 2.5 18
      vertex 2.1 2.5 18
    endloop
  endfacet
  facet normal 0 -1 -0
    outer loop
      vertex 5.1 2.5 18
      vertex 2.1 2.5 0
      vertex 5.1 2.5 0
    endloop
  endfacet
  facet normal 0 1 -0
    outer loop
      vertex 5.1 -2.5 0
      vertex 2.1 -2.5 18
      vertex 5.1 -2.5 18
    endloop
  endfacet
  facet normal 0 1 0
    outer loop
      vertex 2.1 -2.5 18
      vertex 5.1 -2.5 0
      vertex 2.1 -2.5 0
    endloop
  endfacet
  facet normal 0.00323029 -0.608695 0.793397
    outer loop
      vertex 13.7688 0.919238 12.0808
      vertex 13.7787 0.65 11.8742
      vertex 13.7705 0.902563 12.068
    endloop
  endfacet
  facet normal 0 -0.608773 0.793344
    outer loop
      vertex 5.1 0.65 11.8742
      vertex 13.7688 0.919238 12.0808
      vertex 5.1 0.919238 12.0808
    endloop
  endfacet
  facet normal 0 -0.608773 0.793344
    outer loop
      vertex 13.7688 0.919238 12.0808
      vertex 5.1 0.65 11.8742
      vertex 13.7787 0.65 11.8742
    endloop
  endfacet
  facet normal 0 -0.382757 0.923849
    outer loop
      vertex 5.1 0.336464 11.7443
      vertex 13.7787 0.65 11.8742
      vertex 5.1 0.65 11.8742
    endloop
  endfacet
  facet normal 0 -0.382757 0.923849
    outer loop
      vertex 13.7787 0.65 11.8742
      vertex 5.1 0.336464 11.7443
      vertex 13.789 0.336464 11.7443
    endloop
  endfacet
  facet normal 0 -0.991445 0.130523
    outer loop
      vertex 5.1 1.2557 12.6635
      vertex 13.7313 1.3 13
      vertex 5.1 1.3 13
    endloop
  endfacet
  facet normal 0 -0.991445 0.130523
    outer loop
      vertex 13.7313 1.3 13
      vertex 5.1 1.2557 12.6635
      vertex 13.7357 1.2557 12.6635
    endloop
  endfacet
  facet normal 0 -0.923865 0.382719
    outer loop
      vertex 5.1 1.12583 12.35
      vertex 13.7357 1.2557 12.6635
      vertex 5.1 1.2557 12.6635
    endloop
  endfacet
  facet normal 0 -0.923865 0.382719
    outer loop
      vertex 13.7357 1.2557 12.6635
      vertex 5.1 1.12583 12.35
      vertex 13.7485 1.12583 12.35
    endloop
  endfacet
  facet normal -0 -0.923865 -0.382719
    outer loop
      vertex 13.7357 1.2557 13.3365
      vertex 5.1 1.12583 13.65
      vertex 5.1 1.2557 13.3365
    endloop
  endfacet
  facet normal 0 -0.923865 -0.382719
    outer loop
      vertex 5.1 1.12583 13.65
      vertex 13.7357 1.2557 13.3365
      vertex 13.7485 1.12583 13.65
    endloop
  endfacet
  facet normal 0.00323029 -0.608695 -0.793397
    outer loop
      vertex 13.7787 0.65 14.1258
      vertex 13.7688 0.919238 13.9192
      vertex 13.7705 0.902563 13.932
    endloop
  endfacet
  facet normal 0 -0.608773 -0.793344
    outer loop
      vertex 5.1 0.65 14.1258
      vertex 13.7688 0.919238 13.9192
      vertex 13.7787 0.65 14.1258
    endloop
  endfacet
  facet normal -0 -0.608773 -0.793344
    outer loop
      vertex 13.7688 0.919238 13.9192
      vertex 5.1 0.65 14.1258
      vertex 5.1 0.919238 13.9192
    endloop
  endfacet
  facet normal -0 -0.793314 -0.608813
    outer loop
      vertex 13.7485 1.12583 13.65
      vertex 5.1 0.919238 13.9192
      vertex 5.1 1.12583 13.65
    endloop
  endfacet
  facet normal 0 -0.793314 -0.608813
    outer loop
      vertex 5.1 0.919238 13.9192
      vertex 13.7485 1.12583 13.65
      vertex 13.7688 0.919238 13.9192
    endloop
  endfacet
  facet normal -0 0.130537 0.991443
    outer loop
      vertex 5.1 0 11.7
      vertex 13.789 -0.336464 11.7443
      vertex 13.8 0 11.7
    endloop
  endfacet
  facet normal 0 0.130537 0.991443
    outer loop
      vertex 13.789 -0.336464 11.7443
      vertex 5.1 0 11.7
      vertex 5.1 -0.336464 11.7443
    endloop
  endfacet
  facet normal 0 -0.130537 -0.991443
    outer loop
      vertex 5.1 0 14.3
      vertex 13.789 0.336464 14.2557
      vertex 13.8 0 14.3
    endloop
  endfacet
  facet normal -0 -0.130537 -0.991443
    outer loop
      vertex 13.789 0.336464 14.2557
      vertex 5.1 0 14.3
      vertex 5.1 0.336464 14.2557
    endloop
  endfacet
  facet normal -0 -0.991445 -0.130523
    outer loop
      vertex 13.7313 1.3 13
      vertex 5.1 1.2557 13.3365
      vertex 5.1 1.3 13
    endloop
  endfacet
  facet normal 0 -0.991445 -0.130523
    outer loop
      vertex 5.1 1.2557 13.3365
      vertex 13.7313 1.3 13
      vertex 13.7357 1.2557 13.3365
    endloop
  endfacet
  facet normal 0 -0.130537 0.991443
    outer loop
      vertex 5.1 0 11.7
      vertex 13.789 0.336464 11.7443
      vertex 5.1 0.336464 11.7443
    endloop
  endfacet
  facet normal 0 -0.130537 0.991443
    outer loop
      vertex 13.789 0.336464 11.7443
      vertex 5.1 0 11.7
      vertex 13.8 0 11.7
    endloop
  endfacet
  facet normal 0 0.793314 -0.608813
    outer loop
      vertex 13.7485 -1.12583 13.65
      vertex 5.1 -0.919238 13.9192
      vertex 13.7688 -0.919238 13.9192
    endloop
  endfacet
  facet normal 0 0.793314 -0.608813
    outer loop
      vertex 5.1 -0.919238 13.9192
      vertex 13.7485 -1.12583 13.65
      vertex 5.1 -1.12583 13.65
    endloop
  endfacet
  facet normal 0 0.382757 -0.923849
    outer loop
      vertex 5.1 -0.336464 14.2557
      vertex 13.7787 -0.65 14.1258
      vertex 5.1 -0.65 14.1258
    endloop
  endfacet
  facet normal 0 0.382757 -0.923849
    outer loop
      vertex 13.7787 -0.65 14.1258
      vertex 5.1 -0.336464 14.2557
      vertex 13.789 -0.336464 14.2557
    endloop
  endfacet
  facet normal -0 0.923865 0.382719
    outer loop
      vertex 5.1 -1.12583 12.35
      vertex 13.7357 -1.2557 12.6635
      vertex 13.7485 -1.12583 12.35
    endloop
  endfacet
  facet normal 0 0.923865 0.382719
    outer loop
      vertex 13.7357 -1.2557 12.6635
      vertex 5.1 -1.12583 12.35
      vertex 5.1 -1.2557 12.6635
    endloop
  endfacet
  facet normal -0 0.793314 0.608813
    outer loop
      vertex 5.1 -0.919238 12.0808
      vertex 13.7485 -1.12583 12.35
      vertex 13.7688 -0.919238 12.0808
    endloop
  endfacet
  facet normal 0 0.793314 0.608813
    outer loop
      vertex 13.7485 -1.12583 12.35
      vertex 5.1 -0.919238 12.0808
      vertex 5.1 -1.12583 12.35
    endloop
  endfacet
  facet normal 0 -0.793314 0.608813
    outer loop
      vertex 5.1 0.919238 12.0808
      vertex 13.7485 1.12583 12.35
      vertex 5.1 1.12583 12.35
    endloop
  endfacet
  facet normal 0 -0.793314 0.608813
    outer loop
      vertex 13.7485 1.12583 12.35
      vertex 5.1 0.919238 12.0808
      vertex 13.7688 0.919238 12.0808
    endloop
  endfacet
  facet normal 0 -0.382757 -0.923849
    outer loop
      vertex 5.1 0.336464 14.2557
      vertex 13.7787 0.65 14.1258
      vertex 13.789 0.336464 14.2557
    endloop
  endfacet
  facet normal -0 -0.382757 -0.923849
    outer loop
      vertex 13.7787 0.65 14.1258
      vertex 5.1 0.336464 14.2557
      vertex 5.1 0.65 14.1258
    endloop
  endfacet
  facet normal -0 0.382757 0.923849
    outer loop
      vertex 5.1 -0.336464 11.7443
      vertex 13.7787 -0.65 11.8742
      vertex 13.789 -0.336464 11.7443
    endloop
  endfacet
  facet normal 0 0.382757 0.923849
    outer loop
      vertex 13.7787 -0.65 11.8742
      vertex 5.1 -0.336464 11.7443
      vertex 5.1 -0.65 11.8742
    endloop
  endfacet
  facet normal 0 0.130537 -0.991443
    outer loop
      vertex 5.1 0 14.3
      vertex 13.789 -0.336464 14.2557
      vertex 5.1 -0.336464 14.2557
    endloop
  endfacet
  facet normal 0 0.130537 -0.991443
    outer loop
      vertex 13.789 -0.336464 14.2557
      vertex 5.1 0 14.3
      vertex 13.8 0 14.3
    endloop
  endfacet
  facet normal 0.00323029 0.608695 -0.793397
    outer loop
      vertex 13.7688 -0.919238 13.9192
      vertex 13.7787 -0.65 14.1258
      vertex 13.7705 -0.902563 13.932
    endloop
  endfacet
  facet normal 0 0.608773 -0.793344
    outer loop
      vertex 5.1 -0.65 14.1258
      vertex 13.7688 -0.919238 13.9192
      vertex 5.1 -0.919238 13.9192
    endloop
  endfacet
  facet normal 0 0.608773 -0.793344
    outer loop
      vertex 13.7688 -0.919238 13.9192
      vertex 5.1 -0.65 14.1258
      vertex 13.7787 -0.65 14.1258
    endloop
  endfacet
  facet normal -0 0.991445 0.130523
    outer loop
      vertex 5.1 -1.2557 12.6635
      vertex 13.7313 -1.3 13
      vertex 13.7357 -1.2557 12.6635
    endloop
  endfacet
  facet normal 0 0.991445 0.130523
    outer loop
      vertex 13.7313 -1.3 13
      vertex 5.1 -1.2557 12.6635
      vertex 5.1 -1.3 13
    endloop
  endfacet
  facet normal 0 0.991445 -0.130523
    outer loop
      vertex 13.7313 -1.3 13
      vertex 5.1 -1.2557 13.3365
      vertex 13.7357 -1.2557 13.3365
    endloop
  endfacet
  facet normal 0 0.991445 -0.130523
    outer loop
      vertex 5.1 -1.2557 13.3365
      vertex 13.7313 -1.3 13
      vertex 5.1 -1.3 13
    endloop
  endfacet
  facet normal 0 0.923865 -0.382719
    outer loop
      vertex 13.7357 -1.2557 13.3365
      vertex 5.1 -1.12583 13.65
      vertex 13.7485 -1.12583 13.65
    endloop
  endfacet
  facet normal 0 0.923865 -0.382719
    outer loop
      vertex 5.1 -1.12583 13.65
      vertex 13.7357 -1.2557 13.3365
      vertex 5.1 -1.2557 13.3365
    endloop
  endfacet
  facet normal 0.00323029 0.608695 0.793397
    outer loop
      vertex 13.7787 -0.65 11.8742
      vertex 13.7688 -0.919238 12.0808
      vertex 13.7705 -0.902563 12.068
    endloop
  endfacet
  facet normal -0 0.608773 0.793344
    outer loop
      vertex 5.1 -0.65 11.8742
      vertex 13.7688 -0.919238 12.0808
      vertex 13.7787 -0.65 11.8742
    endloop
  endfacet
  facet normal 0 0.608773 0.793344
    outer loop
      vertex 13.7688 -0.919238 12.0808
      vertex 5.1 -0.65 11.8742
      vertex 5.1 -0.919238 12.0808
    endloop
  endfacet
endsolid OpenSCAD_Model
